ISO-10303-21;
HEADER;
/* Generated by software containing ST-Developer
 * from STEP Tools, Inc. (www.steptools.com) 
 */

FILE_DESCRIPTION(
/* description */ (''),
/* implementation_level */ '2;1');

FILE_NAME(
/* name */ 'backplate.step',
/* time_stamp */ '2026-03-14T12:32:36-07:00',
/* author */ (''),
/* organization */ (''),
/* preprocessor_version */ 'ST-DEVELOPER v20.1',
/* originating_system */ 'Autodesk Translation Framework v14.24.0.0',
/* authorisation */ '');

FILE_SCHEMA (('AUTOMOTIVE_DESIGN { 1 0 10303 214 3 1 1 }'));
ENDSEC;

DATA;
#10=MECHANICAL_DESIGN_GEOMETRIC_PRESENTATION_REPRESENTATION('',(#13),#11244);
#11=SHAPE_REPRESENTATION_RELATIONSHIP('SRR','None',#11251,#12);
#12=ADVANCED_BREP_SHAPE_REPRESENTATION('',(#14),#11243);
#13=STYLED_ITEM('',(#11260),#14);
#14=MANIFOLD_SOLID_BREP('Body1',#2642);
#15=B_SPLINE_SURFACE_WITH_KNOTS('',3,3,((#6924,#6925,#6926,#6927),(#6928,
#6929,#6930,#6931),(#6932,#6933,#6934,#6935),(#6936,#6937,#6938,#6939),
(#6940,#6941,#6942,#6943),(#6944,#6945,#6946,#6947),(#6948,#6949,#6950,
#6951),(#6952,#6953,#6954,#6955),(#6956,#6957,#6958,#6959),(#6960,#6961,
#6962,#6963)),.UNSPECIFIED.,.F.,.F.,.F.,(4,1,1,1,1,1,1,4),(4,4),(0.,0.142857142857143,
0.285714285714286,0.464285714285714,0.571428571428571,0.714285714285714,
0.857142857142857,1.),(0.25,1.),.UNSPECIFIED.);
#16=B_SPLINE_SURFACE_WITH_KNOTS('',3,3,((#6994,#6995,#6996,#6997),(#6998,
#6999,#7000,#7001),(#7002,#7003,#7004,#7005),(#7006,#7007,#7008,#7009),
(#7010,#7011,#7012,#7013),(#7014,#7015,#7016,#7017),(#7018,#7019,#7020,
#7021),(#7022,#7023,#7024,#7025),(#7026,#7027,#7028,#7029),(#7030,#7031,
#7032,#7033)),.UNSPECIFIED.,.F.,.F.,.F.,(4,1,1,1,1,1,1,4),(4,4),(0.,0.142857142857143,
0.285714285714286,0.428571428571429,0.571428571428571,0.714285714285714,
0.857142857142857,1.),(0.25,1.),.UNSPECIFIED.);
#17=B_SPLINE_SURFACE_WITH_KNOTS('',3,3,((#7058,#7059,#7060,#7061),(#7062,
#7063,#7064,#7065),(#7066,#7067,#7068,#7069),(#7070,#7071,#7072,#7073),
(#7074,#7075,#7076,#7077),(#7078,#7079,#7080,#7081),(#7082,#7083,#7084,
#7085),(#7086,#7087,#7088,#7089),(#7090,#7091,#7092,#7093),(#7094,#7095,
#7096,#7097)),.UNSPECIFIED.,.F.,.F.,.F.,(4,1,1,1,1,1,1,4),(4,4),(0.,0.142857142857143,
0.285714285714286,0.428571428571429,0.571428571428571,0.714285714285714,
0.857142857142857,1.),(-0.25,0.5),.UNSPECIFIED.);
#18=B_SPLINE_SURFACE_WITH_KNOTS('',3,3,((#7126,#7127,#7128,#7129),(#7130,
#7131,#7132,#7133),(#7134,#7135,#7136,#7137),(#7138,#7139,#7140,#7141),
(#7142,#7143,#7144,#7145),(#7146,#7147,#7148,#7149),(#7150,#7151,#7152,
#7153),(#7154,#7155,#7156,#7157),(#7158,#7159,#7160,#7161),(#7162,#7163,
#7164,#7165)),.UNSPECIFIED.,.F.,.F.,.F.,(4,1,1,1,1,1,1,4),(4,4),(0.,0.142857142857143,
0.285714285714286,0.428571428571429,0.571428571428571,0.714285714285714,
0.857142857142857,1.),(-0.5,0.25),.UNSPECIFIED.);
#19=B_SPLINE_SURFACE_WITH_KNOTS('',3,3,((#7194,#7195,#7196,#7197),(#7198,
#7199,#7200,#7201),(#7202,#7203,#7204,#7205),(#7206,#7207,#7208,#7209),
(#7210,#7211,#7212,#7213),(#7214,#7215,#7216,#7217),(#7218,#7219,#7220,
#7221),(#7222,#7223,#7224,#7225),(#7226,#7227,#7228,#7229),(#7230,#7231,
#7232,#7233)),.UNSPECIFIED.,.F.,.F.,.F.,(4,1,1,1,1,1,1,4),(4,4),(0.,0.142857142857143,
0.285714285714286,0.428571428571429,0.571428571428571,0.714285714285714,
0.857142857142857,1.),(-0.5,0.25),.UNSPECIFIED.);
#20=B_SPLINE_SURFACE_WITH_KNOTS('',3,3,((#7306,#7307,#7308,#7309,#7310,
#7311,#7312,#7313,#7314,#7315,#7316,#7317,#7318,#7319,#7320,#7321,#7322,
#7323,#7324,#7325,#7326,#7327,#7328,#7329,#7330,#7331,#7332,#7333,#7334,
#7335,#7336,#7337,#7338,#7339,#7340,#7341,#7342,#7343,#7344,#7345,#7346,
#7347,#7348,#7349,#7350,#7351,#7352,#7353,#7354,#7355,#7356,#7357,#7358,
#7359,#7360,#7361,#7362,#7363,#7364,#7365,#7366,#7367,#7368,#7369),(#7370,
#7371,#7372,#7373,#7374,#7375,#7376,#7377,#7378,#7379,#7380,#7381,#7382,
#7383,#7384,#7385,#7386,#7387,#7388,#7389,#7390,#7391,#7392,#7393,#7394,
#7395,#7396,#7397,#7398,#7399,#7400,#7401,#7402,#7403,#7404,#7405,#7406,
#7407,#7408,#7409,#7410,#7411,#7412,#7413,#7414,#7415,#7416,#7417,#7418,
#7419,#7420,#7421,#7422,#7423,#7424,#7425,#7426,#7427,#7428,#7429,#7430,
#7431,#7432,#7433),(#7434,#7435,#7436,#7437,#7438,#7439,#7440,#7441,#7442,
#7443,#7444,#7445,#7446,#7447,#7448,#7449,#7450,#7451,#7452,#7453,#7454,
#7455,#7456,#7457,#7458,#7459,#7460,#7461,#7462,#7463,#7464,#7465,#7466,
#7467,#7468,#7469,#7470,#7471,#7472,#7473,#7474,#7475,#7476,#7477,#7478,
#7479,#7480,#7481,#7482,#7483,#7484,#7485,#7486,#7487,#7488,#7489,#7490,
#7491,#7492,#7493,#7494,#7495,#7496,#7497),(#7498,#7499,#7500,#7501,#7502,
#7503,#7504,#7505,#7506,#7507,#7508,#7509,#7510,#7511,#7512,#7513,#7514,
#7515,#7516,#7517,#7518,#7519,#7520,#7521,#7522,#7523,#7524,#7525,#7526,
#7527,#7528,#7529,#7530,#7531,#7532,#7533,#7534,#7535,#7536,#7537,#7538,
#7539,#7540,#7541,#7542,#7543,#7544,#7545,#7546,#7547,#7548,#7549,#7550,
#7551,#7552,#7553,#7554,#7555,#7556,#7557,#7558,#7559,#7560,#7561)),
 .UNSPECIFIED.,.F.,.F.,.F.,(4,4),(4,1,1,1,1,1,1,1,1,1,1,1,1,1,1,1,1,1,1,
1,1,1,1,1,1,1,1,1,1,1,1,1,1,1,1,1,1,1,1,1,1,1,1,1,1,1,1,1,1,1,1,1,1,1,1,
1,1,1,1,1,1,4),(0.,0.0511532338502008),(34.0335809368285,35.0321652819219,
36.0307496270153,37.0293339721088,38.0279183172022,39.0265026622956,40.025087007389,
41.0236713524824,42.0222556975758,43.0208400426692,44.0194243877626,45.018008732856,
46.0165930779494,47.0151774230429,48.0137617681363,49.0123461132297,50.0109304583231,
51.0095148034165,52.0080991485099,53.0066834936033,54.0052678386967,55.0038521837901,
56.0024365288835,57.001020873977,57.9996052190704,58.9981895641638,59.9967739092572,
60.9953582543506,61.993942599444,62.9925269445374,63.9911112896308,64.9896956347242,
65.9882799798176,66.9868643249111,67.9854486700045,68.9840330150979,69.9826173601913,
70.9812017052847,71.9797860503781,72.9783703954715,73.9769547405649,74.9755390856583,
75.9741234307517,76.9727077758452,77.9712921209386,78.969876466032,79.9684608111254,
80.9670451562188,81.9656295013122,82.9642138464056,83.962798191499,84.9613825365924,
85.9599668816858,86.9585512267793,87.9571355718727,88.9557199169661,89.9543042620595,
90.9528886071529,91.9514729522463,92.9500572973397,93.9486416424331,94.9472259875265),
 .UNSPECIFIED.);
#21=B_SPLINE_SURFACE_WITH_KNOTS('',3,3,((#7708,#7709,#7710,#7711,#7712,
#7713,#7714,#7715,#7716,#7717,#7718,#7719,#7720,#7721,#7722,#7723,#7724,
#7725,#7726,#7727,#7728,#7729,#7730,#7731,#7732,#7733,#7734,#7735,#7736,
#7737,#7738,#7739,#7740,#7741,#7742,#7743,#7744,#7745,#7746,#7747,#7748,
#7749,#7750,#7751,#7752,#7753,#7754,#7755,#7756,#7757,#7758,#7759,#7760,
#7761,#7762,#7763,#7764,#7765,#7766,#7767,#7768,#7769,#7770,#7771),(#7772,
#7773,#7774,#7775,#7776,#7777,#7778,#7779,#7780,#7781,#7782,#7783,#7784,
#7785,#7786,#7787,#7788,#7789,#7790,#7791,#7792,#7793,#7794,#7795,#7796,
#7797,#7798,#7799,#7800,#7801,#7802,#7803,#7804,#7805,#7806,#7807,#7808,
#7809,#7810,#7811,#7812,#7813,#7814,#7815,#7816,#7817,#7818,#7819,#7820,
#7821,#7822,#7823,#7824,#7825,#7826,#7827,#7828,#7829,#7830,#7831,#7832,
#7833,#7834,#7835),(#7836,#7837,#7838,#7839,#7840,#7841,#7842,#7843,#7844,
#7845,#7846,#7847,#7848,#7849,#7850,#7851,#7852,#7853,#7854,#7855,#7856,
#7857,#7858,#7859,#7860,#7861,#7862,#7863,#7864,#7865,#7866,#7867,#7868,
#7869,#7870,#7871,#7872,#7873,#7874,#7875,#7876,#7877,#7878,#7879,#7880,
#7881,#7882,#7883,#7884,#7885,#7886,#7887,#7888,#7889,#7890,#7891,#7892,
#7893,#7894,#7895,#7896,#7897,#7898,#7899),(#7900,#7901,#7902,#7903,#7904,
#7905,#7906,#7907,#7908,#7909,#7910,#7911,#7912,#7913,#7914,#7915,#7916,
#7917,#7918,#7919,#7920,#7921,#7922,#7923,#7924,#7925,#7926,#7927,#7928,
#7929,#7930,#7931,#7932,#7933,#7934,#7935,#7936,#7937,#7938,#7939,#7940,
#7941,#7942,#7943,#7944,#7945,#7946,#7947,#7948,#7949,#7950,#7951,#7952,
#7953,#7954,#7955,#7956,#7957,#7958,#7959,#7960,#7961,#7962,#7963)),
 .UNSPECIFIED.,.F.,.F.,.F.,(4,4),(4,1,1,1,1,1,1,1,1,1,1,1,1,1,1,1,1,1,1,
1,1,1,1,1,1,1,1,1,1,1,1,1,1,1,1,1,1,1,1,1,1,1,1,1,1,1,1,1,1,1,1,1,1,1,1,
1,1,1,1,1,1,4),(0.,0.0511532338502006),(34.0335809368285,35.0321652819219,
36.0307496270153,37.0293339721087,38.0279183172022,39.0265026622956,40.025087007389,
41.0236713524824,42.0222556975758,43.0208400426692,44.0194243877626,45.018008732856,
46.0165930779494,47.0151774230428,48.0137617681363,49.0123461132297,50.0109304583231,
51.0095148034165,52.0080991485099,53.0066834936033,54.0052678386967,55.0038521837901,
56.0024365288835,57.0010208739769,57.9996052190704,58.9981895641638,59.9967739092572,
60.9953582543506,61.993942599444,62.9925269445374,63.9911112896308,64.9896956347242,
65.9882799798176,66.9868643249111,67.9854486700045,68.9840330150979,69.9826173601913,
70.9812017052847,71.9797860503781,72.9783703954715,73.9769547405649,74.9755390856583,
75.9741234307517,76.9727077758452,77.9712921209386,78.969876466032,79.9684608111254,
80.9670451562188,81.9656295013122,82.9642138464056,83.962798191499,84.9613825365924,
85.9599668816858,86.9585512267793,87.9571355718727,88.9557199169661,89.9543042620595,
90.9528886071529,91.9514729522463,92.9500572973397,93.9486416424331,94.9472259875265),
 .UNSPECIFIED.);
#22=B_SPLINE_SURFACE_WITH_KNOTS('',3,3,((#8687,#8688,#8689,#8690),(#8691,
#8692,#8693,#8694),(#8695,#8696,#8697,#8698),(#8699,#8700,#8701,#8702),
(#8703,#8704,#8705,#8706),(#8707,#8708,#8709,#8710),(#8711,#8712,#8713,
#8714),(#8715,#8716,#8717,#8718),(#8719,#8720,#8721,#8722),(#8723,#8724,
#8725,#8726)),.UNSPECIFIED.,.F.,.F.,.F.,(4,1,1,1,1,1,1,4),(4,4),(0.,0.142857142857143,
0.285714285714286,0.428571428571429,0.571428571428571,0.714285714285714,
0.857142857142857,1.),(-0.5,0.25),.UNSPECIFIED.);
#23=B_SPLINE_SURFACE_WITH_KNOTS('',3,3,((#8731,#8732,#8733,#8734),(#8735,
#8736,#8737,#8738),(#8739,#8740,#8741,#8742),(#8743,#8744,#8745,#8746),
(#8747,#8748,#8749,#8750),(#8751,#8752,#8753,#8754),(#8755,#8756,#8757,
#8758),(#8759,#8760,#8761,#8762),(#8763,#8764,#8765,#8766),(#8767,#8768,
#8769,#8770)),.UNSPECIFIED.,.F.,.F.,.F.,(4,1,1,1,1,1,1,4),(4,4),(0.,0.142857142857143,
0.285714285714286,0.428571428571429,0.571428571428571,0.714285714285714,
0.857142857142857,1.),(0.25,1.),.UNSPECIFIED.);
#24=B_SPLINE_SURFACE_WITH_KNOTS('',3,3,((#8774,#8775,#8776,#8777),(#8778,
#8779,#8780,#8781),(#8782,#8783,#8784,#8785),(#8786,#8787,#8788,#8789),
(#8790,#8791,#8792,#8793),(#8794,#8795,#8796,#8797),(#8798,#8799,#8800,
#8801),(#8802,#8803,#8804,#8805),(#8806,#8807,#8808,#8809),(#8810,#8811,
#8812,#8813)),.UNSPECIFIED.,.F.,.F.,.F.,(4,1,1,1,1,1,1,4),(4,4),(0.,0.142857142857143,
0.285714285714286,0.428571428571429,0.571428571428571,0.714285714285714,
0.857142857142857,1.),(0.25,1.),.UNSPECIFIED.);
#25=B_SPLINE_SURFACE_WITH_KNOTS('',3,3,((#8828,#8829,#8830,#8831,#8832,
#8833,#8834,#8835,#8836,#8837,#8838,#8839,#8840,#8841,#8842,#8843,#8844,
#8845,#8846,#8847,#8848,#8849,#8850,#8851,#8852,#8853,#8854,#8855,#8856,
#8857,#8858,#8859,#8860,#8861,#8862,#8863,#8864,#8865,#8866,#8867,#8868,
#8869,#8870,#8871,#8872,#8873,#8874,#8875,#8876,#8877,#8878,#8879,#8880,
#8881,#8882,#8883,#8884,#8885,#8886,#8887,#8888,#8889,#8890,#8891),(#8892,
#8893,#8894,#8895,#8896,#8897,#8898,#8899,#8900,#8901,#8902,#8903,#8904,
#8905,#8906,#8907,#8908,#8909,#8910,#8911,#8912,#8913,#8914,#8915,#8916,
#8917,#8918,#8919,#8920,#8921,#8922,#8923,#8924,#8925,#8926,#8927,#8928,
#8929,#8930,#8931,#8932,#8933,#8934,#8935,#8936,#8937,#8938,#8939,#8940,
#8941,#8942,#8943,#8944,#8945,#8946,#8947,#8948,#8949,#8950,#8951,#8952,
#8953,#8954,#8955),(#8956,#8957,#8958,#8959,#8960,#8961,#8962,#8963,#8964,
#8965,#8966,#8967,#8968,#8969,#8970,#8971,#8972,#8973,#8974,#8975,#8976,
#8977,#8978,#8979,#8980,#8981,#8982,#8983,#8984,#8985,#8986,#8987,#8988,
#8989,#8990,#8991,#8992,#8993,#8994,#8995,#8996,#8997,#8998,#8999,#9000,
#9001,#9002,#9003,#9004,#9005,#9006,#9007,#9008,#9009,#9010,#9011,#9012,
#9013,#9014,#9015,#9016,#9017,#9018,#9019),(#9020,#9021,#9022,#9023,#9024,
#9025,#9026,#9027,#9028,#9029,#9030,#9031,#9032,#9033,#9034,#9035,#9036,
#9037,#9038,#9039,#9040,#9041,#9042,#9043,#9044,#9045,#9046,#9047,#9048,
#9049,#9050,#9051,#9052,#9053,#9054,#9055,#9056,#9057,#9058,#9059,#9060,
#9061,#9062,#9063,#9064,#9065,#9066,#9067,#9068,#9069,#9070,#9071,#9072,
#9073,#9074,#9075,#9076,#9077,#9078,#9079,#9080,#9081,#9082,#9083)),
 .UNSPECIFIED.,.F.,.F.,.F.,(4,4),(4,1,1,1,1,1,1,1,1,1,1,1,1,1,1,1,1,1,1,
1,1,1,1,1,1,1,1,1,1,1,1,1,1,1,1,1,1,1,1,1,1,1,1,1,1,1,1,1,1,1,1,1,1,1,1,
1,1,1,1,1,1,4),(0.,0.0511532338502008),(31.5018783194625,32.5004626645559,
33.4990470096493,34.4976313547427,35.4962156998361,36.4948000449295,37.4933843900229,
38.4919687351163,39.4905530802098,40.4891374253032,41.4877217703966,42.48630611549,
43.4848904605834,44.4834748056768,45.4820591507702,46.4806434958636,47.479227840957,
48.4778121860504,49.4763965311438,50.4749808762373,51.4735652213307,52.4721495664241,
53.4707339115175,54.4693182566109,55.4679026017043,56.4664869467977,57.4650712918911,
58.4636556369845,59.462239982078,60.4608243271714,61.4594086722648,62.4579930173582,
63.4565773624516,64.455161707545,65.4537460526384,66.4523303977318,67.4509147428252,
68.4494990879186,69.448083433012,70.4466677781055,71.4452521231989,72.4438364682923,
73.4424208133857,74.4410051584791,75.4395895035725,76.4381738486659,77.4367581937593,
78.4353425388528,79.4339268839462,80.4325112290396,81.431095574133,82.4296799192264,
83.4282642643198,84.4268486094132,85.4254329545066,86.4240172996,87.4226016446934,
88.4211859897868,89.4197703348803,90.4183546799737,91.4169390250671,92.4155233701605),
 .UNSPECIFIED.);
#26=B_SPLINE_SURFACE_WITH_KNOTS('',3,3,((#9468,#9469,#9470,#9471,#9472,
#9473,#9474,#9475,#9476,#9477,#9478,#9479,#9480,#9481,#9482,#9483,#9484,
#9485,#9486,#9487,#9488,#9489,#9490,#9491,#9492,#9493,#9494,#9495,#9496,
#9497,#9498,#9499,#9500,#9501,#9502,#9503,#9504,#9505,#9506,#9507,#9508,
#9509,#9510,#9511,#9512,#9513,#9514,#9515,#9516,#9517,#9518,#9519,#9520,
#9521,#9522,#9523,#9524,#9525,#9526,#9527,#9528,#9529,#9530,#9531),(#9532,
#9533,#9534,#9535,#9536,#9537,#9538,#9539,#9540,#9541,#9542,#9543,#9544,
#9545,#9546,#9547,#9548,#9549,#9550,#9551,#9552,#9553,#9554,#9555,#9556,
#9557,#9558,#9559,#9560,#9561,#9562,#9563,#9564,#9565,#9566,#9567,#9568,
#9569,#9570,#9571,#9572,#9573,#9574,#9575,#9576,#9577,#9578,#9579,#9580,
#9581,#9582,#9583,#9584,#9585,#9586,#9587,#9588,#9589,#9590,#9591,#9592,
#9593,#9594,#9595),(#9596,#9597,#9598,#9599,#9600,#9601,#9602,#9603,#9604,
#9605,#9606,#9607,#9608,#9609,#9610,#9611,#9612,#9613,#9614,#9615,#9616,
#9617,#9618,#9619,#9620,#9621,#9622,#9623,#9624,#9625,#9626,#9627,#9628,
#9629,#9630,#9631,#9632,#9633,#9634,#9635,#9636,#9637,#9638,#9639,#9640,
#9641,#9642,#9643,#9644,#9645,#9646,#9647,#9648,#9649,#9650,#9651,#9652,
#9653,#9654,#9655,#9656,#9657,#9658,#9659),(#9660,#9661,#9662,#9663,#9664,
#9665,#9666,#9667,#9668,#9669,#9670,#9671,#9672,#9673,#9674,#9675,#9676,
#9677,#9678,#9679,#9680,#9681,#9682,#9683,#9684,#9685,#9686,#9687,#9688,
#9689,#9690,#9691,#9692,#9693,#9694,#9695,#9696,#9697,#9698,#9699,#9700,
#9701,#9702,#9703,#9704,#9705,#9706,#9707,#9708,#9709,#9710,#9711,#9712,
#9713,#9714,#9715,#9716,#9717,#9718,#9719,#9720,#9721,#9722,#9723)),
 .UNSPECIFIED.,.F.,.F.,.F.,(4,4),(4,1,1,1,1,1,1,1,1,1,1,1,1,1,1,1,1,1,1,
1,1,1,1,1,1,1,1,1,1,1,1,1,1,1,1,1,1,1,1,1,1,1,1,1,1,1,1,1,1,1,1,1,1,1,1,
1,1,1,1,1,1,4),(0.,0.0511532338502006),(31.5018783194625,32.5004626645559,
33.4990470096493,34.4976313547427,35.4962156998361,36.4948000449295,37.493384390023,
38.4919687351164,39.4905530802098,40.4891374253032,41.4877217703966,42.48630611549,
43.4848904605834,44.4834748056768,45.4820591507702,46.4806434958636,47.4792278409571,
48.4778121860505,49.4763965311439,50.4749808762373,51.4735652213307,52.4721495664241,
53.4707339115175,54.4693182566109,55.4679026017043,56.4664869467977,57.4650712918911,
58.4636556369846,59.462239982078,60.4608243271714,61.4594086722648,62.4579930173582,
63.4565773624516,64.455161707545,65.4537460526384,66.4523303977318,67.4509147428252,
68.4494990879187,69.4480834330121,70.4466677781055,71.4452521231989,72.4438364682923,
73.4424208133857,74.4410051584791,75.4395895035725,76.4381738486659,77.4367581937593,
78.4353425388528,79.4339268839462,80.4325112290396,81.431095574133,82.4296799192264,
83.4282642643198,84.4268486094132,85.4254329545066,86.4240172996,87.4226016446934,
88.4211859897868,89.4197703348803,90.4183546799737,91.4169390250671,92.4155233701605),
 .UNSPECIFIED.);
#27=B_SPLINE_SURFACE_WITH_KNOTS('',3,3,((#9746,#9747,#9748,#9749,#9750,
#9751,#9752,#9753,#9754,#9755,#9756,#9757,#9758,#9759,#9760,#9761,#9762,
#9763,#9764,#9765,#9766,#9767,#9768,#9769,#9770,#9771,#9772,#9773,#9774,
#9775,#9776,#9777,#9778,#9779,#9780,#9781,#9782,#9783,#9784,#9785,#9786,
#9787,#9788,#9789,#9790,#9791,#9792,#9793,#9794,#9795,#9796,#9797,#9798,
#9799,#9800,#9801,#9802,#9803,#9804,#9805,#9806,#9807,#9808,#9809,#9810,
#9811,#9812,#9813,#9814,#9815,#9816,#9817,#9818,#9819,#9820,#9821,#9822,
#9823,#9824,#9825,#9826,#9827,#9828,#9829),(#9830,#9831,#9832,#9833,#9834,
#9835,#9836,#9837,#9838,#9839,#9840,#9841,#9842,#9843,#9844,#9845,#9846,
#9847,#9848,#9849,#9850,#9851,#9852,#9853,#9854,#9855,#9856,#9857,#9858,
#9859,#9860,#9861,#9862,#9863,#9864,#9865,#9866,#9867,#9868,#9869,#9870,
#9871,#9872,#9873,#9874,#9875,#9876,#9877,#9878,#9879,#9880,#9881,#9882,
#9883,#9884,#9885,#9886,#9887,#9888,#9889,#9890,#9891,#9892,#9893,#9894,
#9895,#9896,#9897,#9898,#9899,#9900,#9901,#9902,#9903,#9904,#9905,#9906,
#9907,#9908,#9909,#9910,#9911,#9912,#9913),(#9914,#9915,#9916,#9917,#9918,
#9919,#9920,#9921,#9922,#9923,#9924,#9925,#9926,#9927,#9928,#9929,#9930,
#9931,#9932,#9933,#9934,#9935,#9936,#9937,#9938,#9939,#9940,#9941,#9942,
#9943,#9944,#9945,#9946,#9947,#9948,#9949,#9950,#9951,#9952,#9953,#9954,
#9955,#9956,#9957,#9958,#9959,#9960,#9961,#9962,#9963,#9964,#9965,#9966,
#9967,#9968,#9969,#9970,#9971,#9972,#9973,#9974,#9975,#9976,#9977,#9978,
#9979,#9980,#9981,#9982,#9983,#9984,#9985,#9986,#9987,#9988,#9989,#9990,
#9991,#9992,#9993,#9994,#9995,#9996,#9997),(#9998,#9999,#10000,#10001,#10002,
#10003,#10004,#10005,#10006,#10007,#10008,#10009,#10010,#10011,#10012,#10013,
#10014,#10015,#10016,#10017,#10018,#10019,#10020,#10021,#10022,#10023,#10024,
#10025,#10026,#10027,#10028,#10029,#10030,#10031,#10032,#10033,#10034,#10035,
#10036,#10037,#10038,#10039,#10040,#10041,#10042,#10043,#10044,#10045,#10046,
#10047,#10048,#10049,#10050,#10051,#10052,#10053,#10054,#10055,#10056,#10057,
#10058,#10059,#10060,#10061,#10062,#10063,#10064,#10065,#10066,#10067,#10068,
#10069,#10070,#10071,#10072,#10073,#10074,#10075,#10076,#10077,#10078,#10079,
#10080,#10081)),.UNSPECIFIED.,.F.,.F.,.F.,(4,4),(4,1,1,1,1,1,1,1,1,1,1,
1,1,1,1,1,1,1,1,1,1,1,1,1,1,1,1,1,1,1,1,1,1,1,1,1,1,1,1,1,1,1,1,1,1,1,1,
1,1,1,1,1,1,1,1,1,1,1,1,1,1,1,1,1,1,1,1,1,1,1,1,1,1,1,1,1,1,1,1,1,1,4),
(0.,0.0511532338502006),(11.8669242345263,12.8613513843489,13.8557785341716,
14.8502056839942,15.8446328338169,16.8390599836395,17.8334871334621,18.8279142832848,
19.8223414331074,20.8167685829301,21.8111957327527,22.8056228825754,23.800050032398,
24.7944771822207,25.7889043320433,26.7833314818659,27.7777586316886,28.7721857815112,
29.7666129313339,30.7610400811565,31.7554672309792,32.7498943808018,33.7443215306245,
34.7387486804471,35.7331758302697,36.7276029800924,37.722030129915,38.7164572797377,
39.7108844295603,40.705311579383,41.6997387292056,42.6941658790283,43.6885930288509,
44.6830201786735,45.6774473284962,46.6718744783188,47.6663016281415,48.6607287779641,
49.6551559277868,50.6495830776094,51.6440102274321,52.6384373772547,53.6328645270773,
54.6272916769,55.6217188267226,56.6161459765453,57.6105731263679,58.6050002761906,
59.5994274260132,60.5938545758358,61.5882817256585,62.5827088754811,63.5771360253038,
64.5715631751264,65.5659903249491,66.5604174747717,67.5548446245944,68.549271774417,
69.5436989242396,70.5381260740623,71.5325532238849,72.5269803737076,73.5214075235302,
74.5158346733529,75.5102618231755,76.5046889729982,77.4991161228208,78.4935432726435,
79.4879704224661,80.4823975722887,81.4768247221114,82.471251871934,83.4656790217567,
84.4601061715793,85.454533321402,86.4489604712246,87.4433876210473,88.4378147708699,
89.4322419206925,90.4266690705152,91.4210962203378,92.4155233701605),
 .UNSPECIFIED.);
#28=B_SPLINE_SURFACE_WITH_KNOTS('',3,3,((#10107,#10108,#10109,#10110,#10111,
#10112,#10113,#10114,#10115,#10116,#10117,#10118,#10119,#10120,#10121,#10122,
#10123,#10124,#10125,#10126,#10127,#10128,#10129,#10130,#10131,#10132,#10133,
#10134,#10135,#10136,#10137,#10138,#10139,#10140,#10141,#10142,#10143,#10144,
#10145,#10146,#10147,#10148,#10149,#10150,#10151,#10152,#10153,#10154,#10155,
#10156,#10157,#10158,#10159,#10160,#10161,#10162,#10163,#10164,#10165,#10166,
#10167,#10168,#10169,#10170,#10171,#10172,#10173,#10174,#10175,#10176,#10177,
#10178,#10179,#10180,#10181,#10182,#10183,#10184,#10185,#10186,#10187,#10188,
#10189,#10190),(#10191,#10192,#10193,#10194,#10195,#10196,#10197,#10198,
#10199,#10200,#10201,#10202,#10203,#10204,#10205,#10206,#10207,#10208,#10209,
#10210,#10211,#10212,#10213,#10214,#10215,#10216,#10217,#10218,#10219,#10220,
#10221,#10222,#10223,#10224,#10225,#10226,#10227,#10228,#10229,#10230,#10231,
#10232,#10233,#10234,#10235,#10236,#10237,#10238,#10239,#10240,#10241,#10242,
#10243,#10244,#10245,#10246,#10247,#10248,#10249,#10250,#10251,#10252,#10253,
#10254,#10255,#10256,#10257,#10258,#10259,#10260,#10261,#10262,#10263,#10264,
#10265,#10266,#10267,#10268,#10269,#10270,#10271,#10272,#10273,#10274),
(#10275,#10276,#10277,#10278,#10279,#10280,#10281,#10282,#10283,#10284,
#10285,#10286,#10287,#10288,#10289,#10290,#10291,#10292,#10293,#10294,#10295,
#10296,#10297,#10298,#10299,#10300,#10301,#10302,#10303,#10304,#10305,#10306,
#10307,#10308,#10309,#10310,#10311,#10312,#10313,#10314,#10315,#10316,#10317,
#10318,#10319,#10320,#10321,#10322,#10323,#10324,#10325,#10326,#10327,#10328,
#10329,#10330,#10331,#10332,#10333,#10334,#10335,#10336,#10337,#10338,#10339,
#10340,#10341,#10342,#10343,#10344,#10345,#10346,#10347,#10348,#10349,#10350,
#10351,#10352,#10353,#10354,#10355,#10356,#10357,#10358),(#10359,#10360,
#10361,#10362,#10363,#10364,#10365,#10366,#10367,#10368,#10369,#10370,#10371,
#10372,#10373,#10374,#10375,#10376,#10377,#10378,#10379,#10380,#10381,#10382,
#10383,#10384,#10385,#10386,#10387,#10388,#10389,#10390,#10391,#10392,#10393,
#10394,#10395,#10396,#10397,#10398,#10399,#10400,#10401,#10402,#10403,#10404,
#10405,#10406,#10407,#10408,#10409,#10410,#10411,#10412,#10413,#10414,#10415,
#10416,#10417,#10418,#10419,#10420,#10421,#10422,#10423,#10424,#10425,#10426,
#10427,#10428,#10429,#10430,#10431,#10432,#10433,#10434,#10435,#10436,#10437,
#10438,#10439,#10440,#10441,#10442)),.UNSPECIFIED.,.F.,.F.,.F.,(4,4),(4,
1,1,1,1,1,1,1,1,1,1,1,1,1,1,1,1,1,1,1,1,1,1,1,1,1,1,1,1,1,1,1,1,1,1,1,1,
1,1,1,1,1,1,1,1,1,1,1,1,1,1,1,1,1,1,1,1,1,1,1,1,1,1,1,1,1,1,1,1,1,1,1,1,
1,1,1,1,1,1,1,1,4),(0.,0.0511532338502006),(14.3986268518923,15.393054001715,
16.3874811515376,17.3819083013603,18.3763354511829,19.3707626010055,20.3651897508282,
21.3596169006508,22.3540440504735,23.3484712002961,24.3428983501188,25.3373254999414,
26.3317526497641,27.3261797995867,28.3206069494093,29.315034099232,30.3094612490546,
31.3038883988773,32.2983155486999,33.2927426985226,34.2871698483452,35.2815969981679,
36.2760241479905,37.2704512978131,38.2648784476358,39.2593055974584,40.2537327472811,
41.2481598971037,42.2425870469264,43.237014196749,44.2314413465717,45.2258684963943,
46.2202956462169,47.2147227960396,48.2091499458622,49.2035770956849,50.1980042455075,
51.1924313953302,52.1868585451528,53.1812856949755,54.1757128447981,55.1701399946207,
56.1645671444434,57.158994294266,58.1534214440887,59.1478485939113,60.142275743734,
61.1367028935566,62.1311300433793,63.1255571932019,64.1199843430246,65.1144114928472,
66.1088386426698,67.1032657924925,68.0976929423151,69.0921200921378,70.0865472419604,
71.0809743917831,72.0754015416057,73.0698286914284,74.064255841251,75.0586829910737,
76.0531101408963,77.0475372907189,78.0419644405416,79.0363915903642,80.0308187401869,
81.0252458900095,82.0196730398322,83.0141001896548,84.0085273394774,85.0029544893001,
85.9973816391227,86.9918087889454,87.986235938768,88.9806630885907,89.9750902384133,
90.969517388236,91.9639445380586,92.9583716878813,93.9527988377039,94.9472259875265),
 .UNSPECIFIED.);
#29=B_SPLINE_SURFACE_WITH_KNOTS('',3,3,((#10487,#10488,#10489,#10490,#10491,
#10492,#10493,#10494,#10495,#10496,#10497,#10498,#10499,#10500,#10501,#10502,
#10503,#10504,#10505,#10506,#10507,#10508,#10509,#10510,#10511,#10512,#10513,
#10514,#10515,#10516,#10517,#10518,#10519,#10520,#10521,#10522,#10523,#10524,
#10525,#10526,#10527,#10528,#10529,#10530,#10531,#10532,#10533,#10534,#10535,
#10536,#10537,#10538,#10539,#10540,#10541,#10542,#10543,#10544,#10545,#10546,
#10547,#10548,#10549,#10550,#10551,#10552,#10553,#10554,#10555,#10556,#10557,
#10558,#10559,#10560,#10561,#10562,#10563,#10564,#10565,#10566,#10567,#10568,
#10569,#10570),(#10571,#10572,#10573,#10574,#10575,#10576,#10577,#10578,
#10579,#10580,#10581,#10582,#10583,#10584,#10585,#10586,#10587,#10588,#10589,
#10590,#10591,#10592,#10593,#10594,#10595,#10596,#10597,#10598,#10599,#10600,
#10601,#10602,#10603,#10604,#10605,#10606,#10607,#10608,#10609,#10610,#10611,
#10612,#10613,#10614,#10615,#10616,#10617,#10618,#10619,#10620,#10621,#10622,
#10623,#10624,#10625,#10626,#10627,#10628,#10629,#10630,#10631,#10632,#10633,
#10634,#10635,#10636,#10637,#10638,#10639,#10640,#10641,#10642,#10643,#10644,
#10645,#10646,#10647,#10648,#10649,#10650,#10651,#10652,#10653,#10654),
(#10655,#10656,#10657,#10658,#10659,#10660,#10661,#10662,#10663,#10664,
#10665,#10666,#10667,#10668,#10669,#10670,#10671,#10672,#10673,#10674,#10675,
#10676,#10677,#10678,#10679,#10680,#10681,#10682,#10683,#10684,#10685,#10686,
#10687,#10688,#10689,#10690,#10691,#10692,#10693,#10694,#10695,#10696,#10697,
#10698,#10699,#10700,#10701,#10702,#10703,#10704,#10705,#10706,#10707,#10708,
#10709,#10710,#10711,#10712,#10713,#10714,#10715,#10716,#10717,#10718,#10719,
#10720,#10721,#10722,#10723,#10724,#10725,#10726,#10727,#10728,#10729,#10730,
#10731,#10732,#10733,#10734,#10735,#10736,#10737,#10738),(#10739,#10740,
#10741,#10742,#10743,#10744,#10745,#10746,#10747,#10748,#10749,#10750,#10751,
#10752,#10753,#10754,#10755,#10756,#10757,#10758,#10759,#10760,#10761,#10762,
#10763,#10764,#10765,#10766,#10767,#10768,#10769,#10770,#10771,#10772,#10773,
#10774,#10775,#10776,#10777,#10778,#10779,#10780,#10781,#10782,#10783,#10784,
#10785,#10786,#10787,#10788,#10789,#10790,#10791,#10792,#10793,#10794,#10795,
#10796,#10797,#10798,#10799,#10800,#10801,#10802,#10803,#10804,#10805,#10806,
#10807,#10808,#10809,#10810,#10811,#10812,#10813,#10814,#10815,#10816,#10817,
#10818,#10819,#10820,#10821,#10822)),.UNSPECIFIED.,.F.,.F.,.F.,(4,4),(4,
1,1,1,1,1,1,1,1,1,1,1,1,1,1,1,1,1,1,1,1,1,1,1,1,1,1,1,1,1,1,1,1,1,1,1,1,
1,1,1,1,1,1,1,1,1,1,1,1,1,1,1,1,1,1,1,1,1,1,1,1,1,1,1,1,1,1,1,1,1,1,1,1,
1,1,1,1,1,1,1,1,4),(0.,0.0511532338502006),(11.8669242345263,12.8613513843489,
13.8557785341716,14.8502056839942,15.8446328338168,16.8390599836395,17.8334871334621,
18.8279142832848,19.8223414331074,20.8167685829301,21.8111957327527,22.8056228825754,
23.800050032398,24.7944771822206,25.7889043320433,26.7833314818659,27.7777586316886,
28.7721857815112,29.7666129313339,30.7610400811565,31.7554672309792,32.7498943808018,
33.7443215306245,34.7387486804471,35.7331758302697,36.7276029800924,37.722030129915,
38.7164572797377,39.7108844295603,40.705311579383,41.6997387292056,42.6941658790283,
43.6885930288509,44.6830201786735,45.6774473284962,46.6718744783188,47.6663016281415,
48.6607287779641,49.6551559277868,50.6495830776094,51.6440102274321,52.6384373772547,
53.6328645270773,54.6272916769,55.6217188267226,56.6161459765453,57.6105731263679,
58.6050002761906,59.5994274260132,60.5938545758359,61.5882817256585,62.5827088754811,
63.5771360253038,64.5715631751264,65.5659903249491,66.5604174747717,67.5548446245944,
68.549271774417,69.5436989242397,70.5381260740623,71.5325532238849,72.5269803737076,
73.5214075235302,74.5158346733529,75.5102618231755,76.5046889729982,77.4991161228208,
78.4935432726435,79.4879704224661,80.4823975722887,81.4768247221114,82.471251871934,
83.4656790217567,84.4601061715793,85.454533321402,86.4489604712246,87.4433876210473,
88.4378147708699,89.4322419206925,90.4266690705152,91.4210962203378,92.4155233701605),
 .UNSPECIFIED.);
#30=B_SPLINE_SURFACE_WITH_KNOTS('',3,3,((#10848,#10849,#10850,#10851,#10852,
#10853,#10854,#10855,#10856,#10857,#10858,#10859,#10860,#10861,#10862,#10863,
#10864,#10865,#10866,#10867,#10868,#10869,#10870,#10871,#10872,#10873,#10874,
#10875,#10876,#10877,#10878,#10879,#10880,#10881,#10882,#10883,#10884,#10885,
#10886,#10887,#10888,#10889,#10890,#10891,#10892,#10893,#10894,#10895,#10896,
#10897,#10898,#10899,#10900,#10901,#10902,#10903,#10904,#10905,#10906,#10907,
#10908,#10909,#10910,#10911,#10912,#10913,#10914,#10915,#10916,#10917,#10918,
#10919,#10920,#10921,#10922,#10923,#10924,#10925,#10926,#10927,#10928,#10929,
#10930,#10931),(#10932,#10933,#10934,#10935,#10936,#10937,#10938,#10939,
#10940,#10941,#10942,#10943,#10944,#10945,#10946,#10947,#10948,#10949,#10950,
#10951,#10952,#10953,#10954,#10955,#10956,#10957,#10958,#10959,#10960,#10961,
#10962,#10963,#10964,#10965,#10966,#10967,#10968,#10969,#10970,#10971,#10972,
#10973,#10974,#10975,#10976,#10977,#10978,#10979,#10980,#10981,#10982,#10983,
#10984,#10985,#10986,#10987,#10988,#10989,#10990,#10991,#10992,#10993,#10994,
#10995,#10996,#10997,#10998,#10999,#11000,#11001,#11002,#11003,#11004,#11005,
#11006,#11007,#11008,#11009,#11010,#11011,#11012,#11013,#11014,#11015),
(#11016,#11017,#11018,#11019,#11020,#11021,#11022,#11023,#11024,#11025,
#11026,#11027,#11028,#11029,#11030,#11031,#11032,#11033,#11034,#11035,#11036,
#11037,#11038,#11039,#11040,#11041,#11042,#11043,#11044,#11045,#11046,#11047,
#11048,#11049,#11050,#11051,#11052,#11053,#11054,#11055,#11056,#11057,#11058,
#11059,#11060,#11061,#11062,#11063,#11064,#11065,#11066,#11067,#11068,#11069,
#11070,#11071,#11072,#11073,#11074,#11075,#11076,#11077,#11078,#11079,#11080,
#11081,#11082,#11083,#11084,#11085,#11086,#11087,#11088,#11089,#11090,#11091,
#11092,#11093,#11094,#11095,#11096,#11097,#11098,#11099),(#11100,#11101,
#11102,#11103,#11104,#11105,#11106,#11107,#11108,#11109,#11110,#11111,#11112,
#11113,#11114,#11115,#11116,#11117,#11118,#11119,#11120,#11121,#11122,#11123,
#11124,#11125,#11126,#11127,#11128,#11129,#11130,#11131,#11132,#11133,#11134,
#11135,#11136,#11137,#11138,#11139,#11140,#11141,#11142,#11143,#11144,#11145,
#11146,#11147,#11148,#11149,#11150,#11151,#11152,#11153,#11154,#11155,#11156,
#11157,#11158,#11159,#11160,#11161,#11162,#11163,#11164,#11165,#11166,#11167,
#11168,#11169,#11170,#11171,#11172,#11173,#11174,#11175,#11176,#11177,#11178,
#11179,#11180,#11181,#11182,#11183)),.UNSPECIFIED.,.F.,.F.,.F.,(4,4),(4,
1,1,1,1,1,1,1,1,1,1,1,1,1,1,1,1,1,1,1,1,1,1,1,1,1,1,1,1,1,1,1,1,1,1,1,1,
1,1,1,1,1,1,1,1,1,1,1,1,1,1,1,1,1,1,1,1,1,1,1,1,1,1,1,1,1,1,1,1,1,1,1,1,
1,1,1,1,1,1,1,1,4),(0.,0.0511532338502006),(14.3986268518923,15.393054001715,
16.3874811515376,17.3819083013603,18.3763354511829,19.3707626010056,20.3651897508282,
21.3596169006508,22.3540440504735,23.3484712002961,24.3428983501188,25.3373254999414,
26.3317526497641,27.3261797995867,28.3206069494094,29.315034099232,30.3094612490546,
31.3038883988773,32.2983155486999,33.2927426985226,34.2871698483452,35.2815969981679,
36.2760241479905,37.2704512978132,38.2648784476358,39.2593055974584,40.2537327472811,
41.2481598971037,42.2425870469264,43.237014196749,44.2314413465717,45.2258684963943,
46.220295646217,47.2147227960396,48.2091499458622,49.2035770956849,50.1980042455075,
51.1924313953302,52.1868585451528,53.1812856949755,54.1757128447981,55.1701399946208,
56.1645671444434,57.158994294266,58.1534214440887,59.1478485939113,60.142275743734,
61.1367028935566,62.1311300433793,63.1255571932019,64.1199843430246,65.1144114928472,
66.1088386426698,67.1032657924925,68.0976929423151,69.0921200921378,70.0865472419604,
71.0809743917831,72.0754015416057,73.0698286914284,74.064255841251,75.0586829910736,
76.0531101408963,77.0475372907189,78.0419644405416,79.0363915903642,80.0308187401869,
81.0252458900095,82.0196730398322,83.0141001896548,84.0085273394774,85.0029544893001,
85.9973816391227,86.9918087889454,87.986235938768,88.9806630885907,89.9750902384133,
90.969517388236,91.9639445380586,92.9583716878812,93.9527988377039,94.9472259875265),
 .UNSPECIFIED.);
#31=FACE_BOUND('',#297,.T.);
#32=FACE_BOUND('',#298,.T.);
#33=FACE_BOUND('',#299,.T.);
#34=FACE_BOUND('',#318,.T.);
#35=FACE_BOUND('',#319,.T.);
#36=FACE_BOUND('',#320,.T.);
#37=FACE_BOUND('',#321,.T.);
#38=FACE_BOUND('',#322,.T.);
#39=FACE_BOUND('',#333,.T.);
#40=FACE_BOUND('',#334,.T.);
#41=FACE_BOUND('',#335,.T.);
#42=FACE_BOUND('',#347,.T.);
#43=PLANE('',#2763);
#44=PLANE('',#2767);
#45=PLANE('',#2770);
#46=PLANE('',#2773);
#47=PLANE('',#2776);
#48=PLANE('',#2777);
#49=PLANE('',#2778);
#50=PLANE('',#2779);
#51=PLANE('',#2782);
#52=PLANE('',#2783);
#53=PLANE('',#2784);
#54=PLANE('',#2785);
#55=PLANE('',#2786);
#56=PLANE('',#2788);
#57=PLANE('',#2794);
#58=PLANE('',#2795);
#59=PLANE('',#2796);
#60=PLANE('',#2797);
#61=PLANE('',#2798);
#62=PLANE('',#2799);
#63=PLANE('',#2800);
#64=PLANE('',#2801);
#65=PLANE('',#2802);
#66=FACE_OUTER_BOUND('',#205,.T.);
#67=FACE_OUTER_BOUND('',#206,.T.);
#68=FACE_OUTER_BOUND('',#207,.T.);
#69=FACE_OUTER_BOUND('',#208,.T.);
#70=FACE_OUTER_BOUND('',#209,.T.);
#71=FACE_OUTER_BOUND('',#210,.T.);
#72=FACE_OUTER_BOUND('',#211,.T.);
#73=FACE_OUTER_BOUND('',#212,.T.);
#74=FACE_OUTER_BOUND('',#213,.T.);
#75=FACE_OUTER_BOUND('',#214,.T.);
#76=FACE_OUTER_BOUND('',#215,.T.);
#77=FACE_OUTER_BOUND('',#216,.T.);
#78=FACE_OUTER_BOUND('',#217,.T.);
#79=FACE_OUTER_BOUND('',#218,.T.);
#80=FACE_OUTER_BOUND('',#219,.T.);
#81=FACE_OUTER_BOUND('',#220,.T.);
#82=FACE_OUTER_BOUND('',#221,.T.);
#83=FACE_OUTER_BOUND('',#222,.T.);
#84=FACE_OUTER_BOUND('',#223,.T.);
#85=FACE_OUTER_BOUND('',#224,.T.);
#86=FACE_OUTER_BOUND('',#225,.T.);
#87=FACE_OUTER_BOUND('',#226,.T.);
#88=FACE_OUTER_BOUND('',#227,.T.);
#89=FACE_OUTER_BOUND('',#228,.T.);
#90=FACE_OUTER_BOUND('',#229,.T.);
#91=FACE_OUTER_BOUND('',#230,.T.);
#92=FACE_OUTER_BOUND('',#231,.T.);
#93=FACE_OUTER_BOUND('',#232,.T.);
#94=FACE_OUTER_BOUND('',#233,.T.);
#95=FACE_OUTER_BOUND('',#234,.T.);
#96=FACE_OUTER_BOUND('',#235,.T.);
#97=FACE_OUTER_BOUND('',#236,.T.);
#98=FACE_OUTER_BOUND('',#237,.T.);
#99=FACE_OUTER_BOUND('',#238,.T.);
#100=FACE_OUTER_BOUND('',#239,.T.);
#101=FACE_OUTER_BOUND('',#240,.T.);
#102=FACE_OUTER_BOUND('',#241,.T.);
#103=FACE_OUTER_BOUND('',#242,.T.);
#104=FACE_OUTER_BOUND('',#243,.T.);
#105=FACE_OUTER_BOUND('',#244,.T.);
#106=FACE_OUTER_BOUND('',#245,.T.);
#107=FACE_OUTER_BOUND('',#246,.T.);
#108=FACE_OUTER_BOUND('',#247,.T.);
#109=FACE_OUTER_BOUND('',#248,.T.);
#110=FACE_OUTER_BOUND('',#249,.T.);
#111=FACE_OUTER_BOUND('',#250,.T.);
#112=FACE_OUTER_BOUND('',#251,.T.);
#113=FACE_OUTER_BOUND('',#252,.T.);
#114=FACE_OUTER_BOUND('',#253,.T.);
#115=FACE_OUTER_BOUND('',#254,.T.);
#116=FACE_OUTER_BOUND('',#255,.T.);
#117=FACE_OUTER_BOUND('',#256,.T.);
#118=FACE_OUTER_BOUND('',#257,.T.);
#119=FACE_OUTER_BOUND('',#258,.T.);
#120=FACE_OUTER_BOUND('',#259,.T.);
#121=FACE_OUTER_BOUND('',#260,.T.);
#122=FACE_OUTER_BOUND('',#261,.T.);
#123=FACE_OUTER_BOUND('',#262,.T.);
#124=FACE_OUTER_BOUND('',#263,.T.);
#125=FACE_OUTER_BOUND('',#264,.T.);
#126=FACE_OUTER_BOUND('',#265,.T.);
#127=FACE_OUTER_BOUND('',#266,.T.);
#128=FACE_OUTER_BOUND('',#267,.T.);
#129=FACE_OUTER_BOUND('',#268,.T.);
#130=FACE_OUTER_BOUND('',#269,.T.);
#131=FACE_OUTER_BOUND('',#270,.T.);
#132=FACE_OUTER_BOUND('',#271,.T.);
#133=FACE_OUTER_BOUND('',#272,.T.);
#134=FACE_OUTER_BOUND('',#273,.T.);
#135=FACE_OUTER_BOUND('',#274,.T.);
#136=FACE_OUTER_BOUND('',#275,.T.);
#137=FACE_OUTER_BOUND('',#276,.T.);
#138=FACE_OUTER_BOUND('',#277,.T.);
#139=FACE_OUTER_BOUND('',#278,.T.);
#140=FACE_OUTER_BOUND('',#279,.T.);
#141=FACE_OUTER_BOUND('',#280,.T.);
#142=FACE_OUTER_BOUND('',#281,.T.);
#143=FACE_OUTER_BOUND('',#282,.T.);
#144=FACE_OUTER_BOUND('',#283,.T.);
#145=FACE_OUTER_BOUND('',#284,.T.);
#146=FACE_OUTER_BOUND('',#285,.T.);
#147=FACE_OUTER_BOUND('',#286,.T.);
#148=FACE_OUTER_BOUND('',#287,.T.);
#149=FACE_OUTER_BOUND('',#288,.T.);
#150=FACE_OUTER_BOUND('',#289,.T.);
#151=FACE_OUTER_BOUND('',#290,.T.);
#152=FACE_OUTER_BOUND('',#291,.T.);
#153=FACE_OUTER_BOUND('',#292,.T.);
#154=FACE_OUTER_BOUND('',#293,.T.);
#155=FACE_OUTER_BOUND('',#294,.T.);
#156=FACE_OUTER_BOUND('',#295,.T.);
#157=FACE_OUTER_BOUND('',#296,.T.);
#158=FACE_OUTER_BOUND('',#300,.T.);
#159=FACE_OUTER_BOUND('',#301,.T.);
#160=FACE_OUTER_BOUND('',#302,.T.);
#161=FACE_OUTER_BOUND('',#303,.T.);
#162=FACE_OUTER_BOUND('',#304,.T.);
#163=FACE_OUTER_BOUND('',#305,.T.);
#164=FACE_OUTER_BOUND('',#306,.T.);
#165=FACE_OUTER_BOUND('',#307,.T.);
#166=FACE_OUTER_BOUND('',#308,.T.);
#167=FACE_OUTER_BOUND('',#309,.T.);
#168=FACE_OUTER_BOUND('',#310,.T.);
#169=FACE_OUTER_BOUND('',#311,.T.);
#170=FACE_OUTER_BOUND('',#312,.T.);
#171=FACE_OUTER_BOUND('',#313,.T.);
#172=FACE_OUTER_BOUND('',#314,.T.);
#173=FACE_OUTER_BOUND('',#315,.T.);
#174=FACE_OUTER_BOUND('',#316,.T.);
#175=FACE_OUTER_BOUND('',#317,.T.);
#176=FACE_OUTER_BOUND('',#323,.T.);
#177=FACE_OUTER_BOUND('',#324,.T.);
#178=FACE_OUTER_BOUND('',#325,.T.);
#179=FACE_OUTER_BOUND('',#326,.T.);
#180=FACE_OUTER_BOUND('',#327,.T.);
#181=FACE_OUTER_BOUND('',#328,.T.);
#182=FACE_OUTER_BOUND('',#329,.T.);
#183=FACE_OUTER_BOUND('',#330,.T.);
#184=FACE_OUTER_BOUND('',#331,.T.);
#185=FACE_OUTER_BOUND('',#332,.T.);
#186=FACE_OUTER_BOUND('',#336,.T.);
#187=FACE_OUTER_BOUND('',#337,.T.);
#188=FACE_OUTER_BOUND('',#338,.T.);
#189=FACE_OUTER_BOUND('',#339,.T.);
#190=FACE_OUTER_BOUND('',#340,.T.);
#191=FACE_OUTER_BOUND('',#341,.T.);
#192=FACE_OUTER_BOUND('',#342,.T.);
#193=FACE_OUTER_BOUND('',#343,.T.);
#194=FACE_OUTER_BOUND('',#344,.T.);
#195=FACE_OUTER_BOUND('',#345,.T.);
#196=FACE_OUTER_BOUND('',#346,.T.);
#197=FACE_OUTER_BOUND('',#348,.T.);
#198=FACE_OUTER_BOUND('',#349,.T.);
#199=FACE_OUTER_BOUND('',#350,.T.);
#200=FACE_OUTER_BOUND('',#351,.T.);
#201=FACE_OUTER_BOUND('',#352,.T.);
#202=FACE_OUTER_BOUND('',#353,.T.);
#203=FACE_OUTER_BOUND('',#354,.T.);
#204=FACE_OUTER_BOUND('',#355,.T.);
#205=EDGE_LOOP('',(#1593,#1594,#1595,#1596));
#206=EDGE_LOOP('',(#1597,#1598,#1599,#1600));
#207=EDGE_LOOP('',(#1601,#1602,#1603,#1604));
#208=EDGE_LOOP('',(#1605,#1606,#1607,#1608));
#209=EDGE_LOOP('',(#1609,#1610,#1611,#1612));
#210=EDGE_LOOP('',(#1613,#1614,#1615,#1616));
#211=EDGE_LOOP('',(#1617,#1618,#1619,#1620));
#212=EDGE_LOOP('',(#1621,#1622,#1623,#1624));
#213=EDGE_LOOP('',(#1625,#1626,#1627,#1628));
#214=EDGE_LOOP('',(#1629,#1630,#1631,#1632));
#215=EDGE_LOOP('',(#1633,#1634,#1635,#1636));
#216=EDGE_LOOP('',(#1637,#1638,#1639,#1640));
#217=EDGE_LOOP('',(#1641,#1642,#1643,#1644));
#218=EDGE_LOOP('',(#1645,#1646,#1647,#1648));
#219=EDGE_LOOP('',(#1649,#1650,#1651,#1652));
#220=EDGE_LOOP('',(#1653,#1654,#1655,#1656));
#221=EDGE_LOOP('',(#1657,#1658,#1659,#1660));
#222=EDGE_LOOP('',(#1661,#1662,#1663,#1664));
#223=EDGE_LOOP('',(#1665,#1666,#1667,#1668));
#224=EDGE_LOOP('',(#1669,#1670,#1671,#1672));
#225=EDGE_LOOP('',(#1673,#1674,#1675,#1676));
#226=EDGE_LOOP('',(#1677,#1678,#1679,#1680));
#227=EDGE_LOOP('',(#1681,#1682,#1683,#1684));
#228=EDGE_LOOP('',(#1685,#1686,#1687,#1688));
#229=EDGE_LOOP('',(#1689,#1690,#1691,#1692));
#230=EDGE_LOOP('',(#1693,#1694,#1695,#1696));
#231=EDGE_LOOP('',(#1697,#1698,#1699,#1700));
#232=EDGE_LOOP('',(#1701,#1702,#1703,#1704));
#233=EDGE_LOOP('',(#1705,#1706,#1707,#1708));
#234=EDGE_LOOP('',(#1709,#1710,#1711,#1712));
#235=EDGE_LOOP('',(#1713,#1714,#1715,#1716));
#236=EDGE_LOOP('',(#1717,#1718,#1719,#1720));
#237=EDGE_LOOP('',(#1721,#1722,#1723,#1724));
#238=EDGE_LOOP('',(#1725,#1726,#1727,#1728));
#239=EDGE_LOOP('',(#1729,#1730,#1731,#1732));
#240=EDGE_LOOP('',(#1733,#1734,#1735,#1736));
#241=EDGE_LOOP('',(#1737,#1738,#1739,#1740));
#242=EDGE_LOOP('',(#1741,#1742,#1743,#1744));
#243=EDGE_LOOP('',(#1745,#1746,#1747,#1748));
#244=EDGE_LOOP('',(#1749,#1750,#1751,#1752));
#245=EDGE_LOOP('',(#1753,#1754,#1755,#1756));
#246=EDGE_LOOP('',(#1757,#1758,#1759,#1760));
#247=EDGE_LOOP('',(#1761,#1762,#1763,#1764));
#248=EDGE_LOOP('',(#1765,#1766,#1767,#1768));
#249=EDGE_LOOP('',(#1769,#1770,#1771,#1772));
#250=EDGE_LOOP('',(#1773,#1774,#1775,#1776));
#251=EDGE_LOOP('',(#1777,#1778,#1779,#1780));
#252=EDGE_LOOP('',(#1781,#1782,#1783,#1784));
#253=EDGE_LOOP('',(#1785,#1786,#1787,#1788));
#254=EDGE_LOOP('',(#1789,#1790,#1791,#1792));
#255=EDGE_LOOP('',(#1793,#1794,#1795,#1796));
#256=EDGE_LOOP('',(#1797,#1798,#1799,#1800));
#257=EDGE_LOOP('',(#1801,#1802,#1803,#1804));
#258=EDGE_LOOP('',(#1805,#1806,#1807,#1808));
#259=EDGE_LOOP('',(#1809,#1810,#1811,#1812));
#260=EDGE_LOOP('',(#1813,#1814,#1815,#1816));
#261=EDGE_LOOP('',(#1817,#1818,#1819,#1820));
#262=EDGE_LOOP('',(#1821,#1822,#1823,#1824));
#263=EDGE_LOOP('',(#1825,#1826,#1827,#1828));
#264=EDGE_LOOP('',(#1829,#1830,#1831,#1832));
#265=EDGE_LOOP('',(#1833,#1834,#1835,#1836));
#266=EDGE_LOOP('',(#1837,#1838,#1839,#1840));
#267=EDGE_LOOP('',(#1841,#1842,#1843,#1844));
#268=EDGE_LOOP('',(#1845,#1846,#1847,#1848));
#269=EDGE_LOOP('',(#1849,#1850,#1851,#1852));
#270=EDGE_LOOP('',(#1853,#1854,#1855,#1856));
#271=EDGE_LOOP('',(#1857,#1858,#1859,#1860));
#272=EDGE_LOOP('',(#1861,#1862,#1863,#1864));
#273=EDGE_LOOP('',(#1865,#1866,#1867,#1868));
#274=EDGE_LOOP('',(#1869,#1870,#1871,#1872));
#275=EDGE_LOOP('',(#1873,#1874,#1875,#1876));
#276=EDGE_LOOP('',(#1877,#1878,#1879,#1880));
#277=EDGE_LOOP('',(#1881,#1882,#1883,#1884));
#278=EDGE_LOOP('',(#1885,#1886,#1887,#1888));
#279=EDGE_LOOP('',(#1889,#1890,#1891,#1892));
#280=EDGE_LOOP('',(#1893,#1894,#1895,#1896));
#281=EDGE_LOOP('',(#1897,#1898,#1899,#1900));
#282=EDGE_LOOP('',(#1901,#1902,#1903,#1904));
#283=EDGE_LOOP('',(#1905,#1906,#1907,#1908));
#284=EDGE_LOOP('',(#1909,#1910,#1911,#1912));
#285=EDGE_LOOP('',(#1913,#1914,#1915,#1916));
#286=EDGE_LOOP('',(#1917,#1918,#1919,#1920));
#287=EDGE_LOOP('',(#1921,#1922,#1923,#1924));
#288=EDGE_LOOP('',(#1925,#1926,#1927,#1928));
#289=EDGE_LOOP('',(#1929,#1930,#1931,#1932));
#290=EDGE_LOOP('',(#1933,#1934,#1935,#1936));
#291=EDGE_LOOP('',(#1937,#1938,#1939,#1940));
#292=EDGE_LOOP('',(#1941,#1942,#1943,#1944));
#293=EDGE_LOOP('',(#1945,#1946,#1947,#1948));
#294=EDGE_LOOP('',(#1949,#1950,#1951,#1952));
#295=EDGE_LOOP('',(#1953,#1954,#1955,#1956));
#296=EDGE_LOOP('',(#1957,#1958,#1959,#1960,#1961,#1962,#1963,#1964));
#297=EDGE_LOOP('',(#1965,#1966,#1967,#1968,#1969,#1970,#1971,#1972,#1973,
#1974,#1975,#1976,#1977,#1978,#1979));
#298=EDGE_LOOP('',(#1980,#1981,#1982,#1983));
#299=EDGE_LOOP('',(#1984,#1985,#1986,#1987));
#300=EDGE_LOOP('',(#1988,#1989,#1990,#1991));
#301=EDGE_LOOP('',(#1992,#1993,#1994,#1995));
#302=EDGE_LOOP('',(#1996,#1997,#1998,#1999));
#303=EDGE_LOOP('',(#2000,#2001,#2002,#2003));
#304=EDGE_LOOP('',(#2004,#2005,#2006,#2007));
#305=EDGE_LOOP('',(#2008,#2009,#2010,#2011));
#306=EDGE_LOOP('',(#2012,#2013,#2014,#2015));
#307=EDGE_LOOP('',(#2016,#2017,#2018,#2019));
#308=EDGE_LOOP('',(#2020,#2021,#2022,#2023));
#309=EDGE_LOOP('',(#2024,#2025,#2026,#2027));
#310=EDGE_LOOP('',(#2028,#2029,#2030,#2031));
#311=EDGE_LOOP('',(#2032,#2033,#2034,#2035));
#312=EDGE_LOOP('',(#2036,#2037,#2038,#2039));
#313=EDGE_LOOP('',(#2040,#2041,#2042,#2043));
#314=EDGE_LOOP('',(#2044,#2045,#2046,#2047,#2048,#2049,#2050,#2051,#2052,
#2053,#2054,#2055,#2056,#2057,#2058,#2059,#2060,#2061,#2062,#2063,#2064,
#2065,#2066));
#315=EDGE_LOOP('',(#2067,#2068,#2069,#2070));
#316=EDGE_LOOP('',(#2071,#2072,#2073,#2074,#2075,#2076,#2077,#2078,#2079,
#2080,#2081,#2082,#2083,#2084,#2085,#2086,#2087,#2088,#2089,#2090,#2091,
#2092,#2093));
#317=EDGE_LOOP('',(#2094,#2095,#2096,#2097));
#318=EDGE_LOOP('',(#2098,#2099,#2100,#2101));
#319=EDGE_LOOP('',(#2102,#2103,#2104,#2105));
#320=EDGE_LOOP('',(#2106,#2107,#2108,#2109,#2110,#2111,#2112,#2113,#2114,
#2115,#2116,#2117,#2118,#2119,#2120));
#321=EDGE_LOOP('',(#2121,#2122,#2123,#2124));
#322=EDGE_LOOP('',(#2125,#2126,#2127,#2128));
#323=EDGE_LOOP('',(#2129,#2130,#2131,#2132));
#324=EDGE_LOOP('',(#2133,#2134,#2135,#2136));
#325=EDGE_LOOP('',(#2137,#2138,#2139,#2140));
#326=EDGE_LOOP('',(#2141,#2142,#2143,#2144));
#327=EDGE_LOOP('',(#2145,#2146,#2147,#2148));
#328=EDGE_LOOP('',(#2149,#2150,#2151,#2152));
#329=EDGE_LOOP('',(#2153,#2154,#2155,#2156));
#330=EDGE_LOOP('',(#2157,#2158,#2159,#2160));
#331=EDGE_LOOP('',(#2161,#2162,#2163,#2164,#2165,#2166,#2167,#2168,#2169,
#2170,#2171,#2172,#2173,#2174,#2175,#2176,#2177,#2178,#2179,#2180,#2181,
#2182,#2183));
#332=EDGE_LOOP('',(#2184,#2185,#2186,#2187));
#333=EDGE_LOOP('',(#2188,#2189,#2190,#2191,#2192,#2193,#2194,#2195));
#334=EDGE_LOOP('',(#2196,#2197,#2198,#2199));
#335=EDGE_LOOP('',(#2200,#2201,#2202,#2203));
#336=EDGE_LOOP('',(#2204,#2205,#2206,#2207));
#337=EDGE_LOOP('',(#2208,#2209,#2210,#2211,#2212,#2213,#2214,#2215,#2216,
#2217,#2218,#2219,#2220,#2221,#2222,#2223,#2224,#2225,#2226,#2227,#2228,
#2229,#2230));
#338=EDGE_LOOP('',(#2231,#2232,#2233,#2234));
#339=EDGE_LOOP('',(#2235,#2236,#2237,#2238,#2239,#2240,#2241,#2242,#2243,
#2244,#2245,#2246,#2247,#2248,#2249,#2250,#2251,#2252,#2253,#2254,#2255,
#2256,#2257,#2258,#2259,#2260,#2261,#2262,#2263));
#340=EDGE_LOOP('',(#2264,#2265,#2266,#2267,#2268,#2269,#2270,#2271,#2272,
#2273,#2274,#2275,#2276,#2277,#2278,#2279,#2280,#2281,#2282,#2283,#2284,
#2285,#2286,#2287,#2288,#2289,#2290,#2291,#2292));
#341=EDGE_LOOP('',(#2293,#2294,#2295,#2296));
#342=EDGE_LOOP('',(#2297,#2298,#2299,#2300,#2301,#2302,#2303,#2304,#2305,
#2306,#2307,#2308,#2309,#2310,#2311,#2312,#2313,#2314,#2315,#2316,#2317,
#2318,#2319,#2320,#2321,#2322,#2323,#2324,#2325));
#343=EDGE_LOOP('',(#2326,#2327,#2328,#2329,#2330,#2331,#2332,#2333,#2334,
#2335,#2336,#2337,#2338,#2339,#2340,#2341,#2342,#2343,#2344,#2345,#2346,
#2347,#2348,#2349,#2350,#2351,#2352,#2353,#2354));
#344=EDGE_LOOP('',(#2355,#2356,#2357,#2358));
#345=EDGE_LOOP('',(#2359,#2360,#2361,#2362));
#346=EDGE_LOOP('',(#2363,#2364,#2365,#2366));
#347=EDGE_LOOP('',(#2367,#2368,#2369,#2370));
#348=EDGE_LOOP('',(#2371,#2372,#2373,#2374));
#349=EDGE_LOOP('',(#2375,#2376,#2377,#2378));
#350=EDGE_LOOP('',(#2379,#2380,#2381,#2382));
#351=EDGE_LOOP('',(#2383,#2384,#2385,#2386));
#352=EDGE_LOOP('',(#2387,#2388,#2389,#2390));
#353=EDGE_LOOP('',(#2391,#2392,#2393,#2394));
#354=EDGE_LOOP('',(#2395,#2396,#2397,#2398));
#355=EDGE_LOOP('',(#2399,#2400,#2401,#2402));
#356=CIRCLE('',#2657,2.117);
#357=CIRCLE('',#2669,2.117);
#358=CIRCLE('',#2671,2.117);
#359=CIRCLE('',#2683,2.117);
#360=CIRCLE('',#2685,2.56);
#361=CIRCLE('',#2698,2.56);
#362=CIRCLE('',#2700,2.56000000000004);
#363=CIRCLE('',#2713,2.56000000000004);
#364=CIRCLE('',#2715,2.55999999999996);
#365=CIRCLE('',#2725,2.55999999999997);
#366=CIRCLE('',#2727,2.56);
#367=CIRCLE('',#2737,2.56);
#368=CIRCLE('',#2739,2.117);
#369=CIRCLE('',#2748,2.117);
#370=CIRCLE('',#2750,2.117);
#371=CIRCLE('',#2759,2.117);
#372=CIRCLE('',#2761,5.);
#373=CIRCLE('',#2762,5.);
#374=CIRCLE('',#2765,5.);
#375=CIRCLE('',#2766,5.);
#376=CIRCLE('',#2768,5.);
#377=CIRCLE('',#2769,5.);
#378=CIRCLE('',#2772,5.);
#379=CIRCLE('',#2775,5.);
#380=B_SPLINE_CURVE_WITH_KNOTS('',3,(#3262,#3263,#3264,#3265,#3266,#3267,
#3268,#3269,#3270,#3271,#3272,#3273,#3274),.UNSPECIFIED.,.F.,.F.,(4,3,3,
3,4),(76.7075601022116,77.5653176861663,78.5597448359889,79.5541719858116,
80.5485991356342),.UNSPECIFIED.);
#381=B_SPLINE_CURVE_WITH_KNOTS('',3,(#3277,#3278,#3279,#3280,#3281,#3282,
#3283,#3284,#3285,#3286,#3287,#3288,#3289,#3290,#3291,#3292,#3293,#3294,
#3295),.UNSPECIFIED.,.F.,.F.,(4,3,3,3,3,3,4),(-78.5398163397448,-77.5653176861663,
-76.5708905363436,-75.576463386521,-74.5820362366984,-73.5876090868757,
-72.9560774123981),.UNSPECIFIED.);
#382=B_SPLINE_CURVE_WITH_KNOTS('',3,(#3300,#3301,#3302,#3303,#3304,#3305,
#3306,#3307,#3308,#3309,#3310,#3311,#3312,#3313,#3314,#3315,#3316,#3317,
#3318,#3319,#3320,#3321,#3322,#3323,#3324),.UNSPECIFIED.,.F.,.F.,(4,3,3,
3,3,3,3,3,4),(70.424374795032,70.6043276374078,71.5987547872304,72.593181937053,
73.5876090868757,74.5820362366983,75.576463386521,76.5708905363436,76.7075601022116),
 .UNSPECIFIED.);
#383=B_SPLINE_CURVE_WITH_KNOTS('',3,(#3325,#3326,#3327,#3328,#3329,#3330,
#3331,#3332,#3333,#3334,#3335,#3336,#3337,#3338,#3339,#3340,#3341,#3342,
#3343,#3344,#3345,#3346),.UNSPECIFIED.,.F.,.F.,(4,3,3,3,3,3,3,4),(-72.9560774123981,
-72.5931819370531,-71.5987547872304,-70.6043276374078,-69.6099004875851,
-68.6154733377625,-67.6210461879398,-66.6728921052186),.UNSPECIFIED.);
#384=B_SPLINE_CURVE_WITH_KNOTS('',3,(#3351,#3352,#3353,#3354,#3355,#3356,
#3357,#3358,#3359,#3360,#3361,#3362,#3363,#3364,#3365,#3366,#3367,#3368,
#3369,#3370,#3371,#3372),.UNSPECIFIED.,.F.,.F.,(4,3,3,3,3,3,3,4),(64.1411894878524,
64.6377647384719,65.6321918882945,66.6266190381172,67.6210461879398,68.6154733377625,
69.6099004875851,70.424374795032),.UNSPECIFIED.);
#385=B_SPLINE_CURVE_WITH_KNOTS('',3,(#3373,#3374,#3375,#3376,#3377,#3378,
#3379,#3380,#3381,#3382,#3383,#3384,#3385,#3386,#3387,#3388,#3389,#3390,
#3391,#3392,#3393,#3394,#3395,#3396,#3397),.UNSPECIFIED.,.F.,.F.,(4,3,3,
3,3,3,3,3,4),(-66.6728921052186,-66.6266190381172,-65.6321918882945,-64.6377647384719,
-63.6433375886493,-62.6489104388266,-61.654483289004,-60.6600561391813,
-60.389706798039),.UNSPECIFIED.);
#386=B_SPLINE_CURVE_WITH_KNOTS('',3,(#3402,#3403,#3404,#3405,#3406,#3407,
#3408,#3409,#3410,#3411,#3412,#3413,#3414,#3415,#3416,#3417,#3418,#3419,
#3420,#3421,#3422,#3423),.UNSPECIFIED.,.F.,.F.,(4,3,3,3,3,3,3,4),(57.8580041806728,
58.671201839536,59.6656289893587,60.6600561391813,61.6544832890039,62.6489104388266,
63.6433375886492,64.1411894878524),.UNSPECIFIED.);
#387=B_SPLINE_CURVE_WITH_KNOTS('',3,(#3424,#3425,#3426,#3427,#3428,#3429,
#3430,#3431,#3432,#3433,#3434,#3435,#3436,#3437,#3438,#3439,#3440,#3441,
#3442,#3443,#3444,#3445),.UNSPECIFIED.,.F.,.F.,(4,3,3,3,3,3,3,4),(-60.389706798039,
-59.6656289893587,-58.6712018395361,-57.6767746897134,-56.6823475398908,
-55.6879203900681,-54.6934932402455,-54.1065214908594),.UNSPECIFIED.);
#388=B_SPLINE_CURVE_WITH_KNOTS('',3,(#3450,#3451,#3452,#3453,#3454,#3455,
#3456,#3457,#3458,#3459,#3460,#3461,#3462,#3463,#3464,#3465,#3466,#3467,
#3468,#3469,#3470,#3471,#3472,#3473,#3474),.UNSPECIFIED.,.F.,.F.,(4,3,3,
3,3,3,3,3,4),(51.5748188734932,51.7102117907775,52.7046389406001,53.6990660904228,
54.6934932402454,55.6879203900681,56.6823475398907,57.6767746897134,57.8580041806728),
 .UNSPECIFIED.);
#389=B_SPLINE_CURVE_WITH_KNOTS('',3,(#3475,#3476,#3477,#3478,#3479,#3480,
#3481,#3482,#3483,#3484,#3485,#3486,#3487,#3488,#3489,#3490,#3491,#3492,
#3493,#3494,#3495,#3496),.UNSPECIFIED.,.F.,.F.,(4,3,3,3,3,3,3,4),(-54.1065214908594,
-53.6990660904228,-52.7046389406002,-51.7102117907775,-50.7157846409549,
-49.7213574911322,-48.7269303413096,-47.8233361836798),.UNSPECIFIED.);
#390=B_SPLINE_CURVE_WITH_KNOTS('',3,(#3501,#3502,#3503,#3504,#3505,#3506,
#3507,#3508,#3509,#3510,#3511,#3512,#3513,#3514,#3515,#3516,#3517,#3518,
#3519,#3520,#3521,#3522),.UNSPECIFIED.,.F.,.F.,(4,3,3,3,3,3,3,4),(45.2916335663136,
45.7436488918416,46.7380760416643,47.7325031914869,48.7269303413096,49.7213574911322,
50.7157846409549,51.5748188734932),.UNSPECIFIED.);
#391=B_SPLINE_CURVE_WITH_KNOTS('',3,(#3523,#3524,#3525,#3526,#3527,#3528,
#3529,#3530,#3531,#3532,#3533,#3534,#3535,#3536,#3537,#3538,#3539,#3540,
#3541,#3542,#3543,#3544,#3545,#3546,#3547),.UNSPECIFIED.,.F.,.F.,(4,3,3,
3,3,3,3,3,4),(-47.8233361836798,-47.7325031914869,-46.7380760416643,-45.7436488918417,
-44.749221742019,-43.7547945921964,-42.7603674423737,-41.7659402925511,
-41.5401508765002),.UNSPECIFIED.);
#392=B_SPLINE_CURVE_WITH_KNOTS('',3,(#3552,#3553,#3554,#3555,#3556,#3557,
#3558,#3559,#3560,#3561,#3562,#3563,#3564,#3565,#3566,#3567,#3568,#3569,
#3570,#3571,#3572,#3573),.UNSPECIFIED.,.F.,.F.,(4,3,3,3,3,3,3,4),(39.0084482591341,
39.7770859929058,40.7715131427284,41.7659402925511,42.7603674423737,43.7547945921963,
44.749221742019,45.2916335663136),.UNSPECIFIED.);
#393=B_SPLINE_CURVE_WITH_KNOTS('',3,(#3574,#3575,#3576,#3577,#3578,#3579,
#3580,#3581,#3582,#3583,#3584,#3585,#3586,#3587,#3588,#3589,#3590,#3591,
#3592,#3593,#3594,#3595),.UNSPECIFIED.,.F.,.F.,(4,3,3,3,3,3,3,4),(-41.5401508765002,
-40.7715131427284,-39.7770859929058,-38.7826588430831,-37.7882316932605,
-36.7938045434379,-35.7993773936152,-35.2569655693206),.UNSPECIFIED.);
#394=B_SPLINE_CURVE_WITH_KNOTS('',3,(#3600,#3601,#3602,#3603,#3604,#3605,
#3606,#3607,#3608,#3609,#3610,#3611,#3612,#3613,#3614,#3615,#3616,#3617,
#3618,#3619,#3620,#3621,#3622,#3623,#3624),.UNSPECIFIED.,.F.,.F.,(4,3,3,
3,3,3,3,3,4),(32.7252629519545,32.8160959441473,33.8105230939699,34.8049502437926,
35.7993773936152,36.7938045434378,37.7882316932605,38.7826588430831,39.0084482591341),
 .UNSPECIFIED.);
#395=B_SPLINE_CURVE_WITH_KNOTS('',3,(#3625,#3626,#3627,#3628,#3629,#3630,
#3631,#3632,#3633,#3634,#3635,#3636,#3637,#3638,#3639,#3640,#3641,#3642,
#3643,#3644,#3645,#3646),.UNSPECIFIED.,.F.,.F.,(4,3,3,3,3,3,3,4),(-35.2569655693206,
-34.8049502437926,-33.8105230939699,-32.8160959441473,-31.8216687943246,
-30.827241644502,-29.8328144946794,-28.973780262141),.UNSPECIFIED.);
#396=B_SPLINE_CURVE_WITH_KNOTS('',3,(#3651,#3652,#3653,#3654,#3655,#3656,
#3657,#3658,#3659,#3660,#3661,#3662,#3663,#3664,#3665,#3666,#3667,#3668,
#3669,#3670,#3671,#3672),.UNSPECIFIED.,.F.,.F.,(4,3,3,3,3,3,3,4),(26.4420776447749,
26.8495330452114,27.843960195034,28.8383873448567,29.8328144946793,30.827241644502,
31.8216687943246,32.7252629519545),.UNSPECIFIED.);
#397=B_SPLINE_CURVE_WITH_KNOTS('',3,(#3673,#3674,#3675,#3676,#3677,#3678,
#3679,#3680,#3681,#3682,#3683,#3684,#3685,#3686,#3687,#3688,#3689,#3690,
#3691,#3692,#3693,#3694,#3695,#3696,#3697),.UNSPECIFIED.,.F.,.F.,(4,3,3,
3,3,3,3,3,4),(-28.973780262141,-28.8383873448567,-27.8439601950341,-26.8495330452114,
-25.8551058953888,-24.8606787455661,-23.8662515957435,-22.8718244459208,
-22.6905949549614),.UNSPECIFIED.);
#398=B_SPLINE_CURVE_WITH_KNOTS('',3,(#3702,#3703,#3704,#3705,#3706,#3707,
#3708,#3709,#3710,#3711,#3712,#3713,#3714,#3715,#3716,#3717,#3718,#3719,
#3720,#3721,#3722,#3723),.UNSPECIFIED.,.F.,.F.,(4,3,3,3,3,3,3,4),(20.1588923375953,
20.8829701462755,21.8773972960982,22.8718244459208,23.8662515957435,24.8606787455661,
25.8551058953887,26.4420776447749),.UNSPECIFIED.);
#399=B_SPLINE_CURVE_WITH_KNOTS('',3,(#3724,#3725,#3726,#3727,#3728,#3729,
#3730,#3731,#3732,#3733,#3734,#3735,#3736,#3737,#3738,#3739,#3740,#3741,
#3742,#3743,#3744,#3745),.UNSPECIFIED.,.F.,.F.,(4,3,3,3,3,3,3,4),(-22.6905949549614,
-21.8773972960982,-20.8829701462755,-19.8885429964529,-18.8941158466303,
-17.8996886968076,-16.905261546985,-16.4074096477818),.UNSPECIFIED.);
#400=B_SPLINE_CURVE_WITH_KNOTS('',3,(#3750,#3751,#3752,#3753,#3754,#3755,
#3756,#3757,#3758,#3759,#3760,#3761,#3762,#3763,#3764,#3765,#3766,#3767,
#3768,#3769,#3770,#3771,#3772,#3773,#3774),.UNSPECIFIED.,.F.,.F.,(4,3,3,
3,3,3,3,3,4),(13.8757070304157,13.921980097517,14.9164072473397,15.9108343971623,
16.9052615469849,17.8996886968076,18.8941158466302,19.8885429964529,20.1588923375953),
 .UNSPECIFIED.);
#401=B_SPLINE_CURVE_WITH_KNOTS('',3,(#3775,#3776,#3777,#3778,#3779,#3780,
#3781,#3782,#3783,#3784,#3785,#3786,#3787,#3788,#3789,#3790,#3791,#3792,
#3793,#3794,#3795,#3796),.UNSPECIFIED.,.F.,.F.,(4,3,3,3,3,3,3,4),(-16.4074096477818,
-15.9108343971623,-14.9164072473397,-13.921980097517,-12.9275529476944,
-11.9331257978717,-10.9386986480491,-10.1242243406022),.UNSPECIFIED.);
#402=B_SPLINE_CURVE_WITH_KNOTS('',3,(#3802,#3803,#3804,#3805,#3806,#3807,
#3808,#3809,#3810,#3811,#3812,#3813,#3814),.UNSPECIFIED.,.F.,.F.,(4,3,3,
3,4),(-3.84103903342266,-2.98328144946794,-1.9888542996453,-0.994427149822647,
0.),.UNSPECIFIED.);
#403=B_SPLINE_CURVE_WITH_KNOTS('',3,(#3817,#3818,#3819,#3820,#3821,#3822,
#3823,#3824,#3825,#3826,#3827,#3828,#3829,#3830,#3831,#3832,#3833,#3834,
#3835),.UNSPECIFIED.,.F.,.F.,(4,3,3,3,3,3,4),(2.0087827958894,2.98328144946793,
3.97770859929057,4.97213574911322,5.96656289893586,6.9609900487585,7.59252172323612),
 .UNSPECIFIED.);
#404=B_SPLINE_CURVE_WITH_KNOTS('',3,(#3841,#3842,#3843,#3844,#3845,#3846,
#3847,#3848,#3849,#3850,#3851,#3852,#3853),.UNSPECIFIED.,.F.,.F.,(4,3,3,
3,4),(76.7075601022116,77.5653176861663,78.559744835989,79.5541719858116,
80.5485991356342),.UNSPECIFIED.);
#405=B_SPLINE_CURVE_WITH_KNOTS('',3,(#3856,#3857,#3858,#3859,#3860,#3861,
#3862,#3863,#3864,#3865,#3866,#3867,#3868,#3869,#3870,#3871,#3872,#3873,
#3874),.UNSPECIFIED.,.F.,.F.,(4,3,3,3,3,3,4),(-78.5398163397446,-77.5653176861663,
-76.5708905363436,-75.576463386521,-74.5820362366983,-73.5876090868757,
-72.9560774123981),.UNSPECIFIED.);
#406=B_SPLINE_CURVE_WITH_KNOTS('',3,(#3879,#3880,#3881,#3882,#3883,#3884,
#3885,#3886,#3887,#3888,#3889,#3890,#3891,#3892,#3893,#3894,#3895,#3896,
#3897,#3898,#3899,#3900,#3901,#3902,#3903),.UNSPECIFIED.,.F.,.F.,(4,3,3,
3,3,3,3,3,4),(70.424374795032,70.6043276374078,71.5987547872304,72.5931819370531,
73.5876090868757,74.5820362366984,75.576463386521,76.5708905363437,76.7075601022116),
 .UNSPECIFIED.);
#407=B_SPLINE_CURVE_WITH_KNOTS('',3,(#3904,#3905,#3906,#3907,#3908,#3909,
#3910,#3911,#3912,#3913,#3914,#3915,#3916,#3917,#3918,#3919,#3920,#3921,
#3922,#3923,#3924,#3925),.UNSPECIFIED.,.F.,.F.,(4,3,3,3,3,3,3,4),(-72.9560774123981,
-72.593181937053,-71.5987547872304,-70.6043276374078,-69.6099004875851,
-68.6154733377625,-67.6210461879398,-66.6728921052185),.UNSPECIFIED.);
#408=B_SPLINE_CURVE_WITH_KNOTS('',3,(#3930,#3931,#3932,#3933,#3934,#3935,
#3936,#3937,#3938,#3939,#3940,#3941,#3942,#3943,#3944,#3945,#3946,#3947,
#3948,#3949,#3950,#3951),.UNSPECIFIED.,.F.,.F.,(4,3,3,3,3,3,3,4),(64.1411894878524,
64.6377647384719,65.6321918882945,66.6266190381172,67.6210461879399,68.6154733377625,
69.6099004875851,70.424374795032),.UNSPECIFIED.);
#409=B_SPLINE_CURVE_WITH_KNOTS('',3,(#3952,#3953,#3954,#3955,#3956,#3957,
#3958,#3959,#3960,#3961,#3962,#3963,#3964,#3965,#3966,#3967,#3968,#3969,
#3970,#3971,#3972,#3973,#3974,#3975,#3976),.UNSPECIFIED.,.F.,.F.,(4,3,3,
3,3,3,3,3,4),(-66.6728921052185,-66.6266190381172,-65.6321918882946,-64.6377647384719,
-63.6433375886493,-62.6489104388266,-61.654483289004,-60.6600561391813,
-60.3897067980389),.UNSPECIFIED.);
#410=B_SPLINE_CURVE_WITH_KNOTS('',3,(#3981,#3982,#3983,#3984,#3985,#3986,
#3987,#3988,#3989,#3990,#3991,#3992,#3993,#3994,#3995,#3996,#3997,#3998,
#3999,#4000,#4001,#4002),.UNSPECIFIED.,.F.,.F.,(4,3,3,3,3,3,3,4),(57.8580041806728,
58.6712018395361,59.6656289893587,60.6600561391814,61.654483289004,62.6489104388266,
63.6433375886493,64.1411894878524),.UNSPECIFIED.);
#411=B_SPLINE_CURVE_WITH_KNOTS('',3,(#4003,#4004,#4005,#4006,#4007,#4008,
#4009,#4010,#4011,#4012,#4013,#4014,#4015,#4016,#4017,#4018,#4019,#4020,
#4021,#4022,#4023,#4024),.UNSPECIFIED.,.F.,.F.,(4,3,3,3,3,3,3,4),(-60.3897067980389,
-59.6656289893587,-58.671201839536,-57.6767746897134,-56.6823475398907,
-55.6879203900681,-54.6934932402455,-54.1065214908593),.UNSPECIFIED.);
#412=B_SPLINE_CURVE_WITH_KNOTS('',3,(#4029,#4030,#4031,#4032,#4033,#4034,
#4035,#4036,#4037,#4038,#4039,#4040,#4041,#4042,#4043,#4044,#4045,#4046,
#4047,#4048,#4049,#4050,#4051,#4052,#4053),.UNSPECIFIED.,.F.,.F.,(4,3,3,
3,3,3,3,3,4),(51.5748188734932,51.7102117907775,52.7046389406002,53.6990660904228,
54.6934932402455,55.6879203900681,56.6823475398908,57.6767746897134,57.8580041806728),
 .UNSPECIFIED.);
#413=B_SPLINE_CURVE_WITH_KNOTS('',3,(#4054,#4055,#4056,#4057,#4058,#4059,
#4060,#4061,#4062,#4063,#4064,#4065,#4066,#4067,#4068,#4069,#4070,#4071,
#4072,#4073,#4074,#4075),.UNSPECIFIED.,.F.,.F.,(4,3,3,3,3,3,3,4),(-54.1065214908593,
-53.6990660904228,-52.7046389406002,-51.7102117907775,-50.7157846409549,
-49.7213574911322,-48.7269303413096,-47.8233361836798),.UNSPECIFIED.);
#414=B_SPLINE_CURVE_WITH_KNOTS('',3,(#4080,#4081,#4082,#4083,#4084,#4085,
#4086,#4087,#4088,#4089,#4090,#4091,#4092,#4093,#4094,#4095,#4096,#4097,
#4098,#4099,#4100,#4101),.UNSPECIFIED.,.F.,.F.,(4,3,3,3,3,3,3,4),(45.2916335663137,
45.7436488918417,46.7380760416643,47.7325031914869,48.7269303413096,49.7213574911322,
50.7157846409549,51.5748188734932),.UNSPECIFIED.);
#415=B_SPLINE_CURVE_WITH_KNOTS('',3,(#4102,#4103,#4104,#4105,#4106,#4107,
#4108,#4109,#4110,#4111,#4112,#4113,#4114,#4115,#4116,#4117,#4118,#4119,
#4120,#4121,#4122,#4123,#4124,#4125,#4126),.UNSPECIFIED.,.F.,.F.,(4,3,3,
3,3,3,3,3,4),(-47.8233361836798,-47.7325031914869,-46.7380760416643,-45.7436488918417,
-44.749221742019,-43.7547945921964,-42.7603674423737,-41.7659402925511,
-41.5401508765002),.UNSPECIFIED.);
#416=B_SPLINE_CURVE_WITH_KNOTS('',3,(#4131,#4132,#4133,#4134,#4135,#4136,
#4137,#4138,#4139,#4140,#4141,#4142,#4143,#4144,#4145,#4146,#4147,#4148,
#4149,#4150,#4151,#4152),.UNSPECIFIED.,.F.,.F.,(4,3,3,3,3,3,3,4),(39.0084482591341,
39.7770859929058,40.7715131427284,41.7659402925511,42.7603674423737,43.7547945921964,
44.749221742019,45.2916335663137),.UNSPECIFIED.);
#417=B_SPLINE_CURVE_WITH_KNOTS('',3,(#4153,#4154,#4155,#4156,#4157,#4158,
#4159,#4160,#4161,#4162,#4163,#4164,#4165,#4166,#4167,#4168,#4169,#4170,
#4171,#4172,#4173,#4174),.UNSPECIFIED.,.F.,.F.,(4,3,3,3,3,3,3,4),(-41.5401508765002,
-40.7715131427284,-39.7770859929058,-38.7826588430831,-37.7882316932605,
-36.7938045434379,-35.7993773936152,-35.2569655693206),.UNSPECIFIED.);
#418=B_SPLINE_CURVE_WITH_KNOTS('',3,(#4179,#4180,#4181,#4182,#4183,#4184,
#4185,#4186,#4187,#4188,#4189,#4190,#4191,#4192,#4193,#4194,#4195,#4196,
#4197,#4198,#4199,#4200,#4201,#4202,#4203),.UNSPECIFIED.,.F.,.F.,(4,3,3,
3,3,3,3,3,4),(32.7252629519545,32.8160959441473,33.8105230939699,34.8049502437926,
35.7993773936152,36.7938045434379,37.7882316932605,38.7826588430831,39.0084482591341),
 .UNSPECIFIED.);
#419=B_SPLINE_CURVE_WITH_KNOTS('',3,(#4204,#4205,#4206,#4207,#4208,#4209,
#4210,#4211,#4212,#4213,#4214,#4215,#4216,#4217,#4218,#4219,#4220,#4221,
#4222,#4223,#4224,#4225),.UNSPECIFIED.,.F.,.F.,(4,3,3,3,3,3,3,4),(-35.2569655693206,
-34.8049502437926,-33.8105230939699,-32.8160959441473,-31.8216687943246,
-30.827241644502,-29.8328144946793,-28.973780262141),.UNSPECIFIED.);
#420=B_SPLINE_CURVE_WITH_KNOTS('',3,(#4230,#4231,#4232,#4233,#4234,#4235,
#4236,#4237,#4238,#4239,#4240,#4241,#4242,#4243,#4244,#4245,#4246,#4247,
#4248,#4249,#4250,#4251),.UNSPECIFIED.,.F.,.F.,(4,3,3,3,3,3,3,4),(26.4420776447749,
26.8495330452114,27.8439601950341,28.8383873448567,29.8328144946793,30.827241644502,
31.8216687943246,32.7252629519545),.UNSPECIFIED.);
#421=B_SPLINE_CURVE_WITH_KNOTS('',3,(#4252,#4253,#4254,#4255,#4256,#4257,
#4258,#4259,#4260,#4261,#4262,#4263,#4264,#4265,#4266,#4267,#4268,#4269,
#4270,#4271,#4272,#4273,#4274,#4275,#4276),.UNSPECIFIED.,.F.,.F.,(4,3,3,
3,3,3,3,3,4),(-28.973780262141,-28.8383873448567,-27.8439601950341,-26.8495330452114,
-25.8551058953888,-24.8606787455661,-23.8662515957435,-22.8718244459208,
-22.6905949549614),.UNSPECIFIED.);
#422=B_SPLINE_CURVE_WITH_KNOTS('',3,(#4281,#4282,#4283,#4284,#4285,#4286,
#4287,#4288,#4289,#4290,#4291,#4292,#4293,#4294,#4295,#4296,#4297,#4298,
#4299,#4300,#4301,#4302),.UNSPECIFIED.,.F.,.F.,(4,3,3,3,3,3,3,4),(20.1588923375953,
20.8829701462755,21.8773972960982,22.8718244459208,23.8662515957435,24.8606787455661,
25.8551058953888,26.4420776447749),.UNSPECIFIED.);
#423=B_SPLINE_CURVE_WITH_KNOTS('',3,(#4303,#4304,#4305,#4306,#4307,#4308,
#4309,#4310,#4311,#4312,#4313,#4314,#4315,#4316,#4317,#4318,#4319,#4320,
#4321,#4322,#4323,#4324),.UNSPECIFIED.,.F.,.F.,(4,3,3,3,3,3,3,4),(-22.6905949549614,
-21.8773972960982,-20.8829701462755,-19.8885429964529,-18.8941158466302,
-17.8996886968076,-16.905261546985,-16.4074096477818),.UNSPECIFIED.);
#424=B_SPLINE_CURVE_WITH_KNOTS('',3,(#4329,#4330,#4331,#4332,#4333,#4334,
#4335,#4336,#4337,#4338,#4339,#4340,#4341,#4342,#4343,#4344,#4345,#4346,
#4347,#4348,#4349,#4350,#4351,#4352,#4353),.UNSPECIFIED.,.F.,.F.,(4,3,3,
3,3,3,3,3,4),(13.8757070304157,13.921980097517,14.9164072473397,15.9108343971623,
16.905261546985,17.8996886968076,18.8941158466303,19.8885429964529,20.1588923375953),
 .UNSPECIFIED.);
#425=B_SPLINE_CURVE_WITH_KNOTS('',3,(#4354,#4355,#4356,#4357,#4358,#4359,
#4360,#4361,#4362,#4363,#4364,#4365,#4366,#4367,#4368,#4369,#4370,#4371,
#4372,#4373,#4374,#4375),.UNSPECIFIED.,.F.,.F.,(4,3,3,3,3,3,3,4),(-16.4074096477818,
-15.9108343971623,-14.9164072473397,-13.921980097517,-12.9275529476944,
-11.9331257978717,-10.9386986480491,-10.1242243406022),.UNSPECIFIED.);
#426=B_SPLINE_CURVE_WITH_KNOTS('',3,(#4381,#4382,#4383,#4384,#4385,#4386,
#4387,#4388,#4389,#4390,#4391,#4392,#4393),.UNSPECIFIED.,.F.,.F.,(4,3,3,
3,4),(-3.84103903342263,-2.98328144946794,-1.98885429964529,-0.994427149822646,
0.),.UNSPECIFIED.);
#427=B_SPLINE_CURVE_WITH_KNOTS('',3,(#4396,#4397,#4398,#4399,#4400,#4401,
#4402,#4403,#4404,#4405,#4406,#4407,#4408,#4409,#4410,#4411,#4412,#4413,
#4414),.UNSPECIFIED.,.F.,.F.,(4,3,3,3,3,3,4),(2.00878279588957,2.98328144946794,
3.97770859929059,4.97213574911323,5.96656289893588,6.96099004875852,7.59252172323613),
 .UNSPECIFIED.);
#428=B_SPLINE_CURVE_WITH_KNOTS('',3,(#4420,#4421,#4422,#4423,#4424),
 .UNSPECIFIED.,.F.,.F.,(4,1,4),(91.106186954104,91.4210962203378,92.4155233701605),
 .UNSPECIFIED.);
#429=B_SPLINE_CURVE_WITH_KNOTS('',3,(#4427,#4428,#4429,#4430,#4431),
 .UNSPECIFIED.,.F.,.F.,(4,1,4),(91.106186954104,91.9639445380586,92.9384431916371),
 .UNSPECIFIED.);
#430=B_SPLINE_CURVE_WITH_KNOTS('',3,(#4436,#4437,#4438,#4439,#4440,#4441,
#4442,#4443,#4444,#4445),.UNSPECIFIED.,.F.,.F.,(4,1,1,1,1,1,1,4),(84.8230016469244,
85.454533321402,86.4489604712246,87.4433876210473,88.4378147708699,89.4322419206925,
90.4266690705152,91.106186954104),.UNSPECIFIED.);
#431=B_SPLINE_CURVE_WITH_KNOTS('',3,(#4446,#4447,#4448,#4449,#4450,#4451,
#4452,#4453,#4454,#4455,#4456),.UNSPECIFIED.,.F.,.F.,(4,1,1,1,1,1,1,1,4),
(84.8230016469244,85.0029544893001,85.9973816391227,86.9918087889454,87.986235938768,
88.9806630885907,89.9750902384133,90.969517388236,91.106186954104),
 .UNSPECIFIED.);
#432=B_SPLINE_CURVE_WITH_KNOTS('',3,(#4461,#4462,#4463,#4464,#4465,#4466,
#4467,#4468,#4469,#4470),.UNSPECIFIED.,.F.,.F.,(4,1,1,1,1,1,1,4),(78.5398163397448,
79.4879704224661,80.4823975722887,81.4768247221114,82.471251871934,83.4656790217567,
84.4601061715793,84.8230016469244),.UNSPECIFIED.);
#433=B_SPLINE_CURVE_WITH_KNOTS('',3,(#4471,#4472,#4473,#4474,#4475,#4476,
#4477,#4478,#4479,#4480),.UNSPECIFIED.,.F.,.F.,(4,1,1,1,1,1,1,4),(78.5398163397448,
79.0363915903642,80.0308187401869,81.0252458900095,82.0196730398322,83.0141001896548,
84.0085273394774,84.8230016469244),.UNSPECIFIED.);
#434=B_SPLINE_CURVE_WITH_KNOTS('',3,(#4485,#4486,#4487,#4488,#4489,#4490,
#4491,#4492,#4493,#4494,#4495),.UNSPECIFIED.,.F.,.F.,(4,1,1,1,1,1,1,1,4),
(72.2566310325652,72.5269803737076,73.5214075235302,74.5158346733529,75.5102618231755,
76.5046889729982,77.4991161228208,78.4935432726435,78.5398163397448),
 .UNSPECIFIED.);
#435=B_SPLINE_CURVE_WITH_KNOTS('',3,(#4496,#4497,#4498,#4499,#4500,#4501,
#4502,#4503,#4504,#4505),.UNSPECIFIED.,.F.,.F.,(4,1,1,1,1,1,1,4),(72.2566310325652,
73.0698286914284,74.064255841251,75.0586829910736,76.0531101408963,77.0475372907189,
78.0419644405416,78.5398163397448),.UNSPECIFIED.);
#436=B_SPLINE_CURVE_WITH_KNOTS('',3,(#4510,#4511,#4512,#4513,#4514,#4515,
#4516,#4517,#4518,#4519),.UNSPECIFIED.,.F.,.F.,(4,1,1,1,1,1,1,4),(65.9734457253856,
66.5604174747717,67.5548446245944,68.549271774417,69.5436989242397,70.5381260740623,
71.5325532238849,72.2566310325652),.UNSPECIFIED.);
#437=B_SPLINE_CURVE_WITH_KNOTS('',3,(#4520,#4521,#4522,#4523,#4524,#4525,
#4526,#4527,#4528,#4529,#4530),.UNSPECIFIED.,.F.,.F.,(4,1,1,1,1,1,1,1,4),
(65.9734457253856,66.1088386426698,67.1032657924925,68.0976929423151,69.0921200921378,
70.0865472419604,71.0809743917831,72.0754015416057,72.2566310325652),
 .UNSPECIFIED.);
#438=B_SPLINE_CURVE_WITH_KNOTS('',3,(#4535,#4536,#4537,#4538,#4539,#4540,
#4541,#4542,#4543,#4544),.UNSPECIFIED.,.F.,.F.,(4,1,1,1,1,1,1,4),(59.690260418206,
60.5938545758359,61.5882817256585,62.5827088754811,63.5771360253038,64.5715631751264,
65.5659903249491,65.9734457253856),.UNSPECIFIED.);
#439=B_SPLINE_CURVE_WITH_KNOTS('',3,(#4545,#4546,#4547,#4548,#4549,#4550,
#4551,#4552,#4553,#4554),.UNSPECIFIED.,.F.,.F.,(4,1,1,1,1,1,1,4),(59.690260418206,
60.142275743734,61.1367028935566,62.1311300433793,63.1255571932019,64.1199843430246,
65.1144114928472,65.9734457253856),.UNSPECIFIED.);
#440=B_SPLINE_CURVE_WITH_KNOTS('',3,(#4559,#4560,#4561,#4562,#4563,#4564,
#4565,#4566,#4567,#4568,#4569),.UNSPECIFIED.,.F.,.F.,(4,1,1,1,1,1,1,1,4),
(53.4070751110264,53.6328645270773,54.6272916769,55.6217188267226,56.6161459765453,
57.6105731263679,58.6050002761906,59.5994274260132,59.690260418206),
 .UNSPECIFIED.);
#441=B_SPLINE_CURVE_WITH_KNOTS('',3,(#4570,#4571,#4572,#4573,#4574,#4575,
#4576,#4577,#4578,#4579),.UNSPECIFIED.,.F.,.F.,(4,1,1,1,1,1,1,4),(53.4070751110264,
54.1757128447981,55.1701399946208,56.1645671444434,57.158994294266,58.1534214440887,
59.1478485939113,59.690260418206),.UNSPECIFIED.);
#442=B_SPLINE_CURVE_WITH_KNOTS('',3,(#4584,#4585,#4586,#4587,#4588,#4589,
#4590,#4591,#4592,#4593),.UNSPECIFIED.,.F.,.F.,(4,1,1,1,1,1,1,4),(47.1238898038469,
47.6663016281415,48.6607287779641,49.6551559277868,50.6495830776094,51.6440102274321,
52.6384373772547,53.4070751110264),.UNSPECIFIED.);
#443=B_SPLINE_CURVE_WITH_KNOTS('',3,(#4594,#4595,#4596,#4597,#4598,#4599,
#4600,#4601,#4602,#4603,#4604),.UNSPECIFIED.,.F.,.F.,(4,1,1,1,1,1,1,1,4),
(47.1238898038468,47.2147227960396,48.2091499458622,49.2035770956849,50.1980042455075,
51.1924313953302,52.1868585451528,53.1812856949755,53.4070751110264),
 .UNSPECIFIED.);
#444=B_SPLINE_CURVE_WITH_KNOTS('',3,(#4609,#4610,#4611,#4612,#4613,#4614,
#4615,#4616,#4617,#4618),.UNSPECIFIED.,.F.,.F.,(4,1,1,1,1,1,1,4),(40.8407044966673,
41.6997387292056,42.6941658790283,43.6885930288509,44.6830201786735,45.6774473284962,
46.6718744783188,47.1238898038469),.UNSPECIFIED.);
#445=B_SPLINE_CURVE_WITH_KNOTS('',3,(#4619,#4620,#4621,#4622,#4623,#4624,
#4625,#4626,#4627,#4628),.UNSPECIFIED.,.F.,.F.,(4,1,1,1,1,1,1,4),(40.8407044966672,
41.2481598971037,42.2425870469264,43.237014196749,44.2314413465717,45.2258684963943,
46.220295646217,47.1238898038468),.UNSPECIFIED.);
#446=B_SPLINE_CURVE_WITH_KNOTS('',3,(#4633,#4634,#4635,#4636,#4637,#4638,
#4639,#4640,#4641,#4642,#4643),.UNSPECIFIED.,.F.,.F.,(4,1,1,1,1,1,1,1,4),
(34.5575191894877,34.7387486804471,35.7331758302697,36.7276029800924,37.722030129915,
38.7164572797377,39.7108844295603,40.705311579383,40.8407044966673),
 .UNSPECIFIED.);
#447=B_SPLINE_CURVE_WITH_KNOTS('',3,(#4644,#4645,#4646,#4647,#4648,#4649,
#4650,#4651,#4652,#4653),.UNSPECIFIED.,.F.,.F.,(4,1,1,1,1,1,1,4),(34.5575191894876,
35.2815969981679,36.2760241479905,37.2704512978132,38.2648784476358,39.2593055974584,
40.2537327472811,40.8407044966672),.UNSPECIFIED.);
#448=B_SPLINE_CURVE_WITH_KNOTS('',3,(#4658,#4659,#4660,#4661,#4662,#4663,
#4664,#4665,#4666,#4667),.UNSPECIFIED.,.F.,.F.,(4,1,1,1,1,1,1,4),(28.2743338823081,
28.7721857815112,29.7666129313339,30.7610400811565,31.7554672309792,32.7498943808018,
33.7443215306245,34.5575191894877),.UNSPECIFIED.);
#449=B_SPLINE_CURVE_WITH_KNOTS('',3,(#4668,#4669,#4670,#4671,#4672,#4673,
#4674,#4675,#4676,#4677,#4678),.UNSPECIFIED.,.F.,.F.,(4,1,1,1,1,1,1,1,4),
(28.2743338823081,28.3206069494094,29.315034099232,30.3094612490546,31.3038883988773,
32.2983155486999,33.2927426985226,34.2871698483452,34.5575191894876),
 .UNSPECIFIED.);
#450=B_SPLINE_CURVE_WITH_KNOTS('',3,(#4683,#4684,#4685,#4686,#4687,#4688,
#4689,#4690,#4691,#4692),.UNSPECIFIED.,.F.,.F.,(4,1,1,1,1,1,1,4),(21.9911485751285,
22.8056228825754,23.800050032398,24.7944771822206,25.7889043320433,26.7833314818659,
27.7777586316886,28.2743338823081),.UNSPECIFIED.);
#451=B_SPLINE_CURVE_WITH_KNOTS('',3,(#4693,#4694,#4695,#4696,#4697,#4698,
#4699,#4700,#4701,#4702),.UNSPECIFIED.,.F.,.F.,(4,1,1,1,1,1,1,4),(21.9911485751285,
22.3540440504735,23.3484712002961,24.3428983501188,25.3373254999414,26.3317526497641,
27.3261797995867,28.2743338823081),.UNSPECIFIED.);
#452=B_SPLINE_CURVE_WITH_KNOTS('',3,(#4708,#4709,#4710,#4711,#4712),
 .UNSPECIFIED.,.F.,.F.,(4,1,4),(14.3986268518923,15.393054001715,15.7079632679489),
 .UNSPECIFIED.);
#453=B_SPLINE_CURVE_WITH_KNOTS('',3,(#4715,#4716,#4717,#4718,#4719),
 .UNSPECIFIED.,.F.,.F.,(4,1,4),(13.8757070304157,14.8502056839942,15.7079632679489),
 .UNSPECIFIED.);
#454=B_SPLINE_CURVE_WITH_KNOTS('',3,(#4725,#4726,#4727,#4728,#4729),
 .UNSPECIFIED.,.F.,.F.,(4,1,4),(91.106186954104,91.4210962203378,92.4155233701605),
 .UNSPECIFIED.);
#455=B_SPLINE_CURVE_WITH_KNOTS('',3,(#4732,#4733,#4734,#4735,#4736),
 .UNSPECIFIED.,.F.,.F.,(4,1,4),(91.106186954104,91.9639445380586,92.9384431916371),
 .UNSPECIFIED.);
#456=B_SPLINE_CURVE_WITH_KNOTS('',3,(#4741,#4742,#4743,#4744,#4745,#4746,
#4747,#4748,#4749,#4750),.UNSPECIFIED.,.F.,.F.,(4,1,1,1,1,1,1,4),(84.8230016469244,
85.454533321402,86.4489604712246,87.4433876210473,88.4378147708699,89.4322419206925,
90.4266690705152,91.106186954104),.UNSPECIFIED.);
#457=B_SPLINE_CURVE_WITH_KNOTS('',3,(#4751,#4752,#4753,#4754,#4755,#4756,
#4757,#4758,#4759,#4760,#4761),.UNSPECIFIED.,.F.,.F.,(4,1,1,1,1,1,1,1,4),
(84.8230016469244,85.0029544893001,85.9973816391227,86.9918087889454,87.986235938768,
88.9806630885907,89.9750902384133,90.969517388236,91.106186954104),
 .UNSPECIFIED.);
#458=B_SPLINE_CURVE_WITH_KNOTS('',3,(#4766,#4767,#4768,#4769,#4770,#4771,
#4772,#4773,#4774,#4775),.UNSPECIFIED.,.F.,.F.,(4,1,1,1,1,1,1,4),(78.5398163397448,
79.4879704224661,80.4823975722887,81.4768247221114,82.471251871934,83.4656790217567,
84.4601061715793,84.8230016469244),.UNSPECIFIED.);
#459=B_SPLINE_CURVE_WITH_KNOTS('',3,(#4776,#4777,#4778,#4779,#4780,#4781,
#4782,#4783,#4784,#4785),.UNSPECIFIED.,.F.,.F.,(4,1,1,1,1,1,1,4),(78.5398163397448,
79.0363915903642,80.0308187401869,81.0252458900095,82.0196730398322,83.0141001896548,
84.0085273394774,84.8230016469244),.UNSPECIFIED.);
#460=B_SPLINE_CURVE_WITH_KNOTS('',3,(#4790,#4791,#4792,#4793,#4794,#4795,
#4796,#4797,#4798,#4799,#4800),.UNSPECIFIED.,.F.,.F.,(4,1,1,1,1,1,1,1,4),
(72.2566310325652,72.5269803737076,73.5214075235302,74.5158346733529,75.5102618231755,
76.5046889729982,77.4991161228208,78.4935432726435,78.5398163397448),
 .UNSPECIFIED.);
#461=B_SPLINE_CURVE_WITH_KNOTS('',3,(#4801,#4802,#4803,#4804,#4805,#4806,
#4807,#4808,#4809,#4810),.UNSPECIFIED.,.F.,.F.,(4,1,1,1,1,1,1,4),(72.2566310325652,
73.0698286914284,74.064255841251,75.0586829910737,76.0531101408963,77.0475372907189,
78.0419644405416,78.5398163397448),.UNSPECIFIED.);
#462=B_SPLINE_CURVE_WITH_KNOTS('',3,(#4815,#4816,#4817,#4818,#4819,#4820,
#4821,#4822,#4823,#4824),.UNSPECIFIED.,.F.,.F.,(4,1,1,1,1,1,1,4),(65.9734457253856,
66.5604174747717,67.5548446245944,68.549271774417,69.5436989242396,70.5381260740623,
71.5325532238849,72.2566310325652),.UNSPECIFIED.);
#463=B_SPLINE_CURVE_WITH_KNOTS('',3,(#4825,#4826,#4827,#4828,#4829,#4830,
#4831,#4832,#4833,#4834,#4835),.UNSPECIFIED.,.F.,.F.,(4,1,1,1,1,1,1,1,4),
(65.9734457253856,66.1088386426698,67.1032657924925,68.0976929423151,69.0921200921378,
70.0865472419604,71.0809743917831,72.0754015416057,72.2566310325652),
 .UNSPECIFIED.);
#464=B_SPLINE_CURVE_WITH_KNOTS('',3,(#4840,#4841,#4842,#4843,#4844,#4845,
#4846,#4847,#4848,#4849),.UNSPECIFIED.,.F.,.F.,(4,1,1,1,1,1,1,4),(59.690260418206,
60.5938545758358,61.5882817256585,62.5827088754811,63.5771360253038,64.5715631751264,
65.5659903249491,65.9734457253856),.UNSPECIFIED.);
#465=B_SPLINE_CURVE_WITH_KNOTS('',3,(#4850,#4851,#4852,#4853,#4854,#4855,
#4856,#4857,#4858,#4859),.UNSPECIFIED.,.F.,.F.,(4,1,1,1,1,1,1,4),(59.690260418206,
60.142275743734,61.1367028935566,62.1311300433793,63.1255571932019,64.1199843430246,
65.1144114928472,65.9734457253856),.UNSPECIFIED.);
#466=B_SPLINE_CURVE_WITH_KNOTS('',3,(#4864,#4865,#4866,#4867,#4868,#4869,
#4870,#4871,#4872,#4873,#4874),.UNSPECIFIED.,.F.,.F.,(4,1,1,1,1,1,1,1,4),
(53.4070751110264,53.6328645270773,54.6272916769,55.6217188267226,56.6161459765453,
57.6105731263679,58.6050002761906,59.5994274260132,59.690260418206),
 .UNSPECIFIED.);
#467=B_SPLINE_CURVE_WITH_KNOTS('',3,(#4875,#4876,#4877,#4878,#4879,#4880,
#4881,#4882,#4883,#4884),.UNSPECIFIED.,.F.,.F.,(4,1,1,1,1,1,1,4),(53.4070751110264,
54.1757128447981,55.1701399946207,56.1645671444434,57.158994294266,58.1534214440887,
59.1478485939113,59.690260418206),.UNSPECIFIED.);
#468=B_SPLINE_CURVE_WITH_KNOTS('',3,(#4889,#4890,#4891,#4892,#4893,#4894,
#4895,#4896,#4897,#4898),.UNSPECIFIED.,.F.,.F.,(4,1,1,1,1,1,1,4),(47.1238898038468,
47.6663016281415,48.6607287779641,49.6551559277868,50.6495830776094,51.6440102274321,
52.6384373772547,53.4070751110264),.UNSPECIFIED.);
#469=B_SPLINE_CURVE_WITH_KNOTS('',3,(#4899,#4900,#4901,#4902,#4903,#4904,
#4905,#4906,#4907,#4908,#4909),.UNSPECIFIED.,.F.,.F.,(4,1,1,1,1,1,1,1,4),
(47.1238898038468,47.2147227960396,48.2091499458622,49.2035770956849,50.1980042455075,
51.1924313953302,52.1868585451528,53.1812856949755,53.4070751110264),
 .UNSPECIFIED.);
#470=B_SPLINE_CURVE_WITH_KNOTS('',3,(#4914,#4915,#4916,#4917,#4918,#4919,
#4920,#4921,#4922,#4923),.UNSPECIFIED.,.F.,.F.,(4,1,1,1,1,1,1,4),(40.8407044966672,
41.6997387292056,42.6941658790283,43.6885930288509,44.6830201786735,45.6774473284962,
46.6718744783188,47.1238898038468),.UNSPECIFIED.);
#471=B_SPLINE_CURVE_WITH_KNOTS('',3,(#4924,#4925,#4926,#4927,#4928,#4929,
#4930,#4931,#4932,#4933),.UNSPECIFIED.,.F.,.F.,(4,1,1,1,1,1,1,4),(40.8407044966672,
41.2481598971037,42.2425870469264,43.237014196749,44.2314413465717,45.2258684963943,
46.2202956462169,47.1238898038468),.UNSPECIFIED.);
#472=B_SPLINE_CURVE_WITH_KNOTS('',3,(#4938,#4939,#4940,#4941,#4942,#4943,
#4944,#4945,#4946,#4947,#4948),.UNSPECIFIED.,.F.,.F.,(4,1,1,1,1,1,1,1,4),
(34.5575191894876,34.7387486804471,35.7331758302697,36.7276029800924,37.722030129915,
38.7164572797377,39.7108844295603,40.705311579383,40.8407044966672),
 .UNSPECIFIED.);
#473=B_SPLINE_CURVE_WITH_KNOTS('',3,(#4949,#4950,#4951,#4952,#4953,#4954,
#4955,#4956,#4957,#4958),.UNSPECIFIED.,.F.,.F.,(4,1,1,1,1,1,1,4),(34.5575191894876,
35.2815969981679,36.2760241479905,37.2704512978131,38.2648784476358,39.2593055974584,
40.2537327472811,40.8407044966672),.UNSPECIFIED.);
#474=B_SPLINE_CURVE_WITH_KNOTS('',3,(#4963,#4964,#4965,#4966,#4967,#4968,
#4969,#4970,#4971,#4972),.UNSPECIFIED.,.F.,.F.,(4,1,1,1,1,1,1,4),(28.2743338823081,
28.7721857815112,29.7666129313339,30.7610400811565,31.7554672309792,32.7498943808018,
33.7443215306245,34.5575191894876),.UNSPECIFIED.);
#475=B_SPLINE_CURVE_WITH_KNOTS('',3,(#4973,#4974,#4975,#4976,#4977,#4978,
#4979,#4980,#4981,#4982,#4983),.UNSPECIFIED.,.F.,.F.,(4,1,1,1,1,1,1,1,4),
(28.2743338823081,28.3206069494093,29.315034099232,30.3094612490546,31.3038883988773,
32.2983155486999,33.2927426985226,34.2871698483452,34.5575191894876),
 .UNSPECIFIED.);
#476=B_SPLINE_CURVE_WITH_KNOTS('',3,(#4988,#4989,#4990,#4991,#4992,#4993,
#4994,#4995,#4996,#4997),.UNSPECIFIED.,.F.,.F.,(4,1,1,1,1,1,1,4),(21.9911485751285,
22.8056228825754,23.800050032398,24.7944771822207,25.7889043320433,26.7833314818659,
27.7777586316886,28.2743338823081),.UNSPECIFIED.);
#477=B_SPLINE_CURVE_WITH_KNOTS('',3,(#4998,#4999,#5000,#5001,#5002,#5003,
#5004,#5005,#5006,#5007),.UNSPECIFIED.,.F.,.F.,(4,1,1,1,1,1,1,4),(21.9911485751285,
22.3540440504735,23.3484712002961,24.3428983501188,25.3373254999414,26.3317526497641,
27.3261797995867,28.2743338823081),.UNSPECIFIED.);
#478=B_SPLINE_CURVE_WITH_KNOTS('',3,(#5013,#5014,#5015,#5016,#5017),
 .UNSPECIFIED.,.F.,.F.,(4,1,4),(14.3986268518923,15.393054001715,15.7079632679489),
 .UNSPECIFIED.);
#479=B_SPLINE_CURVE_WITH_KNOTS('',3,(#5020,#5021,#5022,#5023,#5024),
 .UNSPECIFIED.,.F.,.F.,(4,1,4),(13.8757070304157,14.8502056839942,15.7079632679489),
 .UNSPECIFIED.);
#480=B_SPLINE_CURVE_WITH_KNOTS('',3,(#5030,#5031,#5032,#5033,#5034),
 .UNSPECIFIED.,.F.,.F.,(4,1,4),(91.106186954104,91.4169390250671,92.4155233701605),
 .UNSPECIFIED.);
#481=B_SPLINE_CURVE_WITH_KNOTS('',3,(#5037,#5038,#5039,#5040,#5041),
 .UNSPECIFIED.,.F.,.F.,(4,1,4),(91.106186954104,91.9514729522463,92.9384431916371),
 .UNSPECIFIED.);
#482=B_SPLINE_CURVE_WITH_KNOTS('',3,(#5046,#5047,#5048,#5049,#5050,#5051,
#5052,#5053,#5054,#5055),.UNSPECIFIED.,.F.,.F.,(4,1,1,1,1,1,1,4),(84.8230016469244,
85.4254329545066,86.4240172996,87.4226016446934,88.4211859897868,89.4197703348803,
90.4183546799737,91.106186954104),.UNSPECIFIED.);
#483=B_SPLINE_CURVE_WITH_KNOTS('',3,(#5056,#5057,#5058,#5059,#5060,#5061,
#5062,#5063,#5064,#5065,#5066),.UNSPECIFIED.,.F.,.F.,(4,1,1,1,1,1,1,1,4),
(84.8230016469244,84.9613825365924,85.9599668816858,86.9585512267793,87.9571355718727,
88.9557199169661,89.9543042620595,90.9528886071529,91.106186954104),
 .UNSPECIFIED.);
#484=B_SPLINE_CURVE_WITH_KNOTS('',3,(#5071,#5072,#5073,#5074,#5075,#5076,
#5077,#5078,#5079,#5080),.UNSPECIFIED.,.F.,.F.,(4,1,1,1,1,1,1,4),(78.5398163397448,
79.4339268839462,80.4325112290396,81.431095574133,82.4296799192264,83.4282642643198,
84.4268486094132,84.8230016469244),.UNSPECIFIED.);
#485=B_SPLINE_CURVE_WITH_KNOTS('',3,(#5081,#5082,#5083,#5084,#5085,#5086,
#5087,#5088,#5089,#5090),.UNSPECIFIED.,.F.,.F.,(4,1,1,1,1,1,1,4),(78.5398163397448,
78.969876466032,79.9684608111254,80.9670451562188,81.9656295013122,82.9642138464056,
83.962798191499,84.8230016469244),.UNSPECIFIED.);
#486=B_SPLINE_CURVE_WITH_KNOTS('',3,(#5095,#5096,#5097,#5098,#5099,#5100,
#5101,#5102,#5103,#5104,#5105),.UNSPECIFIED.,.F.,.F.,(4,1,1,1,1,1,1,1,4),
(72.2566310325652,72.4438364682923,73.4424208133857,74.4410051584791,75.4395895035725,
76.4381738486659,77.4367581937593,78.4353425388528,78.5398163397448),
 .UNSPECIFIED.);
#487=B_SPLINE_CURVE_WITH_KNOTS('',3,(#5106,#5107,#5108,#5109,#5110,#5111,
#5112,#5113,#5114,#5115),.UNSPECIFIED.,.F.,.F.,(4,1,1,1,1,1,1,4),(72.2566310325652,
72.9783703954715,73.9769547405649,74.9755390856583,75.9741234307517,76.9727077758452,
77.9712921209386,78.5398163397448),.UNSPECIFIED.);
#488=B_SPLINE_CURVE_WITH_KNOTS('',3,(#5120,#5121,#5122,#5123,#5124,#5125,
#5126,#5127,#5128,#5129),.UNSPECIFIED.,.F.,.F.,(4,1,1,1,1,1,1,4),(65.9734457253856,
66.4523303977318,67.4509147428252,68.4494990879187,69.4480834330121,70.4466677781055,
71.4452521231989,72.2566310325652),.UNSPECIFIED.);
#489=B_SPLINE_CURVE_WITH_KNOTS('',3,(#5130,#5131,#5132,#5133,#5134,#5135,
#5136,#5137,#5138,#5139,#5140),.UNSPECIFIED.,.F.,.F.,(4,1,1,1,1,1,1,1,4),
(65.9734457253856,65.9882799798176,66.9868643249111,67.9854486700045,68.9840330150979,
69.9826173601913,70.9812017052847,71.9797860503781,72.2566310325652),
 .UNSPECIFIED.);
#490=B_SPLINE_CURVE_WITH_KNOTS('',3,(#5145,#5146,#5147,#5148,#5149,#5150,
#5151,#5152,#5153,#5154),.UNSPECIFIED.,.F.,.F.,(4,1,1,1,1,1,1,4),(59.690260418206,
60.4608243271714,61.4594086722648,62.4579930173582,63.4565773624516,64.455161707545,
65.4537460526384,65.9734457253856),.UNSPECIFIED.);
#491=B_SPLINE_CURVE_WITH_KNOTS('',3,(#5155,#5156,#5157,#5158,#5159,#5160,
#5161,#5162,#5163,#5164),.UNSPECIFIED.,.F.,.F.,(4,1,1,1,1,1,1,4),(59.690260418206,
59.9967739092572,60.9953582543506,61.993942599444,62.9925269445374,63.9911112896308,
64.9896956347242,65.9734457253856),.UNSPECIFIED.);
#492=B_SPLINE_CURVE_WITH_KNOTS('',3,(#5169,#5170,#5171,#5172,#5173,#5174,
#5175,#5176,#5177,#5178,#5179),.UNSPECIFIED.,.F.,.F.,(4,1,1,1,1,1,1,1,4),
(53.4070751110264,53.4707339115175,54.4693182566109,55.4679026017043,56.4664869467977,
57.4650712918911,58.4636556369846,59.462239982078,59.690260418206),
 .UNSPECIFIED.);
#493=B_SPLINE_CURVE_WITH_KNOTS('',3,(#5180,#5181,#5182,#5183,#5184,#5185,
#5186,#5187,#5188,#5189),.UNSPECIFIED.,.F.,.F.,(4,1,1,1,1,1,1,4),(53.4070751110264,
54.0052678386967,55.0038521837901,56.0024365288835,57.0010208739769,57.9996052190704,
58.9981895641638,59.690260418206),.UNSPECIFIED.);
#494=B_SPLINE_CURVE_WITH_KNOTS('',3,(#5194,#5195,#5196,#5197,#5198,#5199,
#5200,#5201,#5202,#5203),.UNSPECIFIED.,.F.,.F.,(4,1,1,1,1,1,1,4),(47.1238898038468,
47.4792278409571,48.4778121860505,49.4763965311439,50.4749808762373,51.4735652213307,
52.4721495664241,53.4070751110264),.UNSPECIFIED.);
#495=B_SPLINE_CURVE_WITH_KNOTS('',3,(#5204,#5205,#5206,#5207,#5208,#5209,
#5210,#5211,#5212,#5213),.UNSPECIFIED.,.F.,.F.,(4,1,1,1,1,1,1,4),(47.1238898038468,
48.0137617681363,49.0123461132297,50.0109304583231,51.0095148034165,52.0080991485099,
53.0066834936033,53.4070751110264),.UNSPECIFIED.);
#496=B_SPLINE_CURVE_WITH_KNOTS('',3,(#5218,#5219,#5220,#5221,#5222,#5223,
#5224,#5225,#5226,#5227),.UNSPECIFIED.,.F.,.F.,(4,1,1,1,1,1,1,4),(40.8407044966673,
41.4877217703966,42.48630611549,43.4848904605834,44.4834748056768,45.4820591507702,
46.4806434958636,47.1238898038468),.UNSPECIFIED.);
#497=B_SPLINE_CURVE_WITH_KNOTS('',3,(#5228,#5229,#5230,#5231,#5232,#5233,
#5234,#5235,#5236,#5237,#5238),.UNSPECIFIED.,.F.,.F.,(4,1,1,1,1,1,1,1,4),
(40.8407044966672,41.0236713524824,42.0222556975758,43.0208400426692,44.0194243877626,
45.018008732856,46.0165930779494,47.0151774230428,47.1238898038468),
 .UNSPECIFIED.);
#498=B_SPLINE_CURVE_WITH_KNOTS('',3,(#5244,#5245,#5246,#5247),
 .UNSPECIFIED.,.F.,.F.,(4,4),(34.0335809368285,34.5575191894876),
 .UNSPECIFIED.);
#499=B_SPLINE_CURVE_WITH_KNOTS('',3,(#5250,#5251,#5252,#5253,#5254),
 .UNSPECIFIED.,.F.,.F.,(4,1,4),(33.5106611153519,34.4976313547427,34.5575191894877),
 .UNSPECIFIED.);
#500=B_SPLINE_CURVE_WITH_KNOTS('',3,(#5260,#5261,#5262,#5263,#5264),
 .UNSPECIFIED.,.F.,.F.,(4,1,4),(91.106186954104,91.4169390250671,92.4155233701605),
 .UNSPECIFIED.);
#501=B_SPLINE_CURVE_WITH_KNOTS('',3,(#5267,#5268,#5269,#5270,#5271),
 .UNSPECIFIED.,.F.,.F.,(4,1,4),(91.106186954104,91.9514729522463,92.9384431916371),
 .UNSPECIFIED.);
#502=B_SPLINE_CURVE_WITH_KNOTS('',3,(#5276,#5277,#5278,#5279,#5280,#5281,
#5282,#5283,#5284,#5285),.UNSPECIFIED.,.F.,.F.,(4,1,1,1,1,1,1,4),(84.8230016469244,
85.4254329545066,86.4240172996,87.4226016446934,88.4211859897868,89.4197703348803,
90.4183546799737,91.106186954104),.UNSPECIFIED.);
#503=B_SPLINE_CURVE_WITH_KNOTS('',3,(#5286,#5287,#5288,#5289,#5290,#5291,
#5292,#5293,#5294,#5295,#5296),.UNSPECIFIED.,.F.,.F.,(4,1,1,1,1,1,1,1,4),
(84.8230016469244,84.9613825365924,85.9599668816858,86.9585512267793,87.9571355718727,
88.9557199169661,89.9543042620595,90.9528886071529,91.106186954104),
 .UNSPECIFIED.);
#504=B_SPLINE_CURVE_WITH_KNOTS('',3,(#5301,#5302,#5303,#5304,#5305,#5306,
#5307,#5308,#5309,#5310),.UNSPECIFIED.,.F.,.F.,(4,1,1,1,1,1,1,4),(78.5398163397448,
79.4339268839462,80.4325112290396,81.431095574133,82.4296799192264,83.4282642643198,
84.4268486094132,84.8230016469244),.UNSPECIFIED.);
#505=B_SPLINE_CURVE_WITH_KNOTS('',3,(#5311,#5312,#5313,#5314,#5315,#5316,
#5317,#5318,#5319,#5320),.UNSPECIFIED.,.F.,.F.,(4,1,1,1,1,1,1,4),(78.5398163397448,
78.969876466032,79.9684608111254,80.9670451562188,81.9656295013122,82.9642138464056,
83.962798191499,84.8230016469244),.UNSPECIFIED.);
#506=B_SPLINE_CURVE_WITH_KNOTS('',3,(#5325,#5326,#5327,#5328,#5329,#5330,
#5331,#5332,#5333,#5334,#5335),.UNSPECIFIED.,.F.,.F.,(4,1,1,1,1,1,1,1,4),
(72.2566310325652,72.4438364682923,73.4424208133857,74.4410051584791,75.4395895035725,
76.4381738486659,77.4367581937593,78.4353425388528,78.5398163397448),
 .UNSPECIFIED.);
#507=B_SPLINE_CURVE_WITH_KNOTS('',3,(#5336,#5337,#5338,#5339,#5340,#5341,
#5342,#5343,#5344,#5345),.UNSPECIFIED.,.F.,.F.,(4,1,1,1,1,1,1,4),(72.2566310325652,
72.9783703954715,73.9769547405649,74.9755390856583,75.9741234307517,76.9727077758452,
77.9712921209386,78.5398163397448),.UNSPECIFIED.);
#508=B_SPLINE_CURVE_WITH_KNOTS('',3,(#5350,#5351,#5352,#5353,#5354,#5355,
#5356,#5357,#5358,#5359),.UNSPECIFIED.,.F.,.F.,(4,1,1,1,1,1,1,4),(65.9734457253856,
66.4523303977318,67.4509147428252,68.4494990879186,69.448083433012,70.4466677781055,
71.4452521231989,72.2566310325652),.UNSPECIFIED.);
#509=B_SPLINE_CURVE_WITH_KNOTS('',3,(#5360,#5361,#5362,#5363,#5364,#5365,
#5366,#5367,#5368,#5369,#5370),.UNSPECIFIED.,.F.,.F.,(4,1,1,1,1,1,1,1,4),
(65.9734457253856,65.9882799798176,66.9868643249111,67.9854486700045,68.9840330150979,
69.9826173601913,70.9812017052847,71.9797860503781,72.2566310325652),
 .UNSPECIFIED.);
#510=B_SPLINE_CURVE_WITH_KNOTS('',3,(#5375,#5376,#5377,#5378,#5379,#5380,
#5381,#5382,#5383,#5384),.UNSPECIFIED.,.F.,.F.,(4,1,1,1,1,1,1,4),(59.690260418206,
60.4608243271714,61.4594086722648,62.4579930173582,63.4565773624516,64.455161707545,
65.4537460526384,65.9734457253856),.UNSPECIFIED.);
#511=B_SPLINE_CURVE_WITH_KNOTS('',3,(#5385,#5386,#5387,#5388,#5389,#5390,
#5391,#5392,#5393,#5394),.UNSPECIFIED.,.F.,.F.,(4,1,1,1,1,1,1,4),(59.690260418206,
59.9967739092572,60.9953582543506,61.993942599444,62.9925269445374,63.9911112896308,
64.9896956347242,65.9734457253856),.UNSPECIFIED.);
#512=B_SPLINE_CURVE_WITH_KNOTS('',3,(#5399,#5400,#5401,#5402,#5403,#5404,
#5405,#5406,#5407,#5408,#5409),.UNSPECIFIED.,.F.,.F.,(4,1,1,1,1,1,1,1,4),
(53.4070751110264,53.4707339115175,54.4693182566109,55.4679026017043,56.4664869467977,
57.4650712918911,58.4636556369845,59.462239982078,59.690260418206),
 .UNSPECIFIED.);
#513=B_SPLINE_CURVE_WITH_KNOTS('',3,(#5410,#5411,#5412,#5413,#5414,#5415,
#5416,#5417,#5418,#5419),.UNSPECIFIED.,.F.,.F.,(4,1,1,1,1,1,1,4),(53.4070751110264,
54.0052678386967,55.0038521837901,56.0024365288835,57.001020873977,57.9996052190704,
58.9981895641638,59.690260418206),.UNSPECIFIED.);
#514=B_SPLINE_CURVE_WITH_KNOTS('',3,(#5424,#5425,#5426,#5427,#5428,#5429,
#5430,#5431,#5432,#5433),.UNSPECIFIED.,.F.,.F.,(4,1,1,1,1,1,1,4),(47.1238898038469,
47.479227840957,48.4778121860504,49.4763965311438,50.4749808762373,51.4735652213307,
52.4721495664241,53.4070751110264),.UNSPECIFIED.);
#515=B_SPLINE_CURVE_WITH_KNOTS('',3,(#5434,#5435,#5436,#5437,#5438,#5439,
#5440,#5441,#5442,#5443),.UNSPECIFIED.,.F.,.F.,(4,1,1,1,1,1,1,4),(47.1238898038468,
48.0137617681363,49.0123461132297,50.0109304583231,51.0095148034165,52.0080991485099,
53.0066834936033,53.4070751110264),.UNSPECIFIED.);
#516=B_SPLINE_CURVE_WITH_KNOTS('',3,(#5448,#5449,#5450,#5451,#5452,#5453,
#5454,#5455,#5456,#5457),.UNSPECIFIED.,.F.,.F.,(4,1,1,1,1,1,1,4),(40.8407044966673,
41.4877217703966,42.48630611549,43.4848904605834,44.4834748056768,45.4820591507702,
46.4806434958636,47.1238898038469),.UNSPECIFIED.);
#517=B_SPLINE_CURVE_WITH_KNOTS('',3,(#5458,#5459,#5460,#5461,#5462,#5463,
#5464,#5465,#5466,#5467,#5468),.UNSPECIFIED.,.F.,.F.,(4,1,1,1,1,1,1,1,4),
(40.8407044966672,41.0236713524824,42.0222556975758,43.0208400426692,44.0194243877626,
45.018008732856,46.0165930779494,47.0151774230429,47.1238898038468),
 .UNSPECIFIED.);
#518=B_SPLINE_CURVE_WITH_KNOTS('',3,(#5474,#5475,#5476,#5477),
 .UNSPECIFIED.,.F.,.F.,(4,4),(34.0335809368285,34.5575191894876),
 .UNSPECIFIED.);
#519=B_SPLINE_CURVE_WITH_KNOTS('',3,(#5480,#5481,#5482,#5483,#5484),
 .UNSPECIFIED.,.F.,.F.,(4,1,4),(33.5106611153519,34.4976313547427,34.5575191894877),
 .UNSPECIFIED.);
#520=B_SPLINE_CURVE_WITH_KNOTS('',3,(#5490,#5491,#5492,#5493,#5494,#5495,
#5496,#5497,#5498,#5499,#5500,#5501,#5502),.UNSPECIFIED.,.F.,.F.,(4,3,3,
3,4),(76.7075601022116,77.552846100354,78.5514304454474,79.5500147905408,
80.5485991356342),.UNSPECIFIED.);
#521=B_SPLINE_CURVE_WITH_KNOTS('',3,(#5505,#5506,#5507,#5508,#5509,#5510,
#5511,#5512,#5513,#5514,#5515,#5516,#5517,#5518,#5519,#5520,#5521,#5522,
#5523),.UNSPECIFIED.,.F.,.F.,(4,3,3,3,3,3,4),(-78.539816339745,-77.552846100354,
-76.5542617552606,-75.5556774101671,-74.5570930650737,-73.5585087199803,
-72.9560774123981),.UNSPECIFIED.);
#522=B_SPLINE_CURVE_WITH_KNOTS('',3,(#5528,#5529,#5530,#5531,#5532,#5533,
#5534,#5535,#5536,#5537,#5538,#5539,#5540,#5541,#5542,#5543,#5544,#5545,
#5546,#5547,#5548,#5549,#5550,#5551,#5552),.UNSPECIFIED.,.F.,.F.,(4,3,3,
3,3,3,3,3,4),(70.424374795032,70.5627556847001,71.5613400297935,72.5599243748869,
73.5585087199803,74.5570930650737,75.5556774101671,76.5542617552606,76.7075601022116),
 .UNSPECIFIED.);
#523=B_SPLINE_CURVE_WITH_KNOTS('',3,(#5553,#5554,#5555,#5556,#5557,#5558,
#5559,#5560,#5561,#5562,#5563,#5564,#5565,#5566,#5567,#5568,#5569,#5570,
#5571,#5572,#5573,#5574),.UNSPECIFIED.,.F.,.F.,(4,3,3,3,3,3,3,4),(-72.9560774123981,
-72.5599243748869,-71.5613400297935,-70.5627556847001,-69.5641713396067,
-68.5655869945133,-67.5670026494199,-66.6728921052185),.UNSPECIFIED.);
#524=B_SPLINE_CURVE_WITH_KNOTS('',3,(#5579,#5580,#5581,#5582,#5583,#5584,
#5585,#5586,#5587,#5588,#5589,#5590,#5591,#5592,#5593,#5594,#5595,#5596,
#5597,#5598,#5599,#5600),.UNSPECIFIED.,.F.,.F.,(4,3,3,3,3,3,3,4),(64.1411894878524,
64.5712496141397,65.5698339592331,66.5684183043265,67.5670026494199,68.5655869945133,
69.5641713396067,70.424374795032),.UNSPECIFIED.);
#525=B_SPLINE_CURVE_WITH_KNOTS('',3,(#5601,#5602,#5603,#5604,#5605,#5606,
#5607,#5608,#5609,#5610,#5611,#5612,#5613,#5614,#5615,#5616,#5617,#5618,
#5619,#5620,#5621,#5622,#5623,#5624,#5625),.UNSPECIFIED.,.F.,.F.,(4,3,3,
3,3,3,3,3,4),(-66.6728921052185,-66.5684183043265,-65.5698339592331,-64.5712496141397,
-63.5726652690463,-62.5740809239528,-61.5754965788594,-60.576912233766,
-60.3897067980389),.UNSPECIFIED.);
#526=B_SPLINE_CURVE_WITH_KNOTS('',3,(#5630,#5631,#5632,#5633,#5634,#5635,
#5636,#5637,#5638,#5639,#5640,#5641,#5642,#5643,#5644,#5645,#5646,#5647,
#5648,#5649,#5650,#5651),.UNSPECIFIED.,.F.,.F.,(4,3,3,3,3,3,3,4),(57.8580041806728,
58.5797435435792,59.5783278886726,60.576912233766,61.5754965788594,62.5740809239528,
63.5726652690463,64.1411894878524),.UNSPECIFIED.);
#527=B_SPLINE_CURVE_WITH_KNOTS('',3,(#5652,#5653,#5654,#5655,#5656,#5657,
#5658,#5659,#5660,#5661,#5662,#5663,#5664,#5665,#5666,#5667,#5668,#5669,
#5670,#5671,#5672,#5673),.UNSPECIFIED.,.F.,.F.,(4,3,3,3,3,3,3,4),(-60.3897067980389,
-59.5783278886726,-58.5797435435792,-57.5811591984858,-56.5825748533924,
-55.583990508299,-54.5854061632055,-54.1065214908593),.UNSPECIFIED.);
#528=B_SPLINE_CURVE_WITH_KNOTS('',3,(#5678,#5679,#5680,#5681,#5682,#5683,
#5684,#5685,#5686,#5687,#5688,#5689,#5690,#5691,#5692,#5693,#5694,#5695,
#5696,#5697,#5698,#5699,#5700,#5701,#5702),.UNSPECIFIED.,.F.,.F.,(4,3,3,
3,3,3,3,3,4),(51.5748188734932,51.5896531279253,52.5882374730187,53.5868218181121,
54.5854061632056,55.583990508299,56.5825748533924,57.5811591984858,57.8580041806728),
 .UNSPECIFIED.);
#529=B_SPLINE_CURVE_WITH_KNOTS('',3,(#5703,#5704,#5705,#5706,#5707,#5708,
#5709,#5710,#5711,#5712,#5713,#5714,#5715,#5716,#5717,#5718,#5719,#5720,
#5721,#5722,#5723,#5724),.UNSPECIFIED.,.F.,.F.,(4,3,3,3,3,3,3,4),(-54.1065214908593,
-53.5868218181121,-52.5882374730187,-51.5896531279253,-50.5910687828319,
-49.5924844377385,-48.5939000926451,-47.8233361836797),.UNSPECIFIED.);
#530=B_SPLINE_CURVE_WITH_KNOTS('',3,(#5729,#5730,#5731,#5732,#5733,#5734,
#5735,#5736,#5737,#5738,#5739,#5740,#5741,#5742,#5743,#5744,#5745,#5746,
#5747,#5748,#5749,#5750),.UNSPECIFIED.,.F.,.F.,(4,3,3,3,3,3,3,4),(45.2916335663136,
45.5981470573649,46.5967314024583,47.5953157475517,48.5939000926451,49.5924844377385,
50.5910687828319,51.5748188734932),.UNSPECIFIED.);
#531=B_SPLINE_CURVE_WITH_KNOTS('',3,(#5751,#5752,#5753,#5754,#5755,#5756,
#5757,#5758,#5759,#5760,#5761,#5762,#5763,#5764,#5765,#5766,#5767,#5768,
#5769,#5770,#5771,#5772,#5773,#5774,#5775),.UNSPECIFIED.,.F.,.F.,(4,3,3,
3,3,3,3,3,4),(-47.8233361836797,-47.5953157475517,-46.5967314024583,-45.5981470573649,
-44.5995627122714,-43.600978367178,-42.6023940220846,-41.6038096769912,
-41.5401508765001),.UNSPECIFIED.);
#532=B_SPLINE_CURVE_WITH_KNOTS('',3,(#5780,#5781,#5782,#5783,#5784,#5785,
#5786,#5787,#5788,#5789,#5790,#5791,#5792,#5793,#5794,#5795,#5796,#5797,
#5798,#5799,#5800,#5801),.UNSPECIFIED.,.F.,.F.,(4,3,3,3,3,3,3,4),(39.0084482591341,
39.6066409868044,40.6052253318978,41.6038096769912,42.6023940220846,43.600978367178,
44.5995627122714,45.2916335663136),.UNSPECIFIED.);
#533=B_SPLINE_CURVE_WITH_KNOTS('',3,(#5802,#5803,#5804,#5805,#5806,#5807,
#5808,#5809,#5810,#5811,#5812,#5813,#5814,#5815,#5816,#5817,#5818,#5819,
#5820,#5821,#5822,#5823),.UNSPECIFIED.,.F.,.F.,(4,3,3,3,3,3,3,4),(-41.5401508765001,
-40.6052253318978,-39.6066409868044,-38.608056641711,-37.6094722966176,
-36.6108879515242,-35.6123036064308,-35.2569655693205),.UNSPECIFIED.);
#534=B_SPLINE_CURVE_WITH_KNOTS('',3,(#5828,#5829,#5830,#5831,#5832,#5833,
#5834,#5835,#5836,#5837,#5838,#5839,#5840,#5841,#5842,#5843,#5844,#5845,
#5846,#5847,#5848,#5849),.UNSPECIFIED.,.F.,.F.,(4,3,3,3,3,3,3,4),(32.7252629519545,
33.6151349162439,34.6137192613373,35.6123036064307,36.6108879515242,37.6094722966176,
38.608056641711,39.0084482591341),.UNSPECIFIED.);
#535=B_SPLINE_CURVE_WITH_KNOTS('',3,(#5850,#5851,#5852,#5853,#5854,#5855,
#5856,#5857,#5858,#5859,#5860,#5861,#5862,#5863,#5864,#5865,#5866,#5867,
#5868,#5869,#5870,#5871),.UNSPECIFIED.,.F.,.F.,(4,3,3,3,3,3,3,4),(-35.2569655693205,
-34.6137192613374,-33.6151349162439,-32.6165505711505,-31.6179662260571,
-30.6193818809637,-29.6207975358703,-28.973780262141),.UNSPECIFIED.);
#536=B_SPLINE_CURVE_WITH_KNOTS('',3,(#5877,#5878,#5879,#5880,#5881,#5882,
#5883,#5884,#5885,#5886,#5887,#5888,#5889),.UNSPECIFIED.,.F.,.F.,(4,3,3,
3,4),(-22.6905949549614,-22.6307071202164,-21.632122775123,-20.6335384300296,
-19.6349540849364),.UNSPECIFIED.);
#537=B_SPLINE_CURVE_WITH_KNOTS('',3,(#5892,#5893,#5894,#5895,#5896,#5897,
#5898,#5899,#5900,#5901,#5902,#5903,#5904,#5905,#5906,#5907),
 .UNSPECIFIED.,.F.,.F.,(4,3,3,3,3,4),(21.6437368808254,22.6307071202164,
23.6292914653098,24.6278758104032,25.6264601554966,26.4420776447749),
 .UNSPECIFIED.);
#538=B_SPLINE_CURVE_WITH_KNOTS('',3,(#5913,#5914,#5915,#5916,#5917,#5918,
#5919,#5920,#5921,#5922,#5923,#5924,#5925),.UNSPECIFIED.,.F.,.F.,(4,3,3,
3,4),(76.7075601022116,77.552846100354,78.5514304454474,79.5500147905408,
80.5485991356342),.UNSPECIFIED.);
#539=B_SPLINE_CURVE_WITH_KNOTS('',3,(#5928,#5929,#5930,#5931,#5932,#5933,
#5934,#5935,#5936,#5937,#5938,#5939,#5940,#5941,#5942,#5943,#5944,#5945,
#5946),.UNSPECIFIED.,.F.,.F.,(4,3,3,3,3,3,4),(-78.5398163397448,-77.552846100354,
-76.5542617552606,-75.5556774101671,-74.5570930650737,-73.5585087199803,
-72.9560774123981),.UNSPECIFIED.);
#540=B_SPLINE_CURVE_WITH_KNOTS('',3,(#5951,#5952,#5953,#5954,#5955,#5956,
#5957,#5958,#5959,#5960,#5961,#5962,#5963,#5964,#5965,#5966,#5967,#5968,
#5969,#5970,#5971,#5972,#5973,#5974,#5975),.UNSPECIFIED.,.F.,.F.,(4,3,3,
3,3,3,3,3,4),(70.424374795032,70.5627556847001,71.5613400297935,72.5599243748869,
73.5585087199804,74.5570930650738,75.5556774101671,76.5542617552606,76.7075601022116),
 .UNSPECIFIED.);
#541=B_SPLINE_CURVE_WITH_KNOTS('',3,(#5976,#5977,#5978,#5979,#5980,#5981,
#5982,#5983,#5984,#5985,#5986,#5987,#5988,#5989,#5990,#5991,#5992,#5993,
#5994,#5995,#5996,#5997),.UNSPECIFIED.,.F.,.F.,(4,3,3,3,3,3,3,4),(-72.9560774123981,
-72.5599243748869,-71.5613400297935,-70.5627556847001,-69.5641713396067,
-68.5655869945133,-67.5670026494199,-66.6728921052185),.UNSPECIFIED.);
#542=B_SPLINE_CURVE_WITH_KNOTS('',3,(#6002,#6003,#6004,#6005,#6006,#6007,
#6008,#6009,#6010,#6011,#6012,#6013,#6014,#6015,#6016,#6017,#6018,#6019,
#6020,#6021,#6022,#6023),.UNSPECIFIED.,.F.,.F.,(4,3,3,3,3,3,3,4),(64.1411894878524,
64.5712496141397,65.5698339592331,66.5684183043265,67.5670026494199,68.5655869945133,
69.5641713396067,70.424374795032),.UNSPECIFIED.);
#543=B_SPLINE_CURVE_WITH_KNOTS('',3,(#6024,#6025,#6026,#6027,#6028,#6029,
#6030,#6031,#6032,#6033,#6034,#6035,#6036,#6037,#6038,#6039,#6040,#6041,
#6042,#6043,#6044,#6045,#6046,#6047,#6048),.UNSPECIFIED.,.F.,.F.,(4,3,3,
3,3,3,3,3,4),(-66.6728921052185,-66.5684183043265,-65.5698339592331,-64.5712496141397,
-63.5726652690462,-62.5740809239528,-61.5754965788594,-60.576912233766,
-60.3897067980389),.UNSPECIFIED.);
#544=B_SPLINE_CURVE_WITH_KNOTS('',3,(#6053,#6054,#6055,#6056,#6057,#6058,
#6059,#6060,#6061,#6062,#6063,#6064,#6065,#6066,#6067,#6068,#6069,#6070,
#6071,#6072,#6073,#6074),.UNSPECIFIED.,.F.,.F.,(4,3,3,3,3,3,3,4),(57.8580041806728,
58.5797435435792,59.5783278886726,60.576912233766,61.5754965788594,62.5740809239528,
63.5726652690463,64.1411894878524),.UNSPECIFIED.);
#545=B_SPLINE_CURVE_WITH_KNOTS('',3,(#6075,#6076,#6077,#6078,#6079,#6080,
#6081,#6082,#6083,#6084,#6085,#6086,#6087,#6088,#6089,#6090,#6091,#6092,
#6093,#6094,#6095,#6096),.UNSPECIFIED.,.F.,.F.,(4,3,3,3,3,3,3,4),(-60.3897067980389,
-59.5783278886726,-58.5797435435792,-57.5811591984858,-56.5825748533924,
-55.583990508299,-54.5854061632056,-54.1065214908593),.UNSPECIFIED.);
#546=B_SPLINE_CURVE_WITH_KNOTS('',3,(#6101,#6102,#6103,#6104,#6105,#6106,
#6107,#6108,#6109,#6110,#6111,#6112,#6113,#6114,#6115,#6116,#6117,#6118,
#6119,#6120,#6121,#6122,#6123,#6124,#6125),.UNSPECIFIED.,.F.,.F.,(4,3,3,
3,3,3,3,3,4),(51.5748188734932,51.5896531279253,52.5882374730187,53.5868218181122,
54.5854061632056,55.583990508299,56.5825748533924,57.5811591984858,57.8580041806728),
 .UNSPECIFIED.);
#547=B_SPLINE_CURVE_WITH_KNOTS('',3,(#6126,#6127,#6128,#6129,#6130,#6131,
#6132,#6133,#6134,#6135,#6136,#6137,#6138,#6139,#6140,#6141,#6142,#6143,
#6144,#6145,#6146,#6147),.UNSPECIFIED.,.F.,.F.,(4,3,3,3,3,3,3,4),(-54.1065214908593,
-53.5868218181122,-52.5882374730187,-51.5896531279253,-50.5910687828319,
-49.5924844377385,-48.5939000926451,-47.8233361836797),.UNSPECIFIED.);
#548=B_SPLINE_CURVE_WITH_KNOTS('',3,(#6152,#6153,#6154,#6155,#6156,#6157,
#6158,#6159,#6160,#6161,#6162,#6163,#6164,#6165,#6166,#6167,#6168,#6169,
#6170,#6171,#6172,#6173),.UNSPECIFIED.,.F.,.F.,(4,3,3,3,3,3,3,4),(45.2916335663136,
45.5981470573649,46.5967314024583,47.5953157475517,48.5939000926451,49.5924844377385,
50.5910687828319,51.5748188734932),.UNSPECIFIED.);
#549=B_SPLINE_CURVE_WITH_KNOTS('',3,(#6174,#6175,#6176,#6177,#6178,#6179,
#6180,#6181,#6182,#6183,#6184,#6185,#6186,#6187,#6188,#6189,#6190,#6191,
#6192,#6193,#6194,#6195,#6196,#6197,#6198),.UNSPECIFIED.,.F.,.F.,(4,3,3,
3,3,3,3,3,4),(-47.8233361836797,-47.5953157475517,-46.5967314024583,-45.5981470573649,
-44.5995627122714,-43.600978367178,-42.6023940220846,-41.6038096769912,
-41.5401508765001),.UNSPECIFIED.);
#550=B_SPLINE_CURVE_WITH_KNOTS('',3,(#6203,#6204,#6205,#6206,#6207,#6208,
#6209,#6210,#6211,#6212,#6213,#6214,#6215,#6216,#6217,#6218,#6219,#6220,
#6221,#6222,#6223,#6224),.UNSPECIFIED.,.F.,.F.,(4,3,3,3,3,3,3,4),(39.0084482591341,
39.6066409868044,40.6052253318978,41.6038096769912,42.6023940220846,43.600978367178,
44.5995627122715,45.2916335663136),.UNSPECIFIED.);
#551=B_SPLINE_CURVE_WITH_KNOTS('',3,(#6225,#6226,#6227,#6228,#6229,#6230,
#6231,#6232,#6233,#6234,#6235,#6236,#6237,#6238,#6239,#6240,#6241,#6242,
#6243,#6244,#6245,#6246),.UNSPECIFIED.,.F.,.F.,(4,3,3,3,3,3,3,4),(-41.5401508765001,
-40.6052253318978,-39.6066409868044,-38.608056641711,-37.6094722966176,
-36.6108879515242,-35.6123036064308,-35.2569655693206),.UNSPECIFIED.);
#552=B_SPLINE_CURVE_WITH_KNOTS('',3,(#6251,#6252,#6253,#6254,#6255,#6256,
#6257,#6258,#6259,#6260,#6261,#6262,#6263,#6264,#6265,#6266,#6267,#6268,
#6269,#6270,#6271,#6272),.UNSPECIFIED.,.F.,.F.,(4,3,3,3,3,3,3,4),(32.7252629519545,
33.6151349162439,34.6137192613374,35.6123036064308,36.6108879515242,37.6094722966176,
38.608056641711,39.0084482591341),.UNSPECIFIED.);
#553=B_SPLINE_CURVE_WITH_KNOTS('',3,(#6273,#6274,#6275,#6276,#6277,#6278,
#6279,#6280,#6281,#6282,#6283,#6284,#6285,#6286,#6287,#6288,#6289,#6290,
#6291,#6292,#6293,#6294),.UNSPECIFIED.,.F.,.F.,(4,3,3,3,3,3,3,4),(-35.2569655693206,
-34.6137192613373,-33.6151349162439,-32.6165505711505,-31.6179662260571,
-30.6193818809637,-29.6207975358703,-28.973780262141),.UNSPECIFIED.);
#554=B_SPLINE_CURVE_WITH_KNOTS('',3,(#6300,#6301,#6302,#6303,#6304,#6305,
#6306,#6307,#6308,#6309,#6310,#6311,#6312),.UNSPECIFIED.,.F.,.F.,(4,3,3,
3,4),(-22.6905949549614,-22.6307071202164,-21.632122775123,-20.6335384300296,
-19.6349540849362),.UNSPECIFIED.);
#555=B_SPLINE_CURVE_WITH_KNOTS('',3,(#6315,#6316,#6317,#6318,#6319,#6320,
#6321,#6322,#6323,#6324,#6325,#6326,#6327,#6328,#6329,#6330),
 .UNSPECIFIED.,.F.,.F.,(4,3,3,3,3,4),(21.6437368808256,22.6307071202164,
23.6292914653098,24.6278758104033,25.6264601554967,26.4420776447749),
 .UNSPECIFIED.);
#556=B_SPLINE_CURVE_WITH_KNOTS('',3,(#6366,#6367,#6368,#6369,#6370,#6371,
#6372,#6373,#6374,#6375,#6376,#6377,#6378,#6379,#6380,#6381,#6382,#6383,
#6384,#6385,#6386,#6387),.UNSPECIFIED.,.F.,.F.,(4,3,3,3,3,3,3,4),(-0.679968182080725,
-0.582829870354907,-0.485691558629089,-0.388553246903271,-0.291414935177454,
-0.194276623451636,-0.0971383117258178,0.),.UNSPECIFIED.);
#557=B_SPLINE_CURVE_WITH_KNOTS('',3,(#6391,#6392,#6393,#6394,#6395,#6396,
#6397,#6398,#6399,#6400,#6401,#6402,#6403,#6404,#6405,#6406,#6407,#6408,
#6409,#6410,#6411,#6412),.UNSPECIFIED.,.F.,.F.,(4,3,3,3,3,3,3,4),(-0.679968182081583,
-0.582829870355643,-0.485691558629702,-0.388553246903762,-0.291414935177821,
-0.194276623451881,-0.0971383117259405,0.),.UNSPECIFIED.);
#558=B_SPLINE_CURVE_WITH_KNOTS('',3,(#6416,#6417,#6418,#6419,#6420,#6421,
#6422,#6423,#6424,#6425,#6426,#6427,#6428,#6429,#6430,#6431,#6432,#6433,
#6434,#6435,#6436,#6437),.UNSPECIFIED.,.F.,.F.,(4,3,3,3,3,3,3,4),(-0.679968182081845,
-0.582829870355867,-0.485691558629889,-0.388553246903912,-0.291414935177934,
-0.194276623451956,-0.0971383117259779,0.),.UNSPECIFIED.);
#559=B_SPLINE_CURVE_WITH_KNOTS('',3,(#6439,#6440,#6441,#6442,#6443,#6444,
#6445,#6446,#6447,#6448,#6449,#6450,#6451,#6452,#6453,#6454,#6455,#6456,
#6457,#6458,#6459,#6460),.UNSPECIFIED.,.F.,.F.,(4,3,3,3,3,3,3,4),(-0.679968182081611,
-0.582829870355667,-0.485691558629722,-0.388553246903778,-0.291414935177833,
-0.194276623451889,-0.0971383117259445,0.),.UNSPECIFIED.);
#560=B_SPLINE_CURVE_WITH_KNOTS('',3,(#6464,#6465,#6466,#6467,#6468,#6469,
#6470,#6471,#6472,#6473,#6474,#6475,#6476,#6477,#6478,#6479,#6480,#6481,
#6482,#6483,#6484,#6485),.UNSPECIFIED.,.F.,.F.,(4,3,3,3,3,3,3,4),(-0.679968182081525,
-0.582829870355593,-0.485691558629661,-0.364268668972246,-0.291414935177796,
-0.194276623451864,-0.0971383117259322,0.),.UNSPECIFIED.);
#561=B_SPLINE_CURVE_WITH_KNOTS('',3,(#6489,#6490,#6491,#6492,#6493,#6494,
#6495,#6496,#6497,#6498,#6499,#6500,#6501,#6502,#6503,#6504,#6505,#6506,
#6507,#6508,#6509,#6510),.UNSPECIFIED.,.F.,.F.,(4,3,3,3,3,3,3,4),(-0.679968182080334,
-0.582829870354572,-0.48569155862881,-0.388553246903048,-0.291414935177286,
-0.194276623451524,-0.0971383117257621,0.),.UNSPECIFIED.);
#562=B_SPLINE_CURVE_WITH_KNOTS('',3,(#6514,#6515,#6516,#6517,#6518,#6519,
#6520,#6521,#6522,#6523,#6524,#6525,#6526,#6527,#6528,#6529,#6530,#6531,
#6532,#6533,#6534,#6535),.UNSPECIFIED.,.F.,.F.,(4,3,3,3,3,3,3,4),(-0.679968182081099,
-0.582829870355227,-0.485691558629356,-0.388553246903485,-0.291414935177614,
-0.194276623451743,-0.0971383117258713,0.),.UNSPECIFIED.);
#563=B_SPLINE_CURVE_WITH_KNOTS('',3,(#6539,#6540,#6541,#6542,#6543,#6544,
#6545,#6546,#6547,#6548,#6549,#6550,#6551,#6552,#6553,#6554,#6555,#6556,
#6557,#6558,#6559,#6560),.UNSPECIFIED.,.F.,.F.,(4,3,3,3,3,3,3,4),(-0.679968182082092,
-0.582829870356079,-0.485691558630065,-0.388553246904052,-0.291414935178039,
-0.194276623452026,-0.0971383117260131,0.),.UNSPECIFIED.);
#564=B_SPLINE_CURVE_WITH_KNOTS('',3,(#6562,#6563,#6564,#6565,#6566,#6567,
#6568,#6569,#6570,#6571,#6572,#6573,#6574,#6575,#6576,#6577,#6578,#6579,
#6580,#6581,#6582,#6583,#6584,#6585,#6586,#6587,#6588,#6589,#6590,#6591,
#6592,#6593,#6594,#6595,#6596,#6597,#6598,#6599,#6600,#6601,#6602,#6603,
#6604,#6605,#6606,#6607,#6608,#6609,#6610,#6611,#6612,#6613,#6614,#6615,
#6616,#6617,#6618,#6619,#6620,#6621,#6622,#6623,#6624,#6625,#6626,#6627,
#6628,#6629,#6630,#6631,#6632,#6633,#6634,#6635,#6636,#6637,#6638,#6639,
#6640,#6641,#6642,#6643,#6644,#6645,#6646,#6647,#6648,#6649),
 .UNSPECIFIED.,.F.,.F.,(4,3,3,3,3,3,3,3,3,3,3,3,3,3,3,3,3,3,3,3,3,3,3,3,
3,3,3,3,3,4),(-0.474022601254761,-0.471540180211137,-0.449022252165805,
-0.429142852359221,-0.424116747990503,-0.418980600422183,-0.395250175188193,
-0.376676965166243,-0.37197580743497,-0.347783321279743,-0.322503614712956,
-0.298007962610667,-0.289412262511989,-0.285047976808161,-0.281570971375073,
-0.256234676312043,-0.246664495012594,-0.222188915374293,-0.197206846853414,
-0.192824304085408,-0.18895737955605,-0.163606791085312,-0.137770156740457,
-0.111759509070357,-0.100807061035037,-0.0952416084698377,-0.0686010833170454,
-0.041934046877955,-0.0158469681345793,0.),.UNSPECIFIED.);
#565=B_SPLINE_CURVE_WITH_KNOTS('',3,(#6650,#6651,#6652,#6653,#6654,#6655,
#6656,#6657,#6658,#6659,#6660,#6661,#6662,#6663,#6664,#6665,#6666,#6667,
#6668,#6669,#6670,#6671,#6672,#6673,#6674,#6675,#6676,#6677,#6678,#6679,
#6680,#6681,#6682,#6683,#6684,#6685,#6686,#6687,#6688,#6689,#6690,#6691,
#6692,#6693,#6694,#6695,#6696,#6697,#6698,#6699,#6700,#6701,#6702,#6703,
#6704,#6705,#6706,#6707,#6708,#6709,#6710,#6711,#6712,#6713,#6714,#6715,
#6716,#6717,#6718,#6719,#6720,#6721,#6722,#6723,#6724,#6725,#6726,#6727,
#6728,#6729,#6730,#6731,#6732,#6733,#6734),.UNSPECIFIED.,.F.,.F.,(4,3,3,
3,3,3,3,3,3,3,3,3,3,3,3,3,3,3,3,3,3,3,3,3,3,3,3,3,4),(-0.472119585381907,
-0.469146845716145,-0.442774254861111,-0.41601782427522,-0.409324696532748,
-0.382950445121891,-0.363077031627319,-0.355276719757822,-0.350774912287324,
-0.32499500642838,-0.299737039112613,-0.275039939984958,-0.265820776860813,
-0.261824063441413,-0.257505196340122,-0.23301138231244,-0.223963137165312,
-0.198995208143342,-0.174120807125424,-0.168252694511797,-0.143872021077857,
-0.119494947846038,-0.0955066018300058,-0.0852233178528621,-0.0813662999574216,
-0.057864247820588,-0.0347364788976294,-0.0123541829648664,0.),
 .UNSPECIFIED.);
#566=B_SPLINE_CURVE_WITH_KNOTS('',3,(#6735,#6736,#6737,#6738,#6739,#6740,
#6741,#6742,#6743,#6744,#6745,#6746,#6747,#6748,#6749,#6750,#6751,#6752,
#6753,#6754,#6755,#6756,#6757,#6758,#6759,#6760,#6761,#6762,#6763,#6764,
#6765,#6766,#6767,#6768,#6769,#6770,#6771,#6772,#6773,#6774,#6775,#6776,
#6777,#6778,#6779,#6780,#6781,#6782,#6783,#6784,#6785,#6786,#6787,#6788,
#6789,#6790,#6791,#6792,#6793,#6794,#6795,#6796,#6797,#6798,#6799,#6800,
#6801,#6802,#6803,#6804,#6805,#6806,#6807,#6808,#6809,#6810,#6811,#6812,
#6813,#6814,#6815,#6816,#6817,#6818,#6819,#6820,#6821,#6822),
 .UNSPECIFIED.,.F.,.F.,(4,3,3,3,3,3,3,3,3,3,3,3,3,3,3,3,3,3,3,3,3,3,3,3,
3,3,3,3,3,4),(-0.474022601254834,-0.471540180211216,-0.449025690437677,
-0.429127990966279,-0.424110557780342,-0.418979536614747,-0.395250417390766,
-0.376677177093496,-0.371976709746136,-0.347785654699827,-0.322505364778022,
-0.298009771310643,-0.289416092256943,-0.28516379087602,-0.2813469974795,
-0.256010510216755,-0.246664495012608,-0.222190491337117,-0.197210249709518,
-0.19283022184219,-0.188958425071204,-0.163609700958419,-0.137774736870366,
-0.111764051185034,-0.100810859864232,-0.0952411806173494,-0.0686015318173515,
-0.04193320075854,-0.0158407019599071,0.),.UNSPECIFIED.);
#567=B_SPLINE_CURVE_WITH_KNOTS('',3,(#6823,#6824,#6825,#6826,#6827,#6828,
#6829,#6830,#6831,#6832,#6833,#6834,#6835,#6836,#6837,#6838,#6839,#6840,
#6841,#6842,#6843,#6844,#6845,#6846,#6847,#6848,#6849,#6850,#6851,#6852,
#6853,#6854,#6855,#6856,#6857,#6858,#6859,#6860,#6861,#6862,#6863,#6864,
#6865,#6866,#6867,#6868,#6869,#6870,#6871,#6872,#6873,#6874,#6875,#6876,
#6877,#6878,#6879,#6880,#6881,#6882,#6883,#6884,#6885,#6886,#6887,#6888,
#6889,#6890,#6891,#6892,#6893,#6894,#6895,#6896,#6897,#6898,#6899,#6900,
#6901,#6902,#6903,#6904,#6905,#6906,#6907),.UNSPECIFIED.,.F.,.F.,(4,3,3,
3,3,3,3,3,3,3,3,3,3,3,3,3,3,3,3,3,3,3,3,3,3,3,3,3,4),(-0.472119585381879,
-0.469146845716115,-0.442774553841955,-0.416018074663198,-0.409325218114973,
-0.382951105603039,-0.363077609548325,-0.35527765742075,-0.350775603344533,
-0.324996023380704,-0.299737801826859,-0.275045062817377,-0.265834242641132,
-0.261403047167601,-0.257629386536344,-0.233137207169245,-0.223963137165322,
-0.198997240851626,-0.174122585745173,-0.168251758520696,-0.143872079430334,
-0.119492960456749,-0.0954997691226614,-0.0852243453443786,-0.0813663866558548,
-0.0578606207708024,-0.0347272923307499,-0.0123379903475771,0.),
 .UNSPECIFIED.);
#568=B_SPLINE_CURVE_WITH_KNOTS('',3,(#6967,#6968,#6969,#6970,#6971,#6972,
#6973,#6974,#6975,#6976,#6977,#6978,#6979,#6980,#6981,#6982,#6983,#6984,
#6985,#6986,#6987,#6988),.UNSPECIFIED.,.F.,.F.,(4,3,3,3,3,3,3,4),(0.,0.0971383117259322,
0.194276623451864,0.291414935177796,0.364268668972246,0.485691558629661,
0.582829870355593,0.679968182081525),.UNSPECIFIED.);
#569=B_SPLINE_CURVE_WITH_KNOTS('',3,(#7036,#7037,#7038,#7039,#7040,#7041,
#7042,#7043,#7044,#7045,#7046,#7047,#7048,#7049,#7050,#7051,#7052,#7053,
#7054,#7055,#7056,#7057),.UNSPECIFIED.,.F.,.F.,(4,3,3,3,3,3,3,4),(0.,0.0971383117259445,
0.194276623451889,0.291414935177833,0.388553246903778,0.485691558629722,
0.582829870355667,0.679968182081611),.UNSPECIFIED.);
#570=B_SPLINE_CURVE_WITH_KNOTS('',3,(#7100,#7101,#7102,#7103,#7104,#7105,
#7106,#7107,#7108,#7109,#7110,#7111,#7112,#7113,#7114,#7115,#7116,#7117,
#7118,#7119,#7120,#7121),.UNSPECIFIED.,.F.,.F.,(4,3,3,3,3,3,3,4),(0.,0.0971383117259779,
0.194276623451956,0.291414935177934,0.388553246903912,0.485691558629889,
0.582829870355867,0.679968182081845),.UNSPECIFIED.);
#571=B_SPLINE_CURVE_WITH_KNOTS('',3,(#7168,#7169,#7170,#7171,#7172,#7173,
#7174,#7175,#7176,#7177,#7178,#7179,#7180,#7181,#7182,#7183,#7184,#7185,
#7186,#7187,#7188,#7189),.UNSPECIFIED.,.F.,.F.,(4,3,3,3,3,3,3,4),(0.,0.0971383117259405,
0.194276623451881,0.291414935177821,0.388553246903762,0.485691558629702,
0.582829870355643,0.679968182081583),.UNSPECIFIED.);
#572=B_SPLINE_CURVE_WITH_KNOTS('',3,(#7236,#7237,#7238,#7239,#7240,#7241,
#7242,#7243,#7244,#7245,#7246,#7247,#7248,#7249,#7250,#7251,#7252,#7253,
#7254,#7255,#7256,#7257),.UNSPECIFIED.,.F.,.F.,(4,3,3,3,3,3,3,4),(0.,0.0971383117258178,
0.194276623451636,0.291414935177454,0.388553246903271,0.485691558629089,
0.582829870354907,0.679968182080725),.UNSPECIFIED.);
#573=B_SPLINE_CURVE_WITH_KNOTS('',3,(#7259,#7260,#7261,#7262,#7263,#7264,
#7265,#7266,#7267,#7268,#7269,#7270,#7271,#7272,#7273,#7274,#7275,#7276,
#7277,#7278,#7279,#7280,#7281,#7282,#7283),.UNSPECIFIED.,.F.,.F.,(4,3,3,
3,3,3,3,3,4),(26.4420776447749,26.6250445005901,27.6236288456835,28.6222131907769,
29.6207975358703,30.6193818809637,31.6179662260571,32.6165505711505,32.7252629519545),
 .UNSPECIFIED.);
#574=B_SPLINE_CURVE_WITH_KNOTS('',3,(#7284,#7285,#7286,#7287,#7288,#7289,
#7290,#7291,#7292,#7293,#7294,#7295,#7296,#7297,#7298,#7299,#7300,#7301,
#7302,#7303,#7304,#7305),.UNSPECIFIED.,.F.,.F.,(4,3,3,3,3,3,3,4),(-28.973780262141,
-28.6222131907769,-27.6236288456835,-26.6250445005901,-25.6264601554967,
-24.6278758104032,-23.6292914653098,-22.6905949549614),.UNSPECIFIED.);
#575=B_SPLINE_CURVE_WITH_KNOTS('',3,(#7562,#7563,#7564,#7565,#7566,#7567,
#7568,#7569,#7570,#7571),.UNSPECIFIED.,.F.,.F.,(4,1,1,1,1,1,1,4),(34.5575191894876,
35.0321652819219,36.0307496270153,37.0293339721088,38.0279183172022,39.0265026622956,
40.025087007389,40.8407044966672),.UNSPECIFIED.);
#576=B_SPLINE_CURVE_WITH_KNOTS('',3,(#7572,#7573,#7574,#7575,#7576,#7577,
#7578,#7579,#7580,#7581,#7582,#7583,#7584,#7585,#7586,#7587,#7588,#7589,
#7590,#7591,#7592,#7593,#7594,#7595,#7596,#7597,#7598,#7599,#7600,#7601,
#7602,#7603,#7604,#7605,#7606,#7607,#7608,#7609,#7610,#7611,#7612,#7613,
#7614,#7615,#7616,#7617,#7618,#7619,#7620,#7621,#7622,#7623,#7624,#7625,
#7626,#7627,#7628,#7629,#7630,#7631,#7632,#7633,#7634,#7635,#7636,#7637,
#7638,#7639,#7640,#7641,#7642,#7643,#7644,#7645,#7646,#7647,#7648,#7649,
#7650,#7651,#7652,#7653,#7654,#7655,#7656,#7657,#7658,#7659),
 .UNSPECIFIED.,.F.,.F.,(4,3,3,3,3,3,3,3,3,3,3,3,3,3,3,3,3,3,3,3,3,3,3,3,
3,3,3,3,3,4),(0.,0.0222858640074301,0.0451921501140511,0.0675385234954625,
0.07731506184983,0.0821101746463394,0.0865762354488998,0.110549136105381,
0.134916185339533,0.157177923295985,0.165628567217085,0.170142706155352,
0.173570992248179,0.198767064706761,0.223963137165343,0.248419854960334,
0.258570427642634,0.26413371998695,0.289760360703102,0.315285107548267,
0.341063477477052,0.351276290704034,0.355319659697351,0.381563524432911,
0.403459354753726,0.41055208250239,0.41674727475648,0.443348501510767,0.46914684571617,
0.472119585381943),.UNSPECIFIED.);
#577=B_SPLINE_CURVE_WITH_KNOTS('',3,(#7661,#7662,#7663,#7664,#7665,#7666,
#7667,#7668,#7669,#7670,#7671,#7672,#7673,#7674,#7675,#7676,#7677,#7678,
#7679,#7680,#7681,#7682,#7683,#7684,#7685),.UNSPECIFIED.,.F.,.F.,(4,3,3,
3,3,3,3,3,4),(26.4420776447749,26.6250445005901,27.6236288456835,28.6222131907769,
29.6207975358703,30.6193818809637,31.6179662260571,32.6165505711505,32.7252629519545),
 .UNSPECIFIED.);
#578=B_SPLINE_CURVE_WITH_KNOTS('',3,(#7686,#7687,#7688,#7689,#7690,#7691,
#7692,#7693,#7694,#7695,#7696,#7697,#7698,#7699,#7700,#7701,#7702,#7703,
#7704,#7705,#7706,#7707),.UNSPECIFIED.,.F.,.F.,(4,3,3,3,3,3,3,4),(-28.973780262141,
-28.6222131907769,-27.6236288456835,-26.6250445005901,-25.6264601554967,
-24.6278758104032,-23.6292914653098,-22.6905949549614),.UNSPECIFIED.);
#579=B_SPLINE_CURVE_WITH_KNOTS('',3,(#7964,#7965,#7966,#7967,#7968,#7969,
#7970,#7971,#7972,#7973),.UNSPECIFIED.,.F.,.F.,(4,1,1,1,1,1,1,4),(34.5575191894876,
35.0321652819219,36.0307496270153,37.0293339721087,38.0279183172022,39.0265026622956,
40.025087007389,40.8407044966672),.UNSPECIFIED.);
#580=B_SPLINE_CURVE_WITH_KNOTS('',3,(#7974,#7975,#7976,#7977,#7978,#7979,
#7980,#7981,#7982,#7983,#7984,#7985,#7986,#7987,#7988,#7989,#7990,#7991,
#7992,#7993,#7994,#7995,#7996,#7997,#7998,#7999,#8000,#8001,#8002,#8003,
#8004,#8005,#8006,#8007,#8008,#8009,#8010,#8011,#8012,#8013,#8014,#8015,
#8016,#8017,#8018,#8019,#8020,#8021,#8022,#8023,#8024,#8025,#8026,#8027,
#8028,#8029,#8030,#8031,#8032,#8033,#8034,#8035,#8036,#8037,#8038,#8039,
#8040,#8041,#8042,#8043,#8044,#8045,#8046,#8047,#8048,#8049,#8050,#8051,
#8052,#8053,#8054,#8055,#8056,#8057,#8058,#8059,#8060,#8061),
 .UNSPECIFIED.,.F.,.F.,(4,3,3,3,3,3,3,3,3,3,3,3,3,3,3,3,3,3,3,3,3,3,3,3,
3,3,3,3,3,4),(0.,0.0222786367054193,0.0451784643309424,0.0675265484352441,
0.0773038352308761,0.0820856881673885,0.0865691276972377,0.110536906367656,
0.134901622501173,0.157167001167219,0.165614711274847,0.17008707156957,
0.173507091725632,0.198735114445494,0.223963137165356,0.248423037084168,
0.258570122232235,0.264133800316111,0.289760430991116,0.315287055842866,
0.341065774489252,0.351278183332681,0.35532082536238,0.381565797567742,
0.403461059604844,0.410559138347502,0.416750212885535,0.443351361511453,
0.469146845716149,0.472119585381922),.UNSPECIFIED.);
#581=B_SPLINE_CURVE_WITH_KNOTS('',3,(#8071,#8072,#8073,#8074,#8075,#8076,
#8077,#8078,#8079,#8080,#8081,#8082,#8083,#8084,#8085,#8086,#8087,#8088,
#8089,#8090,#8091,#8092,#8093,#8094,#8095,#8096,#8097,#8098,#8099,#8100,
#8101,#8102,#8103,#8104,#8105,#8106,#8107,#8108,#8109,#8110,#8111,#8112,
#8113,#8114,#8115,#8116,#8117,#8118,#8119,#8120,#8121,#8122,#8123,#8124,
#8125,#8126,#8127,#8128,#8129,#8130,#8131,#8132,#8133,#8134,#8135,#8136,
#8137,#8138,#8139,#8140,#8141,#8142,#8143,#8144,#8145,#8146,#8147,#8148,
#8149,#8150,#8151,#8152,#8153,#8154,#8155,#8156,#8157,#8158,#8159,#8160,
#8161),.UNSPECIFIED.,.F.,.F.,(4,3,3,3,3,3,3,3,3,3,3,3,3,3,3,3,3,3,3,3,3,
3,3,3,3,3,3,3,3,3,4),(0.,0.0222812188623818,0.0451832530868027,0.0674084561646241,
0.0771319825111709,0.0836319549139572,0.0876285115210474,0.111619181118054,
0.135992469724601,0.157740571720794,0.166189109672877,0.170860915394866,
0.174738009059919,0.199813356563612,0.222984877709374,0.247432969313896,
0.257359824743733,0.261361472516943,0.265217894670106,0.290443147621213,
0.315985045415569,0.341763926708944,0.351721674898824,0.358088491712807,
0.385321348354346,0.405745990835501,0.411748141607598,0.416863324963156,
0.443468406251021,0.467019918278964,0.472119585381906),.UNSPECIFIED.);
#582=B_SPLINE_CURVE_WITH_KNOTS('',3,(#8162,#8163,#8164,#8165,#8166,#8167,
#8168,#8169,#8170,#8171,#8172,#8173,#8174,#8175,#8176,#8177,#8178,#8179,
#8180,#8181,#8182,#8183,#8184,#8185,#8186,#8187,#8188,#8189,#8190,#8191,
#8192,#8193,#8194,#8195,#8196,#8197,#8198,#8199,#8200,#8201,#8202,#8203,
#8204,#8205,#8206,#8207,#8208,#8209,#8210,#8211,#8212,#8213,#8214,#8215,
#8216,#8217,#8218,#8219,#8220,#8221,#8222,#8223,#8224,#8225,#8226,#8227,
#8228,#8229,#8230,#8231,#8232,#8233,#8234,#8235,#8236,#8237,#8238,#8239,
#8240,#8241,#8242,#8243,#8244,#8245,#8246,#8247,#8248,#8249,#8250,#8251,
#8252),.UNSPECIFIED.,.F.,.F.,(4,3,3,3,3,3,3,3,3,3,3,3,3,3,3,3,3,3,3,3,3,
3,3,3,3,3,3,3,3,3,4),(0.,0.0259222309377882,0.05339205855905,0.0774281577276541,
0.0889457683744005,0.0961392675301891,0.100888279759838,0.126893561239748,
0.152747336892555,0.175980715646387,0.186252233156183,0.19120246785802,
0.195400361963969,0.220540606935926,0.245680851907883,0.271002262807342,
0.279996972940485,0.283920881527528,0.287994638175999,0.312608340259299,
0.337248775116544,0.361493284894965,0.371067417758143,0.375418291037668,
0.399096850379214,0.416762831430717,0.422637725265386,0.427418842634169,
0.450186742468281,0.469760774585226,0.474022601254812),.UNSPECIFIED.);
#583=B_SPLINE_CURVE_WITH_KNOTS('',3,(#8253,#8254,#8255,#8256,#8257,#8258,
#8259,#8260,#8261,#8262,#8263,#8264,#8265,#8266,#8267,#8268,#8269,#8270,
#8271,#8272,#8273,#8274,#8275,#8276,#8277,#8278,#8279,#8280,#8281,#8282,
#8283,#8284,#8285,#8286,#8287,#8288,#8289,#8290,#8291,#8292,#8293,#8294,
#8295,#8296,#8297,#8298,#8299,#8300,#8301,#8302,#8303,#8304,#8305,#8306,
#8307,#8308,#8309,#8310,#8311,#8312,#8313,#8314,#8315,#8316,#8317,#8318,
#8319,#8320,#8321,#8322,#8323,#8324,#8325,#8326,#8327,#8328,#8329,#8330,
#8331,#8332,#8333,#8334,#8335,#8336,#8337,#8338,#8339,#8340,#8341,#8342,
#8343),.UNSPECIFIED.,.F.,.F.,(4,3,3,3,3,3,3,3,3,3,3,3,3,3,3,3,3,3,3,3,3,
3,3,3,3,3,3,3,3,3,4),(0.,0.022284470906358,0.0451894153929268,0.0674138481824714,
0.0771370375278972,0.0836412215516456,0.0876309059709023,0.111623827956698,
0.135998113692596,0.157744804696768,0.166194599031223,0.170884502985138,
0.174743122054974,0.199818168314164,0.222984877709284,0.2474315433835,0.257355086025411,
0.261357701334846,0.265216950412965,0.290442321396187,0.315983399443591,
0.341762140100126,0.35172035856203,0.358088310868728,0.385321212721233,
0.405745889110611,0.411747599370226,0.416862447932715,0.44346757981776,
0.467019918278747,0.472119585381687),.UNSPECIFIED.);
#584=B_SPLINE_CURVE_WITH_KNOTS('',3,(#8344,#8345,#8346,#8347,#8348,#8349,
#8350,#8351,#8352,#8353,#8354,#8355,#8356,#8357,#8358,#8359,#8360,#8361,
#8362,#8363,#8364,#8365,#8366,#8367,#8368,#8369,#8370,#8371,#8372,#8373,
#8374,#8375,#8376,#8377,#8378,#8379,#8380,#8381,#8382,#8383,#8384,#8385,
#8386,#8387,#8388,#8389,#8390,#8391,#8392,#8393,#8394,#8395,#8396,#8397,
#8398,#8399,#8400,#8401,#8402,#8403,#8404,#8405,#8406,#8407,#8408,#8409,
#8410,#8411,#8412,#8413,#8414,#8415,#8416,#8417,#8418,#8419,#8420,#8421,
#8422,#8423,#8424,#8425,#8426,#8427,#8428,#8429,#8430,#8431,#8432,#8433,
#8434),.UNSPECIFIED.,.F.,.F.,(4,3,3,3,3,3,3,3,3,3,3,3,3,3,3,3,3,3,3,3,3,
3,3,3,3,3,3,3,3,3,4),(0.,0.0259249762545571,0.0533944607112272,0.0774302596108135,
0.0889468757336224,0.0961386352661077,0.100888211577268,0.126893594523197,
0.152746677783836,0.175980221314856,0.186252108175992,0.191203294402769,
0.195400428289477,0.220540640098697,0.245680851907917,0.271002405909336,
0.279996604159789,0.283919770243223,0.287994420073561,0.312608219736384,
0.337248718809424,0.361492727028607,0.371066493782452,0.375417690684153,
0.399095659007196,0.416761937901711,0.422629924248716,0.427410555380761,
0.450177380083397,0.469760774585257,0.474022601254859),.UNSPECIFIED.);
#585=B_SPLINE_CURVE_WITH_KNOTS('',3,(#8438,#8439,#8440,#8441,#8442,#8443,
#8444,#8445,#8446,#8447,#8448,#8449,#8450,#8451,#8452,#8453,#8454,#8455,
#8456,#8457,#8458,#8459),.UNSPECIFIED.,.F.,.F.,(4,3,3,3,3,3,3,4),(0.,0.0971383117260131,
0.194276623452026,0.291414935178039,0.388553246904052,0.485691558630065,
0.582829870356079,0.679968182082092),.UNSPECIFIED.);
#586=B_SPLINE_CURVE_WITH_KNOTS('',3,(#8463,#8464,#8465,#8466,#8467,#8468,
#8469,#8470,#8471,#8472,#8473,#8474,#8475,#8476,#8477,#8478,#8479,#8480,
#8481,#8482,#8483,#8484),.UNSPECIFIED.,.F.,.F.,(4,3,3,3,3,3,3,4),(0.,0.0971383117258713,
0.194276623451743,0.291414935177614,0.388553246903485,0.485691558629356,
0.582829870355227,0.679968182081099),.UNSPECIFIED.);
#587=B_SPLINE_CURVE_WITH_KNOTS('',3,(#8488,#8489,#8490,#8491,#8492,#8493,
#8494,#8495,#8496,#8497,#8498,#8499,#8500,#8501,#8502,#8503,#8504,#8505,
#8506,#8507,#8508,#8509),.UNSPECIFIED.,.F.,.F.,(4,3,3,3,3,3,3,4),(0.,0.0971383117257621,
0.194276623451524,0.291414935177286,0.388553246903048,0.48569155862881,
0.582829870354572,0.679968182080334),.UNSPECIFIED.);
#588=B_SPLINE_CURVE_WITH_KNOTS('',3,(#8511,#8512,#8513,#8514,#8515,#8516,
#8517,#8518,#8519,#8520,#8521,#8522,#8523,#8524,#8525,#8526,#8527,#8528,
#8529,#8530,#8531,#8532,#8533,#8534,#8535,#8536,#8537,#8538,#8539,#8540,
#8541,#8542,#8543,#8544,#8545,#8546,#8547,#8548,#8549,#8550,#8551,#8552,
#8553,#8554,#8555,#8556,#8557,#8558,#8559,#8560,#8561,#8562,#8563,#8564,
#8565,#8566,#8567,#8568,#8569,#8570,#8571,#8572,#8573,#8574,#8575,#8576,
#8577,#8578,#8579,#8580,#8581,#8582,#8583,#8584,#8585,#8586,#8587,#8588,
#8589,#8590,#8591,#8592,#8593,#8594,#8595,#8596,#8597,#8598),
 .UNSPECIFIED.,.F.,.F.,(4,3,3,3,3,3,3,3,3,3,3,3,3,3,3,3,3,3,3,3,3,3,3,3,
3,3,3,3,3,4),(0.,0.0259199104536363,0.0535129835235,0.0776569224596307,
0.0889698473322749,0.0959558063095133,0.100847175877321,0.12685488598838,
0.152712253608449,0.176200313959473,0.186129510233268,0.192567018235713,
0.196623078844695,0.22164378692862,0.246664495012546,0.271990227490608,
0.282507849214843,0.286632566277339,0.311230181002476,0.335886166736656,
0.360169028712806,0.370340743005638,0.375583163050161,0.399572417340407,
0.417564358058092,0.423227364367803,0.428687231340623,0.45142595005807,
0.471540180211145,0.47402260125476),.UNSPECIFIED.);
#589=B_SPLINE_CURVE_WITH_KNOTS('',3,(#8599,#8600,#8601,#8602,#8603,#8604,
#8605,#8606,#8607,#8608,#8609,#8610,#8611,#8612,#8613,#8614,#8615,#8616,
#8617,#8618,#8619,#8620,#8621,#8622,#8623,#8624,#8625,#8626,#8627,#8628,
#8629,#8630,#8631,#8632,#8633,#8634,#8635,#8636,#8637,#8638,#8639,#8640,
#8641,#8642,#8643,#8644,#8645,#8646,#8647,#8648,#8649,#8650,#8651,#8652,
#8653,#8654,#8655,#8656,#8657,#8658,#8659,#8660,#8661,#8662,#8663,#8664,
#8665,#8666,#8667,#8668,#8669,#8670,#8671,#8672,#8673,#8674,#8675,#8676,
#8677,#8678,#8679,#8680,#8681,#8682,#8683,#8684,#8685,#8686),
 .UNSPECIFIED.,.F.,.F.,(4,3,3,3,3,3,3,3,3,3,3,3,3,3,3,3,3,3,3,3,3,3,3,3,
3,3,3,3,3,4),(0.,0.0259260218507759,0.0535183309960049,0.0776616014980803,
0.0889714660050262,0.0959557055056609,0.100847379830108,0.126855282872848,
0.152711063570286,0.176199421430867,0.186129519358547,0.192568840987186,
0.196623744459563,0.221644119736086,0.246664495012608,0.271990544764338,
0.282507764527341,0.286632472966478,0.311230259566007,0.335886383849375,
0.360168091732092,0.37033941738969,0.375582308597774,0.39957177650113,0.417563877428646,
0.423226301292964,0.428686520978113,0.451422304631353,0.471540180211196,
0.474022601254812),.UNSPECIFIED.);
#590=B_SPLINE_CURVE_WITH_KNOTS('',3,(#8818,#8819,#8820,#8821,#8822,#8823,
#8824,#8825,#8826,#8827),.UNSPECIFIED.,.F.,.F.,(4,1,1,1,1,1,1,4),(34.5575191894877,
35.4962156998361,36.4948000449295,37.4933843900229,38.4919687351163,39.4905530802098,
40.4891374253032,40.8407044966673),.UNSPECIFIED.);
#591=B_SPLINE_CURVE_WITH_KNOTS('',3,(#9093,#9094,#9095,#9096,#9097,#9098,
#9099,#9100,#9101,#9102,#9103,#9104,#9105,#9106,#9107,#9108,#9109,#9110,
#9111,#9112,#9113,#9114,#9115,#9116,#9117,#9118,#9119,#9120,#9121,#9122,
#9123,#9124,#9125,#9126,#9127,#9128,#9129,#9130,#9131,#9132,#9133,#9134,
#9135,#9136,#9137,#9138,#9139,#9140,#9141,#9142,#9143,#9144,#9145,#9146,
#9147,#9148,#9149,#9150,#9151,#9152,#9153,#9154,#9155,#9156,#9157,#9158,
#9159,#9160,#9161,#9162,#9163,#9164,#9165,#9166,#9167,#9168,#9169,#9170,
#9171,#9172,#9173,#9174,#9175,#9176,#9177,#9178,#9179,#9180,#9181,#9182,
#9183),.UNSPECIFIED.,.F.,.F.,(4,3,3,3,3,3,3,3,3,3,3,3,3,3,3,3,3,3,3,3,3,
3,3,3,3,3,3,3,3,3,4),(0.,0.0259222269028421,0.0533920550284709,0.0774281546383962,
0.0889457667407423,0.0961392684631997,0.100888279865979,0.126893561169923,
0.152747337805561,0.175980716331139,0.186252233327866,0.191202466613435,
0.195400361895116,0.220540606901495,0.245680851907873,0.271002262580472,
0.279996973384132,0.283920882847285,0.287994638442423,0.312608340368186,
0.337248775095669,0.361493285533179,0.371067418948333,0.375418291852493,
0.399096851978226,0.416762832629973,0.422637735779905,0.427418853931408,
0.45018675523775,0.469760774585213,0.47402260125481),.UNSPECIFIED.);
#592=B_SPLINE_CURVE_WITH_KNOTS('',3,(#9184,#9185,#9186,#9187,#9188,#9189,
#9190,#9191,#9192,#9193,#9194,#9195,#9196,#9197,#9198,#9199,#9200,#9201,
#9202,#9203,#9204,#9205,#9206,#9207,#9208,#9209,#9210,#9211,#9212,#9213,
#9214,#9215,#9216,#9217,#9218,#9219,#9220,#9221,#9222,#9223,#9224,#9225,
#9226,#9227,#9228,#9229,#9230,#9231,#9232,#9233,#9234,#9235,#9236,#9237,
#9238,#9239,#9240,#9241,#9242,#9243,#9244,#9245,#9246,#9247,#9248,#9249,
#9250,#9251,#9252,#9253,#9254,#9255,#9256,#9257,#9258,#9259,#9260,#9261,
#9262,#9263,#9264,#9265,#9266,#9267,#9268,#9269,#9270,#9271,#9272,#9273,
#9274),.UNSPECIFIED.,.F.,.F.,(4,3,3,3,3,3,3,3,3,3,3,3,3,3,3,3,3,3,3,3,3,
3,3,3,3,3,3,3,3,3,4),(0.,0.0222812236386857,0.0451832621457169,0.0674084640911638,
0.0771319899422968,0.0836319685212889,0.0876285150198747,0.111619187942597,
0.135992478048229,0.157740577963495,0.166189117776394,0.170860950063413,
0.174738016455909,0.199813363569095,0.222984877709292,0.247432967274932,
0.257359817986259,0.261361467140585,0.265217893335456,0.290443146453379,
0.315985043068383,0.341763924159777,0.351721673052792,0.358088491468444,
0.385321348171043,0.405745990697993,0.411748140772854,0.41686332372181,
0.443468405101342,0.467019918278842,0.472119585381784),.UNSPECIFIED.);
#593=B_SPLINE_CURVE_WITH_KNOTS('',3,(#9275,#9276,#9277,#9278,#9279,#9280,
#9281,#9282,#9283,#9284,#9285,#9286,#9287,#9288,#9289,#9290,#9291,#9292,
#9293,#9294,#9295,#9296,#9297,#9298,#9299,#9300,#9301,#9302,#9303,#9304,
#9305,#9306,#9307,#9308,#9309,#9310,#9311,#9312,#9313,#9314,#9315,#9316,
#9317,#9318,#9319,#9320,#9321,#9322,#9323,#9324,#9325,#9326,#9327,#9328,
#9329,#9330,#9331,#9332,#9333,#9334,#9335,#9336,#9337,#9338,#9339,#9340,
#9341,#9342,#9343,#9344,#9345,#9346,#9347,#9348,#9349,#9350,#9351,#9352,
#9353,#9354,#9355,#9356,#9357,#9358,#9359,#9360,#9361,#9362,#9363,#9364,
#9365),.UNSPECIFIED.,.F.,.F.,(4,3,3,3,3,3,3,3,3,3,3,3,3,3,3,3,3,3,3,3,3,
3,3,3,3,3,3,3,3,3,4),(0.,0.0259249709518033,0.0533944560713234,0.0774302555509035,
0.0889468736018916,0.0961386364876571,0.100888211748555,0.126893594534788,
0.152746679173983,0.175980222357478,0.186252108442534,0.191203292812704,
0.195400428232704,0.220540640070334,0.245680851907964,0.271002405652512,
0.279996604992952,0.283919772753631,0.287994420559437,0.312608220051854,
0.337248719046843,0.361492728339071,0.371066495779737,0.37541769193191,
0.399095661509095,0.416761939778131,0.422629940482672,0.427410572556106,
0.450177399473714,0.469760774585238,0.474022601254832),.UNSPECIFIED.);
#594=B_SPLINE_CURVE_WITH_KNOTS('',3,(#9366,#9367,#9368,#9369,#9370,#9371,
#9372,#9373,#9374,#9375,#9376,#9377,#9378,#9379,#9380,#9381,#9382,#9383,
#9384,#9385,#9386,#9387,#9388,#9389,#9390,#9391,#9392,#9393,#9394,#9395,
#9396,#9397,#9398,#9399,#9400,#9401,#9402,#9403,#9404,#9405,#9406,#9407,
#9408,#9409,#9410,#9411,#9412,#9413,#9414,#9415,#9416,#9417,#9418,#9419,
#9420,#9421,#9422,#9423,#9424,#9425,#9426,#9427,#9428,#9429,#9430,#9431,
#9432,#9433,#9434,#9435,#9436,#9437,#9438,#9439,#9440,#9441,#9442,#9443,
#9444,#9445,#9446,#9447,#9448,#9449,#9450,#9451,#9452,#9453,#9454,#9455,
#9456),.UNSPECIFIED.,.F.,.F.,(4,3,3,3,3,3,3,3,3,3,3,3,3,3,3,3,3,3,3,3,3,
3,3,3,3,3,3,3,3,3,4),(0.,0.0222844771989885,0.0451894273086774,0.0674138586087595,
0.0771370473025454,0.083641239489725,0.0876309106278666,0.111623836947252,
0.13599812456342,0.157744812849899,0.166194609593681,0.170884548593911,
0.174743132098481,0.199818177708884,0.222984877709334,0.24743154055876,
0.257355076615888,0.261357693961795,0.265216948551246,0.2904423197672,0.315983396197235,
0.341762136577504,0.351720355912602,0.358088310464689,0.385321212418236,
0.405745888883396,0.411747598242604,0.416862446049709,0.443467578010058,
0.467019918278876,0.472119585381811),.UNSPECIFIED.);
#595=B_SPLINE_CURVE_WITH_KNOTS('',3,(#9458,#9459,#9460,#9461,#9462,#9463,
#9464,#9465,#9466,#9467),.UNSPECIFIED.,.F.,.F.,(4,1,1,1,1,1,1,4),(34.5575191894877,
35.4962156998361,36.4948000449295,37.493384390023,38.4919687351164,39.4905530802098,
40.4891374253032,40.8407044966673),.UNSPECIFIED.);
#596=B_SPLINE_CURVE_WITH_KNOTS('',3,(#9725,#9726,#9727,#9728,#9729,#9730,
#9731,#9732,#9733,#9734,#9735),.UNSPECIFIED.,.F.,.F.,(4,1,1,1,1,1,1,1,4),
(15.7079632679489,15.8446328338169,16.8390599836395,17.8334871334621,18.8279142832848,
19.8223414331074,20.8167685829301,21.8111957327527,21.9911485751285),
 .UNSPECIFIED.);
#597=B_SPLINE_CURVE_WITH_KNOTS('',3,(#9736,#9737,#9738,#9739,#9740,#9741,
#9742,#9743,#9744,#9745),.UNSPECIFIED.,.F.,.F.,(4,1,1,1,1,1,1,4),(15.7079632679489,
16.3874811515376,17.3819083013603,18.3763354511829,19.3707626010055,20.3651897508282,
21.3596169006508,21.9911485751285),.UNSPECIFIED.);
#598=B_SPLINE_CURVE_WITH_KNOTS('',3,(#10082,#10083,#10084,#10085,#10086,
#10087,#10088,#10089,#10090,#10091,#10092,#10093,#10094,#10095,#10096,#10097,
#10098,#10099,#10100,#10101,#10102,#10103,#10104,#10105,#10106),
 .UNSPECIFIED.,.F.,.F.,(4,3,3,3,3,3,3,3,4),(-10.1242243406022,-9.94427149822645,
-8.94984434840381,-7.95541719858116,-6.96099004875852,-5.96656289893587,
-4.97213574911323,-3.97770859929058,-3.84103903342263),.UNSPECIFIED.);
#599=B_SPLINE_CURVE_WITH_KNOTS('',3,(#10443,#10444,#10445,#10446,#10447,
#10448,#10449,#10450,#10451,#10452,#10453,#10454,#10455,#10456,#10457,#10458,
#10459,#10460,#10461,#10462,#10463,#10464),.UNSPECIFIED.,.F.,.F.,(4,3,3,
3,3,3,3,4),(7.59252172323613,7.95541719858117,8.94984434840381,9.94427149822646,
10.9386986480491,11.9331257978717,12.9275529476944,13.8757070304157),
 .UNSPECIFIED.);
#600=B_SPLINE_CURVE_WITH_KNOTS('',3,(#10466,#10467,#10468,#10469,#10470,
#10471,#10472,#10473,#10474,#10475,#10476),.UNSPECIFIED.,.F.,.F.,(4,1,1,
1,1,1,1,1,4),(15.7079632679489,15.8446328338168,16.8390599836395,17.8334871334621,
18.8279142832848,19.8223414331074,20.8167685829301,21.8111957327527,21.9911485751285),
 .UNSPECIFIED.);
#601=B_SPLINE_CURVE_WITH_KNOTS('',3,(#10477,#10478,#10479,#10480,#10481,
#10482,#10483,#10484,#10485,#10486),.UNSPECIFIED.,.F.,.F.,(4,1,1,1,1,1,
1,4),(15.7079632679489,16.3874811515376,17.3819083013603,18.3763354511829,
19.3707626010056,20.3651897508282,21.3596169006508,21.9911485751285),
 .UNSPECIFIED.);
#602=B_SPLINE_CURVE_WITH_KNOTS('',3,(#10823,#10824,#10825,#10826,#10827,
#10828,#10829,#10830,#10831,#10832,#10833,#10834,#10835,#10836,#10837,#10838,
#10839,#10840,#10841,#10842,#10843,#10844,#10845,#10846,#10847),
 .UNSPECIFIED.,.F.,.F.,(4,3,3,3,3,3,3,3,4),(-10.1242243406022,-9.94427149822646,
-8.94984434840381,-7.95541719858117,-6.96099004875852,-5.96656289893587,
-4.97213574911323,-3.97770859929059,-3.84103903342266),.UNSPECIFIED.);
#603=B_SPLINE_CURVE_WITH_KNOTS('',3,(#11184,#11185,#11186,#11187,#11188,
#11189,#11190,#11191,#11192,#11193,#11194,#11195,#11196,#11197,#11198,#11199,
#11200,#11201,#11202,#11203,#11204,#11205),.UNSPECIFIED.,.F.,.F.,(4,3,3,
3,3,3,3,4),(7.59252172323612,7.95541719858114,8.94984434840379,9.94427149822643,
10.9386986480491,11.9331257978717,12.9275529476944,13.8757070304157),
 .UNSPECIFIED.);
#604=LINE('',#3260,#761);
#605=LINE('',#3299,#762);
#606=LINE('',#3350,#763);
#607=LINE('',#3401,#764);
#608=LINE('',#3449,#765);
#609=LINE('',#3500,#766);
#610=LINE('',#3551,#767);
#611=LINE('',#3599,#768);
#612=LINE('',#3650,#769);
#613=LINE('',#3701,#770);
#614=LINE('',#3749,#771);
#615=LINE('',#3800,#772);
#616=LINE('',#3839,#773);
#617=LINE('',#3878,#774);
#618=LINE('',#3929,#775);
#619=LINE('',#3980,#776);
#620=LINE('',#4028,#777);
#621=LINE('',#4079,#778);
#622=LINE('',#4130,#779);
#623=LINE('',#4178,#780);
#624=LINE('',#4229,#781);
#625=LINE('',#4280,#782);
#626=LINE('',#4328,#783);
#627=LINE('',#4379,#784);
#628=LINE('',#4418,#785);
#629=LINE('',#4435,#786);
#630=LINE('',#4460,#787);
#631=LINE('',#4484,#788);
#632=LINE('',#4509,#789);
#633=LINE('',#4534,#790);
#634=LINE('',#4558,#791);
#635=LINE('',#4583,#792);
#636=LINE('',#4608,#793);
#637=LINE('',#4632,#794);
#638=LINE('',#4657,#795);
#639=LINE('',#4682,#796);
#640=LINE('',#4706,#797);
#641=LINE('',#4723,#798);
#642=LINE('',#4740,#799);
#643=LINE('',#4765,#800);
#644=LINE('',#4789,#801);
#645=LINE('',#4814,#802);
#646=LINE('',#4839,#803);
#647=LINE('',#4863,#804);
#648=LINE('',#4888,#805);
#649=LINE('',#4913,#806);
#650=LINE('',#4937,#807);
#651=LINE('',#4962,#808);
#652=LINE('',#4987,#809);
#653=LINE('',#5011,#810);
#654=LINE('',#5028,#811);
#655=LINE('',#5045,#812);
#656=LINE('',#5070,#813);
#657=LINE('',#5094,#814);
#658=LINE('',#5119,#815);
#659=LINE('',#5144,#816);
#660=LINE('',#5168,#817);
#661=LINE('',#5193,#818);
#662=LINE('',#5217,#819);
#663=LINE('',#5242,#820);
#664=LINE('',#5258,#821);
#665=LINE('',#5275,#822);
#666=LINE('',#5300,#823);
#667=LINE('',#5324,#824);
#668=LINE('',#5349,#825);
#669=LINE('',#5374,#826);
#670=LINE('',#5398,#827);
#671=LINE('',#5423,#828);
#672=LINE('',#5447,#829);
#673=LINE('',#5472,#830);
#674=LINE('',#5488,#831);
#675=LINE('',#5527,#832);
#676=LINE('',#5578,#833);
#677=LINE('',#5629,#834);
#678=LINE('',#5677,#835);
#679=LINE('',#5728,#836);
#680=LINE('',#5779,#837);
#681=LINE('',#5827,#838);
#682=LINE('',#5875,#839);
#683=LINE('',#5911,#840);
#684=LINE('',#5950,#841);
#685=LINE('',#6001,#842);
#686=LINE('',#6052,#843);
#687=LINE('',#6100,#844);
#688=LINE('',#6151,#845);
#689=LINE('',#6202,#846);
#690=LINE('',#6250,#847);
#691=LINE('',#6298,#848);
#692=LINE('',#6336,#849);
#693=LINE('',#6339,#850);
#694=LINE('',#6342,#851);
#695=LINE('',#6344,#852);
#696=LINE('',#6345,#853);
#697=LINE('',#6351,#854);
#698=LINE('',#6354,#855);
#699=LINE('',#6356,#856);
#700=LINE('',#6358,#857);
#701=LINE('',#6362,#858);
#702=LINE('',#6389,#859);
#703=LINE('',#6414,#860);
#704=LINE('',#6462,#861);
#705=LINE('',#6487,#862);
#706=LINE('',#6512,#863);
#707=LINE('',#6537,#864);
#708=LINE('',#6561,#865);
#709=LINE('',#6910,#866);
#710=LINE('',#6911,#867);
#711=LINE('',#6915,#868);
#712=LINE('',#6918,#869);
#713=LINE('',#6919,#870);
#714=LINE('',#6923,#871);
#715=LINE('',#6965,#872);
#716=LINE('',#6989,#873);
#717=LINE('',#6992,#874);
#718=LINE('',#6993,#875);
#719=LINE('',#7035,#876);
#720=LINE('',#7099,#877);
#721=LINE('',#7124,#878);
#722=LINE('',#7125,#879);
#723=LINE('',#7167,#880);
#724=LINE('',#7192,#881);
#725=LINE('',#7193,#882);
#726=LINE('',#7235,#883);
#727=LINE('',#8065,#884);
#728=LINE('',#8067,#885);
#729=LINE('',#8069,#886);
#730=LINE('',#8070,#887);
#731=LINE('',#8436,#888);
#732=LINE('',#8461,#889);
#733=LINE('',#8486,#890);
#734=LINE('',#8510,#891);
#735=LINE('',#8727,#892);
#736=LINE('',#8728,#893);
#737=LINE('',#8730,#894);
#738=LINE('',#8771,#895);
#739=LINE('',#8773,#896);
#740=LINE('',#8814,#897);
#741=LINE('',#9087,#898);
#742=LINE('',#9089,#899);
#743=LINE('',#9091,#900);
#744=LINE('',#9092,#901);
#745=LINE('',#11211,#902);
#746=LINE('',#11213,#903);
#747=LINE('',#11215,#904);
#748=LINE('',#11216,#905);
#749=LINE('',#11219,#906);
#750=LINE('',#11221,#907);
#751=LINE('',#11223,#908);
#752=LINE('',#11224,#909);
#753=LINE('',#11226,#910);
#754=LINE('',#11227,#911);
#755=LINE('',#11229,#912);
#756=LINE('',#11231,#913);
#757=LINE('',#11234,#914);
#758=LINE('',#11235,#915);
#759=LINE('',#11237,#916);
#760=LINE('',#11239,#917);
#761=VECTOR('',#2807,2.117);
#762=VECTOR('',#2812,2.117);
#763=VECTOR('',#2815,2.117);
#764=VECTOR('',#2818,2.117);
#765=VECTOR('',#2821,2.117);
#766=VECTOR('',#2824,2.117);
#767=VECTOR('',#2827,2.117);
#768=VECTOR('',#2830,2.117);
#769=VECTOR('',#2833,2.117);
#770=VECTOR('',#2836,2.117);
#771=VECTOR('',#2839,2.117);
#772=VECTOR('',#2842,2.117);
#773=VECTOR('',#2847,2.117);
#774=VECTOR('',#2852,2.117);
#775=VECTOR('',#2855,2.117);
#776=VECTOR('',#2858,2.117);
#777=VECTOR('',#2861,2.117);
#778=VECTOR('',#2864,2.117);
#779=VECTOR('',#2867,2.117);
#780=VECTOR('',#2870,2.117);
#781=VECTOR('',#2873,2.117);
#782=VECTOR('',#2876,2.117);
#783=VECTOR('',#2879,2.117);
#784=VECTOR('',#2882,2.117);
#785=VECTOR('',#2887,2.56);
#786=VECTOR('',#2892,2.56);
#787=VECTOR('',#2895,2.56);
#788=VECTOR('',#2898,2.56);
#789=VECTOR('',#2901,2.56);
#790=VECTOR('',#2904,2.56);
#791=VECTOR('',#2907,2.56);
#792=VECTOR('',#2910,2.56);
#793=VECTOR('',#2913,2.56);
#794=VECTOR('',#2916,2.56);
#795=VECTOR('',#2919,2.56);
#796=VECTOR('',#2922,2.56);
#797=VECTOR('',#2925,2.56);
#798=VECTOR('',#2930,2.56000000000004);
#799=VECTOR('',#2935,2.56000000000004);
#800=VECTOR('',#2938,2.56000000000004);
#801=VECTOR('',#2941,2.56000000000004);
#802=VECTOR('',#2944,2.56000000000004);
#803=VECTOR('',#2947,2.56000000000004);
#804=VECTOR('',#2950,2.56000000000004);
#805=VECTOR('',#2953,2.56000000000004);
#806=VECTOR('',#2956,2.56000000000004);
#807=VECTOR('',#2959,2.56000000000004);
#808=VECTOR('',#2962,2.56000000000004);
#809=VECTOR('',#2965,2.56000000000004);
#810=VECTOR('',#2968,2.56000000000004);
#811=VECTOR('',#2973,2.55999999999997);
#812=VECTOR('',#2978,2.55999999999997);
#813=VECTOR('',#2981,2.55999999999997);
#814=VECTOR('',#2984,2.55999999999997);
#815=VECTOR('',#2987,2.55999999999997);
#816=VECTOR('',#2990,2.55999999999997);
#817=VECTOR('',#2993,2.55999999999997);
#818=VECTOR('',#2996,2.55999999999997);
#819=VECTOR('',#2999,2.55999999999997);
#820=VECTOR('',#3002,2.55999999999997);
#821=VECTOR('',#3007,2.56);
#822=VECTOR('',#3012,2.56);
#823=VECTOR('',#3015,2.56);
#824=VECTOR('',#3018,2.56);
#825=VECTOR('',#3021,2.56);
#826=VECTOR('',#3024,2.56);
#827=VECTOR('',#3027,2.56);
#828=VECTOR('',#3030,2.56);
#829=VECTOR('',#3033,2.56);
#830=VECTOR('',#3036,2.56);
#831=VECTOR('',#3041,2.117);
#832=VECTOR('',#3046,2.117);
#833=VECTOR('',#3049,2.117);
#834=VECTOR('',#3052,2.117);
#835=VECTOR('',#3055,2.117);
#836=VECTOR('',#3058,2.117);
#837=VECTOR('',#3061,2.117);
#838=VECTOR('',#3064,2.117);
#839=VECTOR('',#3067,2.117);
#840=VECTOR('',#3072,2.117);
#841=VECTOR('',#3077,2.117);
#842=VECTOR('',#3080,2.117);
#843=VECTOR('',#3083,2.117);
#844=VECTOR('',#3086,2.117);
#845=VECTOR('',#3089,2.117);
#846=VECTOR('',#3092,2.117);
#847=VECTOR('',#3095,2.117);
#848=VECTOR('',#3098,2.117);
#849=VECTOR('',#3105,10.);
#850=VECTOR('',#3108,10.);
#851=VECTOR('',#3111,10.);
#852=VECTOR('',#3112,10.);
#853=VECTOR('',#3113,10.);
#854=VECTOR('',#3118,10.);
#855=VECTOR('',#3121,10.);
#856=VECTOR('',#3124,10.);
#857=VECTOR('',#3125,10.);
#858=VECTOR('',#3128,10.);
#859=VECTOR('',#3131,10.);
#860=VECTOR('',#3132,10.);
#861=VECTOR('',#3133,10.);
#862=VECTOR('',#3134,10.);
#863=VECTOR('',#3135,10.);
#864=VECTOR('',#3136,10.);
#865=VECTOR('',#3137,10.);
#866=VECTOR('',#3140,10.);
#867=VECTOR('',#3141,10.);
#868=VECTOR('',#3146,10.);
#869=VECTOR('',#3149,10.);
#870=VECTOR('',#3150,10.);
#871=VECTOR('',#3157,10.);
#872=VECTOR('',#3158,10.);
#873=VECTOR('',#3159,10.);
#874=VECTOR('',#3162,10.);
#875=VECTOR('',#3163,10.);
#876=VECTOR('',#3164,10.);
#877=VECTOR('',#3165,10.);
#878=VECTOR('',#3168,10.);
#879=VECTOR('',#3169,10.);
#880=VECTOR('',#3170,10.);
#881=VECTOR('',#3173,10.);
#882=VECTOR('',#3174,10.);
#883=VECTOR('',#3175,10.);
#884=VECTOR('',#3182,10.);
#885=VECTOR('',#3183,10.);
#886=VECTOR('',#3184,10.);
#887=VECTOR('',#3185,10.);
#888=VECTOR('',#3186,10.);
#889=VECTOR('',#3187,10.);
#890=VECTOR('',#3188,10.);
#891=VECTOR('',#3189,10.);
#892=VECTOR('',#3190,10.);
#893=VECTOR('',#3191,10.);
#894=VECTOR('',#3194,10.);
#895=VECTOR('',#3195,10.);
#896=VECTOR('',#3198,10.);
#897=VECTOR('',#3199,10.);
#898=VECTOR('',#3208,10.);
#899=VECTOR('',#3209,10.);
#900=VECTOR('',#3210,10.);
#901=VECTOR('',#3211,10.);
#902=VECTOR('',#3224,10.);
#903=VECTOR('',#3225,10.);
#904=VECTOR('',#3226,10.);
#905=VECTOR('',#3227,10.);
#906=VECTOR('',#3228,10.);
#907=VECTOR('',#3229,10.);
#908=VECTOR('',#3230,10.);
#909=VECTOR('',#3231,10.);
#910=VECTOR('',#3234,10.);
#911=VECTOR('',#3235,10.);
#912=VECTOR('',#3238,10.);
#913=VECTOR('',#3241,10.);
#914=VECTOR('',#3246,10.);
#915=VECTOR('',#3247,10.);
#916=VECTOR('',#3250,10.);
#917=VECTOR('',#3253,10.);
#918=VERTEX_POINT('',#3258);
#919=VERTEX_POINT('',#3259);
#920=VERTEX_POINT('',#3261);
#921=VERTEX_POINT('',#3275);
#922=VERTEX_POINT('',#3297);
#923=VERTEX_POINT('',#3298);
#924=VERTEX_POINT('',#3348);
#925=VERTEX_POINT('',#3349);
#926=VERTEX_POINT('',#3399);
#927=VERTEX_POINT('',#3400);
#928=VERTEX_POINT('',#3447);
#929=VERTEX_POINT('',#3448);
#930=VERTEX_POINT('',#3498);
#931=VERTEX_POINT('',#3499);
#932=VERTEX_POINT('',#3549);
#933=VERTEX_POINT('',#3550);
#934=VERTEX_POINT('',#3597);
#935=VERTEX_POINT('',#3598);
#936=VERTEX_POINT('',#3648);
#937=VERTEX_POINT('',#3649);
#938=VERTEX_POINT('',#3699);
#939=VERTEX_POINT('',#3700);
#940=VERTEX_POINT('',#3747);
#941=VERTEX_POINT('',#3748);
#942=VERTEX_POINT('',#3798);
#943=VERTEX_POINT('',#3799);
#944=VERTEX_POINT('',#3801);
#945=VERTEX_POINT('',#3815);
#946=VERTEX_POINT('',#3837);
#947=VERTEX_POINT('',#3838);
#948=VERTEX_POINT('',#3840);
#949=VERTEX_POINT('',#3854);
#950=VERTEX_POINT('',#3876);
#951=VERTEX_POINT('',#3877);
#952=VERTEX_POINT('',#3927);
#953=VERTEX_POINT('',#3928);
#954=VERTEX_POINT('',#3978);
#955=VERTEX_POINT('',#3979);
#956=VERTEX_POINT('',#4026);
#957=VERTEX_POINT('',#4027);
#958=VERTEX_POINT('',#4077);
#959=VERTEX_POINT('',#4078);
#960=VERTEX_POINT('',#4128);
#961=VERTEX_POINT('',#4129);
#962=VERTEX_POINT('',#4176);
#963=VERTEX_POINT('',#4177);
#964=VERTEX_POINT('',#4227);
#965=VERTEX_POINT('',#4228);
#966=VERTEX_POINT('',#4278);
#967=VERTEX_POINT('',#4279);
#968=VERTEX_POINT('',#4326);
#969=VERTEX_POINT('',#4327);
#970=VERTEX_POINT('',#4377);
#971=VERTEX_POINT('',#4378);
#972=VERTEX_POINT('',#4380);
#973=VERTEX_POINT('',#4394);
#974=VERTEX_POINT('',#4416);
#975=VERTEX_POINT('',#4417);
#976=VERTEX_POINT('',#4419);
#977=VERTEX_POINT('',#4425);
#978=VERTEX_POINT('',#4433);
#979=VERTEX_POINT('',#4434);
#980=VERTEX_POINT('',#4458);
#981=VERTEX_POINT('',#4459);
#982=VERTEX_POINT('',#4482);
#983=VERTEX_POINT('',#4483);
#984=VERTEX_POINT('',#4507);
#985=VERTEX_POINT('',#4508);
#986=VERTEX_POINT('',#4532);
#987=VERTEX_POINT('',#4533);
#988=VERTEX_POINT('',#4556);
#989=VERTEX_POINT('',#4557);
#990=VERTEX_POINT('',#4581);
#991=VERTEX_POINT('',#4582);
#992=VERTEX_POINT('',#4606);
#993=VERTEX_POINT('',#4607);
#994=VERTEX_POINT('',#4630);
#995=VERTEX_POINT('',#4631);
#996=VERTEX_POINT('',#4655);
#997=VERTEX_POINT('',#4656);
#998=VERTEX_POINT('',#4680);
#999=VERTEX_POINT('',#4681);
#1000=VERTEX_POINT('',#4704);
#1001=VERTEX_POINT('',#4705);
#1002=VERTEX_POINT('',#4707);
#1003=VERTEX_POINT('',#4713);
#1004=VERTEX_POINT('',#4721);
#1005=VERTEX_POINT('',#4722);
#1006=VERTEX_POINT('',#4724);
#1007=VERTEX_POINT('',#4730);
#1008=VERTEX_POINT('',#4738);
#1009=VERTEX_POINT('',#4739);
#1010=VERTEX_POINT('',#4763);
#1011=VERTEX_POINT('',#4764);
#1012=VERTEX_POINT('',#4787);
#1013=VERTEX_POINT('',#4788);
#1014=VERTEX_POINT('',#4812);
#1015=VERTEX_POINT('',#4813);
#1016=VERTEX_POINT('',#4837);
#1017=VERTEX_POINT('',#4838);
#1018=VERTEX_POINT('',#4861);
#1019=VERTEX_POINT('',#4862);
#1020=VERTEX_POINT('',#4886);
#1021=VERTEX_POINT('',#4887);
#1022=VERTEX_POINT('',#4911);
#1023=VERTEX_POINT('',#4912);
#1024=VERTEX_POINT('',#4935);
#1025=VERTEX_POINT('',#4936);
#1026=VERTEX_POINT('',#4960);
#1027=VERTEX_POINT('',#4961);
#1028=VERTEX_POINT('',#4985);
#1029=VERTEX_POINT('',#4986);
#1030=VERTEX_POINT('',#5009);
#1031=VERTEX_POINT('',#5010);
#1032=VERTEX_POINT('',#5012);
#1033=VERTEX_POINT('',#5018);
#1034=VERTEX_POINT('',#5026);
#1035=VERTEX_POINT('',#5027);
#1036=VERTEX_POINT('',#5029);
#1037=VERTEX_POINT('',#5035);
#1038=VERTEX_POINT('',#5043);
#1039=VERTEX_POINT('',#5044);
#1040=VERTEX_POINT('',#5068);
#1041=VERTEX_POINT('',#5069);
#1042=VERTEX_POINT('',#5092);
#1043=VERTEX_POINT('',#5093);
#1044=VERTEX_POINT('',#5117);
#1045=VERTEX_POINT('',#5118);
#1046=VERTEX_POINT('',#5142);
#1047=VERTEX_POINT('',#5143);
#1048=VERTEX_POINT('',#5166);
#1049=VERTEX_POINT('',#5167);
#1050=VERTEX_POINT('',#5191);
#1051=VERTEX_POINT('',#5192);
#1052=VERTEX_POINT('',#5215);
#1053=VERTEX_POINT('',#5216);
#1054=VERTEX_POINT('',#5240);
#1055=VERTEX_POINT('',#5241);
#1056=VERTEX_POINT('',#5243);
#1057=VERTEX_POINT('',#5248);
#1058=VERTEX_POINT('',#5256);
#1059=VERTEX_POINT('',#5257);
#1060=VERTEX_POINT('',#5259);
#1061=VERTEX_POINT('',#5265);
#1062=VERTEX_POINT('',#5273);
#1063=VERTEX_POINT('',#5274);
#1064=VERTEX_POINT('',#5298);
#1065=VERTEX_POINT('',#5299);
#1066=VERTEX_POINT('',#5322);
#1067=VERTEX_POINT('',#5323);
#1068=VERTEX_POINT('',#5347);
#1069=VERTEX_POINT('',#5348);
#1070=VERTEX_POINT('',#5372);
#1071=VERTEX_POINT('',#5373);
#1072=VERTEX_POINT('',#5396);
#1073=VERTEX_POINT('',#5397);
#1074=VERTEX_POINT('',#5421);
#1075=VERTEX_POINT('',#5422);
#1076=VERTEX_POINT('',#5445);
#1077=VERTEX_POINT('',#5446);
#1078=VERTEX_POINT('',#5470);
#1079=VERTEX_POINT('',#5471);
#1080=VERTEX_POINT('',#5473);
#1081=VERTEX_POINT('',#5478);
#1082=VERTEX_POINT('',#5486);
#1083=VERTEX_POINT('',#5487);
#1084=VERTEX_POINT('',#5489);
#1085=VERTEX_POINT('',#5503);
#1086=VERTEX_POINT('',#5525);
#1087=VERTEX_POINT('',#5526);
#1088=VERTEX_POINT('',#5576);
#1089=VERTEX_POINT('',#5577);
#1090=VERTEX_POINT('',#5627);
#1091=VERTEX_POINT('',#5628);
#1092=VERTEX_POINT('',#5675);
#1093=VERTEX_POINT('',#5676);
#1094=VERTEX_POINT('',#5726);
#1095=VERTEX_POINT('',#5727);
#1096=VERTEX_POINT('',#5777);
#1097=VERTEX_POINT('',#5778);
#1098=VERTEX_POINT('',#5825);
#1099=VERTEX_POINT('',#5826);
#1100=VERTEX_POINT('',#5873);
#1101=VERTEX_POINT('',#5874);
#1102=VERTEX_POINT('',#5876);
#1103=VERTEX_POINT('',#5890);
#1104=VERTEX_POINT('',#5909);
#1105=VERTEX_POINT('',#5910);
#1106=VERTEX_POINT('',#5912);
#1107=VERTEX_POINT('',#5926);
#1108=VERTEX_POINT('',#5948);
#1109=VERTEX_POINT('',#5949);
#1110=VERTEX_POINT('',#5999);
#1111=VERTEX_POINT('',#6000);
#1112=VERTEX_POINT('',#6050);
#1113=VERTEX_POINT('',#6051);
#1114=VERTEX_POINT('',#6098);
#1115=VERTEX_POINT('',#6099);
#1116=VERTEX_POINT('',#6149);
#1117=VERTEX_POINT('',#6150);
#1118=VERTEX_POINT('',#6200);
#1119=VERTEX_POINT('',#6201);
#1120=VERTEX_POINT('',#6248);
#1121=VERTEX_POINT('',#6249);
#1122=VERTEX_POINT('',#6296);
#1123=VERTEX_POINT('',#6297);
#1124=VERTEX_POINT('',#6299);
#1125=VERTEX_POINT('',#6313);
#1126=VERTEX_POINT('',#6332);
#1127=VERTEX_POINT('',#6333);
#1128=VERTEX_POINT('',#6335);
#1129=VERTEX_POINT('',#6337);
#1130=VERTEX_POINT('',#6341);
#1131=VERTEX_POINT('',#6343);
#1132=VERTEX_POINT('',#6347);
#1133=VERTEX_POINT('',#6348);
#1134=VERTEX_POINT('',#6350);
#1135=VERTEX_POINT('',#6352);
#1136=VERTEX_POINT('',#6357);
#1137=VERTEX_POINT('',#6359);
#1138=VERTEX_POINT('',#6361);
#1139=VERTEX_POINT('',#6364);
#1140=VERTEX_POINT('',#6365);
#1141=VERTEX_POINT('',#6388);
#1142=VERTEX_POINT('',#6390);
#1143=VERTEX_POINT('',#6413);
#1144=VERTEX_POINT('',#6415);
#1145=VERTEX_POINT('',#6438);
#1146=VERTEX_POINT('',#6461);
#1147=VERTEX_POINT('',#6463);
#1148=VERTEX_POINT('',#6486);
#1149=VERTEX_POINT('',#6488);
#1150=VERTEX_POINT('',#6511);
#1151=VERTEX_POINT('',#6513);
#1152=VERTEX_POINT('',#6536);
#1153=VERTEX_POINT('',#6538);
#1154=VERTEX_POINT('',#6909);
#1155=VERTEX_POINT('',#6913);
#1156=VERTEX_POINT('',#6917);
#1157=VERTEX_POINT('',#6964);
#1158=VERTEX_POINT('',#6966);
#1159=VERTEX_POINT('',#6991);
#1160=VERTEX_POINT('',#7034);
#1161=VERTEX_POINT('',#7098);
#1162=VERTEX_POINT('',#7123);
#1163=VERTEX_POINT('',#7166);
#1164=VERTEX_POINT('',#7191);
#1165=VERTEX_POINT('',#7234);
#1166=VERTEX_POINT('',#8063);
#1167=VERTEX_POINT('',#8064);
#1168=VERTEX_POINT('',#8066);
#1169=VERTEX_POINT('',#8068);
#1170=VERTEX_POINT('',#8435);
#1171=VERTEX_POINT('',#8437);
#1172=VERTEX_POINT('',#8460);
#1173=VERTEX_POINT('',#8462);
#1174=VERTEX_POINT('',#8485);
#1175=VERTEX_POINT('',#8487);
#1176=VERTEX_POINT('',#9085);
#1177=VERTEX_POINT('',#9086);
#1178=VERTEX_POINT('',#9088);
#1179=VERTEX_POINT('',#9090);
#1180=VERTEX_POINT('',#11209);
#1181=VERTEX_POINT('',#11210);
#1182=VERTEX_POINT('',#11212);
#1183=VERTEX_POINT('',#11214);
#1184=VERTEX_POINT('',#11217);
#1185=VERTEX_POINT('',#11218);
#1186=VERTEX_POINT('',#11220);
#1187=VERTEX_POINT('',#11222);
#1188=EDGE_CURVE('',#918,#919,#604,.T.);
#1189=EDGE_CURVE('',#919,#920,#380,.T.);
#1190=EDGE_CURVE('',#921,#920,#356,.T.);
#1191=EDGE_CURVE('',#921,#918,#381,.T.);
#1192=EDGE_CURVE('',#922,#923,#605,.T.);
#1193=EDGE_CURVE('',#923,#919,#382,.T.);
#1194=EDGE_CURVE('',#918,#922,#383,.T.);
#1195=EDGE_CURVE('',#924,#925,#606,.T.);
#1196=EDGE_CURVE('',#925,#923,#384,.T.);
#1197=EDGE_CURVE('',#922,#924,#385,.T.);
#1198=EDGE_CURVE('',#926,#927,#607,.T.);
#1199=EDGE_CURVE('',#927,#925,#386,.T.);
#1200=EDGE_CURVE('',#924,#926,#387,.T.);
#1201=EDGE_CURVE('',#928,#929,#608,.T.);
#1202=EDGE_CURVE('',#929,#927,#388,.T.);
#1203=EDGE_CURVE('',#926,#928,#389,.T.);
#1204=EDGE_CURVE('',#930,#931,#609,.T.);
#1205=EDGE_CURVE('',#931,#929,#390,.T.);
#1206=EDGE_CURVE('',#928,#930,#391,.T.);
#1207=EDGE_CURVE('',#932,#933,#610,.T.);
#1208=EDGE_CURVE('',#933,#931,#392,.T.);
#1209=EDGE_CURVE('',#930,#932,#393,.T.);
#1210=EDGE_CURVE('',#934,#935,#611,.T.);
#1211=EDGE_CURVE('',#935,#933,#394,.T.);
#1212=EDGE_CURVE('',#932,#934,#395,.T.);
#1213=EDGE_CURVE('',#936,#937,#612,.T.);
#1214=EDGE_CURVE('',#937,#935,#396,.T.);
#1215=EDGE_CURVE('',#934,#936,#397,.T.);
#1216=EDGE_CURVE('',#938,#939,#613,.T.);
#1217=EDGE_CURVE('',#939,#937,#398,.T.);
#1218=EDGE_CURVE('',#936,#938,#399,.T.);
#1219=EDGE_CURVE('',#940,#941,#614,.T.);
#1220=EDGE_CURVE('',#941,#939,#400,.T.);
#1221=EDGE_CURVE('',#938,#940,#401,.T.);
#1222=EDGE_CURVE('',#942,#943,#615,.T.);
#1223=EDGE_CURVE('',#942,#944,#402,.T.);
#1224=EDGE_CURVE('',#945,#944,#357,.T.);
#1225=EDGE_CURVE('',#945,#943,#403,.T.);
#1226=EDGE_CURVE('',#946,#947,#616,.T.);
#1227=EDGE_CURVE('',#947,#948,#404,.T.);
#1228=EDGE_CURVE('',#949,#948,#358,.T.);
#1229=EDGE_CURVE('',#949,#946,#405,.T.);
#1230=EDGE_CURVE('',#950,#951,#617,.T.);
#1231=EDGE_CURVE('',#951,#947,#406,.T.);
#1232=EDGE_CURVE('',#946,#950,#407,.T.);
#1233=EDGE_CURVE('',#952,#953,#618,.T.);
#1234=EDGE_CURVE('',#953,#951,#408,.T.);
#1235=EDGE_CURVE('',#950,#952,#409,.T.);
#1236=EDGE_CURVE('',#954,#955,#619,.T.);
#1237=EDGE_CURVE('',#955,#953,#410,.T.);
#1238=EDGE_CURVE('',#952,#954,#411,.T.);
#1239=EDGE_CURVE('',#956,#957,#620,.T.);
#1240=EDGE_CURVE('',#957,#955,#412,.T.);
#1241=EDGE_CURVE('',#954,#956,#413,.T.);
#1242=EDGE_CURVE('',#958,#959,#621,.T.);
#1243=EDGE_CURVE('',#959,#957,#414,.T.);
#1244=EDGE_CURVE('',#956,#958,#415,.T.);
#1245=EDGE_CURVE('',#960,#961,#622,.T.);
#1246=EDGE_CURVE('',#961,#959,#416,.T.);
#1247=EDGE_CURVE('',#958,#960,#417,.T.);
#1248=EDGE_CURVE('',#962,#963,#623,.T.);
#1249=EDGE_CURVE('',#963,#961,#418,.T.);
#1250=EDGE_CURVE('',#960,#962,#419,.T.);
#1251=EDGE_CURVE('',#964,#965,#624,.T.);
#1252=EDGE_CURVE('',#965,#963,#420,.T.);
#1253=EDGE_CURVE('',#962,#964,#421,.T.);
#1254=EDGE_CURVE('',#966,#967,#625,.T.);
#1255=EDGE_CURVE('',#967,#965,#422,.T.);
#1256=EDGE_CURVE('',#964,#966,#423,.T.);
#1257=EDGE_CURVE('',#968,#969,#626,.T.);
#1258=EDGE_CURVE('',#969,#967,#424,.T.);
#1259=EDGE_CURVE('',#966,#968,#425,.T.);
#1260=EDGE_CURVE('',#970,#971,#627,.T.);
#1261=EDGE_CURVE('',#970,#972,#426,.T.);
#1262=EDGE_CURVE('',#973,#972,#359,.T.);
#1263=EDGE_CURVE('',#973,#971,#427,.T.);
#1264=EDGE_CURVE('',#974,#975,#628,.T.);
#1265=EDGE_CURVE('',#975,#976,#428,.T.);
#1266=EDGE_CURVE('',#977,#976,#360,.T.);
#1267=EDGE_CURVE('',#974,#977,#429,.T.);
#1268=EDGE_CURVE('',#978,#979,#629,.T.);
#1269=EDGE_CURVE('',#979,#975,#430,.T.);
#1270=EDGE_CURVE('',#978,#974,#431,.T.);
#1271=EDGE_CURVE('',#980,#981,#630,.T.);
#1272=EDGE_CURVE('',#981,#979,#432,.T.);
#1273=EDGE_CURVE('',#980,#978,#433,.T.);
#1274=EDGE_CURVE('',#982,#983,#631,.T.);
#1275=EDGE_CURVE('',#983,#981,#434,.T.);
#1276=EDGE_CURVE('',#982,#980,#435,.T.);
#1277=EDGE_CURVE('',#984,#985,#632,.T.);
#1278=EDGE_CURVE('',#985,#983,#436,.T.);
#1279=EDGE_CURVE('',#984,#982,#437,.T.);
#1280=EDGE_CURVE('',#986,#987,#633,.T.);
#1281=EDGE_CURVE('',#987,#985,#438,.T.);
#1282=EDGE_CURVE('',#986,#984,#439,.T.);
#1283=EDGE_CURVE('',#988,#989,#634,.T.);
#1284=EDGE_CURVE('',#989,#987,#440,.T.);
#1285=EDGE_CURVE('',#988,#986,#441,.T.);
#1286=EDGE_CURVE('',#990,#991,#635,.T.);
#1287=EDGE_CURVE('',#991,#989,#442,.T.);
#1288=EDGE_CURVE('',#990,#988,#443,.T.);
#1289=EDGE_CURVE('',#992,#993,#636,.T.);
#1290=EDGE_CURVE('',#993,#991,#444,.T.);
#1291=EDGE_CURVE('',#992,#990,#445,.T.);
#1292=EDGE_CURVE('',#994,#995,#637,.T.);
#1293=EDGE_CURVE('',#995,#993,#446,.T.);
#1294=EDGE_CURVE('',#994,#992,#447,.T.);
#1295=EDGE_CURVE('',#996,#997,#638,.T.);
#1296=EDGE_CURVE('',#997,#995,#448,.T.);
#1297=EDGE_CURVE('',#996,#994,#449,.T.);
#1298=EDGE_CURVE('',#998,#999,#639,.T.);
#1299=EDGE_CURVE('',#999,#997,#450,.T.);
#1300=EDGE_CURVE('',#998,#996,#451,.T.);
#1301=EDGE_CURVE('',#1000,#1001,#640,.T.);
#1302=EDGE_CURVE('',#1002,#1000,#452,.T.);
#1303=EDGE_CURVE('',#1003,#1002,#361,.T.);
#1304=EDGE_CURVE('',#1003,#1001,#453,.T.);
#1305=EDGE_CURVE('',#1004,#1005,#641,.T.);
#1306=EDGE_CURVE('',#1005,#1006,#454,.T.);
#1307=EDGE_CURVE('',#1007,#1006,#362,.T.);
#1308=EDGE_CURVE('',#1004,#1007,#455,.T.);
#1309=EDGE_CURVE('',#1008,#1009,#642,.T.);
#1310=EDGE_CURVE('',#1009,#1005,#456,.T.);
#1311=EDGE_CURVE('',#1008,#1004,#457,.T.);
#1312=EDGE_CURVE('',#1010,#1011,#643,.T.);
#1313=EDGE_CURVE('',#1011,#1009,#458,.T.);
#1314=EDGE_CURVE('',#1010,#1008,#459,.T.);
#1315=EDGE_CURVE('',#1012,#1013,#644,.T.);
#1316=EDGE_CURVE('',#1013,#1011,#460,.T.);
#1317=EDGE_CURVE('',#1012,#1010,#461,.T.);
#1318=EDGE_CURVE('',#1014,#1015,#645,.T.);
#1319=EDGE_CURVE('',#1015,#1013,#462,.T.);
#1320=EDGE_CURVE('',#1014,#1012,#463,.T.);
#1321=EDGE_CURVE('',#1016,#1017,#646,.T.);
#1322=EDGE_CURVE('',#1017,#1015,#464,.T.);
#1323=EDGE_CURVE('',#1016,#1014,#465,.T.);
#1324=EDGE_CURVE('',#1018,#1019,#647,.T.);
#1325=EDGE_CURVE('',#1019,#1017,#466,.T.);
#1326=EDGE_CURVE('',#1018,#1016,#467,.T.);
#1327=EDGE_CURVE('',#1020,#1021,#648,.T.);
#1328=EDGE_CURVE('',#1021,#1019,#468,.T.);
#1329=EDGE_CURVE('',#1020,#1018,#469,.T.);
#1330=EDGE_CURVE('',#1022,#1023,#649,.T.);
#1331=EDGE_CURVE('',#1023,#1021,#470,.T.);
#1332=EDGE_CURVE('',#1022,#1020,#471,.T.);
#1333=EDGE_CURVE('',#1024,#1025,#650,.T.);
#1334=EDGE_CURVE('',#1025,#1023,#472,.T.);
#1335=EDGE_CURVE('',#1024,#1022,#473,.T.);
#1336=EDGE_CURVE('',#1026,#1027,#651,.T.);
#1337=EDGE_CURVE('',#1027,#1025,#474,.T.);
#1338=EDGE_CURVE('',#1026,#1024,#475,.T.);
#1339=EDGE_CURVE('',#1028,#1029,#652,.T.);
#1340=EDGE_CURVE('',#1029,#1027,#476,.T.);
#1341=EDGE_CURVE('',#1028,#1026,#477,.T.);
#1342=EDGE_CURVE('',#1030,#1031,#653,.T.);
#1343=EDGE_CURVE('',#1032,#1030,#478,.T.);
#1344=EDGE_CURVE('',#1033,#1032,#363,.T.);
#1345=EDGE_CURVE('',#1033,#1031,#479,.T.);
#1346=EDGE_CURVE('',#1034,#1035,#654,.T.);
#1347=EDGE_CURVE('',#1035,#1036,#480,.T.);
#1348=EDGE_CURVE('',#1037,#1036,#364,.T.);
#1349=EDGE_CURVE('',#1034,#1037,#481,.T.);
#1350=EDGE_CURVE('',#1038,#1039,#655,.T.);
#1351=EDGE_CURVE('',#1039,#1035,#482,.T.);
#1352=EDGE_CURVE('',#1038,#1034,#483,.T.);
#1353=EDGE_CURVE('',#1040,#1041,#656,.T.);
#1354=EDGE_CURVE('',#1041,#1039,#484,.T.);
#1355=EDGE_CURVE('',#1040,#1038,#485,.T.);
#1356=EDGE_CURVE('',#1042,#1043,#657,.T.);
#1357=EDGE_CURVE('',#1043,#1041,#486,.T.);
#1358=EDGE_CURVE('',#1042,#1040,#487,.T.);
#1359=EDGE_CURVE('',#1044,#1045,#658,.T.);
#1360=EDGE_CURVE('',#1045,#1043,#488,.T.);
#1361=EDGE_CURVE('',#1044,#1042,#489,.T.);
#1362=EDGE_CURVE('',#1046,#1047,#659,.T.);
#1363=EDGE_CURVE('',#1047,#1045,#490,.T.);
#1364=EDGE_CURVE('',#1046,#1044,#491,.T.);
#1365=EDGE_CURVE('',#1048,#1049,#660,.T.);
#1366=EDGE_CURVE('',#1049,#1047,#492,.T.);
#1367=EDGE_CURVE('',#1048,#1046,#493,.T.);
#1368=EDGE_CURVE('',#1050,#1051,#661,.T.);
#1369=EDGE_CURVE('',#1051,#1049,#494,.T.);
#1370=EDGE_CURVE('',#1050,#1048,#495,.T.);
#1371=EDGE_CURVE('',#1052,#1053,#662,.T.);
#1372=EDGE_CURVE('',#1053,#1051,#496,.T.);
#1373=EDGE_CURVE('',#1052,#1050,#497,.T.);
#1374=EDGE_CURVE('',#1054,#1055,#663,.T.);
#1375=EDGE_CURVE('',#1056,#1054,#498,.T.);
#1376=EDGE_CURVE('',#1056,#1057,#365,.T.);
#1377=EDGE_CURVE('',#1057,#1055,#499,.T.);
#1378=EDGE_CURVE('',#1058,#1059,#664,.T.);
#1379=EDGE_CURVE('',#1059,#1060,#500,.T.);
#1380=EDGE_CURVE('',#1061,#1060,#366,.T.);
#1381=EDGE_CURVE('',#1058,#1061,#501,.T.);
#1382=EDGE_CURVE('',#1062,#1063,#665,.T.);
#1383=EDGE_CURVE('',#1063,#1059,#502,.T.);
#1384=EDGE_CURVE('',#1062,#1058,#503,.T.);
#1385=EDGE_CURVE('',#1064,#1065,#666,.T.);
#1386=EDGE_CURVE('',#1065,#1063,#504,.T.);
#1387=EDGE_CURVE('',#1064,#1062,#505,.T.);
#1388=EDGE_CURVE('',#1066,#1067,#667,.T.);
#1389=EDGE_CURVE('',#1067,#1065,#506,.T.);
#1390=EDGE_CURVE('',#1066,#1064,#507,.T.);
#1391=EDGE_CURVE('',#1068,#1069,#668,.T.);
#1392=EDGE_CURVE('',#1069,#1067,#508,.T.);
#1393=EDGE_CURVE('',#1068,#1066,#509,.T.);
#1394=EDGE_CURVE('',#1070,#1071,#669,.T.);
#1395=EDGE_CURVE('',#1071,#1069,#510,.T.);
#1396=EDGE_CURVE('',#1070,#1068,#511,.T.);
#1397=EDGE_CURVE('',#1072,#1073,#670,.T.);
#1398=EDGE_CURVE('',#1073,#1071,#512,.T.);
#1399=EDGE_CURVE('',#1072,#1070,#513,.T.);
#1400=EDGE_CURVE('',#1074,#1075,#671,.T.);
#1401=EDGE_CURVE('',#1075,#1073,#514,.T.);
#1402=EDGE_CURVE('',#1074,#1072,#515,.T.);
#1403=EDGE_CURVE('',#1076,#1077,#672,.T.);
#1404=EDGE_CURVE('',#1077,#1075,#516,.T.);
#1405=EDGE_CURVE('',#1076,#1074,#517,.T.);
#1406=EDGE_CURVE('',#1078,#1079,#673,.T.);
#1407=EDGE_CURVE('',#1080,#1078,#518,.T.);
#1408=EDGE_CURVE('',#1080,#1081,#367,.T.);
#1409=EDGE_CURVE('',#1081,#1079,#519,.T.);
#1410=EDGE_CURVE('',#1082,#1083,#674,.T.);
#1411=EDGE_CURVE('',#1083,#1084,#520,.T.);
#1412=EDGE_CURVE('',#1085,#1084,#368,.T.);
#1413=EDGE_CURVE('',#1085,#1082,#521,.T.);
#1414=EDGE_CURVE('',#1086,#1087,#675,.T.);
#1415=EDGE_CURVE('',#1087,#1083,#522,.T.);
#1416=EDGE_CURVE('',#1082,#1086,#523,.T.);
#1417=EDGE_CURVE('',#1088,#1089,#676,.T.);
#1418=EDGE_CURVE('',#1089,#1087,#524,.T.);
#1419=EDGE_CURVE('',#1086,#1088,#525,.T.);
#1420=EDGE_CURVE('',#1090,#1091,#677,.T.);
#1421=EDGE_CURVE('',#1091,#1089,#526,.T.);
#1422=EDGE_CURVE('',#1088,#1090,#527,.T.);
#1423=EDGE_CURVE('',#1092,#1093,#678,.T.);
#1424=EDGE_CURVE('',#1093,#1091,#528,.T.);
#1425=EDGE_CURVE('',#1090,#1092,#529,.T.);
#1426=EDGE_CURVE('',#1094,#1095,#679,.T.);
#1427=EDGE_CURVE('',#1095,#1093,#530,.T.);
#1428=EDGE_CURVE('',#1092,#1094,#531,.T.);
#1429=EDGE_CURVE('',#1096,#1097,#680,.T.);
#1430=EDGE_CURVE('',#1097,#1095,#532,.T.);
#1431=EDGE_CURVE('',#1094,#1096,#533,.T.);
#1432=EDGE_CURVE('',#1098,#1099,#681,.T.);
#1433=EDGE_CURVE('',#1099,#1097,#534,.T.);
#1434=EDGE_CURVE('',#1096,#1098,#535,.T.);
#1435=EDGE_CURVE('',#1100,#1101,#682,.T.);
#1436=EDGE_CURVE('',#1100,#1102,#536,.T.);
#1437=EDGE_CURVE('',#1102,#1103,#369,.T.);
#1438=EDGE_CURVE('',#1103,#1101,#537,.T.);
#1439=EDGE_CURVE('',#1104,#1105,#683,.T.);
#1440=EDGE_CURVE('',#1105,#1106,#538,.T.);
#1441=EDGE_CURVE('',#1107,#1106,#370,.T.);
#1442=EDGE_CURVE('',#1107,#1104,#539,.T.);
#1443=EDGE_CURVE('',#1108,#1109,#684,.T.);
#1444=EDGE_CURVE('',#1109,#1105,#540,.T.);
#1445=EDGE_CURVE('',#1104,#1108,#541,.T.);
#1446=EDGE_CURVE('',#1110,#1111,#685,.T.);
#1447=EDGE_CURVE('',#1111,#1109,#542,.T.);
#1448=EDGE_CURVE('',#1108,#1110,#543,.T.);
#1449=EDGE_CURVE('',#1112,#1113,#686,.T.);
#1450=EDGE_CURVE('',#1113,#1111,#544,.T.);
#1451=EDGE_CURVE('',#1110,#1112,#545,.T.);
#1452=EDGE_CURVE('',#1114,#1115,#687,.T.);
#1453=EDGE_CURVE('',#1115,#1113,#546,.T.);
#1454=EDGE_CURVE('',#1112,#1114,#547,.T.);
#1455=EDGE_CURVE('',#1116,#1117,#688,.T.);
#1456=EDGE_CURVE('',#1117,#1115,#548,.T.);
#1457=EDGE_CURVE('',#1114,#1116,#549,.T.);
#1458=EDGE_CURVE('',#1118,#1119,#689,.T.);
#1459=EDGE_CURVE('',#1119,#1117,#550,.T.);
#1460=EDGE_CURVE('',#1116,#1118,#551,.T.);
#1461=EDGE_CURVE('',#1120,#1121,#690,.T.);
#1462=EDGE_CURVE('',#1121,#1119,#552,.T.);
#1463=EDGE_CURVE('',#1118,#1120,#553,.T.);
#1464=EDGE_CURVE('',#1122,#1123,#691,.T.);
#1465=EDGE_CURVE('',#1122,#1124,#554,.T.);
#1466=EDGE_CURVE('',#1124,#1125,#371,.T.);
#1467=EDGE_CURVE('',#1125,#1123,#555,.T.);
#1468=EDGE_CURVE('',#1126,#1127,#372,.T.);
#1469=EDGE_CURVE('',#1126,#1128,#692,.T.);
#1470=EDGE_CURVE('',#1128,#1129,#373,.T.);
#1471=EDGE_CURVE('',#1129,#1127,#693,.T.);
#1472=EDGE_CURVE('',#1126,#1130,#694,.T.);
#1473=EDGE_CURVE('',#1131,#1130,#695,.T.);
#1474=EDGE_CURVE('',#1128,#1131,#696,.T.);
#1475=EDGE_CURVE('',#1132,#1133,#374,.T.);
#1476=EDGE_CURVE('',#1132,#1134,#697,.T.);
#1477=EDGE_CURVE('',#1134,#1135,#375,.T.);
#1478=EDGE_CURVE('',#1135,#1133,#698,.T.);
#1479=EDGE_CURVE('',#1132,#1127,#699,.T.);
#1480=EDGE_CURVE('',#1136,#1133,#700,.T.);
#1481=EDGE_CURVE('',#1136,#1137,#376,.T.);
#1482=EDGE_CURVE('',#1138,#1137,#701,.T.);
#1483=EDGE_CURVE('',#1138,#1130,#377,.T.);
#1484=EDGE_CURVE('',#1139,#1140,#556,.T.);
#1485=EDGE_CURVE('',#1141,#1139,#702,.T.);
#1486=EDGE_CURVE('',#1142,#1141,#557,.T.);
#1487=EDGE_CURVE('',#1143,#1142,#703,.T.);
#1488=EDGE_CURVE('',#1144,#1143,#558,.T.);
#1489=EDGE_CURVE('',#1145,#1144,#559,.T.);
#1490=EDGE_CURVE('',#1146,#1145,#704,.T.);
#1491=EDGE_CURVE('',#1147,#1146,#560,.T.);
#1492=EDGE_CURVE('',#1148,#1147,#705,.T.);
#1493=EDGE_CURVE('',#1149,#1148,#561,.T.);
#1494=EDGE_CURVE('',#1150,#1149,#706,.T.);
#1495=EDGE_CURVE('',#1151,#1150,#562,.T.);
#1496=EDGE_CURVE('',#1152,#1151,#707,.T.);
#1497=EDGE_CURVE('',#1153,#1152,#563,.T.);
#1498=EDGE_CURVE('',#1140,#1153,#708,.T.);
#1499=EDGE_CURVE('',#1103,#1056,#564,.T.);
#1500=EDGE_CURVE('',#1057,#1102,#565,.T.);
#1501=EDGE_CURVE('',#1125,#1080,#566,.T.);
#1502=EDGE_CURVE('',#1081,#1124,#567,.T.);
#1503=EDGE_CURVE('',#1154,#1135,#709,.T.);
#1504=EDGE_CURVE('',#1136,#1154,#710,.T.);
#1505=EDGE_CURVE('',#1154,#1155,#378,.T.);
#1506=EDGE_CURVE('',#1155,#1137,#711,.T.);
#1507=EDGE_CURVE('',#1156,#1155,#712,.T.);
#1508=EDGE_CURVE('',#1138,#1156,#713,.T.);
#1509=EDGE_CURVE('',#1156,#1131,#379,.T.);
#1510=EDGE_CURVE('',#1134,#1129,#714,.T.);
#1511=EDGE_CURVE('',#1146,#1157,#715,.T.);
#1512=EDGE_CURVE('',#1157,#1158,#568,.T.);
#1513=EDGE_CURVE('',#1158,#1147,#716,.T.);
#1514=EDGE_CURVE('',#1159,#1145,#717,.T.);
#1515=EDGE_CURVE('',#1157,#1159,#718,.T.);
#1516=EDGE_CURVE('',#1144,#1160,#719,.T.);
#1517=EDGE_CURVE('',#1160,#1159,#569,.T.);
#1518=EDGE_CURVE('',#1143,#1161,#720,.T.);
#1519=EDGE_CURVE('',#1161,#1160,#570,.T.);
#1520=EDGE_CURVE('',#1162,#1142,#721,.T.);
#1521=EDGE_CURVE('',#1161,#1162,#722,.T.);
#1522=EDGE_CURVE('',#1141,#1163,#723,.T.);
#1523=EDGE_CURVE('',#1163,#1162,#571,.T.);
#1524=EDGE_CURVE('',#1164,#1139,#724,.T.);
#1525=EDGE_CURVE('',#1163,#1164,#725,.T.);
#1526=EDGE_CURVE('',#1140,#1165,#726,.T.);
#1527=EDGE_CURVE('',#1165,#1164,#572,.T.);
#1528=EDGE_CURVE('',#1123,#1121,#573,.T.);
#1529=EDGE_CURVE('',#1120,#1122,#574,.T.);
#1530=EDGE_CURVE('',#1078,#1076,#575,.T.);
#1531=EDGE_CURVE('',#1106,#1061,#576,.T.);
#1532=EDGE_CURVE('',#1101,#1099,#577,.T.);
#1533=EDGE_CURVE('',#1098,#1100,#578,.T.);
#1534=EDGE_CURVE('',#1054,#1052,#579,.T.);
#1535=EDGE_CURVE('',#1084,#1037,#580,.T.);
#1536=EDGE_CURVE('',#1166,#1167,#727,.T.);
#1537=EDGE_CURVE('',#1167,#1168,#728,.T.);
#1538=EDGE_CURVE('',#1168,#1169,#729,.T.);
#1539=EDGE_CURVE('',#1169,#1166,#730,.T.);
#1540=EDGE_CURVE('',#920,#977,#581,.T.);
#1541=EDGE_CURVE('',#976,#921,#582,.T.);
#1542=EDGE_CURVE('',#948,#1007,#583,.T.);
#1543=EDGE_CURVE('',#1006,#949,#584,.T.);
#1544=EDGE_CURVE('',#1165,#1170,#731,.T.);
#1545=EDGE_CURVE('',#1171,#1170,#585,.T.);
#1546=EDGE_CURVE('',#1171,#1172,#732,.T.);
#1547=EDGE_CURVE('',#1173,#1172,#586,.T.);
#1548=EDGE_CURVE('',#1173,#1174,#733,.T.);
#1549=EDGE_CURVE('',#1175,#1174,#587,.T.);
#1550=EDGE_CURVE('',#1175,#1158,#734,.T.);
#1551=EDGE_CURVE('',#1036,#1085,#588,.T.);
#1552=EDGE_CURVE('',#1060,#1107,#589,.T.);
#1553=EDGE_CURVE('',#1152,#1171,#735,.T.);
#1554=EDGE_CURVE('',#1170,#1153,#736,.T.);
#1555=EDGE_CURVE('',#1172,#1151,#737,.T.);
#1556=EDGE_CURVE('',#1150,#1173,#738,.T.);
#1557=EDGE_CURVE('',#1174,#1149,#739,.T.);
#1558=EDGE_CURVE('',#1148,#1175,#740,.T.);
#1559=EDGE_CURVE('',#1079,#1077,#590,.T.);
#1560=EDGE_CURVE('',#1176,#1177,#741,.T.);
#1561=EDGE_CURVE('',#1177,#1178,#742,.T.);
#1562=EDGE_CURVE('',#1178,#1179,#743,.T.);
#1563=EDGE_CURVE('',#1179,#1176,#744,.T.);
#1564=EDGE_CURVE('',#1002,#945,#591,.T.);
#1565=EDGE_CURVE('',#944,#1003,#592,.T.);
#1566=EDGE_CURVE('',#1032,#973,#593,.T.);
#1567=EDGE_CURVE('',#972,#1033,#594,.T.);
#1568=EDGE_CURVE('',#1055,#1053,#595,.T.);
#1569=EDGE_CURVE('',#1031,#1029,#596,.T.);
#1570=EDGE_CURVE('',#1030,#1028,#597,.T.);
#1571=EDGE_CURVE('',#968,#970,#598,.T.);
#1572=EDGE_CURVE('',#971,#969,#599,.T.);
#1573=EDGE_CURVE('',#1001,#999,#600,.T.);
#1574=EDGE_CURVE('',#1000,#998,#601,.T.);
#1575=EDGE_CURVE('',#940,#942,#602,.T.);
#1576=EDGE_CURVE('',#943,#941,#603,.T.);
#1577=EDGE_CURVE('',#1180,#1181,#745,.T.);
#1578=EDGE_CURVE('',#1182,#1180,#746,.T.);
#1579=EDGE_CURVE('',#1183,#1182,#747,.T.);
#1580=EDGE_CURVE('',#1181,#1183,#748,.T.);
#1581=EDGE_CURVE('',#1184,#1185,#749,.T.);
#1582=EDGE_CURVE('',#1186,#1184,#750,.T.);
#1583=EDGE_CURVE('',#1187,#1186,#751,.T.);
#1584=EDGE_CURVE('',#1185,#1187,#752,.T.);
#1585=EDGE_CURVE('',#1180,#1166,#753,.T.);
#1586=EDGE_CURVE('',#1182,#1169,#754,.T.);
#1587=EDGE_CURVE('',#1183,#1168,#755,.T.);
#1588=EDGE_CURVE('',#1181,#1167,#756,.T.);
#1589=EDGE_CURVE('',#1185,#1176,#757,.T.);
#1590=EDGE_CURVE('',#1184,#1179,#758,.T.);
#1591=EDGE_CURVE('',#1186,#1178,#759,.T.);
#1592=EDGE_CURVE('',#1187,#1177,#760,.T.);
#1593=ORIENTED_EDGE('',*,*,#1188,.T.);
#1594=ORIENTED_EDGE('',*,*,#1189,.T.);
#1595=ORIENTED_EDGE('',*,*,#1190,.F.);
#1596=ORIENTED_EDGE('',*,*,#1191,.T.);
#1597=ORIENTED_EDGE('',*,*,#1192,.T.);
#1598=ORIENTED_EDGE('',*,*,#1193,.T.);
#1599=ORIENTED_EDGE('',*,*,#1188,.F.);
#1600=ORIENTED_EDGE('',*,*,#1194,.T.);
#1601=ORIENTED_EDGE('',*,*,#1195,.T.);
#1602=ORIENTED_EDGE('',*,*,#1196,.T.);
#1603=ORIENTED_EDGE('',*,*,#1192,.F.);
#1604=ORIENTED_EDGE('',*,*,#1197,.T.);
#1605=ORIENTED_EDGE('',*,*,#1198,.T.);
#1606=ORIENTED_EDGE('',*,*,#1199,.T.);
#1607=ORIENTED_EDGE('',*,*,#1195,.F.);
#1608=ORIENTED_EDGE('',*,*,#1200,.T.);
#1609=ORIENTED_EDGE('',*,*,#1201,.T.);
#1610=ORIENTED_EDGE('',*,*,#1202,.T.);
#1611=ORIENTED_EDGE('',*,*,#1198,.F.);
#1612=ORIENTED_EDGE('',*,*,#1203,.T.);
#1613=ORIENTED_EDGE('',*,*,#1204,.T.);
#1614=ORIENTED_EDGE('',*,*,#1205,.T.);
#1615=ORIENTED_EDGE('',*,*,#1201,.F.);
#1616=ORIENTED_EDGE('',*,*,#1206,.T.);
#1617=ORIENTED_EDGE('',*,*,#1207,.T.);
#1618=ORIENTED_EDGE('',*,*,#1208,.T.);
#1619=ORIENTED_EDGE('',*,*,#1204,.F.);
#1620=ORIENTED_EDGE('',*,*,#1209,.T.);
#1621=ORIENTED_EDGE('',*,*,#1210,.T.);
#1622=ORIENTED_EDGE('',*,*,#1211,.T.);
#1623=ORIENTED_EDGE('',*,*,#1207,.F.);
#1624=ORIENTED_EDGE('',*,*,#1212,.T.);
#1625=ORIENTED_EDGE('',*,*,#1213,.T.);
#1626=ORIENTED_EDGE('',*,*,#1214,.T.);
#1627=ORIENTED_EDGE('',*,*,#1210,.F.);
#1628=ORIENTED_EDGE('',*,*,#1215,.T.);
#1629=ORIENTED_EDGE('',*,*,#1216,.T.);
#1630=ORIENTED_EDGE('',*,*,#1217,.T.);
#1631=ORIENTED_EDGE('',*,*,#1213,.F.);
#1632=ORIENTED_EDGE('',*,*,#1218,.T.);
#1633=ORIENTED_EDGE('',*,*,#1219,.T.);
#1634=ORIENTED_EDGE('',*,*,#1220,.T.);
#1635=ORIENTED_EDGE('',*,*,#1216,.F.);
#1636=ORIENTED_EDGE('',*,*,#1221,.T.);
#1637=ORIENTED_EDGE('',*,*,#1222,.F.);
#1638=ORIENTED_EDGE('',*,*,#1223,.T.);
#1639=ORIENTED_EDGE('',*,*,#1224,.F.);
#1640=ORIENTED_EDGE('',*,*,#1225,.T.);
#1641=ORIENTED_EDGE('',*,*,#1226,.T.);
#1642=ORIENTED_EDGE('',*,*,#1227,.T.);
#1643=ORIENTED_EDGE('',*,*,#1228,.F.);
#1644=ORIENTED_EDGE('',*,*,#1229,.T.);
#1645=ORIENTED_EDGE('',*,*,#1230,.T.);
#1646=ORIENTED_EDGE('',*,*,#1231,.T.);
#1647=ORIENTED_EDGE('',*,*,#1226,.F.);
#1648=ORIENTED_EDGE('',*,*,#1232,.T.);
#1649=ORIENTED_EDGE('',*,*,#1233,.T.);
#1650=ORIENTED_EDGE('',*,*,#1234,.T.);
#1651=ORIENTED_EDGE('',*,*,#1230,.F.);
#1652=ORIENTED_EDGE('',*,*,#1235,.T.);
#1653=ORIENTED_EDGE('',*,*,#1236,.T.);
#1654=ORIENTED_EDGE('',*,*,#1237,.T.);
#1655=ORIENTED_EDGE('',*,*,#1233,.F.);
#1656=ORIENTED_EDGE('',*,*,#1238,.T.);
#1657=ORIENTED_EDGE('',*,*,#1239,.T.);
#1658=ORIENTED_EDGE('',*,*,#1240,.T.);
#1659=ORIENTED_EDGE('',*,*,#1236,.F.);
#1660=ORIENTED_EDGE('',*,*,#1241,.T.);
#1661=ORIENTED_EDGE('',*,*,#1242,.T.);
#1662=ORIENTED_EDGE('',*,*,#1243,.T.);
#1663=ORIENTED_EDGE('',*,*,#1239,.F.);
#1664=ORIENTED_EDGE('',*,*,#1244,.T.);
#1665=ORIENTED_EDGE('',*,*,#1245,.T.);
#1666=ORIENTED_EDGE('',*,*,#1246,.T.);
#1667=ORIENTED_EDGE('',*,*,#1242,.F.);
#1668=ORIENTED_EDGE('',*,*,#1247,.T.);
#1669=ORIENTED_EDGE('',*,*,#1248,.T.);
#1670=ORIENTED_EDGE('',*,*,#1249,.T.);
#1671=ORIENTED_EDGE('',*,*,#1245,.F.);
#1672=ORIENTED_EDGE('',*,*,#1250,.T.);
#1673=ORIENTED_EDGE('',*,*,#1251,.T.);
#1674=ORIENTED_EDGE('',*,*,#1252,.T.);
#1675=ORIENTED_EDGE('',*,*,#1248,.F.);
#1676=ORIENTED_EDGE('',*,*,#1253,.T.);
#1677=ORIENTED_EDGE('',*,*,#1254,.T.);
#1678=ORIENTED_EDGE('',*,*,#1255,.T.);
#1679=ORIENTED_EDGE('',*,*,#1251,.F.);
#1680=ORIENTED_EDGE('',*,*,#1256,.T.);
#1681=ORIENTED_EDGE('',*,*,#1257,.T.);
#1682=ORIENTED_EDGE('',*,*,#1258,.T.);
#1683=ORIENTED_EDGE('',*,*,#1254,.F.);
#1684=ORIENTED_EDGE('',*,*,#1259,.T.);
#1685=ORIENTED_EDGE('',*,*,#1260,.F.);
#1686=ORIENTED_EDGE('',*,*,#1261,.T.);
#1687=ORIENTED_EDGE('',*,*,#1262,.F.);
#1688=ORIENTED_EDGE('',*,*,#1263,.T.);
#1689=ORIENTED_EDGE('',*,*,#1264,.T.);
#1690=ORIENTED_EDGE('',*,*,#1265,.T.);
#1691=ORIENTED_EDGE('',*,*,#1266,.F.);
#1692=ORIENTED_EDGE('',*,*,#1267,.F.);
#1693=ORIENTED_EDGE('',*,*,#1268,.T.);
#1694=ORIENTED_EDGE('',*,*,#1269,.T.);
#1695=ORIENTED_EDGE('',*,*,#1264,.F.);
#1696=ORIENTED_EDGE('',*,*,#1270,.F.);
#1697=ORIENTED_EDGE('',*,*,#1271,.T.);
#1698=ORIENTED_EDGE('',*,*,#1272,.T.);
#1699=ORIENTED_EDGE('',*,*,#1268,.F.);
#1700=ORIENTED_EDGE('',*,*,#1273,.F.);
#1701=ORIENTED_EDGE('',*,*,#1274,.T.);
#1702=ORIENTED_EDGE('',*,*,#1275,.T.);
#1703=ORIENTED_EDGE('',*,*,#1271,.F.);
#1704=ORIENTED_EDGE('',*,*,#1276,.F.);
#1705=ORIENTED_EDGE('',*,*,#1277,.T.);
#1706=ORIENTED_EDGE('',*,*,#1278,.T.);
#1707=ORIENTED_EDGE('',*,*,#1274,.F.);
#1708=ORIENTED_EDGE('',*,*,#1279,.F.);
#1709=ORIENTED_EDGE('',*,*,#1280,.T.);
#1710=ORIENTED_EDGE('',*,*,#1281,.T.);
#1711=ORIENTED_EDGE('',*,*,#1277,.F.);
#1712=ORIENTED_EDGE('',*,*,#1282,.F.);
#1713=ORIENTED_EDGE('',*,*,#1283,.T.);
#1714=ORIENTED_EDGE('',*,*,#1284,.T.);
#1715=ORIENTED_EDGE('',*,*,#1280,.F.);
#1716=ORIENTED_EDGE('',*,*,#1285,.F.);
#1717=ORIENTED_EDGE('',*,*,#1286,.T.);
#1718=ORIENTED_EDGE('',*,*,#1287,.T.);
#1719=ORIENTED_EDGE('',*,*,#1283,.F.);
#1720=ORIENTED_EDGE('',*,*,#1288,.F.);
#1721=ORIENTED_EDGE('',*,*,#1289,.T.);
#1722=ORIENTED_EDGE('',*,*,#1290,.T.);
#1723=ORIENTED_EDGE('',*,*,#1286,.F.);
#1724=ORIENTED_EDGE('',*,*,#1291,.F.);
#1725=ORIENTED_EDGE('',*,*,#1292,.T.);
#1726=ORIENTED_EDGE('',*,*,#1293,.T.);
#1727=ORIENTED_EDGE('',*,*,#1289,.F.);
#1728=ORIENTED_EDGE('',*,*,#1294,.F.);
#1729=ORIENTED_EDGE('',*,*,#1295,.T.);
#1730=ORIENTED_EDGE('',*,*,#1296,.T.);
#1731=ORIENTED_EDGE('',*,*,#1292,.F.);
#1732=ORIENTED_EDGE('',*,*,#1297,.F.);
#1733=ORIENTED_EDGE('',*,*,#1298,.T.);
#1734=ORIENTED_EDGE('',*,*,#1299,.T.);
#1735=ORIENTED_EDGE('',*,*,#1295,.F.);
#1736=ORIENTED_EDGE('',*,*,#1300,.F.);
#1737=ORIENTED_EDGE('',*,*,#1301,.F.);
#1738=ORIENTED_EDGE('',*,*,#1302,.F.);
#1739=ORIENTED_EDGE('',*,*,#1303,.F.);
#1740=ORIENTED_EDGE('',*,*,#1304,.T.);
#1741=ORIENTED_EDGE('',*,*,#1305,.T.);
#1742=ORIENTED_EDGE('',*,*,#1306,.T.);
#1743=ORIENTED_EDGE('',*,*,#1307,.F.);
#1744=ORIENTED_EDGE('',*,*,#1308,.F.);
#1745=ORIENTED_EDGE('',*,*,#1309,.T.);
#1746=ORIENTED_EDGE('',*,*,#1310,.T.);
#1747=ORIENTED_EDGE('',*,*,#1305,.F.);
#1748=ORIENTED_EDGE('',*,*,#1311,.F.);
#1749=ORIENTED_EDGE('',*,*,#1312,.T.);
#1750=ORIENTED_EDGE('',*,*,#1313,.T.);
#1751=ORIENTED_EDGE('',*,*,#1309,.F.);
#1752=ORIENTED_EDGE('',*,*,#1314,.F.);
#1753=ORIENTED_EDGE('',*,*,#1315,.T.);
#1754=ORIENTED_EDGE('',*,*,#1316,.T.);
#1755=ORIENTED_EDGE('',*,*,#1312,.F.);
#1756=ORIENTED_EDGE('',*,*,#1317,.F.);
#1757=ORIENTED_EDGE('',*,*,#1318,.T.);
#1758=ORIENTED_EDGE('',*,*,#1319,.T.);
#1759=ORIENTED_EDGE('',*,*,#1315,.F.);
#1760=ORIENTED_EDGE('',*,*,#1320,.F.);
#1761=ORIENTED_EDGE('',*,*,#1321,.T.);
#1762=ORIENTED_EDGE('',*,*,#1322,.T.);
#1763=ORIENTED_EDGE('',*,*,#1318,.F.);
#1764=ORIENTED_EDGE('',*,*,#1323,.F.);
#1765=ORIENTED_EDGE('',*,*,#1324,.T.);
#1766=ORIENTED_EDGE('',*,*,#1325,.T.);
#1767=ORIENTED_EDGE('',*,*,#1321,.F.);
#1768=ORIENTED_EDGE('',*,*,#1326,.F.);
#1769=ORIENTED_EDGE('',*,*,#1327,.T.);
#1770=ORIENTED_EDGE('',*,*,#1328,.T.);
#1771=ORIENTED_EDGE('',*,*,#1324,.F.);
#1772=ORIENTED_EDGE('',*,*,#1329,.F.);
#1773=ORIENTED_EDGE('',*,*,#1330,.T.);
#1774=ORIENTED_EDGE('',*,*,#1331,.T.);
#1775=ORIENTED_EDGE('',*,*,#1327,.F.);
#1776=ORIENTED_EDGE('',*,*,#1332,.F.);
#1777=ORIENTED_EDGE('',*,*,#1333,.T.);
#1778=ORIENTED_EDGE('',*,*,#1334,.T.);
#1779=ORIENTED_EDGE('',*,*,#1330,.F.);
#1780=ORIENTED_EDGE('',*,*,#1335,.F.);
#1781=ORIENTED_EDGE('',*,*,#1336,.T.);
#1782=ORIENTED_EDGE('',*,*,#1337,.T.);
#1783=ORIENTED_EDGE('',*,*,#1333,.F.);
#1784=ORIENTED_EDGE('',*,*,#1338,.F.);
#1785=ORIENTED_EDGE('',*,*,#1339,.T.);
#1786=ORIENTED_EDGE('',*,*,#1340,.T.);
#1787=ORIENTED_EDGE('',*,*,#1336,.F.);
#1788=ORIENTED_EDGE('',*,*,#1341,.F.);
#1789=ORIENTED_EDGE('',*,*,#1342,.F.);
#1790=ORIENTED_EDGE('',*,*,#1343,.F.);
#1791=ORIENTED_EDGE('',*,*,#1344,.F.);
#1792=ORIENTED_EDGE('',*,*,#1345,.T.);
#1793=ORIENTED_EDGE('',*,*,#1346,.T.);
#1794=ORIENTED_EDGE('',*,*,#1347,.T.);
#1795=ORIENTED_EDGE('',*,*,#1348,.F.);
#1796=ORIENTED_EDGE('',*,*,#1349,.F.);
#1797=ORIENTED_EDGE('',*,*,#1350,.T.);
#1798=ORIENTED_EDGE('',*,*,#1351,.T.);
#1799=ORIENTED_EDGE('',*,*,#1346,.F.);
#1800=ORIENTED_EDGE('',*,*,#1352,.F.);
#1801=ORIENTED_EDGE('',*,*,#1353,.T.);
#1802=ORIENTED_EDGE('',*,*,#1354,.T.);
#1803=ORIENTED_EDGE('',*,*,#1350,.F.);
#1804=ORIENTED_EDGE('',*,*,#1355,.F.);
#1805=ORIENTED_EDGE('',*,*,#1356,.T.);
#1806=ORIENTED_EDGE('',*,*,#1357,.T.);
#1807=ORIENTED_EDGE('',*,*,#1353,.F.);
#1808=ORIENTED_EDGE('',*,*,#1358,.F.);
#1809=ORIENTED_EDGE('',*,*,#1359,.T.);
#1810=ORIENTED_EDGE('',*,*,#1360,.T.);
#1811=ORIENTED_EDGE('',*,*,#1356,.F.);
#1812=ORIENTED_EDGE('',*,*,#1361,.F.);
#1813=ORIENTED_EDGE('',*,*,#1362,.T.);
#1814=ORIENTED_EDGE('',*,*,#1363,.T.);
#1815=ORIENTED_EDGE('',*,*,#1359,.F.);
#1816=ORIENTED_EDGE('',*,*,#1364,.F.);
#1817=ORIENTED_EDGE('',*,*,#1365,.T.);
#1818=ORIENTED_EDGE('',*,*,#1366,.T.);
#1819=ORIENTED_EDGE('',*,*,#1362,.F.);
#1820=ORIENTED_EDGE('',*,*,#1367,.F.);
#1821=ORIENTED_EDGE('',*,*,#1368,.T.);
#1822=ORIENTED_EDGE('',*,*,#1369,.T.);
#1823=ORIENTED_EDGE('',*,*,#1365,.F.);
#1824=ORIENTED_EDGE('',*,*,#1370,.F.);
#1825=ORIENTED_EDGE('',*,*,#1371,.T.);
#1826=ORIENTED_EDGE('',*,*,#1372,.T.);
#1827=ORIENTED_EDGE('',*,*,#1368,.F.);
#1828=ORIENTED_EDGE('',*,*,#1373,.F.);
#1829=ORIENTED_EDGE('',*,*,#1374,.F.);
#1830=ORIENTED_EDGE('',*,*,#1375,.F.);
#1831=ORIENTED_EDGE('',*,*,#1376,.T.);
#1832=ORIENTED_EDGE('',*,*,#1377,.T.);
#1833=ORIENTED_EDGE('',*,*,#1378,.T.);
#1834=ORIENTED_EDGE('',*,*,#1379,.T.);
#1835=ORIENTED_EDGE('',*,*,#1380,.F.);
#1836=ORIENTED_EDGE('',*,*,#1381,.F.);
#1837=ORIENTED_EDGE('',*,*,#1382,.T.);
#1838=ORIENTED_EDGE('',*,*,#1383,.T.);
#1839=ORIENTED_EDGE('',*,*,#1378,.F.);
#1840=ORIENTED_EDGE('',*,*,#1384,.F.);
#1841=ORIENTED_EDGE('',*,*,#1385,.T.);
#1842=ORIENTED_EDGE('',*,*,#1386,.T.);
#1843=ORIENTED_EDGE('',*,*,#1382,.F.);
#1844=ORIENTED_EDGE('',*,*,#1387,.F.);
#1845=ORIENTED_EDGE('',*,*,#1388,.T.);
#1846=ORIENTED_EDGE('',*,*,#1389,.T.);
#1847=ORIENTED_EDGE('',*,*,#1385,.F.);
#1848=ORIENTED_EDGE('',*,*,#1390,.F.);
#1849=ORIENTED_EDGE('',*,*,#1391,.T.);
#1850=ORIENTED_EDGE('',*,*,#1392,.T.);
#1851=ORIENTED_EDGE('',*,*,#1388,.F.);
#1852=ORIENTED_EDGE('',*,*,#1393,.F.);
#1853=ORIENTED_EDGE('',*,*,#1394,.T.);
#1854=ORIENTED_EDGE('',*,*,#1395,.T.);
#1855=ORIENTED_EDGE('',*,*,#1391,.F.);
#1856=ORIENTED_EDGE('',*,*,#1396,.F.);
#1857=ORIENTED_EDGE('',*,*,#1397,.T.);
#1858=ORIENTED_EDGE('',*,*,#1398,.T.);
#1859=ORIENTED_EDGE('',*,*,#1394,.F.);
#1860=ORIENTED_EDGE('',*,*,#1399,.F.);
#1861=ORIENTED_EDGE('',*,*,#1400,.T.);
#1862=ORIENTED_EDGE('',*,*,#1401,.T.);
#1863=ORIENTED_EDGE('',*,*,#1397,.F.);
#1864=ORIENTED_EDGE('',*,*,#1402,.F.);
#1865=ORIENTED_EDGE('',*,*,#1403,.T.);
#1866=ORIENTED_EDGE('',*,*,#1404,.T.);
#1867=ORIENTED_EDGE('',*,*,#1400,.F.);
#1868=ORIENTED_EDGE('',*,*,#1405,.F.);
#1869=ORIENTED_EDGE('',*,*,#1406,.F.);
#1870=ORIENTED_EDGE('',*,*,#1407,.F.);
#1871=ORIENTED_EDGE('',*,*,#1408,.T.);
#1872=ORIENTED_EDGE('',*,*,#1409,.T.);
#1873=ORIENTED_EDGE('',*,*,#1410,.T.);
#1874=ORIENTED_EDGE('',*,*,#1411,.T.);
#1875=ORIENTED_EDGE('',*,*,#1412,.F.);
#1876=ORIENTED_EDGE('',*,*,#1413,.T.);
#1877=ORIENTED_EDGE('',*,*,#1414,.T.);
#1878=ORIENTED_EDGE('',*,*,#1415,.T.);
#1879=ORIENTED_EDGE('',*,*,#1410,.F.);
#1880=ORIENTED_EDGE('',*,*,#1416,.T.);
#1881=ORIENTED_EDGE('',*,*,#1417,.T.);
#1882=ORIENTED_EDGE('',*,*,#1418,.T.);
#1883=ORIENTED_EDGE('',*,*,#1414,.F.);
#1884=ORIENTED_EDGE('',*,*,#1419,.T.);
#1885=ORIENTED_EDGE('',*,*,#1420,.T.);
#1886=ORIENTED_EDGE('',*,*,#1421,.T.);
#1887=ORIENTED_EDGE('',*,*,#1417,.F.);
#1888=ORIENTED_EDGE('',*,*,#1422,.T.);
#1889=ORIENTED_EDGE('',*,*,#1423,.T.);
#1890=ORIENTED_EDGE('',*,*,#1424,.T.);
#1891=ORIENTED_EDGE('',*,*,#1420,.F.);
#1892=ORIENTED_EDGE('',*,*,#1425,.T.);
#1893=ORIENTED_EDGE('',*,*,#1426,.T.);
#1894=ORIENTED_EDGE('',*,*,#1427,.T.);
#1895=ORIENTED_EDGE('',*,*,#1423,.F.);
#1896=ORIENTED_EDGE('',*,*,#1428,.T.);
#1897=ORIENTED_EDGE('',*,*,#1429,.T.);
#1898=ORIENTED_EDGE('',*,*,#1430,.T.);
#1899=ORIENTED_EDGE('',*,*,#1426,.F.);
#1900=ORIENTED_EDGE('',*,*,#1431,.T.);
#1901=ORIENTED_EDGE('',*,*,#1432,.T.);
#1902=ORIENTED_EDGE('',*,*,#1433,.T.);
#1903=ORIENTED_EDGE('',*,*,#1429,.F.);
#1904=ORIENTED_EDGE('',*,*,#1434,.T.);
#1905=ORIENTED_EDGE('',*,*,#1435,.F.);
#1906=ORIENTED_EDGE('',*,*,#1436,.T.);
#1907=ORIENTED_EDGE('',*,*,#1437,.T.);
#1908=ORIENTED_EDGE('',*,*,#1438,.T.);
#1909=ORIENTED_EDGE('',*,*,#1439,.T.);
#1910=ORIENTED_EDGE('',*,*,#1440,.T.);
#1911=ORIENTED_EDGE('',*,*,#1441,.F.);
#1912=ORIENTED_EDGE('',*,*,#1442,.T.);
#1913=ORIENTED_EDGE('',*,*,#1443,.T.);
#1914=ORIENTED_EDGE('',*,*,#1444,.T.);
#1915=ORIENTED_EDGE('',*,*,#1439,.F.);
#1916=ORIENTED_EDGE('',*,*,#1445,.T.);
#1917=ORIENTED_EDGE('',*,*,#1446,.T.);
#1918=ORIENTED_EDGE('',*,*,#1447,.T.);
#1919=ORIENTED_EDGE('',*,*,#1443,.F.);
#1920=ORIENTED_EDGE('',*,*,#1448,.T.);
#1921=ORIENTED_EDGE('',*,*,#1449,.T.);
#1922=ORIENTED_EDGE('',*,*,#1450,.T.);
#1923=ORIENTED_EDGE('',*,*,#1446,.F.);
#1924=ORIENTED_EDGE('',*,*,#1451,.T.);
#1925=ORIENTED_EDGE('',*,*,#1452,.T.);
#1926=ORIENTED_EDGE('',*,*,#1453,.T.);
#1927=ORIENTED_EDGE('',*,*,#1449,.F.);
#1928=ORIENTED_EDGE('',*,*,#1454,.T.);
#1929=ORIENTED_EDGE('',*,*,#1455,.T.);
#1930=ORIENTED_EDGE('',*,*,#1456,.T.);
#1931=ORIENTED_EDGE('',*,*,#1452,.F.);
#1932=ORIENTED_EDGE('',*,*,#1457,.T.);
#1933=ORIENTED_EDGE('',*,*,#1458,.T.);
#1934=ORIENTED_EDGE('',*,*,#1459,.T.);
#1935=ORIENTED_EDGE('',*,*,#1455,.F.);
#1936=ORIENTED_EDGE('',*,*,#1460,.T.);
#1937=ORIENTED_EDGE('',*,*,#1461,.T.);
#1938=ORIENTED_EDGE('',*,*,#1462,.T.);
#1939=ORIENTED_EDGE('',*,*,#1458,.F.);
#1940=ORIENTED_EDGE('',*,*,#1463,.T.);
#1941=ORIENTED_EDGE('',*,*,#1464,.F.);
#1942=ORIENTED_EDGE('',*,*,#1465,.T.);
#1943=ORIENTED_EDGE('',*,*,#1466,.T.);
#1944=ORIENTED_EDGE('',*,*,#1467,.T.);
#1945=ORIENTED_EDGE('',*,*,#1468,.F.);
#1946=ORIENTED_EDGE('',*,*,#1469,.T.);
#1947=ORIENTED_EDGE('',*,*,#1470,.T.);
#1948=ORIENTED_EDGE('',*,*,#1471,.T.);
#1949=ORIENTED_EDGE('',*,*,#1469,.F.);
#1950=ORIENTED_EDGE('',*,*,#1472,.T.);
#1951=ORIENTED_EDGE('',*,*,#1473,.F.);
#1952=ORIENTED_EDGE('',*,*,#1474,.F.);
#1953=ORIENTED_EDGE('',*,*,#1475,.F.);
#1954=ORIENTED_EDGE('',*,*,#1476,.T.);
#1955=ORIENTED_EDGE('',*,*,#1477,.T.);
#1956=ORIENTED_EDGE('',*,*,#1478,.T.);
#1957=ORIENTED_EDGE('',*,*,#1468,.T.);
#1958=ORIENTED_EDGE('',*,*,#1479,.F.);
#1959=ORIENTED_EDGE('',*,*,#1475,.T.);
#1960=ORIENTED_EDGE('',*,*,#1480,.F.);
#1961=ORIENTED_EDGE('',*,*,#1481,.T.);
#1962=ORIENTED_EDGE('',*,*,#1482,.F.);
#1963=ORIENTED_EDGE('',*,*,#1483,.T.);
#1964=ORIENTED_EDGE('',*,*,#1472,.F.);
#1965=ORIENTED_EDGE('',*,*,#1484,.F.);
#1966=ORIENTED_EDGE('',*,*,#1485,.F.);
#1967=ORIENTED_EDGE('',*,*,#1486,.F.);
#1968=ORIENTED_EDGE('',*,*,#1487,.F.);
#1969=ORIENTED_EDGE('',*,*,#1488,.F.);
#1970=ORIENTED_EDGE('',*,*,#1489,.F.);
#1971=ORIENTED_EDGE('',*,*,#1490,.F.);
#1972=ORIENTED_EDGE('',*,*,#1491,.F.);
#1973=ORIENTED_EDGE('',*,*,#1492,.F.);
#1974=ORIENTED_EDGE('',*,*,#1493,.F.);
#1975=ORIENTED_EDGE('',*,*,#1494,.F.);
#1976=ORIENTED_EDGE('',*,*,#1495,.F.);
#1977=ORIENTED_EDGE('',*,*,#1496,.F.);
#1978=ORIENTED_EDGE('',*,*,#1497,.F.);
#1979=ORIENTED_EDGE('',*,*,#1498,.F.);
#1980=ORIENTED_EDGE('',*,*,#1376,.F.);
#1981=ORIENTED_EDGE('',*,*,#1499,.F.);
#1982=ORIENTED_EDGE('',*,*,#1437,.F.);
#1983=ORIENTED_EDGE('',*,*,#1500,.F.);
#1984=ORIENTED_EDGE('',*,*,#1408,.F.);
#1985=ORIENTED_EDGE('',*,*,#1501,.F.);
#1986=ORIENTED_EDGE('',*,*,#1466,.F.);
#1987=ORIENTED_EDGE('',*,*,#1502,.F.);
#1988=ORIENTED_EDGE('',*,*,#1478,.F.);
#1989=ORIENTED_EDGE('',*,*,#1503,.F.);
#1990=ORIENTED_EDGE('',*,*,#1504,.F.);
#1991=ORIENTED_EDGE('',*,*,#1480,.T.);
#1992=ORIENTED_EDGE('',*,*,#1481,.F.);
#1993=ORIENTED_EDGE('',*,*,#1504,.T.);
#1994=ORIENTED_EDGE('',*,*,#1505,.T.);
#1995=ORIENTED_EDGE('',*,*,#1506,.T.);
#1996=ORIENTED_EDGE('',*,*,#1506,.F.);
#1997=ORIENTED_EDGE('',*,*,#1507,.F.);
#1998=ORIENTED_EDGE('',*,*,#1508,.F.);
#1999=ORIENTED_EDGE('',*,*,#1482,.T.);
#2000=ORIENTED_EDGE('',*,*,#1483,.F.);
#2001=ORIENTED_EDGE('',*,*,#1508,.T.);
#2002=ORIENTED_EDGE('',*,*,#1509,.T.);
#2003=ORIENTED_EDGE('',*,*,#1473,.T.);
#2004=ORIENTED_EDGE('',*,*,#1471,.F.);
#2005=ORIENTED_EDGE('',*,*,#1510,.F.);
#2006=ORIENTED_EDGE('',*,*,#1476,.F.);
#2007=ORIENTED_EDGE('',*,*,#1479,.T.);
#2008=ORIENTED_EDGE('',*,*,#1491,.T.);
#2009=ORIENTED_EDGE('',*,*,#1511,.T.);
#2010=ORIENTED_EDGE('',*,*,#1512,.T.);
#2011=ORIENTED_EDGE('',*,*,#1513,.T.);
#2012=ORIENTED_EDGE('',*,*,#1490,.T.);
#2013=ORIENTED_EDGE('',*,*,#1514,.F.);
#2014=ORIENTED_EDGE('',*,*,#1515,.F.);
#2015=ORIENTED_EDGE('',*,*,#1511,.F.);
#2016=ORIENTED_EDGE('',*,*,#1489,.T.);
#2017=ORIENTED_EDGE('',*,*,#1516,.T.);
#2018=ORIENTED_EDGE('',*,*,#1517,.T.);
#2019=ORIENTED_EDGE('',*,*,#1514,.T.);
#2020=ORIENTED_EDGE('',*,*,#1488,.T.);
#2021=ORIENTED_EDGE('',*,*,#1518,.T.);
#2022=ORIENTED_EDGE('',*,*,#1519,.T.);
#2023=ORIENTED_EDGE('',*,*,#1516,.F.);
#2024=ORIENTED_EDGE('',*,*,#1487,.T.);
#2025=ORIENTED_EDGE('',*,*,#1520,.F.);
#2026=ORIENTED_EDGE('',*,*,#1521,.F.);
#2027=ORIENTED_EDGE('',*,*,#1518,.F.);
#2028=ORIENTED_EDGE('',*,*,#1486,.T.);
#2029=ORIENTED_EDGE('',*,*,#1522,.T.);
#2030=ORIENTED_EDGE('',*,*,#1523,.T.);
#2031=ORIENTED_EDGE('',*,*,#1520,.T.);
#2032=ORIENTED_EDGE('',*,*,#1485,.T.);
#2033=ORIENTED_EDGE('',*,*,#1524,.F.);
#2034=ORIENTED_EDGE('',*,*,#1525,.F.);
#2035=ORIENTED_EDGE('',*,*,#1522,.F.);
#2036=ORIENTED_EDGE('',*,*,#1484,.T.);
#2037=ORIENTED_EDGE('',*,*,#1526,.T.);
#2038=ORIENTED_EDGE('',*,*,#1527,.T.);
#2039=ORIENTED_EDGE('',*,*,#1524,.T.);
#2040=ORIENTED_EDGE('',*,*,#1464,.T.);
#2041=ORIENTED_EDGE('',*,*,#1528,.T.);
#2042=ORIENTED_EDGE('',*,*,#1461,.F.);
#2043=ORIENTED_EDGE('',*,*,#1529,.T.);
#2044=ORIENTED_EDGE('',*,*,#1501,.T.);
#2045=ORIENTED_EDGE('',*,*,#1407,.T.);
#2046=ORIENTED_EDGE('',*,*,#1530,.T.);
#2047=ORIENTED_EDGE('',*,*,#1405,.T.);
#2048=ORIENTED_EDGE('',*,*,#1402,.T.);
#2049=ORIENTED_EDGE('',*,*,#1399,.T.);
#2050=ORIENTED_EDGE('',*,*,#1396,.T.);
#2051=ORIENTED_EDGE('',*,*,#1393,.T.);
#2052=ORIENTED_EDGE('',*,*,#1390,.T.);
#2053=ORIENTED_EDGE('',*,*,#1387,.T.);
#2054=ORIENTED_EDGE('',*,*,#1384,.T.);
#2055=ORIENTED_EDGE('',*,*,#1381,.T.);
#2056=ORIENTED_EDGE('',*,*,#1531,.F.);
#2057=ORIENTED_EDGE('',*,*,#1440,.F.);
#2058=ORIENTED_EDGE('',*,*,#1444,.F.);
#2059=ORIENTED_EDGE('',*,*,#1447,.F.);
#2060=ORIENTED_EDGE('',*,*,#1450,.F.);
#2061=ORIENTED_EDGE('',*,*,#1453,.F.);
#2062=ORIENTED_EDGE('',*,*,#1456,.F.);
#2063=ORIENTED_EDGE('',*,*,#1459,.F.);
#2064=ORIENTED_EDGE('',*,*,#1462,.F.);
#2065=ORIENTED_EDGE('',*,*,#1528,.F.);
#2066=ORIENTED_EDGE('',*,*,#1467,.F.);
#2067=ORIENTED_EDGE('',*,*,#1435,.T.);
#2068=ORIENTED_EDGE('',*,*,#1532,.T.);
#2069=ORIENTED_EDGE('',*,*,#1432,.F.);
#2070=ORIENTED_EDGE('',*,*,#1533,.T.);
#2071=ORIENTED_EDGE('',*,*,#1499,.T.);
#2072=ORIENTED_EDGE('',*,*,#1375,.T.);
#2073=ORIENTED_EDGE('',*,*,#1534,.T.);
#2074=ORIENTED_EDGE('',*,*,#1373,.T.);
#2075=ORIENTED_EDGE('',*,*,#1370,.T.);
#2076=ORIENTED_EDGE('',*,*,#1367,.T.);
#2077=ORIENTED_EDGE('',*,*,#1364,.T.);
#2078=ORIENTED_EDGE('',*,*,#1361,.T.);
#2079=ORIENTED_EDGE('',*,*,#1358,.T.);
#2080=ORIENTED_EDGE('',*,*,#1355,.T.);
#2081=ORIENTED_EDGE('',*,*,#1352,.T.);
#2082=ORIENTED_EDGE('',*,*,#1349,.T.);
#2083=ORIENTED_EDGE('',*,*,#1535,.F.);
#2084=ORIENTED_EDGE('',*,*,#1411,.F.);
#2085=ORIENTED_EDGE('',*,*,#1415,.F.);
#2086=ORIENTED_EDGE('',*,*,#1418,.F.);
#2087=ORIENTED_EDGE('',*,*,#1421,.F.);
#2088=ORIENTED_EDGE('',*,*,#1424,.F.);
#2089=ORIENTED_EDGE('',*,*,#1427,.F.);
#2090=ORIENTED_EDGE('',*,*,#1430,.F.);
#2091=ORIENTED_EDGE('',*,*,#1433,.F.);
#2092=ORIENTED_EDGE('',*,*,#1532,.F.);
#2093=ORIENTED_EDGE('',*,*,#1438,.F.);
#2094=ORIENTED_EDGE('',*,*,#1536,.T.);
#2095=ORIENTED_EDGE('',*,*,#1537,.T.);
#2096=ORIENTED_EDGE('',*,*,#1538,.T.);
#2097=ORIENTED_EDGE('',*,*,#1539,.T.);
#2098=ORIENTED_EDGE('',*,*,#1540,.T.);
#2099=ORIENTED_EDGE('',*,*,#1266,.T.);
#2100=ORIENTED_EDGE('',*,*,#1541,.T.);
#2101=ORIENTED_EDGE('',*,*,#1190,.T.);
#2102=ORIENTED_EDGE('',*,*,#1542,.T.);
#2103=ORIENTED_EDGE('',*,*,#1307,.T.);
#2104=ORIENTED_EDGE('',*,*,#1543,.T.);
#2105=ORIENTED_EDGE('',*,*,#1228,.T.);
#2106=ORIENTED_EDGE('',*,*,#1519,.F.);
#2107=ORIENTED_EDGE('',*,*,#1521,.T.);
#2108=ORIENTED_EDGE('',*,*,#1523,.F.);
#2109=ORIENTED_EDGE('',*,*,#1525,.T.);
#2110=ORIENTED_EDGE('',*,*,#1527,.F.);
#2111=ORIENTED_EDGE('',*,*,#1544,.T.);
#2112=ORIENTED_EDGE('',*,*,#1545,.F.);
#2113=ORIENTED_EDGE('',*,*,#1546,.T.);
#2114=ORIENTED_EDGE('',*,*,#1547,.F.);
#2115=ORIENTED_EDGE('',*,*,#1548,.T.);
#2116=ORIENTED_EDGE('',*,*,#1549,.F.);
#2117=ORIENTED_EDGE('',*,*,#1550,.T.);
#2118=ORIENTED_EDGE('',*,*,#1512,.F.);
#2119=ORIENTED_EDGE('',*,*,#1515,.T.);
#2120=ORIENTED_EDGE('',*,*,#1517,.F.);
#2121=ORIENTED_EDGE('',*,*,#1551,.T.);
#2122=ORIENTED_EDGE('',*,*,#1412,.T.);
#2123=ORIENTED_EDGE('',*,*,#1535,.T.);
#2124=ORIENTED_EDGE('',*,*,#1348,.T.);
#2125=ORIENTED_EDGE('',*,*,#1552,.T.);
#2126=ORIENTED_EDGE('',*,*,#1441,.T.);
#2127=ORIENTED_EDGE('',*,*,#1531,.T.);
#2128=ORIENTED_EDGE('',*,*,#1380,.T.);
#2129=ORIENTED_EDGE('',*,*,#1497,.T.);
#2130=ORIENTED_EDGE('',*,*,#1553,.T.);
#2131=ORIENTED_EDGE('',*,*,#1545,.T.);
#2132=ORIENTED_EDGE('',*,*,#1554,.T.);
#2133=ORIENTED_EDGE('',*,*,#1496,.T.);
#2134=ORIENTED_EDGE('',*,*,#1555,.F.);
#2135=ORIENTED_EDGE('',*,*,#1546,.F.);
#2136=ORIENTED_EDGE('',*,*,#1553,.F.);
#2137=ORIENTED_EDGE('',*,*,#1495,.T.);
#2138=ORIENTED_EDGE('',*,*,#1556,.T.);
#2139=ORIENTED_EDGE('',*,*,#1547,.T.);
#2140=ORIENTED_EDGE('',*,*,#1555,.T.);
#2141=ORIENTED_EDGE('',*,*,#1494,.T.);
#2142=ORIENTED_EDGE('',*,*,#1557,.F.);
#2143=ORIENTED_EDGE('',*,*,#1548,.F.);
#2144=ORIENTED_EDGE('',*,*,#1556,.F.);
#2145=ORIENTED_EDGE('',*,*,#1493,.T.);
#2146=ORIENTED_EDGE('',*,*,#1558,.T.);
#2147=ORIENTED_EDGE('',*,*,#1549,.T.);
#2148=ORIENTED_EDGE('',*,*,#1557,.T.);
#2149=ORIENTED_EDGE('',*,*,#1492,.T.);
#2150=ORIENTED_EDGE('',*,*,#1513,.F.);
#2151=ORIENTED_EDGE('',*,*,#1550,.F.);
#2152=ORIENTED_EDGE('',*,*,#1558,.F.);
#2153=ORIENTED_EDGE('',*,*,#1498,.T.);
#2154=ORIENTED_EDGE('',*,*,#1554,.F.);
#2155=ORIENTED_EDGE('',*,*,#1544,.F.);
#2156=ORIENTED_EDGE('',*,*,#1526,.F.);
#2157=ORIENTED_EDGE('',*,*,#1406,.T.);
#2158=ORIENTED_EDGE('',*,*,#1559,.T.);
#2159=ORIENTED_EDGE('',*,*,#1403,.F.);
#2160=ORIENTED_EDGE('',*,*,#1530,.F.);
#2161=ORIENTED_EDGE('',*,*,#1502,.T.);
#2162=ORIENTED_EDGE('',*,*,#1465,.F.);
#2163=ORIENTED_EDGE('',*,*,#1529,.F.);
#2164=ORIENTED_EDGE('',*,*,#1463,.F.);
#2165=ORIENTED_EDGE('',*,*,#1460,.F.);
#2166=ORIENTED_EDGE('',*,*,#1457,.F.);
#2167=ORIENTED_EDGE('',*,*,#1454,.F.);
#2168=ORIENTED_EDGE('',*,*,#1451,.F.);
#2169=ORIENTED_EDGE('',*,*,#1448,.F.);
#2170=ORIENTED_EDGE('',*,*,#1445,.F.);
#2171=ORIENTED_EDGE('',*,*,#1442,.F.);
#2172=ORIENTED_EDGE('',*,*,#1552,.F.);
#2173=ORIENTED_EDGE('',*,*,#1379,.F.);
#2174=ORIENTED_EDGE('',*,*,#1383,.F.);
#2175=ORIENTED_EDGE('',*,*,#1386,.F.);
#2176=ORIENTED_EDGE('',*,*,#1389,.F.);
#2177=ORIENTED_EDGE('',*,*,#1392,.F.);
#2178=ORIENTED_EDGE('',*,*,#1395,.F.);
#2179=ORIENTED_EDGE('',*,*,#1398,.F.);
#2180=ORIENTED_EDGE('',*,*,#1401,.F.);
#2181=ORIENTED_EDGE('',*,*,#1404,.F.);
#2182=ORIENTED_EDGE('',*,*,#1559,.F.);
#2183=ORIENTED_EDGE('',*,*,#1409,.F.);
#2184=ORIENTED_EDGE('',*,*,#1560,.T.);
#2185=ORIENTED_EDGE('',*,*,#1561,.T.);
#2186=ORIENTED_EDGE('',*,*,#1562,.T.);
#2187=ORIENTED_EDGE('',*,*,#1563,.T.);
#2188=ORIENTED_EDGE('',*,*,#1503,.T.);
#2189=ORIENTED_EDGE('',*,*,#1477,.F.);
#2190=ORIENTED_EDGE('',*,*,#1510,.T.);
#2191=ORIENTED_EDGE('',*,*,#1470,.F.);
#2192=ORIENTED_EDGE('',*,*,#1474,.T.);
#2193=ORIENTED_EDGE('',*,*,#1509,.F.);
#2194=ORIENTED_EDGE('',*,*,#1507,.T.);
#2195=ORIENTED_EDGE('',*,*,#1505,.F.);
#2196=ORIENTED_EDGE('',*,*,#1564,.T.);
#2197=ORIENTED_EDGE('',*,*,#1224,.T.);
#2198=ORIENTED_EDGE('',*,*,#1565,.T.);
#2199=ORIENTED_EDGE('',*,*,#1303,.T.);
#2200=ORIENTED_EDGE('',*,*,#1566,.T.);
#2201=ORIENTED_EDGE('',*,*,#1262,.T.);
#2202=ORIENTED_EDGE('',*,*,#1567,.T.);
#2203=ORIENTED_EDGE('',*,*,#1344,.T.);
#2204=ORIENTED_EDGE('',*,*,#1374,.T.);
#2205=ORIENTED_EDGE('',*,*,#1568,.T.);
#2206=ORIENTED_EDGE('',*,*,#1371,.F.);
#2207=ORIENTED_EDGE('',*,*,#1534,.F.);
#2208=ORIENTED_EDGE('',*,*,#1500,.T.);
#2209=ORIENTED_EDGE('',*,*,#1436,.F.);
#2210=ORIENTED_EDGE('',*,*,#1533,.F.);
#2211=ORIENTED_EDGE('',*,*,#1434,.F.);
#2212=ORIENTED_EDGE('',*,*,#1431,.F.);
#2213=ORIENTED_EDGE('',*,*,#1428,.F.);
#2214=ORIENTED_EDGE('',*,*,#1425,.F.);
#2215=ORIENTED_EDGE('',*,*,#1422,.F.);
#2216=ORIENTED_EDGE('',*,*,#1419,.F.);
#2217=ORIENTED_EDGE('',*,*,#1416,.F.);
#2218=ORIENTED_EDGE('',*,*,#1413,.F.);
#2219=ORIENTED_EDGE('',*,*,#1551,.F.);
#2220=ORIENTED_EDGE('',*,*,#1347,.F.);
#2221=ORIENTED_EDGE('',*,*,#1351,.F.);
#2222=ORIENTED_EDGE('',*,*,#1354,.F.);
#2223=ORIENTED_EDGE('',*,*,#1357,.F.);
#2224=ORIENTED_EDGE('',*,*,#1360,.F.);
#2225=ORIENTED_EDGE('',*,*,#1363,.F.);
#2226=ORIENTED_EDGE('',*,*,#1366,.F.);
#2227=ORIENTED_EDGE('',*,*,#1369,.F.);
#2228=ORIENTED_EDGE('',*,*,#1372,.F.);
#2229=ORIENTED_EDGE('',*,*,#1568,.F.);
#2230=ORIENTED_EDGE('',*,*,#1377,.F.);
#2231=ORIENTED_EDGE('',*,*,#1342,.T.);
#2232=ORIENTED_EDGE('',*,*,#1569,.T.);
#2233=ORIENTED_EDGE('',*,*,#1339,.F.);
#2234=ORIENTED_EDGE('',*,*,#1570,.F.);
#2235=ORIENTED_EDGE('',*,*,#1543,.F.);
#2236=ORIENTED_EDGE('',*,*,#1306,.F.);
#2237=ORIENTED_EDGE('',*,*,#1310,.F.);
#2238=ORIENTED_EDGE('',*,*,#1313,.F.);
#2239=ORIENTED_EDGE('',*,*,#1316,.F.);
#2240=ORIENTED_EDGE('',*,*,#1319,.F.);
#2241=ORIENTED_EDGE('',*,*,#1322,.F.);
#2242=ORIENTED_EDGE('',*,*,#1325,.F.);
#2243=ORIENTED_EDGE('',*,*,#1328,.F.);
#2244=ORIENTED_EDGE('',*,*,#1331,.F.);
#2245=ORIENTED_EDGE('',*,*,#1334,.F.);
#2246=ORIENTED_EDGE('',*,*,#1337,.F.);
#2247=ORIENTED_EDGE('',*,*,#1340,.F.);
#2248=ORIENTED_EDGE('',*,*,#1569,.F.);
#2249=ORIENTED_EDGE('',*,*,#1345,.F.);
#2250=ORIENTED_EDGE('',*,*,#1567,.F.);
#2251=ORIENTED_EDGE('',*,*,#1261,.F.);
#2252=ORIENTED_EDGE('',*,*,#1571,.F.);
#2253=ORIENTED_EDGE('',*,*,#1259,.F.);
#2254=ORIENTED_EDGE('',*,*,#1256,.F.);
#2255=ORIENTED_EDGE('',*,*,#1253,.F.);
#2256=ORIENTED_EDGE('',*,*,#1250,.F.);
#2257=ORIENTED_EDGE('',*,*,#1247,.F.);
#2258=ORIENTED_EDGE('',*,*,#1244,.F.);
#2259=ORIENTED_EDGE('',*,*,#1241,.F.);
#2260=ORIENTED_EDGE('',*,*,#1238,.F.);
#2261=ORIENTED_EDGE('',*,*,#1235,.F.);
#2262=ORIENTED_EDGE('',*,*,#1232,.F.);
#2263=ORIENTED_EDGE('',*,*,#1229,.F.);
#2264=ORIENTED_EDGE('',*,*,#1542,.F.);
#2265=ORIENTED_EDGE('',*,*,#1227,.F.);
#2266=ORIENTED_EDGE('',*,*,#1231,.F.);
#2267=ORIENTED_EDGE('',*,*,#1234,.F.);
#2268=ORIENTED_EDGE('',*,*,#1237,.F.);
#2269=ORIENTED_EDGE('',*,*,#1240,.F.);
#2270=ORIENTED_EDGE('',*,*,#1243,.F.);
#2271=ORIENTED_EDGE('',*,*,#1246,.F.);
#2272=ORIENTED_EDGE('',*,*,#1249,.F.);
#2273=ORIENTED_EDGE('',*,*,#1252,.F.);
#2274=ORIENTED_EDGE('',*,*,#1255,.F.);
#2275=ORIENTED_EDGE('',*,*,#1258,.F.);
#2276=ORIENTED_EDGE('',*,*,#1572,.F.);
#2277=ORIENTED_EDGE('',*,*,#1263,.F.);
#2278=ORIENTED_EDGE('',*,*,#1566,.F.);
#2279=ORIENTED_EDGE('',*,*,#1343,.T.);
#2280=ORIENTED_EDGE('',*,*,#1570,.T.);
#2281=ORIENTED_EDGE('',*,*,#1341,.T.);
#2282=ORIENTED_EDGE('',*,*,#1338,.T.);
#2283=ORIENTED_EDGE('',*,*,#1335,.T.);
#2284=ORIENTED_EDGE('',*,*,#1332,.T.);
#2285=ORIENTED_EDGE('',*,*,#1329,.T.);
#2286=ORIENTED_EDGE('',*,*,#1326,.T.);
#2287=ORIENTED_EDGE('',*,*,#1323,.T.);
#2288=ORIENTED_EDGE('',*,*,#1320,.T.);
#2289=ORIENTED_EDGE('',*,*,#1317,.T.);
#2290=ORIENTED_EDGE('',*,*,#1314,.T.);
#2291=ORIENTED_EDGE('',*,*,#1311,.T.);
#2292=ORIENTED_EDGE('',*,*,#1308,.T.);
#2293=ORIENTED_EDGE('',*,*,#1301,.T.);
#2294=ORIENTED_EDGE('',*,*,#1573,.T.);
#2295=ORIENTED_EDGE('',*,*,#1298,.F.);
#2296=ORIENTED_EDGE('',*,*,#1574,.F.);
#2297=ORIENTED_EDGE('',*,*,#1541,.F.);
#2298=ORIENTED_EDGE('',*,*,#1265,.F.);
#2299=ORIENTED_EDGE('',*,*,#1269,.F.);
#2300=ORIENTED_EDGE('',*,*,#1272,.F.);
#2301=ORIENTED_EDGE('',*,*,#1275,.F.);
#2302=ORIENTED_EDGE('',*,*,#1278,.F.);
#2303=ORIENTED_EDGE('',*,*,#1281,.F.);
#2304=ORIENTED_EDGE('',*,*,#1284,.F.);
#2305=ORIENTED_EDGE('',*,*,#1287,.F.);
#2306=ORIENTED_EDGE('',*,*,#1290,.F.);
#2307=ORIENTED_EDGE('',*,*,#1293,.F.);
#2308=ORIENTED_EDGE('',*,*,#1296,.F.);
#2309=ORIENTED_EDGE('',*,*,#1299,.F.);
#2310=ORIENTED_EDGE('',*,*,#1573,.F.);
#2311=ORIENTED_EDGE('',*,*,#1304,.F.);
#2312=ORIENTED_EDGE('',*,*,#1565,.F.);
#2313=ORIENTED_EDGE('',*,*,#1223,.F.);
#2314=ORIENTED_EDGE('',*,*,#1575,.F.);
#2315=ORIENTED_EDGE('',*,*,#1221,.F.);
#2316=ORIENTED_EDGE('',*,*,#1218,.F.);
#2317=ORIENTED_EDGE('',*,*,#1215,.F.);
#2318=ORIENTED_EDGE('',*,*,#1212,.F.);
#2319=ORIENTED_EDGE('',*,*,#1209,.F.);
#2320=ORIENTED_EDGE('',*,*,#1206,.F.);
#2321=ORIENTED_EDGE('',*,*,#1203,.F.);
#2322=ORIENTED_EDGE('',*,*,#1200,.F.);
#2323=ORIENTED_EDGE('',*,*,#1197,.F.);
#2324=ORIENTED_EDGE('',*,*,#1194,.F.);
#2325=ORIENTED_EDGE('',*,*,#1191,.F.);
#2326=ORIENTED_EDGE('',*,*,#1540,.F.);
#2327=ORIENTED_EDGE('',*,*,#1189,.F.);
#2328=ORIENTED_EDGE('',*,*,#1193,.F.);
#2329=ORIENTED_EDGE('',*,*,#1196,.F.);
#2330=ORIENTED_EDGE('',*,*,#1199,.F.);
#2331=ORIENTED_EDGE('',*,*,#1202,.F.);
#2332=ORIENTED_EDGE('',*,*,#1205,.F.);
#2333=ORIENTED_EDGE('',*,*,#1208,.F.);
#2334=ORIENTED_EDGE('',*,*,#1211,.F.);
#2335=ORIENTED_EDGE('',*,*,#1214,.F.);
#2336=ORIENTED_EDGE('',*,*,#1217,.F.);
#2337=ORIENTED_EDGE('',*,*,#1220,.F.);
#2338=ORIENTED_EDGE('',*,*,#1576,.F.);
#2339=ORIENTED_EDGE('',*,*,#1225,.F.);
#2340=ORIENTED_EDGE('',*,*,#1564,.F.);
#2341=ORIENTED_EDGE('',*,*,#1302,.T.);
#2342=ORIENTED_EDGE('',*,*,#1574,.T.);
#2343=ORIENTED_EDGE('',*,*,#1300,.T.);
#2344=ORIENTED_EDGE('',*,*,#1297,.T.);
#2345=ORIENTED_EDGE('',*,*,#1294,.T.);
#2346=ORIENTED_EDGE('',*,*,#1291,.T.);
#2347=ORIENTED_EDGE('',*,*,#1288,.T.);
#2348=ORIENTED_EDGE('',*,*,#1285,.T.);
#2349=ORIENTED_EDGE('',*,*,#1282,.T.);
#2350=ORIENTED_EDGE('',*,*,#1279,.T.);
#2351=ORIENTED_EDGE('',*,*,#1276,.T.);
#2352=ORIENTED_EDGE('',*,*,#1273,.T.);
#2353=ORIENTED_EDGE('',*,*,#1270,.T.);
#2354=ORIENTED_EDGE('',*,*,#1267,.T.);
#2355=ORIENTED_EDGE('',*,*,#1260,.T.);
#2356=ORIENTED_EDGE('',*,*,#1572,.T.);
#2357=ORIENTED_EDGE('',*,*,#1257,.F.);
#2358=ORIENTED_EDGE('',*,*,#1571,.T.);
#2359=ORIENTED_EDGE('',*,*,#1222,.T.);
#2360=ORIENTED_EDGE('',*,*,#1576,.T.);
#2361=ORIENTED_EDGE('',*,*,#1219,.F.);
#2362=ORIENTED_EDGE('',*,*,#1575,.T.);
#2363=ORIENTED_EDGE('',*,*,#1577,.F.);
#2364=ORIENTED_EDGE('',*,*,#1578,.F.);
#2365=ORIENTED_EDGE('',*,*,#1579,.F.);
#2366=ORIENTED_EDGE('',*,*,#1580,.F.);
#2367=ORIENTED_EDGE('',*,*,#1581,.F.);
#2368=ORIENTED_EDGE('',*,*,#1582,.F.);
#2369=ORIENTED_EDGE('',*,*,#1583,.F.);
#2370=ORIENTED_EDGE('',*,*,#1584,.F.);
#2371=ORIENTED_EDGE('',*,*,#1578,.T.);
#2372=ORIENTED_EDGE('',*,*,#1585,.T.);
#2373=ORIENTED_EDGE('',*,*,#1539,.F.);
#2374=ORIENTED_EDGE('',*,*,#1586,.F.);
#2375=ORIENTED_EDGE('',*,*,#1579,.T.);
#2376=ORIENTED_EDGE('',*,*,#1586,.T.);
#2377=ORIENTED_EDGE('',*,*,#1538,.F.);
#2378=ORIENTED_EDGE('',*,*,#1587,.F.);
#2379=ORIENTED_EDGE('',*,*,#1580,.T.);
#2380=ORIENTED_EDGE('',*,*,#1587,.T.);
#2381=ORIENTED_EDGE('',*,*,#1537,.F.);
#2382=ORIENTED_EDGE('',*,*,#1588,.F.);
#2383=ORIENTED_EDGE('',*,*,#1577,.T.);
#2384=ORIENTED_EDGE('',*,*,#1588,.T.);
#2385=ORIENTED_EDGE('',*,*,#1536,.F.);
#2386=ORIENTED_EDGE('',*,*,#1585,.F.);
#2387=ORIENTED_EDGE('',*,*,#1581,.T.);
#2388=ORIENTED_EDGE('',*,*,#1589,.T.);
#2389=ORIENTED_EDGE('',*,*,#1563,.F.);
#2390=ORIENTED_EDGE('',*,*,#1590,.F.);
#2391=ORIENTED_EDGE('',*,*,#1582,.T.);
#2392=ORIENTED_EDGE('',*,*,#1590,.T.);
#2393=ORIENTED_EDGE('',*,*,#1562,.F.);
#2394=ORIENTED_EDGE('',*,*,#1591,.F.);
#2395=ORIENTED_EDGE('',*,*,#1583,.T.);
#2396=ORIENTED_EDGE('',*,*,#1591,.T.);
#2397=ORIENTED_EDGE('',*,*,#1561,.F.);
#2398=ORIENTED_EDGE('',*,*,#1592,.F.);
#2399=ORIENTED_EDGE('',*,*,#1584,.T.);
#2400=ORIENTED_EDGE('',*,*,#1592,.T.);
#2401=ORIENTED_EDGE('',*,*,#1560,.F.);
#2402=ORIENTED_EDGE('',*,*,#1589,.F.);
#2403=CYLINDRICAL_SURFACE('',#2656,2.117);
#2404=CYLINDRICAL_SURFACE('',#2658,2.117);
#2405=CYLINDRICAL_SURFACE('',#2659,2.117);
#2406=CYLINDRICAL_SURFACE('',#2660,2.117);
#2407=CYLINDRICAL_SURFACE('',#2661,2.117);
#2408=CYLINDRICAL_SURFACE('',#2662,2.117);
#2409=CYLINDRICAL_SURFACE('',#2663,2.117);
#2410=CYLINDRICAL_SURFACE('',#2664,2.117);
#2411=CYLINDRICAL_SURFACE('',#2665,2.117);
#2412=CYLINDRICAL_SURFACE('',#2666,2.117);
#2413=CYLINDRICAL_SURFACE('',#2667,2.117);
#2414=CYLINDRICAL_SURFACE('',#2668,2.117);
#2415=CYLINDRICAL_SURFACE('',#2670,2.117);
#2416=CYLINDRICAL_SURFACE('',#2672,2.117);
#2417=CYLINDRICAL_SURFACE('',#2673,2.117);
#2418=CYLINDRICAL_SURFACE('',#2674,2.117);
#2419=CYLINDRICAL_SURFACE('',#2675,2.117);
#2420=CYLINDRICAL_SURFACE('',#2676,2.117);
#2421=CYLINDRICAL_SURFACE('',#2677,2.117);
#2422=CYLINDRICAL_SURFACE('',#2678,2.117);
#2423=CYLINDRICAL_SURFACE('',#2679,2.117);
#2424=CYLINDRICAL_SURFACE('',#2680,2.117);
#2425=CYLINDRICAL_SURFACE('',#2681,2.117);
#2426=CYLINDRICAL_SURFACE('',#2682,2.117);
#2427=CYLINDRICAL_SURFACE('',#2684,2.56);
#2428=CYLINDRICAL_SURFACE('',#2686,2.56);
#2429=CYLINDRICAL_SURFACE('',#2687,2.56);
#2430=CYLINDRICAL_SURFACE('',#2688,2.56);
#2431=CYLINDRICAL_SURFACE('',#2689,2.56);
#2432=CYLINDRICAL_SURFACE('',#2690,2.56);
#2433=CYLINDRICAL_SURFACE('',#2691,2.56);
#2434=CYLINDRICAL_SURFACE('',#2692,2.56);
#2435=CYLINDRICAL_SURFACE('',#2693,2.56);
#2436=CYLINDRICAL_SURFACE('',#2694,2.56);
#2437=CYLINDRICAL_SURFACE('',#2695,2.56);
#2438=CYLINDRICAL_SURFACE('',#2696,2.56);
#2439=CYLINDRICAL_SURFACE('',#2697,2.56);
#2440=CYLINDRICAL_SURFACE('',#2699,2.56000000000004);
#2441=CYLINDRICAL_SURFACE('',#2701,2.56000000000004);
#2442=CYLINDRICAL_SURFACE('',#2702,2.56000000000004);
#2443=CYLINDRICAL_SURFACE('',#2703,2.56000000000004);
#2444=CYLINDRICAL_SURFACE('',#2704,2.56000000000004);
#2445=CYLINDRICAL_SURFACE('',#2705,2.56000000000004);
#2446=CYLINDRICAL_SURFACE('',#2706,2.56000000000004);
#2447=CYLINDRICAL_SURFACE('',#2707,2.56000000000004);
#2448=CYLINDRICAL_SURFACE('',#2708,2.56000000000004);
#2449=CYLINDRICAL_SURFACE('',#2709,2.56000000000004);
#2450=CYLINDRICAL_SURFACE('',#2710,2.56000000000004);
#2451=CYLINDRICAL_SURFACE('',#2711,2.56000000000004);
#2452=CYLINDRICAL_SURFACE('',#2712,2.56000000000004);
#2453=CYLINDRICAL_SURFACE('',#2714,2.55999999999997);
#2454=CYLINDRICAL_SURFACE('',#2716,2.55999999999997);
#2455=CYLINDRICAL_SURFACE('',#2717,2.55999999999997);
#2456=CYLINDRICAL_SURFACE('',#2718,2.55999999999997);
#2457=CYLINDRICAL_SURFACE('',#2719,2.55999999999997);
#2458=CYLINDRICAL_SURFACE('',#2720,2.55999999999997);
#2459=CYLINDRICAL_SURFACE('',#2721,2.55999999999997);
#2460=CYLINDRICAL_SURFACE('',#2722,2.55999999999997);
#2461=CYLINDRICAL_SURFACE('',#2723,2.55999999999997);
#2462=CYLINDRICAL_SURFACE('',#2724,2.55999999999997);
#2463=CYLINDRICAL_SURFACE('',#2726,2.56);
#2464=CYLINDRICAL_SURFACE('',#2728,2.56);
#2465=CYLINDRICAL_SURFACE('',#2729,2.56);
#2466=CYLINDRICAL_SURFACE('',#2730,2.56);
#2467=CYLINDRICAL_SURFACE('',#2731,2.56);
#2468=CYLINDRICAL_SURFACE('',#2732,2.56);
#2469=CYLINDRICAL_SURFACE('',#2733,2.56);
#2470=CYLINDRICAL_SURFACE('',#2734,2.56);
#2471=CYLINDRICAL_SURFACE('',#2735,2.56);
#2472=CYLINDRICAL_SURFACE('',#2736,2.56);
#2473=CYLINDRICAL_SURFACE('',#2738,2.117);
#2474=CYLINDRICAL_SURFACE('',#2740,2.117);
#2475=CYLINDRICAL_SURFACE('',#2741,2.117);
#2476=CYLINDRICAL_SURFACE('',#2742,2.117);
#2477=CYLINDRICAL_SURFACE('',#2743,2.117);
#2478=CYLINDRICAL_SURFACE('',#2744,2.117);
#2479=CYLINDRICAL_SURFACE('',#2745,2.117);
#2480=CYLINDRICAL_SURFACE('',#2746,2.117);
#2481=CYLINDRICAL_SURFACE('',#2747,2.117);
#2482=CYLINDRICAL_SURFACE('',#2749,2.117);
#2483=CYLINDRICAL_SURFACE('',#2751,2.117);
#2484=CYLINDRICAL_SURFACE('',#2752,2.117);
#2485=CYLINDRICAL_SURFACE('',#2753,2.117);
#2486=CYLINDRICAL_SURFACE('',#2754,2.117);
#2487=CYLINDRICAL_SURFACE('',#2755,2.117);
#2488=CYLINDRICAL_SURFACE('',#2756,2.117);
#2489=CYLINDRICAL_SURFACE('',#2757,2.117);
#2490=CYLINDRICAL_SURFACE('',#2758,2.117);
#2491=CYLINDRICAL_SURFACE('',#2760,5.);
#2492=CYLINDRICAL_SURFACE('',#2764,5.);
#2493=CYLINDRICAL_SURFACE('',#2771,5.);
#2494=CYLINDRICAL_SURFACE('',#2774,5.);
#2495=CYLINDRICAL_SURFACE('',#2780,2.117);
#2496=CYLINDRICAL_SURFACE('',#2781,2.117);
#2497=CYLINDRICAL_SURFACE('',#2787,2.56);
#2498=CYLINDRICAL_SURFACE('',#2789,2.55999999999997);
#2499=CYLINDRICAL_SURFACE('',#2790,2.56000000000004);
#2500=CYLINDRICAL_SURFACE('',#2791,2.56);
#2501=CYLINDRICAL_SURFACE('',#2792,2.117);
#2502=CYLINDRICAL_SURFACE('',#2793,2.117);
#2503=ADVANCED_FACE('',(#66),#2403,.F.);
#2504=ADVANCED_FACE('',(#67),#2404,.F.);
#2505=ADVANCED_FACE('',(#68),#2405,.F.);
#2506=ADVANCED_FACE('',(#69),#2406,.F.);
#2507=ADVANCED_FACE('',(#70),#2407,.F.);
#2508=ADVANCED_FACE('',(#71),#2408,.F.);
#2509=ADVANCED_FACE('',(#72),#2409,.F.);
#2510=ADVANCED_FACE('',(#73),#2410,.F.);
#2511=ADVANCED_FACE('',(#74),#2411,.F.);
#2512=ADVANCED_FACE('',(#75),#2412,.F.);
#2513=ADVANCED_FACE('',(#76),#2413,.F.);
#2514=ADVANCED_FACE('',(#77),#2414,.F.);
#2515=ADVANCED_FACE('',(#78),#2415,.F.);
#2516=ADVANCED_FACE('',(#79),#2416,.F.);
#2517=ADVANCED_FACE('',(#80),#2417,.F.);
#2518=ADVANCED_FACE('',(#81),#2418,.F.);
#2519=ADVANCED_FACE('',(#82),#2419,.F.);
#2520=ADVANCED_FACE('',(#83),#2420,.F.);
#2521=ADVANCED_FACE('',(#84),#2421,.F.);
#2522=ADVANCED_FACE('',(#85),#2422,.F.);
#2523=ADVANCED_FACE('',(#86),#2423,.F.);
#2524=ADVANCED_FACE('',(#87),#2424,.F.);
#2525=ADVANCED_FACE('',(#88),#2425,.F.);
#2526=ADVANCED_FACE('',(#89),#2426,.F.);
#2527=ADVANCED_FACE('',(#90),#2427,.F.);
#2528=ADVANCED_FACE('',(#91),#2428,.F.);
#2529=ADVANCED_FACE('',(#92),#2429,.F.);
#2530=ADVANCED_FACE('',(#93),#2430,.F.);
#2531=ADVANCED_FACE('',(#94),#2431,.F.);
#2532=ADVANCED_FACE('',(#95),#2432,.F.);
#2533=ADVANCED_FACE('',(#96),#2433,.F.);
#2534=ADVANCED_FACE('',(#97),#2434,.F.);
#2535=ADVANCED_FACE('',(#98),#2435,.F.);
#2536=ADVANCED_FACE('',(#99),#2436,.F.);
#2537=ADVANCED_FACE('',(#100),#2437,.F.);
#2538=ADVANCED_FACE('',(#101),#2438,.F.);
#2539=ADVANCED_FACE('',(#102),#2439,.F.);
#2540=ADVANCED_FACE('',(#103),#2440,.F.);
#2541=ADVANCED_FACE('',(#104),#2441,.F.);
#2542=ADVANCED_FACE('',(#105),#2442,.F.);
#2543=ADVANCED_FACE('',(#106),#2443,.F.);
#2544=ADVANCED_FACE('',(#107),#2444,.F.);
#2545=ADVANCED_FACE('',(#108),#2445,.F.);
#2546=ADVANCED_FACE('',(#109),#2446,.F.);
#2547=ADVANCED_FACE('',(#110),#2447,.F.);
#2548=ADVANCED_FACE('',(#111),#2448,.F.);
#2549=ADVANCED_FACE('',(#112),#2449,.F.);
#2550=ADVANCED_FACE('',(#113),#2450,.F.);
#2551=ADVANCED_FACE('',(#114),#2451,.F.);
#2552=ADVANCED_FACE('',(#115),#2452,.F.);
#2553=ADVANCED_FACE('',(#116),#2453,.F.);
#2554=ADVANCED_FACE('',(#117),#2454,.F.);
#2555=ADVANCED_FACE('',(#118),#2455,.F.);
#2556=ADVANCED_FACE('',(#119),#2456,.F.);
#2557=ADVANCED_FACE('',(#120),#2457,.F.);
#2558=ADVANCED_FACE('',(#121),#2458,.F.);
#2559=ADVANCED_FACE('',(#122),#2459,.F.);
#2560=ADVANCED_FACE('',(#123),#2460,.F.);
#2561=ADVANCED_FACE('',(#124),#2461,.F.);
#2562=ADVANCED_FACE('',(#125),#2462,.F.);
#2563=ADVANCED_FACE('',(#126),#2463,.F.);
#2564=ADVANCED_FACE('',(#127),#2464,.F.);
#2565=ADVANCED_FACE('',(#128),#2465,.F.);
#2566=ADVANCED_FACE('',(#129),#2466,.F.);
#2567=ADVANCED_FACE('',(#130),#2467,.F.);
#2568=ADVANCED_FACE('',(#131),#2468,.F.);
#2569=ADVANCED_FACE('',(#132),#2469,.F.);
#2570=ADVANCED_FACE('',(#133),#2470,.F.);
#2571=ADVANCED_FACE('',(#134),#2471,.F.);
#2572=ADVANCED_FACE('',(#135),#2472,.F.);
#2573=ADVANCED_FACE('',(#136),#2473,.F.);
#2574=ADVANCED_FACE('',(#137),#2474,.F.);
#2575=ADVANCED_FACE('',(#138),#2475,.F.);
#2576=ADVANCED_FACE('',(#139),#2476,.F.);
#2577=ADVANCED_FACE('',(#140),#2477,.F.);
#2578=ADVANCED_FACE('',(#141),#2478,.F.);
#2579=ADVANCED_FACE('',(#142),#2479,.F.);
#2580=ADVANCED_FACE('',(#143),#2480,.F.);
#2581=ADVANCED_FACE('',(#144),#2481,.F.);
#2582=ADVANCED_FACE('',(#145),#2482,.F.);
#2583=ADVANCED_FACE('',(#146),#2483,.F.);
#2584=ADVANCED_FACE('',(#147),#2484,.F.);
#2585=ADVANCED_FACE('',(#148),#2485,.F.);
#2586=ADVANCED_FACE('',(#149),#2486,.F.);
#2587=ADVANCED_FACE('',(#150),#2487,.F.);
#2588=ADVANCED_FACE('',(#151),#2488,.F.);
#2589=ADVANCED_FACE('',(#152),#2489,.F.);
#2590=ADVANCED_FACE('',(#153),#2490,.F.);
#2591=ADVANCED_FACE('',(#154),#2491,.F.);
#2592=ADVANCED_FACE('',(#155),#43,.F.);
#2593=ADVANCED_FACE('',(#156),#2492,.F.);
#2594=ADVANCED_FACE('',(#157,#31,#32,#33),#44,.T.);
#2595=ADVANCED_FACE('',(#158),#45,.F.);
#2596=ADVANCED_FACE('',(#159),#2493,.F.);
#2597=ADVANCED_FACE('',(#160),#46,.F.);
#2598=ADVANCED_FACE('',(#161),#2494,.F.);
#2599=ADVANCED_FACE('',(#162),#47,.F.);
#2600=ADVANCED_FACE('',(#163),#15,.T.);
#2601=ADVANCED_FACE('',(#164),#48,.F.);
#2602=ADVANCED_FACE('',(#165),#16,.T.);
#2603=ADVANCED_FACE('',(#166),#17,.F.);
#2604=ADVANCED_FACE('',(#167),#49,.F.);
#2605=ADVANCED_FACE('',(#168),#18,.T.);
#2606=ADVANCED_FACE('',(#169),#50,.F.);
#2607=ADVANCED_FACE('',(#170),#19,.T.);
#2608=ADVANCED_FACE('',(#171),#2495,.F.);
#2609=ADVANCED_FACE('',(#172),#20,.F.);
#2610=ADVANCED_FACE('',(#173),#2496,.F.);
#2611=ADVANCED_FACE('',(#174),#21,.F.);
#2612=ADVANCED_FACE('',(#175,#34,#35,#36,#37,#38),#51,.T.);
#2613=ADVANCED_FACE('',(#176),#22,.F.);
#2614=ADVANCED_FACE('',(#177),#52,.F.);
#2615=ADVANCED_FACE('',(#178),#23,.T.);
#2616=ADVANCED_FACE('',(#179),#53,.F.);
#2617=ADVANCED_FACE('',(#180),#24,.T.);
#2618=ADVANCED_FACE('',(#181),#54,.F.);
#2619=ADVANCED_FACE('',(#182),#55,.F.);
#2620=ADVANCED_FACE('',(#183),#2497,.F.);
#2621=ADVANCED_FACE('',(#184),#25,.F.);
#2622=ADVANCED_FACE('',(#185,#39,#40,#41),#56,.T.);
#2623=ADVANCED_FACE('',(#186),#2498,.F.);
#2624=ADVANCED_FACE('',(#187),#26,.F.);
#2625=ADVANCED_FACE('',(#188),#2499,.F.);
#2626=ADVANCED_FACE('',(#189),#27,.F.);
#2627=ADVANCED_FACE('',(#190),#28,.F.);
#2628=ADVANCED_FACE('',(#191),#2500,.F.);
#2629=ADVANCED_FACE('',(#192),#29,.F.);
#2630=ADVANCED_FACE('',(#193),#30,.F.);
#2631=ADVANCED_FACE('',(#194),#2501,.F.);
#2632=ADVANCED_FACE('',(#195),#2502,.F.);
#2633=ADVANCED_FACE('',(#196,#42),#57,.F.);
#2634=ADVANCED_FACE('',(#197),#58,.T.);
#2635=ADVANCED_FACE('',(#198),#59,.T.);
#2636=ADVANCED_FACE('',(#199),#60,.T.);
#2637=ADVANCED_FACE('',(#200),#61,.T.);
#2638=ADVANCED_FACE('',(#201),#62,.T.);
#2639=ADVANCED_FACE('',(#202),#63,.T.);
#2640=ADVANCED_FACE('',(#203),#64,.T.);
#2641=ADVANCED_FACE('',(#204),#65,.T.);
#2642=CLOSED_SHELL('',(#2503,#2504,#2505,#2506,#2507,#2508,#2509,#2510,
#2511,#2512,#2513,#2514,#2515,#2516,#2517,#2518,#2519,#2520,#2521,#2522,
#2523,#2524,#2525,#2526,#2527,#2528,#2529,#2530,#2531,#2532,#2533,#2534,
#2535,#2536,#2537,#2538,#2539,#2540,#2541,#2542,#2543,#2544,#2545,#2546,
#2547,#2548,#2549,#2550,#2551,#2552,#2553,#2554,#2555,#2556,#2557,#2558,
#2559,#2560,#2561,#2562,#2563,#2564,#2565,#2566,#2567,#2568,#2569,#2570,
#2571,#2572,#2573,#2574,#2575,#2576,#2577,#2578,#2579,#2580,#2581,#2582,
#2583,#2584,#2585,#2586,#2587,#2588,#2589,#2590,#2591,#2592,#2593,#2594,
#2595,#2596,#2597,#2598,#2599,#2600,#2601,#2602,#2603,#2604,#2605,#2606,
#2607,#2608,#2609,#2610,#2611,#2612,#2613,#2614,#2615,#2616,#2617,#2618,
#2619,#2620,#2621,#2622,#2623,#2624,#2625,#2626,#2627,#2628,#2629,#2630,
#2631,#2632,#2633,#2634,#2635,#2636,#2637,#2638,#2639,#2640,#2641));
#2643=DERIVED_UNIT_ELEMENT(#2645,1.);
#2644=DERIVED_UNIT_ELEMENT(#11246,-3.);
#2645=(
MASS_UNIT()
NAMED_UNIT(*)
SI_UNIT(.KILO.,.GRAM.)
);
#2646=DERIVED_UNIT((#2643,#2644));
#2647=MEASURE_REPRESENTATION_ITEM('density measure',
POSITIVE_RATIO_MEASURE(7850.),#2646);
#2648=PROPERTY_DEFINITION_REPRESENTATION(#2653,#2650);
#2649=PROPERTY_DEFINITION_REPRESENTATION(#2654,#2651);
#2650=REPRESENTATION('material name',(#2652),#11243);
#2651=REPRESENTATION('density',(#2647),#11243);
#2652=DESCRIPTIVE_REPRESENTATION_ITEM('Steel','Steel');
#2653=PROPERTY_DEFINITION('material property','material name',#11253);
#2654=PROPERTY_DEFINITION('material property','density of part',#11253);
#2655=AXIS2_PLACEMENT_3D('',#3256,#2803,#2804);
#2656=AXIS2_PLACEMENT_3D('',#3257,#2805,#2806);
#2657=AXIS2_PLACEMENT_3D('',#3276,#2808,#2809);
#2658=AXIS2_PLACEMENT_3D('',#3296,#2810,#2811);
#2659=AXIS2_PLACEMENT_3D('',#3347,#2813,#2814);
#2660=AXIS2_PLACEMENT_3D('',#3398,#2816,#2817);
#2661=AXIS2_PLACEMENT_3D('',#3446,#2819,#2820);
#2662=AXIS2_PLACEMENT_3D('',#3497,#2822,#2823);
#2663=AXIS2_PLACEMENT_3D('',#3548,#2825,#2826);
#2664=AXIS2_PLACEMENT_3D('',#3596,#2828,#2829);
#2665=AXIS2_PLACEMENT_3D('',#3647,#2831,#2832);
#2666=AXIS2_PLACEMENT_3D('',#3698,#2834,#2835);
#2667=AXIS2_PLACEMENT_3D('',#3746,#2837,#2838);
#2668=AXIS2_PLACEMENT_3D('',#3797,#2840,#2841);
#2669=AXIS2_PLACEMENT_3D('',#3816,#2843,#2844);
#2670=AXIS2_PLACEMENT_3D('',#3836,#2845,#2846);
#2671=AXIS2_PLACEMENT_3D('',#3855,#2848,#2849);
#2672=AXIS2_PLACEMENT_3D('',#3875,#2850,#2851);
#2673=AXIS2_PLACEMENT_3D('',#3926,#2853,#2854);
#2674=AXIS2_PLACEMENT_3D('',#3977,#2856,#2857);
#2675=AXIS2_PLACEMENT_3D('',#4025,#2859,#2860);
#2676=AXIS2_PLACEMENT_3D('',#4076,#2862,#2863);
#2677=AXIS2_PLACEMENT_3D('',#4127,#2865,#2866);
#2678=AXIS2_PLACEMENT_3D('',#4175,#2868,#2869);
#2679=AXIS2_PLACEMENT_3D('',#4226,#2871,#2872);
#2680=AXIS2_PLACEMENT_3D('',#4277,#2874,#2875);
#2681=AXIS2_PLACEMENT_3D('',#4325,#2877,#2878);
#2682=AXIS2_PLACEMENT_3D('',#4376,#2880,#2881);
#2683=AXIS2_PLACEMENT_3D('',#4395,#2883,#2884);
#2684=AXIS2_PLACEMENT_3D('',#4415,#2885,#2886);
#2685=AXIS2_PLACEMENT_3D('',#4426,#2888,#2889);
#2686=AXIS2_PLACEMENT_3D('',#4432,#2890,#2891);
#2687=AXIS2_PLACEMENT_3D('',#4457,#2893,#2894);
#2688=AXIS2_PLACEMENT_3D('',#4481,#2896,#2897);
#2689=AXIS2_PLACEMENT_3D('',#4506,#2899,#2900);
#2690=AXIS2_PLACEMENT_3D('',#4531,#2902,#2903);
#2691=AXIS2_PLACEMENT_3D('',#4555,#2905,#2906);
#2692=AXIS2_PLACEMENT_3D('',#4580,#2908,#2909);
#2693=AXIS2_PLACEMENT_3D('',#4605,#2911,#2912);
#2694=AXIS2_PLACEMENT_3D('',#4629,#2914,#2915);
#2695=AXIS2_PLACEMENT_3D('',#4654,#2917,#2918);
#2696=AXIS2_PLACEMENT_3D('',#4679,#2920,#2921);
#2697=AXIS2_PLACEMENT_3D('',#4703,#2923,#2924);
#2698=AXIS2_PLACEMENT_3D('',#4714,#2926,#2927);
#2699=AXIS2_PLACEMENT_3D('',#4720,#2928,#2929);
#2700=AXIS2_PLACEMENT_3D('',#4731,#2931,#2932);
#2701=AXIS2_PLACEMENT_3D('',#4737,#2933,#2934);
#2702=AXIS2_PLACEMENT_3D('',#4762,#2936,#2937);
#2703=AXIS2_PLACEMENT_3D('',#4786,#2939,#2940);
#2704=AXIS2_PLACEMENT_3D('',#4811,#2942,#2943);
#2705=AXIS2_PLACEMENT_3D('',#4836,#2945,#2946);
#2706=AXIS2_PLACEMENT_3D('',#4860,#2948,#2949);
#2707=AXIS2_PLACEMENT_3D('',#4885,#2951,#2952);
#2708=AXIS2_PLACEMENT_3D('',#4910,#2954,#2955);
#2709=AXIS2_PLACEMENT_3D('',#4934,#2957,#2958);
#2710=AXIS2_PLACEMENT_3D('',#4959,#2960,#2961);
#2711=AXIS2_PLACEMENT_3D('',#4984,#2963,#2964);
#2712=AXIS2_PLACEMENT_3D('',#5008,#2966,#2967);
#2713=AXIS2_PLACEMENT_3D('',#5019,#2969,#2970);
#2714=AXIS2_PLACEMENT_3D('',#5025,#2971,#2972);
#2715=AXIS2_PLACEMENT_3D('',#5036,#2974,#2975);
#2716=AXIS2_PLACEMENT_3D('',#5042,#2976,#2977);
#2717=AXIS2_PLACEMENT_3D('',#5067,#2979,#2980);
#2718=AXIS2_PLACEMENT_3D('',#5091,#2982,#2983);
#2719=AXIS2_PLACEMENT_3D('',#5116,#2985,#2986);
#2720=AXIS2_PLACEMENT_3D('',#5141,#2988,#2989);
#2721=AXIS2_PLACEMENT_3D('',#5165,#2991,#2992);
#2722=AXIS2_PLACEMENT_3D('',#5190,#2994,#2995);
#2723=AXIS2_PLACEMENT_3D('',#5214,#2997,#2998);
#2724=AXIS2_PLACEMENT_3D('',#5239,#3000,#3001);
#2725=AXIS2_PLACEMENT_3D('',#5249,#3003,#3004);
#2726=AXIS2_PLACEMENT_3D('',#5255,#3005,#3006);
#2727=AXIS2_PLACEMENT_3D('',#5266,#3008,#3009);
#2728=AXIS2_PLACEMENT_3D('',#5272,#3010,#3011);
#2729=AXIS2_PLACEMENT_3D('',#5297,#3013,#3014);
#2730=AXIS2_PLACEMENT_3D('',#5321,#3016,#3017);
#2731=AXIS2_PLACEMENT_3D('',#5346,#3019,#3020);
#2732=AXIS2_PLACEMENT_3D('',#5371,#3022,#3023);
#2733=AXIS2_PLACEMENT_3D('',#5395,#3025,#3026);
#2734=AXIS2_PLACEMENT_3D('',#5420,#3028,#3029);
#2735=AXIS2_PLACEMENT_3D('',#5444,#3031,#3032);
#2736=AXIS2_PLACEMENT_3D('',#5469,#3034,#3035);
#2737=AXIS2_PLACEMENT_3D('',#5479,#3037,#3038);
#2738=AXIS2_PLACEMENT_3D('',#5485,#3039,#3040);
#2739=AXIS2_PLACEMENT_3D('',#5504,#3042,#3043);
#2740=AXIS2_PLACEMENT_3D('',#5524,#3044,#3045);
#2741=AXIS2_PLACEMENT_3D('',#5575,#3047,#3048);
#2742=AXIS2_PLACEMENT_3D('',#5626,#3050,#3051);
#2743=AXIS2_PLACEMENT_3D('',#5674,#3053,#3054);
#2744=AXIS2_PLACEMENT_3D('',#5725,#3056,#3057);
#2745=AXIS2_PLACEMENT_3D('',#5776,#3059,#3060);
#2746=AXIS2_PLACEMENT_3D('',#5824,#3062,#3063);
#2747=AXIS2_PLACEMENT_3D('',#5872,#3065,#3066);
#2748=AXIS2_PLACEMENT_3D('',#5891,#3068,#3069);
#2749=AXIS2_PLACEMENT_3D('',#5908,#3070,#3071);
#2750=AXIS2_PLACEMENT_3D('',#5927,#3073,#3074);
#2751=AXIS2_PLACEMENT_3D('',#5947,#3075,#3076);
#2752=AXIS2_PLACEMENT_3D('',#5998,#3078,#3079);
#2753=AXIS2_PLACEMENT_3D('',#6049,#3081,#3082);
#2754=AXIS2_PLACEMENT_3D('',#6097,#3084,#3085);
#2755=AXIS2_PLACEMENT_3D('',#6148,#3087,#3088);
#2756=AXIS2_PLACEMENT_3D('',#6199,#3090,#3091);
#2757=AXIS2_PLACEMENT_3D('',#6247,#3093,#3094);
#2758=AXIS2_PLACEMENT_3D('',#6295,#3096,#3097);
#2759=AXIS2_PLACEMENT_3D('',#6314,#3099,#3100);
#2760=AXIS2_PLACEMENT_3D('',#6331,#3101,#3102);
#2761=AXIS2_PLACEMENT_3D('',#6334,#3103,#3104);
#2762=AXIS2_PLACEMENT_3D('',#6338,#3106,#3107);
#2763=AXIS2_PLACEMENT_3D('',#6340,#3109,#3110);
#2764=AXIS2_PLACEMENT_3D('',#6346,#3114,#3115);
#2765=AXIS2_PLACEMENT_3D('',#6349,#3116,#3117);
#2766=AXIS2_PLACEMENT_3D('',#6353,#3119,#3120);
#2767=AXIS2_PLACEMENT_3D('',#6355,#3122,#3123);
#2768=AXIS2_PLACEMENT_3D('',#6360,#3126,#3127);
#2769=AXIS2_PLACEMENT_3D('',#6363,#3129,#3130);
#2770=AXIS2_PLACEMENT_3D('',#6908,#3138,#3139);
#2771=AXIS2_PLACEMENT_3D('',#6912,#3142,#3143);
#2772=AXIS2_PLACEMENT_3D('',#6914,#3144,#3145);
#2773=AXIS2_PLACEMENT_3D('',#6916,#3147,#3148);
#2774=AXIS2_PLACEMENT_3D('',#6920,#3151,#3152);
#2775=AXIS2_PLACEMENT_3D('',#6921,#3153,#3154);
#2776=AXIS2_PLACEMENT_3D('',#6922,#3155,#3156);
#2777=AXIS2_PLACEMENT_3D('',#6990,#3160,#3161);
#2778=AXIS2_PLACEMENT_3D('',#7122,#3166,#3167);
#2779=AXIS2_PLACEMENT_3D('',#7190,#3171,#3172);
#2780=AXIS2_PLACEMENT_3D('',#7258,#3176,#3177);
#2781=AXIS2_PLACEMENT_3D('',#7660,#3178,#3179);
#2782=AXIS2_PLACEMENT_3D('',#8062,#3180,#3181);
#2783=AXIS2_PLACEMENT_3D('',#8729,#3192,#3193);
#2784=AXIS2_PLACEMENT_3D('',#8772,#3196,#3197);
#2785=AXIS2_PLACEMENT_3D('',#8815,#3200,#3201);
#2786=AXIS2_PLACEMENT_3D('',#8816,#3202,#3203);
#2787=AXIS2_PLACEMENT_3D('',#8817,#3204,#3205);
#2788=AXIS2_PLACEMENT_3D('',#9084,#3206,#3207);
#2789=AXIS2_PLACEMENT_3D('',#9457,#3212,#3213);
#2790=AXIS2_PLACEMENT_3D('',#9724,#3214,#3215);
#2791=AXIS2_PLACEMENT_3D('',#10465,#3216,#3217);
#2792=AXIS2_PLACEMENT_3D('',#11206,#3218,#3219);
#2793=AXIS2_PLACEMENT_3D('',#11207,#3220,#3221);
#2794=AXIS2_PLACEMENT_3D('',#11208,#3222,#3223);
#2795=AXIS2_PLACEMENT_3D('',#11225,#3232,#3233);
#2796=AXIS2_PLACEMENT_3D('',#11228,#3236,#3237);
#2797=AXIS2_PLACEMENT_3D('',#11230,#3239,#3240);
#2798=AXIS2_PLACEMENT_3D('',#11232,#3242,#3243);
#2799=AXIS2_PLACEMENT_3D('',#11233,#3244,#3245);
#2800=AXIS2_PLACEMENT_3D('',#11236,#3248,#3249);
#2801=AXIS2_PLACEMENT_3D('',#11238,#3251,#3252);
#2802=AXIS2_PLACEMENT_3D('',#11240,#3254,#3255);
#2803=DIRECTION('axis',(0.,0.,1.));
#2804=DIRECTION('refdir',(1.,0.,0.));
#2805=DIRECTION('center_axis',(-1.,0.,0.));
#2806=DIRECTION('ref_axis',(0.,0.939364546016094,0.342920179761964));
#2807=DIRECTION('',(-1.,0.,0.));
#2808=DIRECTION('center_axis',(1.,0.,0.));
#2809=DIRECTION('ref_axis',(0.,1.,0.));
#2810=DIRECTION('center_axis',(-1.,0.,0.));
#2811=DIRECTION('ref_axis',(0.,1.,0.));
#2812=DIRECTION('',(-1.,0.,0.));
#2813=DIRECTION('center_axis',(-1.,0.,0.));
#2814=DIRECTION('ref_axis',(0.,1.,0.));
#2815=DIRECTION('',(-1.,0.,0.));
#2816=DIRECTION('center_axis',(-1.,0.,0.));
#2817=DIRECTION('ref_axis',(0.,1.,0.));
#2818=DIRECTION('',(-1.,0.,0.));
#2819=DIRECTION('center_axis',(-1.,0.,0.));
#2820=DIRECTION('ref_axis',(0.,1.,0.));
#2821=DIRECTION('',(-1.,0.,0.));
#2822=DIRECTION('center_axis',(-1.,0.,0.));
#2823=DIRECTION('ref_axis',(0.,1.,0.));
#2824=DIRECTION('',(-1.,0.,0.));
#2825=DIRECTION('center_axis',(-1.,0.,0.));
#2826=DIRECTION('ref_axis',(0.,1.,0.));
#2827=DIRECTION('',(-1.,0.,0.));
#2828=DIRECTION('center_axis',(-1.,0.,0.));
#2829=DIRECTION('ref_axis',(0.,1.,0.));
#2830=DIRECTION('',(-1.,0.,0.));
#2831=DIRECTION('center_axis',(-1.,0.,0.));
#2832=DIRECTION('ref_axis',(0.,1.,0.));
#2833=DIRECTION('',(-1.,0.,0.));
#2834=DIRECTION('center_axis',(-1.,0.,0.));
#2835=DIRECTION('ref_axis',(0.,1.,0.));
#2836=DIRECTION('',(-1.,0.,0.));
#2837=DIRECTION('center_axis',(-1.,0.,0.));
#2838=DIRECTION('ref_axis',(0.,1.,0.));
#2839=DIRECTION('',(-1.,0.,0.));
#2840=DIRECTION('center_axis',(-1.,0.,0.));
#2841=DIRECTION('ref_axis',(0.,0.939364544018883,-0.342920185232944));
#2842=DIRECTION('',(-1.,0.,0.));
#2843=DIRECTION('center_axis',(-1.,0.,0.));
#2844=DIRECTION('ref_axis',(0.,1.,0.));
#2845=DIRECTION('center_axis',(-1.,0.,0.));
#2846=DIRECTION('ref_axis',(0.,0.939365624449928,0.342917225583372));
#2847=DIRECTION('',(-1.,0.,0.));
#2848=DIRECTION('center_axis',(1.,0.,0.));
#2849=DIRECTION('ref_axis',(0.,1.,0.));
#2850=DIRECTION('center_axis',(-1.,0.,0.));
#2851=DIRECTION('ref_axis',(0.,1.,0.));
#2852=DIRECTION('',(-1.,0.,0.));
#2853=DIRECTION('center_axis',(-1.,0.,0.));
#2854=DIRECTION('ref_axis',(0.,1.,0.));
#2855=DIRECTION('',(-1.,0.,0.));
#2856=DIRECTION('center_axis',(-1.,0.,0.));
#2857=DIRECTION('ref_axis',(0.,1.,0.));
#2858=DIRECTION('',(-1.,0.,0.));
#2859=DIRECTION('center_axis',(-1.,0.,0.));
#2860=DIRECTION('ref_axis',(0.,1.,0.));
#2861=DIRECTION('',(-1.,0.,0.));
#2862=DIRECTION('center_axis',(-1.,0.,0.));
#2863=DIRECTION('ref_axis',(0.,1.,0.));
#2864=DIRECTION('',(-1.,0.,0.));
#2865=DIRECTION('center_axis',(-1.,0.,0.));
#2866=DIRECTION('ref_axis',(0.,1.,0.));
#2867=DIRECTION('',(-1.,0.,0.));
#2868=DIRECTION('center_axis',(-1.,0.,0.));
#2869=DIRECTION('ref_axis',(0.,1.,0.));
#2870=DIRECTION('',(-1.,0.,0.));
#2871=DIRECTION('center_axis',(-1.,0.,0.));
#2872=DIRECTION('ref_axis',(0.,1.,0.));
#2873=DIRECTION('',(-1.,0.,0.));
#2874=DIRECTION('center_axis',(-1.,0.,0.));
#2875=DIRECTION('ref_axis',(0.,1.,0.));
#2876=DIRECTION('',(-1.,0.,0.));
#2877=DIRECTION('center_axis',(-1.,0.,0.));
#2878=DIRECTION('ref_axis',(0.,1.,0.));
#2879=DIRECTION('',(-1.,0.,0.));
#2880=DIRECTION('center_axis',(-1.,0.,0.));
#2881=DIRECTION('ref_axis',(0.,0.939365625612673,-0.342917222398222));
#2882=DIRECTION('',(-1.,0.,0.));
#2883=DIRECTION('center_axis',(-1.,0.,0.));
#2884=DIRECTION('ref_axis',(0.,1.,0.));
#2885=DIRECTION('center_axis',(-1.,0.,0.));
#2886=DIRECTION('ref_axis',(0.,-0.609134532797742,0.793066908244996));
#2887=DIRECTION('',(-1.,1.22464679914735E-16,-5.96338354415676E-30));
#2888=DIRECTION('center_axis',(1.,0.,0.));
#2889=DIRECTION('ref_axis',(0.,1.,-4.85722573273506E-14));
#2890=DIRECTION('center_axis',(-1.,0.,0.));
#2891=DIRECTION('ref_axis',(0.,1.,-4.85722573273506E-14));
#2892=DIRECTION('',(-1.,1.22464679914735E-16,-5.96338354415676E-30));
#2893=DIRECTION('center_axis',(-1.,0.,0.));
#2894=DIRECTION('ref_axis',(0.,1.,-4.85722573273506E-14));
#2895=DIRECTION('',(-1.,1.22464679914735E-16,-5.96338354415676E-30));
#2896=DIRECTION('center_axis',(-1.,0.,0.));
#2897=DIRECTION('ref_axis',(0.,1.,-4.85722573273506E-14));
#2898=DIRECTION('',(-1.,1.22464679914735E-16,-5.96338354415676E-30));
#2899=DIRECTION('center_axis',(-1.,0.,0.));
#2900=DIRECTION('ref_axis',(0.,1.,-4.85722573273506E-14));
#2901=DIRECTION('',(-1.,1.22464679914735E-16,-5.96338354415676E-30));
#2902=DIRECTION('center_axis',(-1.,0.,0.));
#2903=DIRECTION('ref_axis',(0.,1.,-4.85722573273506E-14));
#2904=DIRECTION('',(-1.,1.22464679914735E-16,-5.96338354415676E-30));
#2905=DIRECTION('center_axis',(-1.,0.,0.));
#2906=DIRECTION('ref_axis',(0.,1.,-4.85722573273506E-14));
#2907=DIRECTION('',(-1.,1.22464679914735E-16,-5.96338354415676E-30));
#2908=DIRECTION('center_axis',(-1.,0.,0.));
#2909=DIRECTION('ref_axis',(0.,1.,-4.85722573273506E-14));
#2910=DIRECTION('',(-1.,1.22464679914735E-16,-5.96338354415676E-30));
#2911=DIRECTION('center_axis',(-1.,0.,0.));
#2912=DIRECTION('ref_axis',(0.,1.,-4.85722573273506E-14));
#2913=DIRECTION('',(-1.,1.22464679914735E-16,-5.96338354415676E-30));
#2914=DIRECTION('center_axis',(-1.,0.,0.));
#2915=DIRECTION('ref_axis',(0.,1.,-4.85722573273506E-14));
#2916=DIRECTION('',(-1.,1.22464679914735E-16,-5.96338354415676E-30));
#2917=DIRECTION('center_axis',(-1.,0.,0.));
#2918=DIRECTION('ref_axis',(0.,1.,-4.85722573273506E-14));
#2919=DIRECTION('',(-1.,1.22464679914735E-16,-5.96338354415676E-30));
#2920=DIRECTION('center_axis',(-1.,0.,0.));
#2921=DIRECTION('ref_axis',(0.,1.,-4.85722573273506E-14));
#2922=DIRECTION('',(-1.,1.22464679914735E-16,-5.96338354415676E-30));
#2923=DIRECTION('center_axis',(-1.,0.,0.));
#2924=DIRECTION('ref_axis',(0.,-0.609134526314277,-0.793066913224781));
#2925=DIRECTION('',(-1.,1.22464679914735E-16,-5.96338354415676E-30));
#2926=DIRECTION('center_axis',(-1.,0.,0.));
#2927=DIRECTION('ref_axis',(0.,1.,-4.85722573273506E-14));
#2928=DIRECTION('center_axis',(-1.,0.,0.));
#2929=DIRECTION('ref_axis',(0.,-0.609132032453382,0.793068828689675));
#2930=DIRECTION('',(-1.,1.22464679914735E-16,-7.66292238596527E-30));
#2931=DIRECTION('center_axis',(1.,0.,0.));
#2932=DIRECTION('ref_axis',(0.,1.,-6.24500451351641E-14));
#2933=DIRECTION('center_axis',(-1.,0.,0.));
#2934=DIRECTION('ref_axis',(0.,1.,-6.24500451351641E-14));
#2935=DIRECTION('',(-1.,1.22464679914735E-16,-7.66292238596527E-30));
#2936=DIRECTION('center_axis',(-1.,0.,0.));
#2937=DIRECTION('ref_axis',(0.,1.,-6.24500451351641E-14));
#2938=DIRECTION('',(-1.,1.22464679914735E-16,-7.66292238596527E-30));
#2939=DIRECTION('center_axis',(-1.,0.,0.));
#2940=DIRECTION('ref_axis',(0.,1.,-6.24500451351641E-14));
#2941=DIRECTION('',(-1.,1.22464679914735E-16,-7.66292238596527E-30));
#2942=DIRECTION('center_axis',(-1.,0.,0.));
#2943=DIRECTION('ref_axis',(0.,1.,-6.24500451351641E-14));
#2944=DIRECTION('',(-1.,1.22464679914735E-16,-7.66292238596527E-30));
#2945=DIRECTION('center_axis',(-1.,0.,0.));
#2946=DIRECTION('ref_axis',(0.,1.,-6.24500451351641E-14));
#2947=DIRECTION('',(-1.,1.22464679914735E-16,-7.66292238596527E-30));
#2948=DIRECTION('center_axis',(-1.,0.,0.));
#2949=DIRECTION('ref_axis',(0.,1.,-6.24500451351641E-14));
#2950=DIRECTION('',(-1.,1.22464679914735E-16,-7.66292238596527E-30));
#2951=DIRECTION('center_axis',(-1.,0.,0.));
#2952=DIRECTION('ref_axis',(0.,1.,-6.24500451351641E-14));
#2953=DIRECTION('',(-1.,1.22464679914735E-16,-7.66292238596527E-30));
#2954=DIRECTION('center_axis',(-1.,0.,0.));
#2955=DIRECTION('ref_axis',(0.,1.,-6.24500451351641E-14));
#2956=DIRECTION('',(-1.,1.22464679914735E-16,-7.66292238596527E-30));
#2957=DIRECTION('center_axis',(-1.,0.,0.));
#2958=DIRECTION('ref_axis',(0.,1.,-6.24500451351641E-14));
#2959=DIRECTION('',(-1.,1.22464679914735E-16,-7.66292238596527E-30));
#2960=DIRECTION('center_axis',(-1.,0.,0.));
#2961=DIRECTION('ref_axis',(0.,1.,-6.24500451351641E-14));
#2962=DIRECTION('',(-1.,1.22464679914735E-16,-7.66292238596527E-30));
#2963=DIRECTION('center_axis',(-1.,0.,0.));
#2964=DIRECTION('ref_axis',(0.,1.,-6.24500451351641E-14));
#2965=DIRECTION('',(-1.,1.22464679914735E-16,-7.66292238596527E-30));
#2966=DIRECTION('center_axis',(-1.,0.,0.));
#2967=DIRECTION('ref_axis',(0.,-0.609132031164023,-0.793068829679992));
#2968=DIRECTION('',(-1.,1.22464679914735E-16,-7.66292238596527E-30));
#2969=DIRECTION('center_axis',(-1.,0.,0.));
#2970=DIRECTION('ref_axis',(0.,1.,-6.24500451351641E-14));
#2971=DIRECTION('center_axis',(-1.,0.,0.));
#2972=DIRECTION('ref_axis',(0.,-0.609183332503191,0.793029424044472));
#2973=DIRECTION('',(-1.,1.22464679914735E-16,-7.66292238596548E-30));
#2974=DIRECTION('center_axis',(1.,0.,0.));
#2975=DIRECTION('ref_axis',(0.,1.,-6.24500451351659E-14));
#2976=DIRECTION('center_axis',(-1.,0.,0.));
#2977=DIRECTION('ref_axis',(0.,1.,-6.24500451351659E-14));
#2978=DIRECTION('',(-1.,1.22464679914735E-16,-7.66292238596548E-30));
#2979=DIRECTION('center_axis',(-1.,0.,0.));
#2980=DIRECTION('ref_axis',(0.,1.,-6.24500451351659E-14));
#2981=DIRECTION('',(-1.,1.22464679914735E-16,-7.66292238596548E-30));
#2982=DIRECTION('center_axis',(-1.,0.,0.));
#2983=DIRECTION('ref_axis',(0.,1.,-6.24500451351659E-14));
#2984=DIRECTION('',(-1.,1.22464679914735E-16,-7.66292238596548E-30));
#2985=DIRECTION('center_axis',(-1.,0.,0.));
#2986=DIRECTION('ref_axis',(0.,1.,-6.24500451351659E-14));
#2987=DIRECTION('',(-1.,1.22464679914735E-16,-7.66292238596548E-30));
#2988=DIRECTION('center_axis',(-1.,0.,0.));
#2989=DIRECTION('ref_axis',(0.,1.,-6.24500451351659E-14));
#2990=DIRECTION('',(-1.,1.22464679914735E-16,-7.66292238596548E-30));
#2991=DIRECTION('center_axis',(-1.,0.,0.));
#2992=DIRECTION('ref_axis',(0.,1.,-6.24500451351659E-14));
#2993=DIRECTION('',(-1.,1.22464679914735E-16,-7.66292238596548E-30));
#2994=DIRECTION('center_axis',(-1.,0.,0.));
#2995=DIRECTION('ref_axis',(0.,1.,-6.24500451351659E-14));
#2996=DIRECTION('',(-1.,1.22464679914735E-16,-7.66292238596548E-30));
#2997=DIRECTION('center_axis',(-1.,0.,0.));
#2998=DIRECTION('ref_axis',(0.,1.,-6.24500451351659E-14));
#2999=DIRECTION('',(-1.,1.22464679914735E-16,-7.66292238596548E-30));
#3000=DIRECTION('center_axis',(-1.,0.,0.));
#3001=DIRECTION('ref_axis',(0.,-0.866388196005733,-0.499371098304589));
#3002=DIRECTION('',(-1.,1.22464679914735E-16,-7.66292238596548E-30));
#3003=DIRECTION('center_axis',(1.,0.,0.));
#3004=DIRECTION('ref_axis',(0.,1.,-6.24500451351659E-14));
#3005=DIRECTION('center_axis',(-1.,0.,0.));
#3006=DIRECTION('ref_axis',(0.,-0.609181753292436,0.79303063714812));
#3007=DIRECTION('',(-1.,1.22464679914735E-16,-8.08780709641753E-30));
#3008=DIRECTION('center_axis',(1.,0.,0.));
#3009=DIRECTION('ref_axis',(0.,1.,-6.59194920871186E-14));
#3010=DIRECTION('center_axis',(-1.,0.,0.));
#3011=DIRECTION('ref_axis',(0.,1.,-6.59194920871186E-14));
#3012=DIRECTION('',(-1.,1.22464679914735E-16,-8.08780709641753E-30));
#3013=DIRECTION('center_axis',(-1.,0.,0.));
#3014=DIRECTION('ref_axis',(0.,1.,-6.59194920871186E-14));
#3015=DIRECTION('',(-1.,1.22464679914735E-16,-8.08780709641753E-30));
#3016=DIRECTION('center_axis',(-1.,0.,0.));
#3017=DIRECTION('ref_axis',(0.,1.,-6.59194920871186E-14));
#3018=DIRECTION('',(-1.,1.22464679914735E-16,-8.08780709641753E-30));
#3019=DIRECTION('center_axis',(-1.,0.,0.));
#3020=DIRECTION('ref_axis',(0.,1.,-6.59194920871186E-14));
#3021=DIRECTION('',(-1.,1.22464679914735E-16,-8.08780709641753E-30));
#3022=DIRECTION('center_axis',(-1.,0.,0.));
#3023=DIRECTION('ref_axis',(0.,1.,-6.59194920871186E-14));
#3024=DIRECTION('',(-1.,1.22464679914735E-16,-8.08780709641753E-30));
#3025=DIRECTION('center_axis',(-1.,0.,0.));
#3026=DIRECTION('ref_axis',(0.,1.,-6.59194920871186E-14));
#3027=DIRECTION('',(-1.,1.22464679914735E-16,-8.08780709641753E-30));
#3028=DIRECTION('center_axis',(-1.,0.,0.));
#3029=DIRECTION('ref_axis',(0.,1.,-6.59194920871186E-14));
#3030=DIRECTION('',(-1.,1.22464679914735E-16,-8.08780709641753E-30));
#3031=DIRECTION('center_axis',(-1.,0.,0.));
#3032=DIRECTION('ref_axis',(0.,1.,-6.59194920871186E-14));
#3033=DIRECTION('',(-1.,1.22464679914735E-16,-8.08780709641753E-30));
#3034=DIRECTION('center_axis',(-1.,0.,0.));
#3035=DIRECTION('ref_axis',(0.,-0.866373203082817,-0.499397109503068));
#3036=DIRECTION('',(-1.,1.22464679914735E-16,-8.08780709641753E-30));
#3037=DIRECTION('center_axis',(1.,0.,0.));
#3038=DIRECTION('ref_axis',(0.,1.,-6.59194920871186E-14));
#3039=DIRECTION('center_axis',(-1.,0.,0.));
#3040=DIRECTION('ref_axis',(0.,0.939343455274147,0.342977948319752));
#3041=DIRECTION('',(-1.,0.,0.));
#3042=DIRECTION('center_axis',(1.,0.,0.));
#3043=DIRECTION('ref_axis',(0.,1.,0.));
#3044=DIRECTION('center_axis',(-1.,0.,0.));
#3045=DIRECTION('ref_axis',(0.,1.,0.));
#3046=DIRECTION('',(-1.,0.,0.));
#3047=DIRECTION('center_axis',(-1.,0.,0.));
#3048=DIRECTION('ref_axis',(0.,1.,0.));
#3049=DIRECTION('',(-1.,0.,0.));
#3050=DIRECTION('center_axis',(-1.,0.,0.));
#3051=DIRECTION('ref_axis',(0.,1.,0.));
#3052=DIRECTION('',(-1.,0.,0.));
#3053=DIRECTION('center_axis',(-1.,0.,0.));
#3054=DIRECTION('ref_axis',(0.,1.,0.));
#3055=DIRECTION('',(-1.,0.,0.));
#3056=DIRECTION('center_axis',(-1.,0.,0.));
#3057=DIRECTION('ref_axis',(0.,1.,0.));
#3058=DIRECTION('',(-1.,0.,0.));
#3059=DIRECTION('center_axis',(-1.,0.,0.));
#3060=DIRECTION('ref_axis',(0.,1.,0.));
#3061=DIRECTION('',(-1.,0.,0.));
#3062=DIRECTION('center_axis',(-1.,0.,0.));
#3063=DIRECTION('ref_axis',(0.,1.,0.));
#3064=DIRECTION('',(-1.,0.,0.));
#3065=DIRECTION('center_axis',(-1.,0.,0.));
#3066=DIRECTION('ref_axis',(0.,0.736558843185823,-0.676373469707943));
#3067=DIRECTION('',(-1.,0.,0.));
#3068=DIRECTION('center_axis',(1.,0.,0.));
#3069=DIRECTION('ref_axis',(0.,1.,0.));
#3070=DIRECTION('center_axis',(-1.,0.,0.));
#3071=DIRECTION('ref_axis',(0.,0.939344096384192,0.342976192450972));
#3072=DIRECTION('',(-1.,0.,0.));
#3073=DIRECTION('center_axis',(1.,0.,0.));
#3074=DIRECTION('ref_axis',(0.,1.,0.));
#3075=DIRECTION('center_axis',(-1.,0.,0.));
#3076=DIRECTION('ref_axis',(0.,1.,0.));
#3077=DIRECTION('',(-1.,0.,0.));
#3078=DIRECTION('center_axis',(-1.,0.,0.));
#3079=DIRECTION('ref_axis',(0.,1.,0.));
#3080=DIRECTION('',(-1.,0.,0.));
#3081=DIRECTION('center_axis',(-1.,0.,0.));
#3082=DIRECTION('ref_axis',(0.,1.,0.));
#3083=DIRECTION('',(-1.,0.,0.));
#3084=DIRECTION('center_axis',(-1.,0.,0.));
#3085=DIRECTION('ref_axis',(0.,1.,0.));
#3086=DIRECTION('',(-1.,0.,0.));
#3087=DIRECTION('center_axis',(-1.,0.,0.));
#3088=DIRECTION('ref_axis',(0.,1.,0.));
#3089=DIRECTION('',(-1.,0.,0.));
#3090=DIRECTION('center_axis',(-1.,0.,0.));
#3091=DIRECTION('ref_axis',(0.,1.,0.));
#3092=DIRECTION('',(-1.,0.,0.));
#3093=DIRECTION('center_axis',(-1.,0.,0.));
#3094=DIRECTION('ref_axis',(0.,1.,0.));
#3095=DIRECTION('',(-1.,0.,0.));
#3096=DIRECTION('center_axis',(-1.,0.,0.));
#3097=DIRECTION('ref_axis',(0.,0.736558599074156,-0.67637373554117));
#3098=DIRECTION('',(-1.,0.,0.));
#3099=DIRECTION('center_axis',(1.,0.,0.));
#3100=DIRECTION('ref_axis',(0.,1.,0.));
#3101=DIRECTION('center_axis',(-1.,0.,0.));
#3102=DIRECTION('ref_axis',(0.,-0.707106781186547,0.707106781186547));
#3103=DIRECTION('center_axis',(1.,0.,0.));
#3104=DIRECTION('ref_axis',(0.,-0.707106781186547,0.707106781186547));
#3105=DIRECTION('',(1.,0.,0.));
#3106=DIRECTION('center_axis',(1.,0.,0.));
#3107=DIRECTION('ref_axis',(0.,-0.707106781186547,0.707106781186547));
#3108=DIRECTION('',(-1.,0.,0.));
#3109=DIRECTION('center_axis',(0.,0.,1.));
#3110=DIRECTION('ref_axis',(0.,1.,0.));
#3111=DIRECTION('',(0.,1.,0.));
#3112=DIRECTION('',(-1.,0.,0.));
#3113=DIRECTION('',(0.,1.,0.));
#3114=DIRECTION('center_axis',(-1.,0.,0.));
#3115=DIRECTION('ref_axis',(0.,-0.707106781186546,-0.707106781186549));
#3116=DIRECTION('center_axis',(1.,0.,0.));
#3117=DIRECTION('ref_axis',(0.,-0.707106781186546,-0.707106781186549));
#3118=DIRECTION('',(1.,0.,0.));
#3119=DIRECTION('center_axis',(1.,0.,0.));
#3120=DIRECTION('ref_axis',(0.,-0.707106781186546,-0.707106781186549));
#3121=DIRECTION('',(-1.,0.,0.));
#3122=DIRECTION('center_axis',(1.,0.,0.));
#3123=DIRECTION('ref_axis',(0.,0.,-1.));
#3124=DIRECTION('',(0.,1.71579921987524E-16,1.));
#3125=DIRECTION('',(0.,-1.,0.));
#3126=DIRECTION('center_axis',(1.,0.,0.));
#3127=DIRECTION('ref_axis',(0.,0.707106781186547,-0.707106781186547));
#3128=DIRECTION('',(0.,0.,-1.));
#3129=DIRECTION('center_axis',(1.,0.,0.));
#3130=DIRECTION('ref_axis',(0.,0.707106781186547,0.707106781186547));
#3131=DIRECTION('',(0.,1.,0.));
#3132=DIRECTION('',(0.,0.,-1.));
#3133=DIRECTION('',(0.,-3.99630335073172E-16,-1.));
#3134=DIRECTION('',(0.,-1.,0.));
#3135=DIRECTION('',(0.,0.,1.));
#3136=DIRECTION('',(0.,1.,0.));
#3137=DIRECTION('',(0.,0.,1.));
#3138=DIRECTION('center_axis',(0.,0.,-1.));
#3139=DIRECTION('ref_axis',(0.,-1.,0.));
#3140=DIRECTION('',(0.,-1.,0.));
#3141=DIRECTION('',(1.,0.,0.));
#3142=DIRECTION('center_axis',(-1.,0.,0.));
#3143=DIRECTION('ref_axis',(0.,0.707106781186547,-0.707106781186547));
#3144=DIRECTION('center_axis',(1.,0.,0.));
#3145=DIRECTION('ref_axis',(0.,0.707106781186547,-0.707106781186547));
#3146=DIRECTION('',(-1.,0.,0.));
#3147=DIRECTION('center_axis',(0.,1.,0.));
#3148=DIRECTION('ref_axis',(0.,0.,-1.));
#3149=DIRECTION('',(0.,0.,-1.));
#3150=DIRECTION('',(1.,0.,0.));
#3151=DIRECTION('center_axis',(-1.,0.,0.));
#3152=DIRECTION('ref_axis',(0.,0.707106781186547,0.707106781186547));
#3153=DIRECTION('center_axis',(1.,0.,0.));
#3154=DIRECTION('ref_axis',(0.,0.707106781186547,0.707106781186547));
#3155=DIRECTION('center_axis',(0.,-1.,1.71579921987524E-16));
#3156=DIRECTION('ref_axis',(0.,1.71579921987524E-16,1.));
#3157=DIRECTION('',(0.,1.71579921987524E-16,1.));
#3158=DIRECTION('',(-1.,0.,0.));
#3159=DIRECTION('',(1.,0.,0.));
#3160=DIRECTION('center_axis',(0.,-1.,3.99630335073172E-16));
#3161=DIRECTION('ref_axis',(0.,3.99630335073172E-16,1.));
#3162=DIRECTION('',(1.,0.,0.));
#3163=DIRECTION('',(0.,-3.99630335073172E-16,-1.));
#3164=DIRECTION('',(-1.,0.,0.));
#3165=DIRECTION('',(-1.,0.,0.));
#3166=DIRECTION('center_axis',(0.,-1.,0.));
#3167=DIRECTION('ref_axis',(0.,0.,-1.));
#3168=DIRECTION('',(1.,0.,0.));
#3169=DIRECTION('',(0.,0.,-1.));
#3170=DIRECTION('',(-1.,0.,0.));
#3171=DIRECTION('center_axis',(0.,0.,-1.));
#3172=DIRECTION('ref_axis',(0.,-1.,0.));
#3173=DIRECTION('',(1.,0.,0.));
#3174=DIRECTION('',(0.,1.,0.));
#3175=DIRECTION('',(-1.,0.,0.));
#3176=DIRECTION('center_axis',(-1.,0.,0.));
#3177=DIRECTION('ref_axis',(0.,1.,0.));
#3178=DIRECTION('center_axis',(-1.,0.,0.));
#3179=DIRECTION('ref_axis',(0.,1.,0.));
#3180=DIRECTION('center_axis',(-1.,0.,0.));
#3181=DIRECTION('ref_axis',(0.,0.,1.));
#3182=DIRECTION('',(0.,1.,0.));
#3183=DIRECTION('',(0.,0.,-1.));
#3184=DIRECTION('',(0.,-1.,0.));
#3185=DIRECTION('',(0.,0.,1.));
#3186=DIRECTION('',(0.,0.,1.));
#3187=DIRECTION('',(0.,1.,0.));
#3188=DIRECTION('',(0.,0.,1.));
#3189=DIRECTION('',(0.,-1.,0.));
#3190=DIRECTION('',(-1.,0.,0.));
#3191=DIRECTION('',(1.,0.,0.));
#3192=DIRECTION('center_axis',(0.,0.,-1.));
#3193=DIRECTION('ref_axis',(0.,-1.,0.));
#3194=DIRECTION('',(1.,0.,0.));
#3195=DIRECTION('',(-1.,0.,0.));
#3196=DIRECTION('center_axis',(0.,1.,0.));
#3197=DIRECTION('ref_axis',(0.,0.,-1.));
#3198=DIRECTION('',(1.,0.,0.));
#3199=DIRECTION('',(-1.,0.,0.));
#3200=DIRECTION('center_axis',(0.,0.,1.));
#3201=DIRECTION('ref_axis',(0.,1.,0.));
#3202=DIRECTION('center_axis',(0.,1.,0.));
#3203=DIRECTION('ref_axis',(0.,0.,1.));
#3204=DIRECTION('center_axis',(-1.,0.,0.));
#3205=DIRECTION('ref_axis',(0.,1.,-6.59194920871186E-14));
#3206=DIRECTION('center_axis',(1.,0.,0.));
#3207=DIRECTION('ref_axis',(0.,0.,-1.));
#3208=DIRECTION('',(0.,-1.,-1.09564014614029E-33));
#3209=DIRECTION('',(0.,0.,-1.));
#3210=DIRECTION('',(0.,1.,0.));
#3211=DIRECTION('',(0.,0.,1.));
#3212=DIRECTION('center_axis',(-1.,0.,0.));
#3213=DIRECTION('ref_axis',(0.,1.,-6.24500451351659E-14));
#3214=DIRECTION('center_axis',(-1.,0.,0.));
#3215=DIRECTION('ref_axis',(0.,1.,-6.24500451351641E-14));
#3216=DIRECTION('center_axis',(-1.,0.,0.));
#3217=DIRECTION('ref_axis',(0.,1.,-4.85722573273506E-14));
#3218=DIRECTION('center_axis',(-1.,0.,0.));
#3219=DIRECTION('ref_axis',(0.,1.,0.));
#3220=DIRECTION('center_axis',(-1.,0.,0.));
#3221=DIRECTION('ref_axis',(0.,1.,0.));
#3222=DIRECTION('center_axis',(-1.,0.,0.));
#3223=DIRECTION('ref_axis',(0.,0.,1.));
#3224=DIRECTION('',(0.,1.,0.));
#3225=DIRECTION('',(0.,0.,1.));
#3226=DIRECTION('',(0.,-1.,0.));
#3227=DIRECTION('',(0.,0.,-1.));
#3228=DIRECTION('',(0.,0.,1.));
#3229=DIRECTION('',(0.,1.,0.));
#3230=DIRECTION('',(0.,0.,-1.));
#3231=DIRECTION('',(0.,-1.,-1.09564014614029E-33));
#3232=DIRECTION('center_axis',(0.,-1.,0.));
#3233=DIRECTION('ref_axis',(0.,0.,1.));
#3234=DIRECTION('',(-1.,0.,0.));
#3235=DIRECTION('',(-1.,0.,0.));
#3236=DIRECTION('center_axis',(0.,0.,-1.));
#3237=DIRECTION('ref_axis',(0.,-1.,0.));
#3238=DIRECTION('',(-1.,0.,0.));
#3239=DIRECTION('center_axis',(0.,1.,0.));
#3240=DIRECTION('ref_axis',(0.,0.,-1.));
#3241=DIRECTION('',(-1.,0.,0.));
#3242=DIRECTION('center_axis',(0.,0.,1.));
#3243=DIRECTION('ref_axis',(0.,1.,0.));
#3244=DIRECTION('center_axis',(0.,1.,0.));
#3245=DIRECTION('ref_axis',(0.,0.,1.));
#3246=DIRECTION('',(1.,0.,0.));
#3247=DIRECTION('',(1.,0.,0.));
#3248=DIRECTION('center_axis',(0.,0.,-1.));
#3249=DIRECTION('ref_axis',(0.,1.,0.));
#3250=DIRECTION('',(1.,0.,0.));
#3251=DIRECTION('center_axis',(0.,-1.,0.));
#3252=DIRECTION('ref_axis',(0.,0.,-1.));
#3253=DIRECTION('',(1.,0.,0.));
#3254=DIRECTION('center_axis',(0.,-1.09564014614029E-33,1.));
#3255=DIRECTION('ref_axis',(0.,-1.,-1.09564014614029E-33));
#3256=CARTESIAN_POINT('',(0.,0.,0.));
#3257=CARTESIAN_POINT('Origin',(-0.5,198.75,-112.5));
#3258=CARTESIAN_POINT('',(-4.28905627902251,196.635321746801,-112.501379504325));
#3259=CARTESIAN_POINT('',(-4.5109437209775,196.630952411365,-112.501480105979));
#3260=CARTESIAN_POINT('',(-0.5,196.633,-112.5));
#3261=CARTESIAN_POINT('',(-5.,200.369925694389,-113.862912229257));
#3262=CARTESIAN_POINT('Ctrl Pts',(-4.5109437209775,196.630952411365,-112.501480105979));
#3263=CARTESIAN_POINT('Ctrl Pts',(-4.54734808350042,196.635796920153,-111.897874941791));
#3264=CARTESIAN_POINT('Ctrl Pts',(-4.58375244602334,196.907019634178,-111.290535741246));
#3265=CARTESIAN_POINT('Ctrl Pts',(-4.62015680854626,197.362843293551,-110.896212924554));
#3266=CARTESIAN_POINT('Ctrl Pts',(-4.66236160759668,197.89129495739,-110.439061251344));
#3267=CARTESIAN_POINT('Ctrl Pts',(-4.70456640664709,198.667860314428,-110.26821516346));
#3268=CARTESIAN_POINT('Ctrl Pts',(-4.74677120569751,199.338885381993,-110.462531461085));
#3269=CARTESIAN_POINT('Ctrl Pts',(-4.78897600474793,200.009910449557,-110.65684775871));
#3270=CARTESIAN_POINT('Ctrl Pts',(-4.83118080379834,200.575395227647,-111.216326441844));
#3271=CARTESIAN_POINT('Ctrl Pts',(-4.87338560284876,200.778342115822,-111.883601051881));
#3272=CARTESIAN_POINT('Ctrl Pts',(-4.91559040189917,200.981289003996,-112.550875661918));
#3273=CARTESIAN_POINT('Ctrl Pts',(-4.95779520094959,200.821698002255,-113.325946198859));
#3274=CARTESIAN_POINT('Ctrl Pts',(-5.,200.369925694389,-113.862912229257));
#3275=CARTESIAN_POINT('',(-4.99999999999999,197.127001836027,-113.865227952571));
#3276=CARTESIAN_POINT('Origin',(-5.,198.75,-112.5));
#3277=CARTESIAN_POINT('Ctrl Pts',(-4.99999999999999,197.126999633782,-113.865229612405));
#3278=CARTESIAN_POINT('Ctrl Pts',(-4.95864099259908,197.568434922462,-114.388529684797));
#3279=CARTESIAN_POINT('Ctrl Pts',(-4.91728198519817,198.287359406793,-114.679777041872));
#3280=CARTESIAN_POINT('Ctrl Pts',(-4.87592297779726,198.968454746138,-114.609173741932));
#3281=CARTESIAN_POINT('Ctrl Pts',(-4.83371817874685,199.663478484319,-114.537126604596));
#3282=CARTESIAN_POINT('Ctrl Pts',(-4.79151337969643,200.319110045338,-114.08827779245));
#3283=CARTESIAN_POINT('Ctrl Pts',(-4.74930858064601,200.637446009668,-113.466491435335));
#3284=CARTESIAN_POINT('Ctrl Pts',(-4.7071037815956,200.955781973998,-112.84470507822));
#3285=CARTESIAN_POINT('Ctrl Pts',(-4.66489898254518,200.936822341639,-112.049981176136));
#3286=CARTESIAN_POINT('Ctrl Pts',(-4.62269418349477,200.58899324814,-111.444106665084));
#3287=CARTESIAN_POINT('Ctrl Pts',(-4.58048938444435,200.241164154641,-110.838232154031));
#3288=CARTESIAN_POINT('Ctrl Pts',(-4.53828458539394,199.564465600003,-110.421207034011));
#3289=CARTESIAN_POINT('Ctrl Pts',(-4.49607978634352,198.866902591439,-110.382701287049));
#3290=CARTESIAN_POINT('Ctrl Pts',(-4.4538749872931,198.169339582875,-110.344195540088));
#3291=CARTESIAN_POINT('Ctrl Pts',(-4.41167018824269,197.450912120384,-110.684209166185));
#3292=CARTESIAN_POINT('Ctrl Pts',(-4.36946538919227,197.038470932169,-111.248070094639));
#3293=CARTESIAN_POINT('Ctrl Pts',(-4.34266235246902,196.77654156483,-111.606161721946));
#3294=CARTESIAN_POINT('Ctrl Pts',(-4.31585931574577,196.638021038825,-112.054534314584));
#3295=CARTESIAN_POINT('Ctrl Pts',(-4.28905627902251,196.635321746801,-112.501379504325));
#3296=CARTESIAN_POINT('Origin',(-0.5,198.75,-112.5));
#3297=CARTESIAN_POINT('',(-3.48905627902251,196.629668199575,-112.500587682079));
#3298=CARTESIAN_POINT('',(-3.7109437209775,196.631801539461,-112.498229907375));
#3299=CARTESIAN_POINT('',(-0.5,196.633,-112.5));
#3300=CARTESIAN_POINT('Ctrl Pts',(-3.7109437209775,196.631801539461,-112.498229907375));
#3301=CARTESIAN_POINT('Ctrl Pts',(-3.71858115681418,196.630667765108,-112.37144163739));
#3302=CARTESIAN_POINT('Ctrl Pts',(-3.72621859265085,196.641080232192,-112.244839277831));
#3303=CARTESIAN_POINT('Ctrl Pts',(-3.73385602848753,196.663707555749,-112.120459143385));
#3304=CARTESIAN_POINT('Ctrl Pts',(-3.77606082753795,196.788747119311,-111.43312916872));
#3305=CARTESIAN_POINT('Ctrl Pts',(-3.81826562658836,197.28679360596,-110.813659619098));
#3306=CARTESIAN_POINT('Ctrl Pts',(-3.86047042563878,197.931229141484,-110.54391308717));
#3307=CARTESIAN_POINT('Ctrl Pts',(-3.90267522468919,198.575664677007,-110.274166555242));
#3308=CARTESIAN_POINT('Ctrl Pts',(-3.94488002373961,199.366489261405,-110.354143041007));
#3309=CARTESIAN_POINT('Ctrl Pts',(-3.98708482279002,199.943861132155,-110.747465325437));
#3310=CARTESIAN_POINT('Ctrl Pts',(-4.02928962184044,200.521233002904,-111.140787609868));
#3311=CARTESIAN_POINT('Ctrl Pts',(-4.07149442089086,200.885152160005,-111.847455692965));
#3312=CARTESIAN_POINT('Ctrl Pts',(-4.11369921994127,200.870036332454,-112.545895682378));
#3313=CARTESIAN_POINT('Ctrl Pts',(-4.15590401899169,200.854920504903,-113.244335671791));
#3314=CARTESIAN_POINT('Ctrl Pts',(-4.1981088180421,200.460769692701,-113.93454756752));
#3315=CARTESIAN_POINT('Ctrl Pts',(-4.24031361709251,199.866914381173,-114.302532263798));
#3316=CARTESIAN_POINT('Ctrl Pts',(-4.28251841614293,199.273059069645,-114.670516960075));
#3317=CARTESIAN_POINT('Ctrl Pts',(-4.32472321519335,198.479499258792,-114.7162744569));
#3318=CARTESIAN_POINT('Ctrl Pts',(-4.36692801424376,197.84734872678,-114.418861065497));
#3319=CARTESIAN_POINT('Ctrl Pts',(-4.40913281329418,197.215198194769,-114.121447674095));
#3320=CARTESIAN_POINT('Ctrl Pts',(-4.4513376123446,196.744456941599,-113.480863394465));
#3321=CARTESIAN_POINT('Ctrl Pts',(-4.49354241139501,196.649255300335,-112.788842625382));
#3322=CARTESIAN_POINT('Ctrl Pts',(-4.49934284792251,196.636171217721,-112.693734423541));
#3323=CARTESIAN_POINT('Ctrl Pts',(-4.50514328445001,196.630180518554,-112.59765466309));
#3324=CARTESIAN_POINT('Ctrl Pts',(-4.5109437209775,196.630952411365,-112.501480105979));
#3325=CARTESIAN_POINT('Ctrl Pts',(-4.28905627902251,196.635321746801,-112.501379504325));
#3326=CARTESIAN_POINT('Ctrl Pts',(-4.27365451669535,196.633770659338,-112.758149044302));
#3327=CARTESIAN_POINT('Ctrl Pts',(-4.25825275436819,196.67706730578,-113.014414240763));
#3328=CARTESIAN_POINT('Ctrl Pts',(-4.24285099204103,196.767566815412,-113.252755359825));
#3329=CARTESIAN_POINT('Ctrl Pts',(-4.20064619299061,197.015558800813,-113.905871465748));
#3330=CARTESIAN_POINT('Ctrl Pts',(-4.1584413939402,197.617997685554,-114.424395446786));
#3331=CARTESIAN_POINT('Ctrl Pts',(-4.11623659488978,198.300753267524,-114.572399303379));
#3332=CARTESIAN_POINT('Ctrl Pts',(-4.07403179583937,198.983508849494,-114.720403159971));
#3333=CARTESIAN_POINT('Ctrl Pts',(-4.03182699678895,199.746581128691,-114.497886892118));
#3334=CARTESIAN_POINT('Ctrl Pts',(-3.98962219773853,200.242764446958,-114.006094785473));
#3335=CARTESIAN_POINT('Ctrl Pts',(-3.94741739868812,200.738947765225,-113.514302678827));
#3336=CARTESIAN_POINT('Ctrl Pts',(-3.9052125996377,200.968242122562,-112.753234733389));
#3337=CARTESIAN_POINT('Ctrl Pts',(-3.86300780058728,200.826312372887,-112.069191657402));
#3338=CARTESIAN_POINT('Ctrl Pts',(-3.82080300153687,200.684382623213,-111.385148581415));
#3339=CARTESIAN_POINT('Ctrl Pts',(-3.77859820248645,200.171228766528,-110.77813037488));
#3340=CARTESIAN_POINT('Ctrl Pts',(-3.73639340343604,199.520345522589,-110.524339480311));
#3341=CARTESIAN_POINT('Ctrl Pts',(-3.69418860438562,198.86946227865,-110.270548585743));
#3342=CARTESIAN_POINT('Ctrl Pts',(-3.65198380533521,198.080849647457,-110.369985003141));
#3343=CARTESIAN_POINT('Ctrl Pts',(-3.60977900628479,197.513339016323,-110.777403972519));
#3344=CARTESIAN_POINT('Ctrl Pts',(-3.56953809719737,196.972236008433,-111.165864765511));
#3345=CARTESIAN_POINT('Ctrl Pts',(-3.52929718810994,196.632136937721,-111.834312648231));
#3346=CARTESIAN_POINT('Ctrl Pts',(-3.48905627902251,196.629668199575,-112.500587682079));
#3347=CARTESIAN_POINT('Origin',(-0.5,198.75,-112.5));
#3348=CARTESIAN_POINT('',(-2.68905627902251,196.633693874549,-112.498130035245));
#3349=CARTESIAN_POINT('',(-2.9109437209775,196.63631299601,-112.499992668036));
#3350=CARTESIAN_POINT('',(-0.5,196.633,-112.5));
#3351=CARTESIAN_POINT('Ctrl Pts',(-2.9109437209775,196.63631299601,-112.499992668036));
#3352=CARTESIAN_POINT('Ctrl Pts',(-2.93201902917835,196.636302077111,-112.148225399753));
#3353=CARTESIAN_POINT('Ctrl Pts',(-2.9530943373792,196.719383118556,-111.7964629846));
#3354=CARTESIAN_POINT('Ctrl Pts',(-2.97416964558005,196.885584866041,-111.489740690008));
#3355=CARTESIAN_POINT('Ctrl Pts',(-3.01637444463046,197.218415650179,-110.875507546456));
#3356=CARTESIAN_POINT('Ctrl Pts',(-3.05857924368088,197.884584590149,-110.441898358618));
#3357=CARTESIAN_POINT('Ctrl Pts',(-3.10078404273129,198.580973701159,-110.386212479473));
#3358=CARTESIAN_POINT('Ctrl Pts',(-3.14298884178171,199.277362812168,-110.330526600328));
#3359=CARTESIAN_POINT('Ctrl Pts',(-3.18519364083212,200.003972094216,-110.652764029878));
#3360=CARTESIAN_POINT('Ctrl Pts',(-3.22739843988254,200.4301821377,-111.206301510054));
#3361=CARTESIAN_POINT('Ctrl Pts',(-3.26960323893296,200.856392181185,-111.75983899023));
#3362=CARTESIAN_POINT('Ctrl Pts',(-3.31180803798338,200.982202986105,-112.544676521034));
#3363=CARTESIAN_POINT('Ctrl Pts',(-3.35401283703379,200.750368616433,-113.203699572902));
#3364=CARTESIAN_POINT('Ctrl Pts',(-3.39621763608421,200.518534246761,-113.862722624771));
#3365=CARTESIAN_POINT('Ctrl Pts',(-3.43842243513462,199.929054702496,-114.395931197706));
#3366=CARTESIAN_POINT('Ctrl Pts',(-3.48062723418504,199.250152855865,-114.560707175311));
#3367=CARTESIAN_POINT('Ctrl Pts',(-3.52283203323545,198.571251009234,-114.725483152917));
#3368=CARTESIAN_POINT('Ctrl Pts',(-3.56503683228587,197.802926860236,-114.521826535194));
#3369=CARTESIAN_POINT('Ctrl Pts',(-3.60724163133628,197.294781105974,-114.042403026477));
#3370=CARTESIAN_POINT('Ctrl Pts',(-3.64180899455002,196.878590074426,-113.649736625218));
#3371=CARTESIAN_POINT('Ctrl Pts',(-3.67637635776376,196.636933050968,-113.072079072666));
#3372=CARTESIAN_POINT('Ctrl Pts',(-3.7109437209775,196.631801539461,-112.498229907375));
#3373=CARTESIAN_POINT('Ctrl Pts',(-3.48905627902251,196.629668199575,-112.500587682079));
#3374=CARTESIAN_POINT('Ctrl Pts',(-3.48709238905952,196.629547716957,-112.533104115759));
#3375=CARTESIAN_POINT('Ctrl Pts',(-3.48512849909654,196.630231390125,-112.565615374226));
#3376=CARTESIAN_POINT('Ctrl Pts',(-3.48316460913355,196.631735100257,-112.598088659775));
#3377=CARTESIAN_POINT('Ctrl Pts',(-3.44095981008313,196.664050446397,-113.295952856298));
#3378=CARTESIAN_POINT('Ctrl Pts',(-3.39875501103271,197.075089769752,-113.976279727989));
#3379=CARTESIAN_POINT('Ctrl Pts',(-3.3565502119823,197.677823183205,-114.329509283117));
#3380=CARTESIAN_POINT('Ctrl Pts',(-3.31434541293188,198.280556596659,-114.682738838245));
#3381=CARTESIAN_POINT('Ctrl Pts',(-3.27214061388147,199.074984100212,-114.70887107681));
#3382=CARTESIAN_POINT('Ctrl Pts',(-3.22993581483105,199.699627958696,-114.396015342004));
#3383=CARTESIAN_POINT('Ctrl Pts',(-3.18773101578063,200.324271817179,-114.083159607198));
#3384=CARTESIAN_POINT('Ctrl Pts',(-3.14552621673022,200.779132030594,-113.43131589902));
#3385=CARTESIAN_POINT('Ctrl Pts',(-3.1033214176798,200.857239569869,-112.737084025887));
#3386=CARTESIAN_POINT('Ctrl Pts',(-3.06111661862939,200.935347109145,-112.042852152755));
#3387=CARTESIAN_POINT('Ctrl Pts',(-3.01891181957897,200.63670197428,-111.306232114667));
#3388=CARTESIAN_POINT('Ctrl Pts',(-2.97670702052856,200.097192707465,-110.862398331048));
#3389=CARTESIAN_POINT('Ctrl Pts',(-2.93450222147814,199.55768344065,-110.418564547428));
#3390=CARTESIAN_POINT('Ctrl Pts',(-2.89229742242773,198.777310041885,-110.267517018276));
#3391=CARTESIAN_POINT('Ctrl Pts',(-2.85009262337731,198.111155446397,-110.477984899964));
#3392=CARTESIAN_POINT('Ctrl Pts',(-2.8078878243269,197.44500085091,-110.688452781652));
#3393=CARTESIAN_POINT('Ctrl Pts',(-2.76568302527648,196.893065058701,-111.260436074179));
#3394=CARTESIAN_POINT('Ctrl Pts',(-2.72347822622606,196.706488084816,-111.933672815128));
#3395=CARTESIAN_POINT('Ctrl Pts',(-2.71200424382488,196.655764447623,-112.116701918247));
#3396=CARTESIAN_POINT('Ctrl Pts',(-2.70053026142369,196.632044572901,-112.307214689292));
#3397=CARTESIAN_POINT('Ctrl Pts',(-2.68905627902251,196.633693874549,-112.498130035245));
#3398=CARTESIAN_POINT('Origin',(-0.5,198.75,-112.5));
#3399=CARTESIAN_POINT('',(-1.88905627902251,196.635858848058,-112.500981710373));
#3400=CARTESIAN_POINT('',(-2.1109437209775,196.631827683849,-112.501774713066));
#3401=CARTESIAN_POINT('',(-0.5,196.633,-112.5));
#3402=CARTESIAN_POINT('Ctrl Pts',(-2.1109437209775,196.631827683849,-112.501774713066));
#3403=CARTESIAN_POINT('Ctrl Pts',(-2.14545690154252,196.636959827069,-111.928806471443));
#3404=CARTESIAN_POINT('Ctrl Pts',(-2.17997008210754,196.877775370275,-111.352037154715));
#3405=CARTESIAN_POINT('Ctrl Pts',(-2.21448326267257,197.292813282769,-110.959456418619));
#3406=CARTESIAN_POINT('Ctrl Pts',(-2.25668806172298,197.8003466775,-110.479385013818));
#3407=CARTESIAN_POINT('Ctrl Pts',(-2.2988928607734,198.568410001734,-110.274746885029));
#3408=CARTESIAN_POINT('Ctrl Pts',(-2.34109765982381,199.247521603726,-110.438655800812));
#3409=CARTESIAN_POINT('Ctrl Pts',(-2.38330245887423,199.926633205718,-110.602564716595));
#3410=CARTESIAN_POINT('Ctrl Pts',(-2.42550725792464,200.516793085468,-111.135020676952));
#3411=CARTESIAN_POINT('Ctrl Pts',(-2.46771205697506,200.749468631723,-111.793747320927));
#3412=CARTESIAN_POINT('Ctrl Pts',(-2.50991685602548,200.982144177977,-112.452473964902));
#3413=CARTESIAN_POINT('Ctrl Pts',(-2.55212165507589,200.857335390737,-113.237471292495));
#3414=CARTESIAN_POINT('Ctrl Pts',(-2.59432645412631,200.431832355568,-113.791552393177));
#3415=CARTESIAN_POINT('Ctrl Pts',(-2.63653125317672,200.006329320399,-114.345633493859));
#3416=CARTESIAN_POINT('Ctrl Pts',(-2.67873605222714,199.280132037302,-114.66879836763));
#3417=CARTESIAN_POINT('Ctrl Pts',(-2.72094085127756,198.583672407602,-114.614001602963));
#3418=CARTESIAN_POINT('Ctrl Pts',(-2.76314565032797,197.887212777901,-114.559204838296));
#3419=CARTESIAN_POINT('Ctrl Pts',(-2.80535044937838,197.220490801596,-114.126446435192));
#3420=CARTESIAN_POINT('Ctrl Pts',(-2.8475552484288,196.886876127597,-113.512638684008));
#3421=CARTESIAN_POINT('Ctrl Pts',(-2.86868473927837,196.719854642833,-113.205340804292));
#3422=CARTESIAN_POINT('Ctrl Pts',(-2.88981423012793,196.63632394298,-112.852664297106));
#3423=CARTESIAN_POINT('Ctrl Pts',(-2.9109437209775,196.63631299601,-112.499992668036));
#3424=CARTESIAN_POINT('Ctrl Pts',(-2.68905627902251,196.633693874549,-112.498130035245));
#3425=CARTESIAN_POINT('Ctrl Pts',(-2.65832546237328,196.638111206281,-113.009459431341));
#3426=CARTESIAN_POINT('Ctrl Pts',(-2.62759464572405,196.82450960701,-113.523676623677));
#3427=CARTESIAN_POINT('Ctrl Pts',(-2.59686382907482,197.161484888811,-113.904737401476));
#3428=CARTESIAN_POINT('Ctrl Pts',(-2.5546590300244,197.624276822252,-114.428075057503));
#3429=CARTESIAN_POINT('Ctrl Pts',(-2.51245423097399,198.371078844697,-114.700260180184));
#3430=CARTESIAN_POINT('Ctrl Pts',(-2.47024943192357,199.062083552607,-114.597443988068));
#3431=CARTESIAN_POINT('Ctrl Pts',(-2.42804463287315,199.753088260517,-114.494627795952));
#3432=CARTESIAN_POINT('Ctrl Pts',(-2.38583983382274,200.388295653892,-114.016810289037));
#3433=CARTESIAN_POINT('Ctrl Pts',(-2.34363503477232,200.678675749873,-113.38140642077));
#3434=CARTESIAN_POINT('Ctrl Pts',(-2.30143023572191,200.969055845854,-112.746002552502));
#3435=CARTESIAN_POINT('Ctrl Pts',(-2.25922543667149,200.914608644441,-111.953012322881));
#3436=CARTESIAN_POINT('Ctrl Pts',(-2.21702063762108,200.540108532611,-111.363259542383));
#3437=CARTESIAN_POINT('Ctrl Pts',(-2.17481583857066,200.165608420782,-110.773506761886));
#3438=CARTESIAN_POINT('Ctrl Pts',(-2.13261103952024,199.471055398536,-110.386991430512));
#3439=CARTESIAN_POINT('Ctrl Pts',(-2.09040624046983,198.772482701518,-110.379584485345));
#3440=CARTESIAN_POINT('Ctrl Pts',(-2.04820144141941,198.0739100045,-110.372177540177));
#3441=CARTESIAN_POINT('Ctrl Pts',(-2.005996642369,197.37131763271,-110.743878981215));
#3442=CARTESIAN_POINT('Ctrl Pts',(-1.96379184331858,196.984396860337,-111.325558439154));
#3443=CARTESIAN_POINT('Ctrl Pts',(-1.93887998855322,196.756012546138,-111.668901246184));
#3444=CARTESIAN_POINT('Ctrl Pts',(-1.91396813378787,196.637610827257,-112.085402130473));
#3445=CARTESIAN_POINT('Ctrl Pts',(-1.88905627902251,196.635858848058,-112.500981710373));
#3446=CARTESIAN_POINT('Origin',(-0.5,198.75,-112.5));
#3447=CARTESIAN_POINT('',(-1.08905627902251,196.630183763701,-112.50109344961));
#3448=CARTESIAN_POINT('',(-1.3109437209775,196.630922962134,-112.49850331357));
#3449=CARTESIAN_POINT('',(-0.5,196.633,-112.5));
#3450=CARTESIAN_POINT('Ctrl Pts',(-1.3109437209775,196.630922962134,-112.49850331357));
#3451=CARTESIAN_POINT('Ctrl Pts',(-1.31668997485628,196.630157535159,-112.403213038998));
#3452=CARTESIAN_POINT('Ctrl Pts',(-1.32243622873506,196.636032704697,-112.308017686762));
#3453=CARTESIAN_POINT('Ctrl Pts',(-1.32818248261384,196.648871588772,-112.21377097584));
#3454=CARTESIAN_POINT('Ctrl Pts',(-1.37038728166425,196.743169984532,-111.521552431457));
#3455=CARTESIAN_POINT('Ctrl Pts',(-1.41259208071467,197.213128431652,-110.880508679312));
#3456=CARTESIAN_POINT('Ctrl Pts',(-1.45479687976508,197.844907980562,-110.582325342741));
#3457=CARTESIAN_POINT('Ctrl Pts',(-1.4970016788155,198.476687529471,-110.284142006169));
#3458=CARTESIAN_POINT('Ctrl Pts',(-1.53920647786592,199.270288180169,-110.328819085171));
#3459=CARTESIAN_POINT('Ctrl Pts',(-1.58141127691633,199.864608370249,-110.696027761938));
#3460=CARTESIAN_POINT('Ctrl Pts',(-1.62361607596675,200.458928560328,-111.063236438704));
#3461=CARTESIAN_POINT('Ctrl Pts',(-1.66582087501716,200.853968289789,-111.752976713237));
#3462=CARTESIAN_POINT('Ctrl Pts',(-1.70802567406758,200.86997787798,-112.451405230499));
#3463=CARTESIAN_POINT('Ctrl Pts',(-1.75023047311799,200.885987466171,-113.149833747762));
#3464=CARTESIAN_POINT('Ctrl Pts',(-1.79243527216841,200.522966913093,-113.856950507755));
#3465=CARTESIAN_POINT('Ctrl Pts',(-1.83464007121883,199.946096638895,-114.251005564012));
#3466=CARTESIAN_POINT('Ctrl Pts',(-1.87684487026924,199.369226364697,-114.645060620269));
#3467=CARTESIAN_POINT('Ctrl Pts',(-1.91904966931966,198.578506369378,-114.72605397279));
#3468=CARTESIAN_POINT('Ctrl Pts',(-1.96125446837007,197.933727468973,-114.45713229234));
#3469=CARTESIAN_POINT('Ctrl Pts',(-2.00345926742049,197.288948568568,-114.188210611889));
#3470=CARTESIAN_POINT('Ctrl Pts',(-2.0456640664709,196.790110763076,-113.569373898467));
#3471=CARTESIAN_POINT('Ctrl Pts',(-2.08786886552132,196.664193592944,-112.882203201349));
#3472=CARTESIAN_POINT('Ctrl Pts',(-2.09556048400671,196.641245803706,-112.756969698158));
#3473=CARTESIAN_POINT('Ctrl Pts',(-2.10325210249211,196.630683932766,-112.629466599083));
#3474=CARTESIAN_POINT('Ctrl Pts',(-2.1109437209775,196.631827683849,-112.501774713066));
#3475=CARTESIAN_POINT('Ctrl Pts',(-1.88905627902251,196.635858848058,-112.500981710373));
#3476=CARTESIAN_POINT('Ctrl Pts',(-1.87176333473745,196.634642684952,-112.78946261992));
#3477=CARTESIAN_POINT('Ctrl Pts',(-1.85447039045239,196.689635997215,-113.077499584745));
#3478=CARTESIAN_POINT('Ctrl Pts',(-1.83717744616733,196.803068906199,-113.340313478771));
#3479=CARTESIAN_POINT('Ctrl Pts',(-1.79497264711692,197.079910897388,-113.981731585613));
#3480=CARTESIAN_POINT('Ctrl Pts',(-1.7527678480665,197.704844052719,-114.472910324459));
#3481=CARTESIAN_POINT('Ctrl Pts',(-1.71056304901609,198.393513339737,-114.590355158264));
#3482=CARTESIAN_POINT('Ctrl Pts',(-1.66835824996567,199.082182626755,-114.70779999207));
#3483=CARTESIAN_POINT('Ctrl Pts',(-1.62615345091526,199.83458804546,-114.451510920835));
#3484=CARTESIAN_POINT('Ctrl Pts',(-1.58394865186484,200.308372552641,-113.93810375627));
#3485=CARTESIAN_POINT('Ctrl Pts',(-1.54174385281442,200.782157059823,-113.424696591704));
#3486=CARTESIAN_POINT('Ctrl Pts',(-1.49953905376401,200.97732065548,-112.654171333808));
#3487=CARTESIAN_POINT('Ctrl Pts',(-1.45733425471359,200.805060641109,-111.977129855522));
#3488=CARTESIAN_POINT('Ctrl Pts',(-1.41512945566318,200.632800626739,-111.300088377236));
#3489=CARTESIAN_POINT('Ctrl Pts',(-1.37292465661276,200.093117002341,-110.71653067856));
#3490=CARTESIAN_POINT('Ctrl Pts',(-1.33071985756235,199.431574838717,-110.491985267521));
#3491=CARTESIAN_POINT('Ctrl Pts',(-1.28851505851193,198.770032675093,-110.267439856482));
#3492=CARTESIAN_POINT('Ctrl Pts',(-1.24631025946152,197.986631972243,-110.401906733081));
#3493=CARTESIAN_POINT('Ctrl Pts',(-1.2041054604111,197.437833145798,-110.834201220628));
#3494=CARTESIAN_POINT('Ctrl Pts',(-1.16575573328157,196.93916271692,-111.227009053151));
#3495=CARTESIAN_POINT('Ctrl Pts',(-1.12740600615204,196.634193511617,-111.865721025654));
#3496=CARTESIAN_POINT('Ctrl Pts',(-1.08905627902251,196.630183763701,-112.50109344961));
#3497=CARTESIAN_POINT('Origin',(-0.5,198.75,-112.5));
#3498=CARTESIAN_POINT('',(-0.289056279022506,196.632767138983,-112.498103181101));
#3499=CARTESIAN_POINT('',(-0.510943720977498,196.636196266763,-112.499487630188));
#3500=CARTESIAN_POINT('',(-0.5,196.633,-112.5));
#3501=CARTESIAN_POINT('Ctrl Pts',(-0.510943720977498,196.636196266763,-112.499487630188));
#3502=CARTESIAN_POINT('Ctrl Pts',(-0.530127847220451,196.635498643622,-112.179330187003));
#3503=CARTESIAN_POINT('Ctrl Pts',(-0.549311973463404,196.703732764072,-111.859454950744));
#3504=CARTESIAN_POINT('Ctrl Pts',(-0.568496099706356,196.842433353876,-111.573794220848));
#3505=CARTESIAN_POINT('Ctrl Pts',(-0.610700898756772,197.147572636566,-110.945344764814));
#3506=CARTESIAN_POINT('Ctrl Pts',(-0.652905697807189,197.79376512687,-110.482491332663));
#3507=CARTESIAN_POINT('Ctrl Pts',(-0.695110496857605,198.486982439525,-110.395839973381));
#3508=CARTESIAN_POINT('Ctrl Pts',(-0.73731529590802,199.18019975218,-110.309188614099));
#3509=CARTESIAN_POINT('Ctrl Pts',(-0.779520094958435,199.920441887187,-110.598739327686));
#3510=CARTESIAN_POINT('Ctrl Pts',(-0.82172489400885,200.370886298751,-111.132741699143));
#3511=CARTESIAN_POINT('Ctrl Pts',(-0.863929693059266,200.821330710314,-111.6667440706));
#3512=CARTESIAN_POINT('Ctrl Pts',(-0.90613449210968,200.981977398434,-112.445198099927));
#3513=CARTESIAN_POINT('Ctrl Pts',(-0.948339291160096,200.779729434541,-113.113894190637));
#3514=CARTESIAN_POINT('Ctrl Pts',(-0.990544090210512,200.577481470648,-113.782590281348));
#3515=CARTESIAN_POINT('Ctrl Pts',(-1.03274888926093,200.012338854743,-114.341528433443));
#3516=CARTESIAN_POINT('Ctrl Pts',(-1.07495368831134,199.341450924353,-114.536382444145));
#3517=CARTESIAN_POINT('Ctrl Pts',(-1.11715848736176,198.670562993963,-114.731236454848));
#3518=CARTESIAN_POINT('Ctrl Pts',(-1.15936328641218,197.893929749087,-114.562006324159));
#3519=CARTESIAN_POINT('Ctrl Pts',(-1.20156808546259,197.36493229885,-114.105694590502));
#3520=CARTESIAN_POINT('Ctrl Pts',(-1.23802663063423,196.907958734963,-113.71151046149));
#3521=CARTESIAN_POINT('Ctrl Pts',(-1.27448517580586,196.635779405051,-113.103096297656));
#3522=CARTESIAN_POINT('Ctrl Pts',(-1.3109437209775,196.630922962134,-112.49850331357));
#3523=CARTESIAN_POINT('Ctrl Pts',(-1.08905627902251,196.630183763701,-112.50109344961));
#3524=CARTESIAN_POINT('Ctrl Pts',(-1.08520120710162,196.629780687389,-112.564963692613));
#3525=CARTESIAN_POINT('Ctrl Pts',(-1.08134613518074,196.632418835071,-112.628800189161));
#3526=CARTESIAN_POINT('Ctrl Pts',(-1.07749106325985,196.638207160267,-112.692349756108));
#3527=CARTESIAN_POINT('Ctrl Pts',(-1.03528626420944,196.70157695122,-113.388081705544));
#3528=CARTESIAN_POINT('Ctrl Pts',(-0.993081465159021,197.142513483166,-114.049423505918));
#3529=CARTESIAN_POINT('Ctrl Pts',(-0.950876666108606,197.760383263089,-114.375453582643));
#3530=CARTESIAN_POINT('Ctrl Pts',(-0.908671867058191,198.378253043012,-114.701483659368));
#3531=CARTESIAN_POINT('Ctrl Pts',(-0.866467068007775,199.173056070911,-114.692202012443));
#3532=CARTESIAN_POINT('Ctrl Pts',(-0.82426226895736,199.78314368265,-114.351831946377));
#3533=CARTESIAN_POINT('Ctrl Pts',(-0.782057469906944,200.393231294389,-114.011461880311));
#3534=CARTESIAN_POINT('Ctrl Pts',(-0.739852670856528,200.818603489968,-113.340003395105));
#3535=CARTESIAN_POINT('Ctrl Pts',(-0.697647871806113,200.8657088096,-112.642981326062));
#3536=CARTESIAN_POINT('Ctrl Pts',(-0.655443072755697,200.912814129233,-111.945959257018));
#3537=CARTESIAN_POINT('Ctrl Pts',(-0.613238273705282,200.58165257292,-111.223373604139));
#3538=CARTESIAN_POINT('Ctrl Pts',(-0.571033474654866,200.022908184695,-110.804012918693));
#3539=CARTESIAN_POINT('Ctrl Pts',(-0.52882867560445,199.464163796469,-110.384652233247));
#3540=CARTESIAN_POINT('Ctrl Pts',(-0.486623876554034,198.677836576331,-110.268516515235));
#3541=CARTESIAN_POINT('Ctrl Pts',(-0.444419077503618,198.0217185542,-110.508449457752));
#3542=CARTESIAN_POINT('Ctrl Pts',(-0.402214278453202,197.365600532068,-110.74838240027));
#3543=CARTESIAN_POINT('Ctrl Pts',(-0.360009479402787,196.839691707943,-111.344384003317));
#3544=CARTESIAN_POINT('Ctrl Pts',(-0.317804680352371,196.683289388233,-112.025263574357));
#3545=CARTESIAN_POINT('Ctrl Pts',(-0.308221879909083,196.647777497349,-112.179860520723));
#3546=CARTESIAN_POINT('Ctrl Pts',(-0.298639079465794,196.631315094254,-112.338833254242));
#3547=CARTESIAN_POINT('Ctrl Pts',(-0.289056279022506,196.632767138983,-112.498103181101));
#3548=CARTESIAN_POINT('Origin',(-0.5,198.75,-112.5));
#3549=CARTESIAN_POINT('',(0.510943720977496,196.63619632038,-112.500512369799));
#3550=CARTESIAN_POINT('',(0.289056279022502,196.632767085279,-112.501896818947));
#3551=CARTESIAN_POINT('',(-0.5,196.633,-112.5));
#3552=CARTESIAN_POINT('Ctrl Pts',(0.289056279022502,196.632767085279,-112.501896818947));
#3553=CARTESIAN_POINT('Ctrl Pts',(0.256434280415376,196.637710170822,-111.95970630849));
#3554=CARTESIAN_POINT('Ctrl Pts',(0.223812281808251,196.850259150125,-111.414071701417));
#3555=CARTESIAN_POINT('Ctrl Pts',(0.191190283201125,197.225635937257,-111.025896252309));
#3556=CARTESIAN_POINT('Ctrl Pts',(0.148985484150709,197.711280672268,-110.523693213702));
#3557=CARTESIAN_POINT('Ctrl Pts',(0.106780685100294,198.46946595218,-110.285044694947));
#3558=CARTESIAN_POINT('Ctrl Pts',(0.0645758860498783,199.155204800315,-110.41853976148));
#3559=CARTESIAN_POINT('Ctrl Pts',(0.022371086999463,199.84094364845,-110.552034828012));
#3560=CARTESIAN_POINT('Ctrl Pts',(-0.0198337120509532,200.454236064809,
-111.057673479834));
#3561=CARTESIAN_POINT('Ctrl Pts',(-0.0620385111013685,200.716023747754,
-111.705381677781));
#3562=CARTESIAN_POINT('Ctrl Pts',(-0.104243310151784,200.9778114307,-112.353089875729));
#3563=CARTESIAN_POINT('Ctrl Pts',(-0.1464481092022,200.888094380232,-113.142867619802));
#3564=CARTESIAN_POINT('Ctrl Pts',(-0.188652908252615,200.487695354082,-113.715352834012));
#3565=CARTESIAN_POINT('Ctrl Pts',(-0.23085770730303,200.087296327932,-114.287838048222));
#3566=CARTESIAN_POINT('Ctrl Pts',(-0.273062506353447,199.376215326101,-114.643030732567));
#3567=CARTESIAN_POINT('Ctrl Pts',(-0.315267305403862,198.678006091311,-114.61931227804));
#3568=CARTESIAN_POINT('Ctrl Pts',(-0.357472104454278,197.979796856522,-114.595593823513));
#3569=CARTESIAN_POINT('Ctrl Pts',(-0.399676903504693,197.294459388775,-114.192964230114));
#3570=CARTESIAN_POINT('Ctrl Pts',(-0.44188170255511,196.933833692441,-113.594626693456));
#3571=CARTESIAN_POINT('Ctrl Pts',(-0.464902375362572,196.737129849559,-113.268262560236));
#3572=CARTESIAN_POINT('Ctrl Pts',(-0.487923048170035,196.637033404398,-112.883671911145));
#3573=CARTESIAN_POINT('Ctrl Pts',(-0.510943720977498,196.636196266763,-112.499487630188));
#3574=CARTESIAN_POINT('Ctrl Pts',(-0.289056279022506,196.632767138983,-112.498103181101));
#3575=CARTESIAN_POINT('Ctrl Pts',(-0.256434280415379,196.637710224401,-113.040293677806));
#3576=CARTESIAN_POINT('Ctrl Pts',(-0.223812281808252,196.850259198312,-113.585928271038));
#3577=CARTESIAN_POINT('Ctrl Pts',(-0.191190283201124,197.225635975923,-113.9741037103));
#3578=CARTESIAN_POINT('Ctrl Pts',(-0.148985484150709,197.711280698616,-114.476306736169));
#3579=CARTESIAN_POINT('Ctrl Pts',(-0.106780685100293,198.469465959296,-114.714955248871));
#3580=CARTESIAN_POINT('Ctrl Pts',(-0.064575886049878,199.155204790037,-114.581460185724));
#3581=CARTESIAN_POINT('Ctrl Pts',(-0.0223710869994617,199.840943620779,
-114.447965122577));
#3582=CARTESIAN_POINT('Ctrl Pts',(0.0198337120509538,200.454236021581,-113.942326483581));
#3583=CARTESIAN_POINT('Ctrl Pts',(0.0620385111013702,200.716023697886,-113.294618302063));
#3584=CARTESIAN_POINT('Ctrl Pts',(0.104243310151786,200.977811374191,-112.646910120545));
#3585=CARTESIAN_POINT('Ctrl Pts',(0.146448109202202,200.888094325999,-111.857132396504));
#3586=CARTESIAN_POINT('Ctrl Pts',(0.188652908252617,200.487695310005,-111.284647196815));
#3587=CARTESIAN_POINT('Ctrl Pts',(0.230857707303032,200.087296294012,-110.712161997127));
#3588=CARTESIAN_POINT('Ctrl Pts',(0.273062506353448,199.376215310216,-110.356969321791));
#3589=CARTESIAN_POINT('Ctrl Pts',(0.315267305403863,198.678006093137,-110.380687775716));
#3590=CARTESIAN_POINT('Ctrl Pts',(0.357472104454279,197.979796876058,-110.404406229642));
#3591=CARTESIAN_POINT('Ctrl Pts',(0.399676903504695,197.294459425695,-110.807035812828));
#3592=CARTESIAN_POINT('Ctrl Pts',(0.44188170255511,196.933833738508,-111.405373334309));
#3593=CARTESIAN_POINT('Ctrl Pts',(0.464902375362572,196.737129900616,-111.731737459251));
#3594=CARTESIAN_POINT('Ctrl Pts',(0.487923048170034,196.637033457993,-112.116328098587));
#3595=CARTESIAN_POINT('Ctrl Pts',(0.510943720977496,196.63619632038,-112.500512369799));
#3596=CARTESIAN_POINT('Origin',(-0.5,198.75,-112.5));
#3597=CARTESIAN_POINT('',(1.3109437209775,196.630923015885,-112.501496686392));
#3598=CARTESIAN_POINT('',(1.0890562790225,196.630183709932,-112.498906550363));
#3599=CARTESIAN_POINT('',(-0.5,196.633,-112.5));
#3600=CARTESIAN_POINT('Ctrl Pts',(1.0890562790225,196.630183709932,-112.498906550363));
#3601=CARTESIAN_POINT('Ctrl Pts',(1.08520120710162,196.629780633609,-112.435036305739));
#3602=CARTESIAN_POINT('Ctrl Pts',(1.08134613518074,196.632418781358,-112.371199807572));
#3603=CARTESIAN_POINT('Ctrl Pts',(1.07749106325985,196.638207106701,-112.307650239013));
#3604=CARTESIAN_POINT('Ctrl Pts',(1.03528626420944,196.701576899261,-111.61191827193));
#3605=CARTESIAN_POINT('Ctrl Pts',(0.993081465159023,197.142513442392,-110.950576454781));
#3606=CARTESIAN_POINT('Ctrl Pts',(0.950876666108607,197.760383237987,-110.624546369786));
#3607=CARTESIAN_POINT('Ctrl Pts',(0.908671867058191,198.378253033582,-110.298516284791));
#3608=CARTESIAN_POINT('Ctrl Pts',(0.866467068007775,199.173056081642,-110.307797931951));
#3609=CARTESIAN_POINT('Ctrl Pts',(0.824262268957359,199.783143708856,-110.648168006651));
#3610=CARTESIAN_POINT('Ctrl Pts',(0.782057469906944,200.39323133607,-110.98853808135));
#3611=CARTESIAN_POINT('Ctrl Pts',(0.739852670856528,200.818603542438,-111.659996583588));
#3612=CARTESIAN_POINT('Ctrl Pts',(0.697647871806112,200.865708863266,-112.357018670311));
#3613=CARTESIAN_POINT('Ctrl Pts',(0.655443072755697,200.912814184093,-113.054040757035));
#3614=CARTESIAN_POINT('Ctrl Pts',(0.613238273705282,200.58165261938,-113.776626428243));
#3615=CARTESIAN_POINT('Ctrl Pts',(0.571033474654866,200.022908216982,-114.195987124326));
#3616=CARTESIAN_POINT('Ctrl Pts',(0.52882867560445,199.464163814584,-114.615347820409));
#3617=CARTESIAN_POINT('Ctrl Pts',(0.486623876554034,198.677836574501,-114.731483541367));
#3618=CARTESIAN_POINT('Ctrl Pts',(0.444419077503619,198.021718535727,-114.491550592763));
#3619=CARTESIAN_POINT('Ctrl Pts',(0.402214278453203,197.365600496953,-114.25161764416));
#3620=CARTESIAN_POINT('Ctrl Pts',(0.360009479402788,196.839691659487,-113.655616025996));
#3621=CARTESIAN_POINT('Ctrl Pts',(0.317804680352372,196.68328933581,-112.974736437685));
#3622=CARTESIAN_POINT('Ctrl Pts',(0.308221879909082,196.647777444026,-112.820139487397));
#3623=CARTESIAN_POINT('Ctrl Pts',(0.298639079465792,196.631315040513,-112.661166749846));
#3624=CARTESIAN_POINT('Ctrl Pts',(0.289056279022502,196.632767085279,-112.501896818947));
#3625=CARTESIAN_POINT('Ctrl Pts',(0.510943720977496,196.63619632038,-112.500512369799));
#3626=CARTESIAN_POINT('Ctrl Pts',(0.53012784722045,196.635498697257,-112.820669804863));
#3627=CARTESIAN_POINT('Ctrl Pts',(0.549311973463404,196.703732815976,-113.140545033008));
#3628=CARTESIAN_POINT('Ctrl Pts',(0.568496099706358,196.842433402261,-113.426205755659));
#3629=CARTESIAN_POINT('Ctrl Pts',(0.610700898756774,197.147572677212,-114.054655195752));
#3630=CARTESIAN_POINT('Ctrl Pts',(0.65290569780719,197.793765151125,-114.517508616163));
#3631=CARTESIAN_POINT('Ctrl Pts',(0.695110496857606,198.486982446197,-114.604159973247));
#3632=CARTESIAN_POINT('Ctrl Pts',(0.737315295908021,199.180199741268,-114.690811330331));
#3633=CARTESIAN_POINT('Ctrl Pts',(0.779520094958436,199.920441857499,-114.401260624088));
#3634=CARTESIAN_POINT('Ctrl Pts',(0.821724894008852,200.370886257637,-113.867258266176));
#3635=CARTESIAN_POINT('Ctrl Pts',(0.863929693059267,200.821330657774,-113.333255908264));
#3636=CARTESIAN_POINT('Ctrl Pts',(0.906134492109683,200.981977341819,-112.554801898683));
#3637=CARTESIAN_POINT('Ctrl Pts',(0.948339291160098,200.779729383057,-111.886105824934));
#3638=CARTESIAN_POINT('Ctrl Pts',(0.990544090210514,200.577481424294,-111.217409751185));
#3639=CARTESIAN_POINT('Ctrl Pts',(1.03274888926093,200.012338822724,-110.658471613268));
#3640=CARTESIAN_POINT('Ctrl Pts',(1.07495368831135,199.34145090935,-110.463617607508));
#3641=CARTESIAN_POINT('Ctrl Pts',(1.11715848736176,198.670562995977,-110.268763601748));
#3642=CARTESIAN_POINT('Ctrl Pts',(1.15936328641218,197.893929770801,-110.437993728145));
#3643=CARTESIAN_POINT('Ctrl Pts',(1.20156808546259,197.364932333982,-110.894305450226));
#3644=CARTESIAN_POINT('Ctrl Pts',(1.23802663063423,196.907958781687,-111.28848956924));
#3645=CARTESIAN_POINT('Ctrl Pts',(1.27448517580586,196.635779458678,-111.896903717642));
#3646=CARTESIAN_POINT('Ctrl Pts',(1.3109437209775,196.630923015885,-112.501496686392));
#3647=CARTESIAN_POINT('Origin',(-0.5,198.75,-112.5));
#3648=CARTESIAN_POINT('',(2.1109437209775,196.631827737577,-112.498225286979));
#3649=CARTESIAN_POINT('',(1.8890562790225,196.635858794433,-112.499018289602));
#3650=CARTESIAN_POINT('',(-0.5,196.633,-112.5));
#3651=CARTESIAN_POINT('Ctrl Pts',(1.8890562790225,196.635858794433,-112.499018289602));
#3652=CARTESIAN_POINT('Ctrl Pts',(1.87176333473745,196.634642631296,-112.210537372738));
#3653=CARTESIAN_POINT('Ctrl Pts',(1.85447039045239,196.689635944954,-111.922500400607));
#3654=CARTESIAN_POINT('Ctrl Pts',(1.83717744616734,196.803068856815,-111.659686499914));
#3655=CARTESIAN_POINT('Ctrl Pts',(1.79497264711692,197.079910855026,-111.018268376803));
#3656=CARTESIAN_POINT('Ctrl Pts',(1.7527678480665,197.704844026208,-110.527089625498));
#3657=CARTESIAN_POINT('Ctrl Pts',(1.71056304901609,198.393513330694,-110.409644788714));
#3658=CARTESIAN_POINT('Ctrl Pts',(1.66835824996567,199.08218263518,-110.292199951929));
#3659=CARTESIAN_POINT('Ctrl Pts',(1.62615345091526,199.834588072971,-110.548489029664));
#3660=CARTESIAN_POINT('Ctrl Pts',(1.58394865186484,200.30837259217,-111.061896207252));
#3661=CARTESIAN_POINT('Ctrl Pts',(1.54174385281443,200.782157111368,-111.57530338484));
#3662=CARTESIAN_POINT('Ctrl Pts',(1.49953905376401,200.977320711976,-112.345828662281));
#3663=CARTESIAN_POINT('Ctrl Pts',(1.45733425471359,200.805060693236,-113.02287015774));
#3664=CARTESIAN_POINT('Ctrl Pts',(1.41512945566318,200.632800674496,-113.6999116532));
#3665=CARTESIAN_POINT('Ctrl Pts',(1.37292465661276,200.093117036409,-114.283469366678));
#3666=CARTESIAN_POINT('Ctrl Pts',(1.33071985756235,199.431574856005,-114.508014783412));
#3667=CARTESIAN_POINT('Ctrl Pts',(1.28851505851193,198.770032675601,-114.732560200147));
#3668=CARTESIAN_POINT('Ctrl Pts',(1.24631025946152,197.98663195288,-114.598093320138));
#3669=CARTESIAN_POINT('Ctrl Pts',(1.2041054604111,197.437833112515,-114.165798821625));
#3670=CARTESIAN_POINT('Ctrl Pts',(1.16575573328157,196.939162670988,-113.772990979139));
#3671=CARTESIAN_POINT('Ctrl Pts',(1.12740600615204,196.63419345795,-113.134278990435));
#3672=CARTESIAN_POINT('Ctrl Pts',(1.0890562790225,196.630183709932,-112.498906550363));
#3673=CARTESIAN_POINT('Ctrl Pts',(1.3109437209775,196.630923015885,-112.501496686392));
#3674=CARTESIAN_POINT('Ctrl Pts',(1.31668997485628,196.630157588929,-112.596786958547));
#3675=CARTESIAN_POINT('Ctrl Pts',(1.32243622873506,196.636032758319,-112.691982308368));
#3676=CARTESIAN_POINT('Ctrl Pts',(1.32818248261384,196.648871642068,-112.7862290169));
#3677=CARTESIAN_POINT('Ctrl Pts',(1.37038728166426,196.743170035436,-113.478447543725));
#3678=CARTESIAN_POINT('Ctrl Pts',(1.41259208071467,197.213128470635,-114.119491279609));
#3679=CARTESIAN_POINT('Ctrl Pts',(1.45479687976509,197.84490800352,-114.417674608617));
#3680=CARTESIAN_POINT('Ctrl Pts',(1.4970016788155,198.476687536404,-114.715857937625));
#3681=CARTESIAN_POINT('Ctrl Pts',(1.53920647786592,199.270288166972,-114.671180859757));
#3682=CARTESIAN_POINT('Ctrl Pts',(1.58141127691633,199.864608341977,-114.303972192304));
#3683=CARTESIAN_POINT('Ctrl Pts',(1.62361607596675,200.458928516981,-113.936763524852));
#3684=CARTESIAN_POINT('Ctrl Pts',(1.66582087501717,200.853968236421,-113.247023267814));
#3685=CARTESIAN_POINT('Ctrl Pts',(1.70802567406758,200.869977824206,-112.548594768268));
#3686=CARTESIAN_POINT('Ctrl Pts',(1.750230473118,200.885987411992,-111.850166268721));
#3687=CARTESIAN_POINT('Ctrl Pts',(1.79243527216841,200.522966868122,-111.143049526664));
#3688=CARTESIAN_POINT('Ctrl Pts',(1.83464007121883,199.946096608556,-110.748994480403));
#3689=CARTESIAN_POINT('Ctrl Pts',(1.87684487026924,199.36922634899,-110.354939434141));
#3690=CARTESIAN_POINT('Ctrl Pts',(1.91904966931966,198.578506373728,-110.273946083674));
#3691=CARTESIAN_POINT('Ctrl Pts',(1.96125446837007,197.933727489678,-110.542867757303));
#3692=CARTESIAN_POINT('Ctrl Pts',(2.00345926742049,197.288948605628,-110.811789430932));
#3693=CARTESIAN_POINT('Ctrl Pts',(2.04566406647091,196.790110812789,-111.430626128658));
#3694=CARTESIAN_POINT('Ctrl Pts',(2.08786886552132,196.664193645851,-112.117796808345));
#3695=CARTESIAN_POINT('Ctrl Pts',(2.09556048400671,196.641245857195,-112.24303030836));
#3696=CARTESIAN_POINT('Ctrl Pts',(2.1032521024921,196.630683986523,-112.370533404201));
#3697=CARTESIAN_POINT('Ctrl Pts',(2.1109437209775,196.631827737577,-112.498225286979));
#3698=CARTESIAN_POINT('Origin',(-0.5,198.75,-112.5));
#3699=CARTESIAN_POINT('',(2.9109437209775,196.636313049624,-112.500007331968));
#3700=CARTESIAN_POINT('',(2.6890562790225,196.633693820869,-112.501869964803));
#3701=CARTESIAN_POINT('',(-0.5,196.633,-112.5));
#3702=CARTESIAN_POINT('Ctrl Pts',(2.6890562790225,196.633693820869,-112.501869964803));
#3703=CARTESIAN_POINT('Ctrl Pts',(2.65832546237327,196.638111152712,-111.990540555737));
#3704=CARTESIAN_POINT('Ctrl Pts',(2.62759464572405,196.82450955817,-111.476323350357));
#3705=CARTESIAN_POINT('Ctrl Pts',(2.59686382907482,197.161484848517,-111.095262562893));
#3706=CARTESIAN_POINT('Ctrl Pts',(2.5546590300244,197.624276793698,-110.571924893591));
#3707=CARTESIAN_POINT('Ctrl Pts',(2.51245423097399,198.371078835086,-110.299739764006));
#3708=CARTESIAN_POINT('Ctrl Pts',(2.47024943192357,199.062083560523,-110.40255595873));
#3709=CARTESIAN_POINT('Ctrl Pts',(2.42804463287315,199.75308828596,-110.505372153454));
#3710=CARTESIAN_POINT('Ctrl Pts',(2.38583983382274,200.388295695447,-110.983189672488));
#3711=CARTESIAN_POINT('Ctrl Pts',(2.34363503477232,200.678675798794,-111.618593556873));
#3712=CARTESIAN_POINT('Ctrl Pts',(2.30143023572191,200.96905590214,-112.253997441258));
#3713=CARTESIAN_POINT('Ctrl Pts',(2.25922543667149,200.914608699346,-113.046987690993));
#3714=CARTESIAN_POINT('Ctrl Pts',(2.21702063762108,200.540108578018,-113.63674048645));
#3715=CARTESIAN_POINT('Ctrl Pts',(2.17481583857066,200.165608456689,-114.226493281907));
#3716=CARTESIAN_POINT('Ctrl Pts',(2.13261103952024,199.471055416826,-114.613008623084));
#3717=CARTESIAN_POINT('Ctrl Pts',(2.09040624046983,198.772482702089,-114.62041556844));
#3718=CARTESIAN_POINT('Ctrl Pts',(2.04820144141941,198.073909987351,-114.627822513795));
#3719=CARTESIAN_POINT('Ctrl Pts',(2.005996642369,197.371317597739,-114.256121063329));
#3720=CARTESIAN_POINT('Ctrl Pts',(1.96379184331858,196.984396815553,-113.674441590636));
#3721=CARTESIAN_POINT('Ctrl Pts',(1.93887998855322,196.756012495561,-113.331098774897));
#3722=CARTESIAN_POINT('Ctrl Pts',(1.91396813378786,196.637610773676,-112.914597880043));
#3723=CARTESIAN_POINT('Ctrl Pts',(1.8890562790225,196.635858794433,-112.499018289602));
#3724=CARTESIAN_POINT('Ctrl Pts',(2.1109437209775,196.631827737577,-112.498225286979));
#3725=CARTESIAN_POINT('Ctrl Pts',(2.14545690154252,196.636959880666,-113.071193514069));
#3726=CARTESIAN_POINT('Ctrl Pts',(2.17997008210754,196.877775417764,-113.647962816167));
#3727=CARTESIAN_POINT('Ctrl Pts',(2.21448326267257,197.292813319731,-114.040543542305));
#3728=CARTESIAN_POINT('Ctrl Pts',(2.25668806172298,197.800346701588,-114.520614934928));
#3729=CARTESIAN_POINT('Ctrl Pts',(2.2988928607734,198.56841000634,-114.725253058527));
#3730=CARTESIAN_POINT('Ctrl Pts',(2.34109765982382,199.247521591106,-114.561344146902));
#3731=CARTESIAN_POINT('Ctrl Pts',(2.38330245887423,199.926633175873,-114.397435235276));
#3732=CARTESIAN_POINT('Ctrl Pts',(2.42550725792465,200.516793040653,-113.864979288426));
#3733=CARTESIAN_POINT('Ctrl Pts',(2.46771205697506,200.749468581006,-113.206252661159));
#3734=CARTESIAN_POINT('Ctrl Pts',(2.50991685602548,200.982144121359,-112.547526033893));
#3735=CARTESIAN_POINT('Ctrl Pts',(2.55212165507589,200.857335337284,-111.76252872621));
#3736=CARTESIAN_POINT('Ctrl Pts',(2.59432645412631,200.431832312908,-111.208447639583));
#3737=CARTESIAN_POINT('Ctrl Pts',(2.63653125317673,200.006329288532,-110.654366552955));
#3738=CARTESIAN_POINT('Ctrl Pts',(2.67873605222714,199.280132023856,-110.331201687384));
#3739=CARTESIAN_POINT('Ctrl Pts',(2.72094085127756,198.583672411821,-110.38599845066));
#3740=CARTESIAN_POINT('Ctrl Pts',(2.76314565032797,197.887212799786,-110.440795213936));
#3741=CARTESIAN_POINT('Ctrl Pts',(2.80535044937839,197.220490840393,-110.873553606059));
#3742=CARTESIAN_POINT('Ctrl Pts',(2.8475552484288,196.886876174855,-111.487361341676));
#3743=CARTESIAN_POINT('Ctrl Pts',(2.86868473927837,196.719854694328,-111.794659213598));
#3744=CARTESIAN_POINT('Ctrl Pts',(2.88981423012793,196.636323996594,-112.147335711841));
#3745=CARTESIAN_POINT('Ctrl Pts',(2.9109437209775,196.636313049624,-112.500007331968));
#3746=CARTESIAN_POINT('Origin',(-0.5,198.75,-112.5));
#3747=CARTESIAN_POINT('',(3.7109437209775,196.631801593157,-112.501770092875));
#3748=CARTESIAN_POINT('',(3.4890562790225,196.6296681458,-112.499412317917));
#3749=CARTESIAN_POINT('',(-0.5,196.633,-112.5));
#3750=CARTESIAN_POINT('Ctrl Pts',(3.4890562790225,196.6296681458,-112.499412317917));
#3751=CARTESIAN_POINT('Ctrl Pts',(3.48709238905952,196.62954766318,-112.466895883413));
#3752=CARTESIAN_POINT('Ctrl Pts',(3.48512849909653,196.630231336366,-112.434384624122));
#3753=CARTESIAN_POINT('Ctrl Pts',(3.48316460913355,196.631735046536,-112.401911337751));
#3754=CARTESIAN_POINT('Ctrl Pts',(3.44095981008313,196.664050393504,-111.704047123539));
#3755=CARTESIAN_POINT('Ctrl Pts',(3.39875501103271,197.075089727267,-111.023720234565));
#3756=CARTESIAN_POINT('Ctrl Pts',(3.3565502119823,197.677823156004,-110.670490670471));
#3757=CARTESIAN_POINT('Ctrl Pts',(3.31434541293188,198.280556584742,-110.317261106376));
#3758=CARTESIAN_POINT('Ctrl Pts',(3.27214061388147,199.074984108455,-110.291128867161));
#3759=CARTESIAN_POINT('Ctrl Pts',(3.22993581483105,199.699627982785,-110.603984609907));
#3760=CARTESIAN_POINT('Ctrl Pts',(3.18773101578064,200.324271857116,-110.916840352652));
#3761=CARTESIAN_POINT('Ctrl Pts',(3.14552621673022,200.779132082063,-111.568684077357));
#3762=CARTESIAN_POINT('Ctrl Pts',(3.10332141767981,200.857239623319,-112.262915968097));
#3763=CARTESIAN_POINT('Ctrl Pts',(3.06111661862939,200.935347164574,-112.957147858837));
#3764=CARTESIAN_POINT('Ctrl Pts',(3.01891181957897,200.636702022137,-113.693767915613));
#3765=CARTESIAN_POINT('Ctrl Pts',(2.97670702052856,200.097192741638,-114.137601710491));
#3766=CARTESIAN_POINT('Ctrl Pts',(2.93450222147814,199.557683461138,-114.581435505369));
#3767=CARTESIAN_POINT('Ctrl Pts',(2.89229742242773,198.777310042577,-114.732483038351));
#3768=CARTESIAN_POINT('Ctrl Pts',(2.85009262337731,198.111155430193,-114.522015151324));
#3769=CARTESIAN_POINT('Ctrl Pts',(2.8078878243269,197.445000817808,-114.311547264298));
#3770=CARTESIAN_POINT('Ctrl Pts',(2.76568302527648,196.8930650116,-113.739563957263));
#3771=CARTESIAN_POINT('Ctrl Pts',(2.72347822622606,196.706488032982,-113.066327199237));
#3772=CARTESIAN_POINT('Ctrl Pts',(2.71200424382488,196.655764394503,-112.883298091476));
#3773=CARTESIAN_POINT('Ctrl Pts',(2.70053026142369,196.632044519178,-112.692785315599));
#3774=CARTESIAN_POINT('Ctrl Pts',(2.6890562790225,196.633693820869,-112.501869964803));
#3775=CARTESIAN_POINT('Ctrl Pts',(2.9109437209775,196.636313049624,-112.500007331968));
#3776=CARTESIAN_POINT('Ctrl Pts',(2.93201902917835,196.636302130725,-112.851774591329));
#3777=CARTESIAN_POINT('Ctrl Pts',(2.9530943373792,196.719383170063,-113.203536997561));
#3778=CARTESIAN_POINT('Ctrl Pts',(2.97416964558005,196.885584913333,-113.510259284371));
#3779=CARTESIAN_POINT('Ctrl Pts',(3.01637444463047,197.218415689028,-114.124492412338));
#3780=CARTESIAN_POINT('Ctrl Pts',(3.05857924368088,197.884584612101,-114.558101589162));
#3781=CARTESIAN_POINT('Ctrl Pts',(3.1007840427313,198.580973705446,-114.613787466902));
#3782=CARTESIAN_POINT('Ctrl Pts',(3.14298884178171,199.277362798791,-114.669473344642));
#3783=CARTESIAN_POINT('Ctrl Pts',(3.18519364083213,200.003972062408,-114.347235923299));
#3784=CARTESIAN_POINT('Ctrl Pts',(3.22739843988254,200.430182095082,-113.793698457147));
#3785=CARTESIAN_POINT('Ctrl Pts',(3.26960323893296,200.856392127757,-113.240160990996));
#3786=CARTESIAN_POINT('Ctrl Pts',(3.31180803798338,200.982202929488,-112.455323480037));
#3787=CARTESIAN_POINT('Ctrl Pts',(3.35401283703379,200.750368565694,-111.796300444915));
#3788=CARTESIAN_POINT('Ctrl Pts',(3.39621763608421,200.5185342019,-111.137277409792));
#3789=CARTESIAN_POINT('Ctrl Pts',(3.43842243513462,199.929054672581,-110.604068850506));
#3790=CARTESIAN_POINT('Ctrl Pts',(3.48062723418504,199.250152843176,-110.439292877022));
#3791=CARTESIAN_POINT('Ctrl Pts',(3.52283203323545,198.571251013772,-110.274516903537));
#3792=CARTESIAN_POINT('Ctrl Pts',(3.56503683228587,197.802926884282,-110.478173515854));
#3793=CARTESIAN_POINT('Ctrl Pts',(3.60724163133629,197.294781142894,-110.957597012523));
#3794=CARTESIAN_POINT('Ctrl Pts',(3.64180899455002,196.87859012189,-111.350263403914));
#3795=CARTESIAN_POINT('Ctrl Pts',(3.67637635776376,196.636933104526,-111.927920942142));
#3796=CARTESIAN_POINT('Ctrl Pts',(3.7109437209775,196.631801593157,-112.501770092875));
#3797=CARTESIAN_POINT('Origin',(-0.5,198.75,-112.5));
#3798=CARTESIAN_POINT('',(4.5109437209775,196.630952465636,-112.49851989904));
#3799=CARTESIAN_POINT('',(4.2890562790225,196.635321693013,-112.49862049504));
#3800=CARTESIAN_POINT('',(-0.5,196.633,-112.5));
#3801=CARTESIAN_POINT('',(5.,200.369925694389,-111.137087770743));
#3802=CARTESIAN_POINT('Ctrl Pts',(4.5109437209775,196.630952465636,-112.49851989904));
#3803=CARTESIAN_POINT('Ctrl Pts',(4.54734808350042,196.635796982851,-113.102125035478));
#3804=CARTESIAN_POINT('Ctrl Pts',(4.58375244602334,196.907019705354,-113.709464194801));
#3805=CARTESIAN_POINT('Ctrl Pts',(4.62015680854626,197.362843345976,-114.103787007979));
#3806=CARTESIAN_POINT('Ctrl Pts',(4.66236160759668,197.891294988078,-114.560938677115));
#3807=CARTESIAN_POINT('Ctrl Pts',(4.70456640664709,198.667860286782,-114.731784811605));
#3808=CARTESIAN_POINT('Ctrl Pts',(4.74677120569751,199.338885397524,-114.537468470356));
#3809=CARTESIAN_POINT('Ctrl Pts',(4.78897600474792,200.009910508266,-114.343152129107));
#3810=CARTESIAN_POINT('Ctrl Pts',(4.83118080379834,200.575395431047,-113.783673312121));
#3811=CARTESIAN_POINT('Ctrl Pts',(4.87338560284876,200.778342304544,-113.116398730129));
#3812=CARTESIAN_POINT('Ctrl Pts',(4.91559040189917,200.981289178041,-112.449124148138));
#3813=CARTESIAN_POINT('Ctrl Pts',(4.95779520094959,200.821698002255,-111.674053801141));
#3814=CARTESIAN_POINT('Ctrl Pts',(5.,200.369925694389,-111.137087770743));
#3815=CARTESIAN_POINT('',(5.,197.127001808219,-111.134771985329));
#3816=CARTESIAN_POINT('Origin',(5.,198.75,-112.5));
#3817=CARTESIAN_POINT('Ctrl Pts',(5.,197.126999606656,-111.13477032598));
#3818=CARTESIAN_POINT('Ctrl Pts',(4.95864099259909,197.568434886363,-110.611470307753));
#3819=CARTESIAN_POINT('Ctrl Pts',(4.91728198519817,198.287359391375,-110.320222881725));
#3820=CARTESIAN_POINT('Ctrl Pts',(4.87592297779726,198.968454750469,-110.390826172737));
#3821=CARTESIAN_POINT('Ctrl Pts',(4.83371817874685,199.663478508802,-110.462873300961));
#3822=CARTESIAN_POINT('Ctrl Pts',(4.79151337969643,200.319110089003,-110.9117221665));
#3823=CARTESIAN_POINT('Ctrl Pts',(4.74930858064602,200.637446060712,-111.533508549799));
#3824=CARTESIAN_POINT('Ctrl Pts',(4.7071037815956,200.955782032422,-112.155294933099));
#3825=CARTESIAN_POINT('Ctrl Pts',(4.66489898254519,200.936822395639,-112.95001883416));
#3826=CARTESIAN_POINT('Ctrl Pts',(4.62269418349477,200.588993292876,-113.55589335564));
#3827=CARTESIAN_POINT('Ctrl Pts',(4.58048938444435,200.241164190112,-114.16176787712));
#3828=CARTESIAN_POINT('Ctrl Pts',(4.53828458539394,199.564465621367,-114.578793019019));
#3829=CARTESIAN_POINT('Ctrl Pts',(4.49607978634352,198.866902595618,-114.617298769669));
#3830=CARTESIAN_POINT('Ctrl Pts',(4.45387498729311,198.16933956987,-114.655804520318));
#3831=CARTESIAN_POINT('Ctrl Pts',(4.41167018824269,197.450912087119,-114.315790879719));
#3832=CARTESIAN_POINT('Ctrl Pts',(4.36946538919227,197.038470888046,-113.751929935548));
#3833=CARTESIAN_POINT('Ctrl Pts',(4.34266235246902,196.776541513812,-113.393838298258));
#3834=CARTESIAN_POINT('Ctrl Pts',(4.31585931574576,196.638020984706,-112.945465695148));
#3835=CARTESIAN_POINT('Ctrl Pts',(4.2890562790225,196.635321693013,-112.49862049504));
#3836=CARTESIAN_POINT('Origin',(-0.5,198.75,-7.5));
#3837=CARTESIAN_POINT('',(-4.28905627902253,196.635355553754,-7.50137901852603));
#3838=CARTESIAN_POINT('',(-4.51094372097748,196.63098580832,-7.50147560147925));
#3839=CARTESIAN_POINT('',(-0.5,196.633,-7.5));
#3840=CARTESIAN_POINT('',(-5.,200.369925694389,-8.8629122292573));
#3841=CARTESIAN_POINT('Ctrl Pts',(-4.51094372097748,196.63098580832,-7.50147560147925));
#3842=CARTESIAN_POINT('Ctrl Pts',(-4.5473480835004,196.635836515297,-6.89788910100838));
#3843=CARTESIAN_POINT('Ctrl Pts',(-4.58375244602332,196.907066298488,-6.29057858256095));
#3844=CARTESIAN_POINT('Ctrl Pts',(-4.62015680854624,197.362876054026,-5.89625622139687));
#3845=CARTESIAN_POINT('Ctrl Pts',(-4.66236160759666,197.891311598684,-5.43910507629609));
#3846=CARTESIAN_POINT('Ctrl Pts',(-4.70456640664708,198.667832647689,-5.26822157848001));
#3847=CARTESIAN_POINT('Ctrl Pts',(-4.7467712056975,199.338887178512,-5.4625670856739));
#3848=CARTESIAN_POINT('Ctrl Pts',(-4.78897600474792,200.009941709335,-5.65691259286778));
#3849=CARTESIAN_POINT('Ctrl Pts',(-4.83118080379833,200.575529721977,-6.21648710507161));
#3850=CARTESIAN_POINT('Ctrl Pts',(-4.87338560284875,200.778468795207,-6.88374550656937));
#3851=CARTESIAN_POINT('Ctrl Pts',(-4.91559040189917,200.981407868437,-7.55100390806713));
#3852=CARTESIAN_POINT('Ctrl Pts',(-4.95779520094958,200.821698002255,-8.32594619885882));
#3853=CARTESIAN_POINT('Ctrl Pts',(-5.,200.369925694389,-8.86291222925732));
#3854=CARTESIAN_POINT('',(-4.99999999999996,197.127021418247,-8.86519993971187));
#3855=CARTESIAN_POINT('Origin',(-5.,198.75,-7.5));
#3856=CARTESIAN_POINT('Ctrl Pts',(-4.99999999999998,197.127018997401,-8.86520175379518));
#3857=CARTESIAN_POINT('Ctrl Pts',(-4.95864099259907,197.568460694968,-9.38853809410395));
#3858=CARTESIAN_POINT('Ctrl Pts',(-4.91728198519817,198.287370604023,-9.67973140864589));
#3859=CARTESIAN_POINT('Ctrl Pts',(-4.87592297779727,198.968452693179,-9.60911947279887));
#3860=CARTESIAN_POINT('Ctrl Pts',(-4.83371817874685,199.663462910204,-9.53706352295228));
#3861=CARTESIAN_POINT('Ctrl Pts',(-4.79151337969644,200.319082329906,-9.08825318104107));
#3862=CARTESIAN_POINT('Ctrl Pts',(-4.74930858064602,200.637413764587,-8.46648417381564));
#3863=CARTESIAN_POINT('Ctrl Pts',(-4.70710378159561,200.955745199268,-7.84471516659023));
#3864=CARTESIAN_POINT('Ctrl Pts',(-4.6648989825452,200.936788648928,-7.04998749405064));
#3865=CARTESIAN_POINT('Ctrl Pts',(-4.62269418349478,200.588965367369,-6.44411882605704));
#3866=CARTESIAN_POINT('Ctrl Pts',(-4.58048938444437,200.241142085809,-5.83825015806343));
#3867=CARTESIAN_POINT('Ctrl Pts',(-4.53828458539395,199.564452073028,-5.42124049461583));
#3868=CARTESIAN_POINT('Ctrl Pts',(-4.49607978634354,198.866899820345,-5.3827374420596));
#3869=CARTESIAN_POINT('Ctrl Pts',(-4.45387498729312,198.169347567662,-5.34423438950337));
#3870=CARTESIAN_POINT('Ctrl Pts',(-4.41167018824271,197.450933075076,-5.68423794783851));
#3871=CARTESIAN_POINT('Ctrl Pts',(-4.36946538919229,197.038498748119,-6.24808878439388));
#3872=CARTESIAN_POINT('Ctrl Pts',(-4.34266235246904,196.776573738166,-6.60617400263122));
#3873=CARTESIAN_POINT('Ctrl Pts',(-4.31585931574579,196.638055105839,-7.0545401764651));
#3874=CARTESIAN_POINT('Ctrl Pts',(-4.28905627902253,196.635355553754,-7.50137901852603));
#3875=CARTESIAN_POINT('Origin',(-0.5,198.75,-7.5));
#3876=CARTESIAN_POINT('',(-3.48905627902253,196.629701984318,-7.50058768260168));
#3877=CARTESIAN_POINT('',(-3.71094372097749,196.631835258282,-7.49822969572172));
#3878=CARTESIAN_POINT('',(-0.5,196.633,-7.5));
#3879=CARTESIAN_POINT('Ctrl Pts',(-3.71094372097749,196.631835258282,-7.49822969572172));
#3880=CARTESIAN_POINT('Ctrl Pts',(-3.71858115681416,196.630701503331,-7.37144344584951));
#3881=CARTESIAN_POINT('Ctrl Pts',(-3.72621859265084,196.641113807855,-7.24484311646208));
#3882=CARTESIAN_POINT('Ctrl Pts',(-3.73385602848751,196.663740776933,-7.12046499476026));
#3883=CARTESIAN_POINT('Ctrl Pts',(-3.77606082753793,196.788778381631,-6.43314614260242));
#3884=CARTESIAN_POINT('Ctrl Pts',(-3.81826562658834,197.286817048776,-5.81368718328794));
#3885=CARTESIAN_POINT('Ctrl Pts',(-3.86047042563876,197.931242238928,-5.54394463037576));
#3886=CARTESIAN_POINT('Ctrl Pts',(-3.90267522468917,198.575667429081,-5.27420207746359));
#3887=CARTESIAN_POINT('Ctrl Pts',(-3.94488002373959,199.36647914224,-5.35417593095371));
#3888=CARTESIAN_POINT('Ctrl Pts',(-3.98708482279,199.943841988868,-5.74749253741731));
#3889=CARTESIAN_POINT('Ctrl Pts',(-4.02928962184042,200.521204835496,-6.14080914388092));
#3890=CARTESIAN_POINT('Ctrl Pts',(-4.07149442089084,200.885118815594,-6.84746850331802));
#3891=CARTESIAN_POINT('Ctrl Pts',(-4.11369921994125,200.870002832262,-7.54589629334291));
#3892=CARTESIAN_POINT('Ctrl Pts',(-4.15590401899167,200.854886848931,-8.2443240833678));
#3893=CARTESIAN_POINT('Ctrl Pts',(-4.19810881804208,200.460740902169,-8.93452030398046));
#3894=CARTESIAN_POINT('Ctrl Pts',(-4.2403136170925,199.86689594802,-9.30250104765337));
#3895=CARTESIAN_POINT('Ctrl Pts',(-4.28251841614291,199.27305099387,-9.67048179132628));
#3896=CARTESIAN_POINT('Ctrl Pts',(-4.32472321519333,198.479507032333,-9.71624705805941));
#3897=CARTESIAN_POINT('Ctrl Pts',(-4.36692801424375,197.847364611223,-9.41883512917196));
#3898=CARTESIAN_POINT('Ctrl Pts',(-4.40913281329416,197.215222190113,-9.1214232002845));
#3899=CARTESIAN_POINT('Ctrl Pts',(-4.45133761234458,196.744481309431,-8.48083407577647));
#3900=CARTESIAN_POINT('Ctrl Pts',(-4.49354241139499,196.649285889245,-7.78883011732975));
#3901=CARTESIAN_POINT('Ctrl Pts',(-4.49934284792249,196.636202661628,-7.6937242258658));
#3902=CARTESIAN_POINT('Ctrl Pts',(-4.50514328444998,196.630212927929,-7.5976471848336));
#3903=CARTESIAN_POINT('Ctrl Pts',(-4.51094372097748,196.63098580832,-7.50147560147925));
#3904=CARTESIAN_POINT('Ctrl Pts',(-4.28905627902253,196.635355553754,-7.50137901852603));
#3905=CARTESIAN_POINT('Ctrl Pts',(-4.27365451669537,196.633804316853,-7.75814491095178));
#3906=CARTESIAN_POINT('Ctrl Pts',(-4.25825275436821,196.6771001027,-8.01440648334649));
#3907=CARTESIAN_POINT('Ctrl Pts',(-4.24285099204105,196.767598099393,-8.25274401717005));
#3908=CARTESIAN_POINT('Ctrl Pts',(-4.20064619299063,197.01558593895,-8.90585029861524));
#3909=CARTESIAN_POINT('Ctrl Pts',(-4.15844139394022,197.618015779393,-9.42436474673001));
#3910=CARTESIAN_POINT('Ctrl Pts',(-4.1162365948898,198.300760600128,-9.57236593862482));
#3911=CARTESIAN_POINT('Ctrl Pts',(-4.07403179583939,198.983505420863,-9.72036713051964));
#3912=CARTESIAN_POINT('Ctrl Pts',(-4.03182699678897,199.746565221891,-9.49785506619449));
#3913=CARTESIAN_POINT('Ctrl Pts',(-3.98962219773856,200.242740562203,-9.00607095642359));
#3914=CARTESIAN_POINT('Ctrl Pts',(-3.94741739868814,200.738915902515,-8.51428684665269));
#3915=CARTESIAN_POINT('Ctrl Pts',(-3.90521259963772,200.968206782111,-7.75323069143605));
#3916=CARTESIAN_POINT('Ctrl Pts',(-3.86300780058731,200.826279334376,-7.06919843444572));
#3917=CARTESIAN_POINT('Ctrl Pts',(-3.82080300153689,200.684351886641,-6.38516617745541));
#3918=CARTESIAN_POINT('Ctrl Pts',(-3.77859820248648,200.171206111575,-5.7781578186914));
#3919=CARTESIAN_POINT('Ctrl Pts',(-3.73639340343606,199.52033321839,-5.52437101121744));
#3920=CARTESIAN_POINT('Ctrl Pts',(-3.69418860438565,198.869460325205,-5.27058420374347));
#3921=CARTESIAN_POINT('Ctrl Pts',(-3.65198380533523,198.080860313902,-5.37001894755954));
#3922=CARTESIAN_POINT('Ctrl Pts',(-3.60977900628481,197.513358739203,-5.77743140218983));
#3923=CARTESIAN_POINT('Ctrl Pts',(-3.56953809719739,196.97226436633,-6.16588598358186));
#3924=CARTESIAN_POINT('Ctrl Pts',(-3.52929718810996,196.632170691096,-6.83432325359732));
#3925=CARTESIAN_POINT('Ctrl Pts',(-3.48905627902253,196.629701984318,-7.50058768260168));
#3926=CARTESIAN_POINT('Origin',(-0.5,198.75,-7.5));
#3927=CARTESIAN_POINT('',(-2.68905627902253,196.633727601512,-7.49813006528049));
#3928=CARTESIAN_POINT('',(-2.91094372097748,196.63634667504,-7.49999266532486));
#3929=CARTESIAN_POINT('',(-0.5,196.633,-7.5));
#3930=CARTESIAN_POINT('Ctrl Pts',(-2.91094372097748,196.63634667504,-7.49999266532486));
#3931=CARTESIAN_POINT('Ctrl Pts',(-2.93201902917833,196.636335756299,-7.14823100047639));
#3932=CARTESIAN_POINT('Ctrl Pts',(-2.95309433737918,196.719415473955,-6.79647418932519));
#3933=CARTESIAN_POINT('Ctrl Pts',(-2.97416964558003,196.885614573284,-6.48975678369587));
#3934=CARTESIAN_POINT('Ctrl Pts',(-3.01637444463044,197.218440054302,-5.87553343063815));
#3935=CARTESIAN_POINT('Ctrl Pts',(-3.05857924368086,197.884598380061,-5.4419311657763));
#3936=CARTESIAN_POINT('Ctrl Pts',(-3.10078404273127,198.580976394527,-5.38624616728464));
#3937=CARTESIAN_POINT('Ctrl Pts',(-3.14298884178169,199.277354408993,-5.33056116879299));
#3938=CARTESIAN_POINT('Ctrl Pts',(-3.18519364083211,200.003952112166,-5.65279343667156));
#3939=CARTESIAN_POINT('Ctrl Pts',(-3.22739843988252,200.430155365519,-6.20632210973625));
#3940=CARTESIAN_POINT('Ctrl Pts',(-3.26960323893294,200.856358618872,-6.75985078280093));
#3941=CARTESIAN_POINT('Ctrl Pts',(-3.31180803798336,200.982167422405,-7.54467586105171));
#3942=CARTESIAN_POINT('Ctrl Pts',(-3.35401283703377,200.750336744209,-8.20368838737314));
#3943=CARTESIAN_POINT('Ctrl Pts',(-3.39621763608419,200.518506066014,-8.86270091369456));
#3944=CARTESIAN_POINT('Ctrl Pts',(-3.4384224351346,199.929035906091,-9.39590088808666));
#3945=CARTESIAN_POINT('Ctrl Pts',(-3.48062723418502,199.250144883057,-9.56067428768967));
#3946=CARTESIAN_POINT('Ctrl Pts',(-3.52283203323543,198.571253860024,-9.72544768729269));
#3947=CARTESIAN_POINT('Ctrl Pts',(-3.56503683228585,197.80294197388,-9.52179451210663));
#3948=CARTESIAN_POINT('Ctrl Pts',(-3.60724163133626,197.294804301933,-9.04237855201299));
#3949=CARTESIAN_POINT('Ctrl Pts',(-3.64180899455001,196.878619890113,-8.64971833336761));
#3950=CARTESIAN_POINT('Ctrl Pts',(-3.67637635776375,196.636966681976,-8.0720697178918));
#3951=CARTESIAN_POINT('Ctrl Pts',(-3.71094372097749,196.631835258282,-7.49822969572172));
#3952=CARTESIAN_POINT('Ctrl Pts',(-3.48905627902253,196.629701984318,-7.50058768260168));
#3953=CARTESIAN_POINT('Ctrl Pts',(-3.48709238905954,196.629581503231,-7.53310359873007));
#3954=CARTESIAN_POINT('Ctrl Pts',(-3.48512849909655,196.630265165153,-7.56561433966387));
#3955=CARTESIAN_POINT('Ctrl Pts',(-3.48316460913357,196.631768851017,-7.59808710821068));
#3956=CARTESIAN_POINT('Ctrl Pts',(-3.44095981008315,196.664083675623,-8.29594019415671));
#3957=CARTESIAN_POINT('Ctrl Pts',(-3.39875501103274,197.07511646293,-8.97625620060426));
#3958=CARTESIAN_POINT('Ctrl Pts',(-3.35655021198232,197.677840274222,-9.32948012070989));
#3959=CARTESIAN_POINT('Ctrl Pts',(-3.3143454129319,198.280564085514,-9.68270404081553));
#3960=CARTESIAN_POINT('Ctrl Pts',(-3.27214061388149,199.074978920791,-9.70883587457924));
#3961=CARTESIAN_POINT('Ctrl Pts',(-3.22993581483107,199.699612822621,-9.39598512857357));
#3962=CARTESIAN_POINT('Ctrl Pts',(-3.18773101578066,200.324246724451,-9.08313438256791));
#3963=CARTESIAN_POINT('Ctrl Pts',(-3.14552621673024,200.779099692833,-8.43130105679289));
#3964=CARTESIAN_POINT('Ctrl Pts',(-3.10332141767983,200.857205988284,-7.73708024602964));
#3965=CARTESIAN_POINT('Ctrl Pts',(-3.06111661862941,200.935312283736,-7.04285943526637));
#3966=CARTESIAN_POINT('Ctrl Pts',(-3.018911819579,200.636671906257,-6.30625113951486));
#3967=CARTESIAN_POINT('Ctrl Pts',(-2.97670702052858,200.09717123699,-5.86242442992118));
#3968=CARTESIAN_POINT('Ctrl Pts',(-2.93450222147816,199.557670567724,-5.4185977203275));
#3969=CARTESIAN_POINT('Ctrl Pts',(-2.89229742242775,198.777309606669,-5.26755259689164));
#3970=CARTESIAN_POINT('Ctrl Pts',(-2.85009262337733,198.111165627809,-5.47801712402363));
#3971=CARTESIAN_POINT('Ctrl Pts',(-2.80788782432692,197.445021648948,-5.68848165115562));
#3972=CARTESIAN_POINT('Ctrl Pts',(-2.7656830252765,196.893094652282,-6.26045582885546));
#3973=CARTESIAN_POINT('Ctrl Pts',(-2.72347822622609,196.706520651702,-6.93368184075727));
#3974=CARTESIAN_POINT('Ctrl Pts',(-2.7120042438249,196.655797822845,-7.11670802702947));
#3975=CARTESIAN_POINT('Ctrl Pts',(-2.70053026142371,196.632078326136,-7.30721776192115));
#3976=CARTESIAN_POINT('Ctrl Pts',(-2.68905627902253,196.633727601512,-7.49813006528049));
#3977=CARTESIAN_POINT('Origin',(-0.5,198.75,-7.5));
#3978=CARTESIAN_POINT('',(-1.88905627902253,196.635892540689,-7.5009816947293));
#3979=CARTESIAN_POINT('',(-2.11094372097748,196.631861434438,-7.50177468479417));
#3980=CARTESIAN_POINT('',(-0.5,196.633,-7.5));
#3981=CARTESIAN_POINT('Ctrl Pts',(-2.11094372097748,196.631861434438,-7.50177468479417));
#3982=CARTESIAN_POINT('Ctrl Pts',(-2.1454569015425,196.636993495884,-6.92881557270443));
#3983=CARTESIAN_POINT('Ctrl Pts',(-2.17997008210753,196.877805201981,-6.35205544604792));
#3984=CARTESIAN_POINT('Ctrl Pts',(-2.21448326267255,197.292836501332,-5.959480965313));
#3985=CARTESIAN_POINT('Ctrl Pts',(-2.25668806172296,197.800361809112,-5.47941720994501));
#3986=CARTESIAN_POINT('Ctrl Pts',(-2.29889286077338,198.568412895151,-5.2747823420594));
#3987=CARTESIAN_POINT('Ctrl Pts',(-2.34109765982379,199.247513676299,-5.43868864603042));
#3988=CARTESIAN_POINT('Ctrl Pts',(-2.38330245887421,199.926614457447,-5.60259495000145));
#3989=CARTESIAN_POINT('Ctrl Pts',(-2.42550725792463,200.516764933704,-6.13504242582913));
#3990=CARTESIAN_POINT('Ctrl Pts',(-2.46771205697504,200.749436772545,-6.79375857399797));
#3991=CARTESIAN_POINT('Ctrl Pts',(-2.50991685602546,200.982108611386,-7.45247472216678));
#3992=CARTESIAN_POINT('Ctrl Pts',(-2.55212165507587,200.857301812812,-8.23745954267675));
#3993=CARTESIAN_POINT('Ctrl Pts',(-2.59432645412629,200.431805557533,-8.79153181427423));
#3994=CARTESIAN_POINT('Ctrl Pts',(-2.6365312531767,200.006309302254,-9.34560408587173));
#3995=CARTESIAN_POINT('Ctrl Pts',(-2.67873605222712,199.280123590271,-9.66876380855673));
#3996=CARTESIAN_POINT('Ctrl Pts',(-2.72094085127754,198.58367505785,-9.61396791790239));
#3997=CARTESIAN_POINT('Ctrl Pts',(-2.76314565032795,197.88722652543,-9.55917202724806));
#3998=CARTESIAN_POINT('Ctrl Pts',(-2.80535044937837,197.220515172571,-9.1264205232544));
#3999=CARTESIAN_POINT('Ctrl Pts',(-2.84755524842878,196.88690581428,-8.51262255063079));
#4000=CARTESIAN_POINT('Ctrl Pts',(-2.86868473927835,196.719886990783,-8.20532956647178));
#4001=CARTESIAN_POINT('Ctrl Pts',(-2.88981423012792,196.636357621853,-7.85265867655524));
#4002=CARTESIAN_POINT('Ctrl Pts',(-2.91094372097748,196.63634667504,-7.49999266532486));
#4003=CARTESIAN_POINT('Ctrl Pts',(-2.68905627902253,196.633727601512,-7.49813006528049));
#4004=CARTESIAN_POINT('Ctrl Pts',(-2.6583254623733,196.638144862878,-8.00945131238396));
#4005=CARTESIAN_POINT('Ctrl Pts',(-2.62759464572407,196.824540293176,-8.52366030952786));
#4006=CARTESIAN_POINT('Ctrl Pts',(-2.59686382907484,197.16151020472,-8.90471501437102));
#4007=CARTESIAN_POINT('Ctrl Pts',(-2.55465903002442,197.624294762811,-9.42804432997919));
#4008=CARTESIAN_POINT('Ctrl Pts',(-2.51245423097401,198.371084883484,-9.70022511509174));
#4009=CARTESIAN_POINT('Ctrl Pts',(-2.47024943192359,199.062078578959,-9.59741056158317));
#4010=CARTESIAN_POINT('Ctrl Pts',(-2.42804463287318,199.753072274435,-9.49459600807459));
#4011=CARTESIAN_POINT('Ctrl Pts',(-2.38583983382276,200.388269544712,-9.01678611594488));
#4012=CARTESIAN_POINT('Ctrl Pts',(-2.34363503477234,200.678645012984,-8.38139237395387));
#4013=CARTESIAN_POINT('Ctrl Pts',(-2.30143023572193,200.969020481255,-7.74599863196287));
#4014=CARTESIAN_POINT('Ctrl Pts',(-2.25922543667151,200.914574147519,-6.95302104011056));
#4015=CARTESIAN_POINT('Ctrl Pts',(-2.2170206376211,200.540080004012,-6.36327765839334));
#4016=CARTESIAN_POINT('Ctrl Pts',(-2.17481583857068,200.165585860504,-5.7735342766761));
#4017=CARTESIAN_POINT('Ctrl Pts',(-2.13261103952026,199.471043907225,-5.38702510509396));
#4018=CARTESIAN_POINT('Ctrl Pts',(-2.09040624046985,198.772482343221,-5.3796182779634));
#4019=CARTESIAN_POINT('Ctrl Pts',(-2.04820144141943,198.073920779216,-5.37221145083285));
#4020=CARTESIAN_POINT('Ctrl Pts',(-2.00599664236902,197.371339604486,-5.74390696815386));
#4021=CARTESIAN_POINT('Ctrl Pts',(-1.9637918433186,196.984424998388,-6.32557715598933));
#4022=CARTESIAN_POINT('Ctrl Pts',(-1.93887998855325,196.756044323901,-6.66891449123851));
#4023=CARTESIAN_POINT('Ctrl Pts',(-1.91396813378789,196.637644491965,-7.08540873783702));
#4024=CARTESIAN_POINT('Ctrl Pts',(-1.88905627902253,196.635892540689,-7.5009816947293));
#4025=CARTESIAN_POINT('Origin',(-0.5,198.75,-7.5));
#4026=CARTESIAN_POINT('',(-1.08905627902253,196.630217546775,-7.50109343218348));
#4027=CARTESIAN_POINT('',(-1.31094372097748,196.630956727139,-7.49850333741824));
#4028=CARTESIAN_POINT('',(-0.5,196.633,-7.5));
#4029=CARTESIAN_POINT('Ctrl Pts',(-1.31094372097748,196.630956727139,-7.49850333741824));
#4030=CARTESIAN_POINT('Ctrl Pts',(-1.31668997485626,196.63019131236,-7.40321458118518));
#4031=CARTESIAN_POINT('Ctrl Pts',(-1.32243622873504,196.636066388284,-7.30802074577565));
#4032=CARTESIAN_POINT('Ctrl Pts',(-1.32818248261382,196.648905067787,-7.21377553656424));
#4033=CARTESIAN_POINT('Ctrl Pts',(-1.37038728166423,196.743201961012,-6.52156802187007));
#4034=CARTESIAN_POINT('Ctrl Pts',(-1.41259208071465,197.213152919897,-5.88053448400341));
#4035=CARTESIAN_POINT('Ctrl Pts',(-1.45479687976507,197.844922402141,-5.58235589863423));
#4036=CARTESIAN_POINT('Ctrl Pts',(-1.49700167881548,198.476691884384,-5.28417731326505));
#4037=CARTESIAN_POINT('Ctrl Pts',(-1.5392064778659,199.270279889988,-5.32885368039332));
#4038=CARTESIAN_POINT('Ctrl Pts',(-1.58141127691631,199.864590610273,-5.69605650611918));
#4039=CARTESIAN_POINT('Ctrl Pts',(-1.62361607596673,200.458901330558,-6.06325933184505));
#4040=CARTESIAN_POINT('Ctrl Pts',(-1.66582087501714,200.853934765525,-6.75298861616854));
#4041=CARTESIAN_POINT('Ctrl Pts',(-1.70802567406756,200.869944098622,-7.45140600479638));
#4042=CARTESIAN_POINT('Ctrl Pts',(-1.75023047311798,200.885953431719,-8.1498233934242));
#4043=CARTESIAN_POINT('Ctrl Pts',(-1.79243527216839,200.522938662946,-8.85692888635639));
#4044=CARTESIAN_POINT('Ctrl Pts',(-1.83464007121881,199.946077580499,-9.25097766380134));
#4045=CARTESIAN_POINT('Ctrl Pts',(-1.87684487026922,199.369216498051,-9.6450264412463));
#4046=CARTESIAN_POINT('Ctrl Pts',(-1.91904966931964,198.57850910193,-9.72601850320404));
#4047=CARTESIAN_POINT('Ctrl Pts',(-1.96125446837005,197.933740475319,-9.45710110771956));
#4048=CARTESIAN_POINT('Ctrl Pts',(-2.00345926742047,197.288971848708,-9.18818371223509));
#4049=CARTESIAN_POINT('Ctrl Pts',(-2.04566406647088,196.790141991608,-8.56935685930841));
#4050=CARTESIAN_POINT('Ctrl Pts',(-2.0878688655213,196.664226827819,-7.88219711141989));
#4051=CARTESIAN_POINT('Ctrl Pts',(-2.09556048400669,196.641279404227,-7.75696560367208));
#4052=CARTESIAN_POINT('Ctrl Pts',(-2.10325210249209,196.630717701578,-7.62946453620097));
#4053=CARTESIAN_POINT('Ctrl Pts',(-2.11094372097748,196.631861434438,-7.50177468479417));
#4054=CARTESIAN_POINT('Ctrl Pts',(-1.88905627902253,196.635892540689,-7.5009816947293));
#4055=CARTESIAN_POINT('Ctrl Pts',(-1.87176333473747,196.634676396965,-7.78945800681456));
#4056=CARTESIAN_POINT('Ctrl Pts',(-1.85447039045241,196.689668832812,-8.07749038125202));
#4057=CARTESIAN_POINT('Ctrl Pts',(-1.83717744616736,196.80309993404,-8.34030008686699));
#4058=CARTESIAN_POINT('Ctrl Pts',(-1.79497264711694,197.079937513256,-8.98170797155922));
#4059=CARTESIAN_POINT('Ctrl Pts',(-1.75276784806652,197.704860709153,-9.47287888259372));
#4060=CARTESIAN_POINT('Ctrl Pts',(-1.71056304901611,198.39351902099,-9.59032184470596));
#4061=CARTESIAN_POINT('Ctrl Pts',(-1.66835824996569,199.082177332827,-9.7077648068182));
#4062=CARTESIAN_POINT('Ctrl Pts',(-1.62615345091528,199.834570760604,-9.4514798200082));
#4063=CARTESIAN_POINT('Ctrl Pts',(-1.58394865186486,200.30834771718,-8.93808083750654));
#4064=CARTESIAN_POINT('Ctrl Pts',(-1.54174385281445,200.782124673755,-8.42468185500488));
#4065=CARTESIAN_POINT('Ctrl Pts',(-1.49953905376403,200.97728515913,-7.65416887681156));
#4066=CARTESIAN_POINT('Ctrl Pts',(-1.45733425471362,200.805027890031,-6.97713818839603));
#4067=CARTESIAN_POINT('Ctrl Pts',(-1.4151294556632,200.632770620933,-6.3001074999805));
#4068=CARTESIAN_POINT('Ctrl Pts',(-1.37292465661278,200.093095597362,-5.71655910134275));
#4069=CARTESIAN_POINT('Ctrl Pts',(-1.33071985756237,199.431563976599,-5.49201726883771));
#4070=CARTESIAN_POINT('Ctrl Pts',(-1.28851505851195,198.770032355836,-5.26747543633267));
#4071=CARTESIAN_POINT('Ctrl Pts',(-1.24631025946154,197.986644137881,-5.40194016996034));
#4072=CARTESIAN_POINT('Ctrl Pts',(-1.20410546041112,197.43785405753,-5.83422776811979));
#4073=CARTESIAN_POINT('Ctrl Pts',(-1.16575573328159,196.93919157586,-6.22702934054505));
#4074=CARTESIAN_POINT('Ctrl Pts',(-1.12740600615206,196.634227230789,-6.86573113402692));
#4075=CARTESIAN_POINT('Ctrl Pts',(-1.08905627902253,196.630217546775,-7.50109343218348));
#4076=CARTESIAN_POINT('Origin',(-0.5,198.75,-7.5));
#4077=CARTESIAN_POINT('',(-0.289056279022524,196.632800880886,-7.49810321133068));
#4078=CARTESIAN_POINT('',(-0.510943720977478,196.636229947744,-7.49948763835239));
#4079=CARTESIAN_POINT('',(-0.5,196.633,-7.5));
#4080=CARTESIAN_POINT('Ctrl Pts',(-0.510943720977478,196.636229947744,-7.49948763835239));
#4081=CARTESIAN_POINT('Ctrl Pts',(-0.530127847220431,196.635532335719,-7.17933529650057));
#4082=CARTESIAN_POINT('Ctrl Pts',(-0.549311973463384,196.703765368938,-6.85946515707777));
#4083=CARTESIAN_POINT('Ctrl Pts',(-0.568496099706337,196.842463748711,-6.57380897884983));
#4084=CARTESIAN_POINT('Ctrl Pts',(-0.610700898756752,197.147598169365,-5.94536953642024));
#4085=CARTESIAN_POINT('Ctrl Pts',(-0.652905697807168,197.79378036335,-5.48252347929483));
#4086=CARTESIAN_POINT('Ctrl Pts',(-0.695110496857584,198.486986630401,-5.39587350070049));
#4087=CARTESIAN_POINT('Ctrl Pts',(-0.737315295907999,199.180192897452,-5.30922352210614));
#4088=CARTESIAN_POINT('Ctrl Pts',(-0.779520094958415,199.92042323757,-5.59876962204288));
#4089=CARTESIAN_POINT('Ctrl Pts',(-0.82172489400883,200.37086047183,-6.13276348479894));
#4090=CARTESIAN_POINT('Ctrl Pts',(-0.863929693059246,200.821297706091,-6.666757347555));
#4091=CARTESIAN_POINT('Ctrl Pts',(-0.906134492109661,200.981941834494,-7.44519897313039));
#4092=CARTESIAN_POINT('Ctrl Pts',(-0.948339291160077,200.779697093185,-8.11388440895394));
#4093=CARTESIAN_POINT('Ctrl Pts',(-0.990544090210493,200.577452351877,-8.78256984477749));
#4094=CARTESIAN_POINT('Ctrl Pts',(-1.03274888926091,200.012318740856,-9.3414990908492));
#4095=CARTESIAN_POINT('Ctrl Pts',(-1.07495368831133,199.341441500277,-9.53634999678186));
#4096=CARTESIAN_POINT('Ctrl Pts',(-1.11715848736174,198.670564259698,-9.73120090271452));
#4097=CARTESIAN_POINT('Ctrl Pts',(-1.15936328641216,197.893943389562,-9.56197346850814));
#4098=CARTESIAN_POINT('Ctrl Pts',(-1.20156808546257,197.364954368277,-9.1056690056441));
#4099=CARTESIAN_POINT('Ctrl Pts',(-1.23802663063421,196.907988085728,-8.71149115749289));
#4100=CARTESIAN_POINT('Ctrl Pts',(-1.27448517580584,196.635813092674,-8.10308668802535));
#4101=CARTESIAN_POINT('Ctrl Pts',(-1.31094372097748,196.630956727139,-7.49850333741824));
#4102=CARTESIAN_POINT('Ctrl Pts',(-1.08905627902253,196.630217546775,-7.50109343218348));
#4103=CARTESIAN_POINT('Ctrl Pts',(-1.08520120710164,196.629814476887,-7.56496265730049));
#4104=CARTESIAN_POINT('Ctrl Pts',(-1.08134613518076,196.632452582525,-7.62879813649901));
#4105=CARTESIAN_POINT('Ctrl Pts',(-1.07749106325987,196.638240815474,-7.69234669066948));
#4106=CARTESIAN_POINT('Ctrl Pts',(-1.03528626420946,196.701609596516,-8.3880675523685));
#4107=CARTESIAN_POINT('Ctrl Pts',(-0.993081465159042,197.142539101347,-9.04939881307534));
#4108=CARTESIAN_POINT('Ctrl Pts',(-0.950876666108627,197.760399034407,-9.37542369392615));
#4109=CARTESIAN_POINT('Ctrl Pts',(-0.908671867058211,198.378258967466,-9.70144857477697));
#4110=CARTESIAN_POINT('Ctrl Pts',(-0.866467068007797,199.173049328754,-9.69216707577177));
#4111=CARTESIAN_POINT('Ctrl Pts',(-0.824262268957381,199.783127217652,-9.35180243411355));
#4112=CARTESIAN_POINT('Ctrl Pts',(-0.782057469906966,200.393205106551,-9.01143779245533));
#4113=CARTESIAN_POINT('Ctrl Pts',(-0.739852670856549,200.818570523061,-8.33999000814407));
#4114=CARTESIAN_POINT('Ctrl Pts',(-0.697647871806134,200.865675091986,-7.64297904739782));
#4115=CARTESIAN_POINT('Ctrl Pts',(-0.655443072755718,200.912779660911,-6.94596808665154));
#4116=CARTESIAN_POINT('Ctrl Pts',(-0.613238273705302,200.581623382251,-6.22339394947026));
#4117=CARTESIAN_POINT('Ctrl Pts',(-0.571033474654885,200.022887898619,-5.80403994728916));
#4118=CARTESIAN_POINT('Ctrl Pts',(-0.52882867560447,199.464152414988,-5.38468594510806));
#4119=CARTESIAN_POINT('Ctrl Pts',(-0.486623876554055,198.677837726385,-5.26855207792713));
#4120=CARTESIAN_POINT('Ctrl Pts',(-0.444419077503639,198.021730160671,-5.50848119668269));
#4121=CARTESIAN_POINT('Ctrl Pts',(-0.402214278453224,197.365622594957,-5.74841031543826));
#4122=CARTESIAN_POINT('Ctrl Pts',(-0.360009479402808,196.839722152132,-6.34440242013032));
#4123=CARTESIAN_POINT('Ctrl Pts',(-0.317804680352393,196.683322324974,-7.02527114013361));
#4124=CARTESIAN_POINT('Ctrl Pts',(-0.308221879909103,196.647811000036,-7.17986562272019));
#4125=CARTESIAN_POINT('Ctrl Pts',(-0.298639079465814,196.631348859298,-7.33883582272323));
#4126=CARTESIAN_POINT('Ctrl Pts',(-0.289056279022524,196.632800880886,-7.49810321133068));
#4127=CARTESIAN_POINT('Origin',(-0.5,198.75,-7.5));
#4128=CARTESIAN_POINT('',(0.510943720977476,196.636230007633,-7.50051236163316));
#4129=CARTESIAN_POINT('',(0.289056279022523,196.6328008209,-7.50189678872314));
#4130=CARTESIAN_POINT('',(-0.5,196.633,-7.5));
#4131=CARTESIAN_POINT('Ctrl Pts',(0.289056279022523,196.6328008209,-7.50189678872314));
#4132=CARTESIAN_POINT('Ctrl Pts',(0.256434280415397,196.637743827681,-6.95971491743534));
#4133=CARTESIAN_POINT('Ctrl Pts',(0.223812281808271,196.850289420265,-6.41408900440968));
#4134=CARTESIAN_POINT('Ctrl Pts',(0.191190283201145,197.225660226209,-6.02591974042137));
#4135=CARTESIAN_POINT('Ctrl Pts',(0.14898548415073,197.711297223041,-5.52372470383045));
#4136=CARTESIAN_POINT('Ctrl Pts',(0.106780685100315,198.469470422161,-5.28507998765898));
#4137=CARTESIAN_POINT('Ctrl Pts',(0.0645758860498994,199.155198343852,-5.41857292710473));
#4138=CARTESIAN_POINT('Ctrl Pts',(0.0223710869994833,199.840926265544,-5.55206586655049));
#4139=CARTESIAN_POINT('Ctrl Pts',(-0.0198337120509329,200.454208909808,
-6.0576964616135));
#4140=CARTESIAN_POINT('Ctrl Pts',(-0.062038511101349,200.715992421474,-6.70539433909128));
#4141=CARTESIAN_POINT('Ctrl Pts',(-0.104243310151764,200.97777593314,-7.35309221656905));
#4142=CARTESIAN_POINT('Ctrl Pts',(-0.14644810920218,200.888060312208,-8.14285737646159));
#4143=CARTESIAN_POINT('Ctrl Pts',(-0.188652908252596,200.487667665947,-8.71533346879142));
#4144=CARTESIAN_POINT('Ctrl Pts',(-0.230857707303012,200.087275019686,-9.28780956112126));
#4145=CARTESIAN_POINT('Ctrl Pts',(-0.273062506353428,199.376205348095,-9.64299658588838));
#4146=CARTESIAN_POINT('Ctrl Pts',(-0.315267305403844,198.67800723845,-9.61927850928717));
#4147=CARTESIAN_POINT('Ctrl Pts',(-0.357472104454259,197.979809128805,-9.59556043268596));
#4148=CARTESIAN_POINT('Ctrl Pts',(-0.399676903504674,197.294482581106,-9.19293725471644));
#4149=CARTESIAN_POINT('Ctrl Pts',(-0.44188170255509,196.933862630919,-8.59460925186481));
#4150=CARTESIAN_POINT('Ctrl Pts',(-0.464902375362552,196.737161922282,-8.26825031887388));
#4151=CARTESIAN_POINT('Ctrl Pts',(-0.487923048170015,196.63706707204,-7.88366579778361));
#4152=CARTESIAN_POINT('Ctrl Pts',(-0.510943720977478,196.636229947744,-7.49948763835239));
#4153=CARTESIAN_POINT('Ctrl Pts',(-0.289056279022524,196.632800880886,-7.49810321133068));
#4154=CARTESIAN_POINT('Ctrl Pts',(-0.256434280415398,196.637743887527,-8.04028506725688));
#4155=CARTESIAN_POINT('Ctrl Pts',(-0.223812281808272,196.850289474089,-8.58591096482335));
#4156=CARTESIAN_POINT('Ctrl Pts',(-0.191190283201146,197.225660269398,-8.97408021781368));
#4157=CARTESIAN_POINT('Ctrl Pts',(-0.14898548415073,197.711297252471,-9.47627524017591));
#4158=CARTESIAN_POINT('Ctrl Pts',(-0.106780685100315,198.469470430109,-9.71491994958585));
#4159=CARTESIAN_POINT('Ctrl Pts',(-0.0645758860498995,199.155198332372,
-9.58142701392231));
#4160=CARTESIAN_POINT('Ctrl Pts',(-0.0223710869994835,199.840926234635,
-9.44793407825877));
#4161=CARTESIAN_POINT('Ctrl Pts',(0.0198337120509324,200.454208861523,-8.94230349752173));
#4162=CARTESIAN_POINT('Ctrl Pts',(0.0620385111013485,200.715992365772,-8.29460563839513));
#4163=CARTESIAN_POINT('Ctrl Pts',(0.104243310151764,200.977775870021,-7.64690777926853));
#4164=CARTESIAN_POINT('Ctrl Pts',(0.14644810920218,200.888060251631,-6.85714264175236));
#4165=CARTESIAN_POINT('Ctrl Pts',(0.188652908252595,200.487667616714,-6.28466656564248));
#4166=CARTESIAN_POINT('Ctrl Pts',(0.230857707303011,200.087274981797,-5.7121904895326));
#4167=CARTESIAN_POINT('Ctrl Pts',(0.273062506353427,199.376205330352,-5.357003474829));
#4168=CARTESIAN_POINT('Ctrl Pts',(0.315267305403842,198.678007240489,-5.38072155075823));
#4169=CARTESIAN_POINT('Ctrl Pts',(0.357472104454258,197.979809150626,-5.40443962668745));
#4170=CARTESIAN_POINT('Ctrl Pts',(0.399676903504673,197.294482622345,-5.8070627932495));
#4171=CARTESIAN_POINT('Ctrl Pts',(0.441881702555089,196.933862682375,-6.40539077914876));
#4172=CARTESIAN_POINT('Ctrl Pts',(0.464902375362551,196.737161979311,-6.73174970289298));
#4173=CARTESIAN_POINT('Ctrl Pts',(0.487923048170014,196.637067131905,-7.11633421308684));
#4174=CARTESIAN_POINT('Ctrl Pts',(0.510943720977476,196.636230007633,-7.50051236163316));
#4175=CARTESIAN_POINT('Origin',(-0.5,198.75,-7.5));
#4176=CARTESIAN_POINT('',(1.31094372097748,196.630956787178,-7.50149666253944));
#4177=CARTESIAN_POINT('',(1.08905627902252,196.630217486716,-7.49890656778562));
#4178=CARTESIAN_POINT('',(-0.5,196.633,-7.5));
#4179=CARTESIAN_POINT('Ctrl Pts',(1.08905627902252,196.630217486716,-7.49890656778562));
#4180=CARTESIAN_POINT('Ctrl Pts',(1.08520120710164,196.629814416815,-7.43503734085903));
#4181=CARTESIAN_POINT('Ctrl Pts',(1.08134613518076,196.632452522529,-7.37120185985188));
#4182=CARTESIAN_POINT('Ctrl Pts',(1.07749106325988,196.638240755642,-7.30765330388091));
#4183=CARTESIAN_POINT('Ctrl Pts',(1.03528626420946,196.701609538479,-6.61193242247006));
#4184=CARTESIAN_POINT('Ctrl Pts',(0.993081465159044,197.142539055803,-5.95060114302572));
#4185=CARTESIAN_POINT('Ctrl Pts',(0.950876666108627,197.760399006368,-5.62457625293763));
#4186=CARTESIAN_POINT('Ctrl Pts',(0.908671867058212,198.378258956934,-5.29855136284954));
#4187=CARTESIAN_POINT('Ctrl Pts',(0.866467068007796,199.17304934074,-5.30783286211769));
#4188=CARTESIAN_POINT('Ctrl Pts',(0.824262268957381,199.783127246924,-5.64819751341942));
#4189=CARTESIAN_POINT('Ctrl Pts',(0.782057469906965,200.393205153108,-5.98856216472115));
#4190=CARTESIAN_POINT('Ctrl Pts',(0.739852670856549,200.818570581669,-6.66000996805647));
#4191=CARTESIAN_POINT('Ctrl Pts',(0.697647871806133,200.865675151929,-7.3570209485511));
#4192=CARTESIAN_POINT('Ctrl Pts',(0.655443072755718,200.912779722188,-8.05403192904573));
#4193=CARTESIAN_POINT('Ctrl Pts',(0.613238273705302,200.581623434146,-8.77660608669966));
#4194=CARTESIAN_POINT('Ctrl Pts',(0.571033474654886,200.022887934684,-9.19596010076232));
#4195=CARTESIAN_POINT('Ctrl Pts',(0.528828675604471,199.464152435222,-9.61531411482498));
#4196=CARTESIAN_POINT('Ctrl Pts',(0.486623876554055,198.677837724341,-9.73144798529636));
#4197=CARTESIAN_POINT('Ctrl Pts',(0.444419077503639,198.021730140037,-9.49151885974292));
#4198=CARTESIAN_POINT('Ctrl Pts',(0.402214278453223,197.365622555734,-9.25158973418949));
#4199=CARTESIAN_POINT('Ctrl Pts',(0.360009479402808,196.839722098008,-8.65559761261124));
#4200=CARTESIAN_POINT('Ctrl Pts',(0.317804680352392,196.683322266419,-7.97472887331695));
#4201=CARTESIAN_POINT('Ctrl Pts',(0.308221879909102,196.647810940474,-7.82013438635025));
#4202=CARTESIAN_POINT('Ctrl Pts',(0.298639079465813,196.63134879927,-7.66116418184312));
#4203=CARTESIAN_POINT('Ctrl Pts',(0.289056279022523,196.6328008209,-7.50189678872314));
#4204=CARTESIAN_POINT('Ctrl Pts',(0.510943720977476,196.636230007633,-7.50051236163316));
#4205=CARTESIAN_POINT('Ctrl Pts',(0.53012784722043,196.635532395628,-7.82066469441413));
#4206=CARTESIAN_POINT('Ctrl Pts',(0.549311973463383,196.703765426914,-8.14053482477408));
#4207=CARTESIAN_POINT('Ctrl Pts',(0.568496099706337,196.842463802757,-8.42619099490855));
#4208=CARTESIAN_POINT('Ctrl Pts',(0.610700898756752,197.147598214766,-9.05463041953258));
#4209=CARTESIAN_POINT('Ctrl Pts',(0.652905697807168,197.793780390443,-9.51747646354418));
#4210=CARTESIAN_POINT('Ctrl Pts',(0.695110496857584,198.486986637853,-9.60412643968345));
#4211=CARTESIAN_POINT('Ctrl Pts',(0.737315295907999,199.180192885264,-9.69077641582271));
#4212=CARTESIAN_POINT('Ctrl Pts',(0.779520094958415,199.920423204409,-9.40123032408964));
#4213=CARTESIAN_POINT('Ctrl Pts',(0.82172489400883,200.370860425907,-8.86723647646317));
#4214=CARTESIAN_POINT('Ctrl Pts',(0.863929693059246,200.821297647405,-8.33324262883671));
#4215=CARTESIAN_POINT('Ctrl Pts',(0.906134492109661,200.981941771257,-7.55480102531686));
#4216=CARTESIAN_POINT('Ctrl Pts',(0.948339291160077,200.779697035678,-6.88611560843914));
#4217=CARTESIAN_POINT('Ctrl Pts',(0.990544090210493,200.577452300099,-6.21743019156142));
#4218=CARTESIAN_POINT('Ctrl Pts',(1.03274888926091,200.01231870509,-5.65850096132584));
#4219=CARTESIAN_POINT('Ctrl Pts',(1.07495368831132,199.341441483519,-5.4636500609139));
#4220=CARTESIAN_POINT('Ctrl Pts',(1.11715848736174,198.670564261949,-5.26879916050197));
#4221=CARTESIAN_POINT('Ctrl Pts',(1.15936328641216,197.893943413816,-5.43802658991367));
#4222=CARTESIAN_POINT('Ctrl Pts',(1.20156808546257,197.36495440752,-5.89433103984928));
#4223=CARTESIAN_POINT('Ctrl Pts',(1.23802663063421,196.907988137918,-6.28850887683229));
#4224=CARTESIAN_POINT('Ctrl Pts',(1.27448517580584,196.635813152575,-6.89691332906195));
#4225=CARTESIAN_POINT('Ctrl Pts',(1.31094372097748,196.630956787178,-7.50149666253944));
#4226=CARTESIAN_POINT('Origin',(-0.5,198.75,-7.5));
#4227=CARTESIAN_POINT('',(2.11094372097748,196.631861494451,-7.49822531525619));
#4228=CARTESIAN_POINT('',(1.88905627902252,196.63589248079,-7.49901830524296));
#4229=CARTESIAN_POINT('',(-0.5,196.633,-7.5));
#4230=CARTESIAN_POINT('Ctrl Pts',(1.88905627902252,196.63589248079,-7.49901830524296));
#4231=CARTESIAN_POINT('Ctrl Pts',(1.87176333473747,196.634676337032,-7.21054198498433));
#4232=CARTESIAN_POINT('Ctrl Pts',(1.85447039045241,196.689668774437,-6.92250960238606));
#4233=CARTESIAN_POINT('Ctrl Pts',(1.83717744616736,196.803099878879,-6.65969988932493));
#4234=CARTESIAN_POINT('Ctrl Pts',(1.79497264711694,197.079937465938,-6.01829198645972));
#4235=CARTESIAN_POINT('Ctrl Pts',(1.75276784806652,197.704860679541,-5.52712106150889));
#4236=CARTESIAN_POINT('Ctrl Pts',(1.71056304901611,198.39351901089,-5.40967809606911));
#4237=CARTESIAN_POINT('Ctrl Pts',(1.66835824996569,199.082177342239,-5.29223513062933));
#4238=CARTESIAN_POINT('Ctrl Pts',(1.62615345091528,199.834570791333,-5.54852012470061));
#4239=CARTESIAN_POINT('Ctrl Pts',(1.58394865186486,200.308347761332,-6.06191912174835));
#4240=CARTESIAN_POINT('Ctrl Pts',(1.54174385281445,200.782124731331,-6.57531811879609));
#4241=CARTESIAN_POINT('Ctrl Pts',(1.49953905376403,200.977285222235,-7.34583111882029));
#4242=CARTESIAN_POINT('Ctrl Pts',(1.45733425471362,200.805027948256,-8.02286182641809));
#4243=CARTESIAN_POINT('Ctrl Pts',(1.4151294556632,200.632770674277,-8.6998925340159));
#4244=CARTESIAN_POINT('Ctrl Pts',(1.37292465661278,200.093095635416,-9.28344094918732));
#4245=CARTESIAN_POINT('Ctrl Pts',(1.33071985756237,199.43156399591,-9.50798278805432));
#4246=CARTESIAN_POINT('Ctrl Pts',(1.28851505851195,198.770032356404,-9.73252462692131));
#4247=CARTESIAN_POINT('Ctrl Pts',(1.24631025946154,197.986644116254,-9.5980598894839));
#4248=CARTESIAN_POINT('Ctrl Pts',(1.20410546041112,197.437854020354,-9.1657722790765));
#4249=CARTESIAN_POINT('Ctrl Pts',(1.16575573328159,196.939191524555,-8.77297069552204));
#4250=CARTESIAN_POINT('Ctrl Pts',(1.12740600615206,196.634227170843,-8.13426888394387));
#4251=CARTESIAN_POINT('Ctrl Pts',(1.08905627902252,196.630217486716,-7.49890656778562));
#4252=CARTESIAN_POINT('Ctrl Pts',(1.31094372097748,196.630956787178,-7.50149666253944));
#4253=CARTESIAN_POINT('Ctrl Pts',(1.31668997485626,196.63019137242,-7.5967854160727));
#4254=CARTESIAN_POINT('Ctrl Pts',(1.32243622873504,196.636066448178,-7.69197924878511));
#4255=CARTESIAN_POINT('Ctrl Pts',(1.32818248261382,196.648905127317,-7.78622445532628));
#4256=CARTESIAN_POINT('Ctrl Pts',(1.37038728166423,196.743202017871,-8.47843195040817));
#4257=CARTESIAN_POINT('Ctrl Pts',(1.41259208071465,197.21315296344,-9.11946547011243));
#4258=CARTESIAN_POINT('Ctrl Pts',(1.45479687976506,197.844922427784,-9.41764404703331));
#4259=CARTESIAN_POINT('Ctrl Pts',(1.49700167881548,198.476691892128,-9.7158226239542));
#4260=CARTESIAN_POINT('Ctrl Pts',(1.5392064778659,199.270279875247,-9.67114625809171));
#4261=CARTESIAN_POINT('Ctrl Pts',(1.58141127691631,199.864590578693,-9.30394344276976));
#4262=CARTESIAN_POINT('Ctrl Pts',(1.62361607596673,200.45890128214,-8.9367406274478));
#4263=CARTESIAN_POINT('Ctrl Pts',(1.66582087501714,200.853934705914,-8.24701136266638));
#4264=CARTESIAN_POINT('Ctrl Pts',(1.70802567406756,200.869944038557,-7.54859399382676));
#4265=CARTESIAN_POINT('Ctrl Pts',(1.75023047311797,200.885953371201,-6.85017662498713));
#4266=CARTESIAN_POINT('Ctrl Pts',(1.79243527216839,200.522938612713,-6.14307115208929));
#4267=CARTESIAN_POINT('Ctrl Pts',(1.83464007121881,199.94607754661,-5.74902238580893));
#4268=CARTESIAN_POINT('Ctrl Pts',(1.87684487026922,199.369216480507,-5.35497361952858));
#4269=CARTESIAN_POINT('Ctrl Pts',(1.91904966931964,198.578509106788,-5.2739815598657));
#4270=CARTESIAN_POINT('Ctrl Pts',(1.96125446837005,197.933740498446,-5.54289894773094));
#4271=CARTESIAN_POINT('Ctrl Pts',(2.00345926742047,197.288971890103,-5.81181633559619));
#4272=CARTESIAN_POINT('Ctrl Pts',(2.04566406647088,196.790142047136,-6.43064317098956));
#4273=CARTESIAN_POINT('Ctrl Pts',(2.0878688655213,196.664226886915,-7.1178028994089));
#4274=CARTESIAN_POINT('Ctrl Pts',(2.09556048400669,196.641279463974,-7.24303440360855));
#4275=CARTESIAN_POINT('Ctrl Pts',(2.10325210249208,196.630717761624,-7.3705354674672));
#4276=CARTESIAN_POINT('Ctrl Pts',(2.11094372097748,196.631861494451,-7.49822531525619));
#4277=CARTESIAN_POINT('Origin',(-0.5,198.75,-7.5));
#4278=CARTESIAN_POINT('',(2.91094372097748,196.636346734926,-7.50000733468177));
#4279=CARTESIAN_POINT('',(2.68905627902253,196.633727541552,-7.50186993477317));
#4280=CARTESIAN_POINT('',(-0.5,196.633,-7.5));
#4281=CARTESIAN_POINT('Ctrl Pts',(2.68905627902253,196.633727541552,-7.50186993477317));
#4282=CARTESIAN_POINT('Ctrl Pts',(2.6583254623733,196.638144803043,-6.99054867318236));
#4283=CARTESIAN_POINT('Ctrl Pts',(2.62759464572407,196.824540238622,-6.47633966146885));
#4284=CARTESIAN_POINT('Ctrl Pts',(2.59686382907484,197.161510159713,-6.09528494582911));
#4285=CARTESIAN_POINT('Ctrl Pts',(2.55465903002442,197.624294730916,-5.57195561539323));
#4286=CARTESIAN_POINT('Ctrl Pts',(2.51245423097401,198.371084872748,-5.29977482256945));
#4287=CARTESIAN_POINT('Ctrl Pts',(2.47024943192359,199.062078587801,-5.40258937899115));
#4288=CARTESIAN_POINT('Ctrl Pts',(2.42804463287318,199.753072302855,-5.50540393541285));
#4289=CARTESIAN_POINT('Ctrl Pts',(2.38583983382276,200.388269591129,-5.98321384108003));
#4290=CARTESIAN_POINT('Ctrl Pts',(2.34363503477234,200.678645067628,-6.61860760107353));
#4291=CARTESIAN_POINT('Ctrl Pts',(2.30143023572193,200.969020544126,-7.25400136106703));
#4292=CARTESIAN_POINT('Ctrl Pts',(2.25922543667151,200.914574208848,-8.04697897538686));
#4293=CARTESIAN_POINT('Ctrl Pts',(2.2170206376211,200.54008005473,-8.6367223738133));
#4294=CARTESIAN_POINT('Ctrl Pts',(2.17481583857068,200.165585900612,-9.22646577223974));
#4295=CARTESIAN_POINT('Ctrl Pts',(2.13261103952027,199.471043927655,-9.61297495477279));
#4296=CARTESIAN_POINT('Ctrl Pts',(2.09040624046985,198.772482343858,-9.62038178211323));
#4297=CARTESIAN_POINT('Ctrl Pts',(2.04820144141943,198.073920760061,-9.62778860945367));
#4298=CARTESIAN_POINT('Ctrl Pts',(2.00599664236902,197.371339565425,-9.25609308160149));
#4299=CARTESIAN_POINT('Ctrl Pts',(1.9637918433186,196.984424948364,-8.67442287728561));
#4300=CARTESIAN_POINT('Ctrl Pts',(1.93887998855324,196.756044267407,-8.33108553230868));
#4301=CARTESIAN_POINT('Ctrl Pts',(1.91396813378788,196.637644432116,-7.91459127390965));
#4302=CARTESIAN_POINT('Ctrl Pts',(1.88905627902252,196.63589248079,-7.49901830524296));
#4303=CARTESIAN_POINT('Ctrl Pts',(2.11094372097748,196.631861494451,-7.49822531525619));
#4304=CARTESIAN_POINT('Ctrl Pts',(2.1454569015425,196.636993555752,-8.07118441111242));
#4305=CARTESIAN_POINT('Ctrl Pts',(2.17997008210752,196.877805255025,-8.64794452142778));
#4306=CARTESIAN_POINT('Ctrl Pts',(2.21448326267255,197.292836542617,-9.04051899103978));
#4307=CARTESIAN_POINT('Ctrl Pts',(2.25668806172296,197.800361836018,-9.52058273280598));
#4308=CARTESIAN_POINT('Ctrl Pts',(2.29889286077338,198.568412900296,-9.72521759489308));
#4309=CARTESIAN_POINT('Ctrl Pts',(2.3410976598238,199.247513662203,-9.56131129556626));
#4310=CARTESIAN_POINT('Ctrl Pts',(2.38330245887421,199.92661442411,-9.39740499623944));
#4311=CARTESIAN_POINT('Ctrl Pts',(2.42550725792462,200.516764883646,-8.86495753549872));
#4312=CARTESIAN_POINT('Ctrl Pts',(2.46771205697504,200.749436715895,-8.20624140599269));
#4313=CARTESIAN_POINT('Ctrl Pts',(2.50991685602546,200.982108548144,-7.54752527648665));
#4314=CARTESIAN_POINT('Ctrl Pts',(2.55212165507587,200.857301753106,-6.7625404782153));
#4315=CARTESIAN_POINT('Ctrl Pts',(2.59432645412629,200.431805509882,-6.20846822231743));
#4316=CARTESIAN_POINT('Ctrl Pts',(2.6365312531767,200.006309266659,-5.65439596641956));
#4317=CARTESIAN_POINT('Ctrl Pts',(2.67873605222712,199.280123575251,-5.33123625289516));
#4318=CARTESIAN_POINT('Ctrl Pts',(2.72094085127753,198.583675062562,-5.38603214199483));
#4319=CARTESIAN_POINT('Ctrl Pts',(2.76314565032795,197.887226549874,-5.44082803109451));
#4320=CARTESIAN_POINT('Ctrl Pts',(2.80535044937837,197.220515215906,-5.87357952281826));
#4321=CARTESIAN_POINT('Ctrl Pts',(2.84755524842878,196.886905867067,-6.48737747805539));
#4322=CARTESIAN_POINT('Ctrl Pts',(2.86868473927835,196.719887048302,-6.79467045350997));
#4323=CARTESIAN_POINT('Ctrl Pts',(2.88981423012791,196.636357681738,-7.14734133343966));
#4324=CARTESIAN_POINT('Ctrl Pts',(2.91094372097748,196.636346734926,-7.50000733468177));
#4325=CARTESIAN_POINT('Origin',(-0.5,198.75,-7.5));
#4326=CARTESIAN_POINT('',(3.71094372097748,196.631835318211,-7.50177030477813));
#4327=CARTESIAN_POINT('',(3.48905627902252,196.629701924258,-7.49941231740581));
#4328=CARTESIAN_POINT('',(-0.5,196.633,-7.5));
#4329=CARTESIAN_POINT('Ctrl Pts',(3.48905627902252,196.629701924258,-7.49941231740581));
#4330=CARTESIAN_POINT('Ctrl Pts',(3.48709238905954,196.629581443169,-7.46689640035774));
#4331=CARTESIAN_POINT('Ctrl Pts',(3.48512849909655,196.630265105112,-7.43438565850424));
#4332=CARTESIAN_POINT('Ctrl Pts',(3.48316460913357,196.631768791019,-7.40191288903863));
#4333=CARTESIAN_POINT('Ctrl Pts',(3.44095981008315,196.664083616555,-6.70405978334678));
#4334=CARTESIAN_POINT('Ctrl Pts',(3.39875501103274,197.075116415474,-6.02374375756826));
#4335=CARTESIAN_POINT('Ctrl Pts',(3.35655021198232,197.677840243835,-5.67051982744115));
#4336=CARTESIAN_POINT('Ctrl Pts',(3.3143454129319,198.280564072196,-5.31729589731404));
#4337=CARTESIAN_POINT('Ctrl Pts',(3.27214061388149,199.074978929999,-5.29116406283834));
#4338=CARTESIAN_POINT('Ctrl Pts',(3.22993581483107,199.699612849531,-5.60401481771492));
#4339=CARTESIAN_POINT('Ctrl Pts',(3.18773101578066,200.324246769063,-5.91686557259151));
#4340=CARTESIAN_POINT('Ctrl Pts',(3.14552621673024,200.779099750322,-6.56869891682038));
#4341=CARTESIAN_POINT('Ctrl Pts',(3.10332141767982,200.857206047985,-7.26291974724939));
#4342=CARTESIAN_POINT('Ctrl Pts',(3.06111661862941,200.935312345647,-7.95714057767841));
#4343=CARTESIAN_POINT('Ctrl Pts',(3.018911819579,200.636671959712,-8.69374889430756));
#4344=CARTESIAN_POINT('Ctrl Pts',(2.97670702052858,200.097171275161,-9.13757561647799));
#4345=CARTESIAN_POINT('Ctrl Pts',(2.93450222147816,199.55767059061,-9.58140233864842));
#4346=CARTESIAN_POINT('Ctrl Pts',(2.89229742242775,198.777309607443,-9.73244746636012));
#4347=CARTESIAN_POINT('Ctrl Pts',(2.85009262337733,198.111165609708,-9.52198293326416));
#4348=CARTESIAN_POINT('Ctrl Pts',(2.80788782432692,197.445021611973,-9.3115184001682));
#4349=CARTESIAN_POINT('Ctrl Pts',(2.7656830252765,196.89309459967,-8.73954420626458));
#4350=CARTESIAN_POINT('Ctrl Pts',(2.72347822622608,196.706520593805,-8.06631817528877));
#4351=CARTESIAN_POINT('Ctrl Pts',(2.7120042438249,196.655797763511,-7.88329198383102));
#4352=CARTESIAN_POINT('Ctrl Pts',(2.70053026142371,196.632078266129,-7.69278224354166));
#4353=CARTESIAN_POINT('Ctrl Pts',(2.68905627902253,196.633727541552,-7.50186993477317));
#4354=CARTESIAN_POINT('Ctrl Pts',(2.91094372097748,196.636346734926,-7.50000733468177));
#4355=CARTESIAN_POINT('Ctrl Pts',(2.93201902917833,196.636335816185,-7.85176898956762));
#4356=CARTESIAN_POINT('Ctrl Pts',(2.95309433737918,196.719415531487,-8.20352579075479));
#4357=CARTESIAN_POINT('Ctrl Pts',(2.97416964558003,196.885614626107,-8.51024318768986));
#4358=CARTESIAN_POINT('Ctrl Pts',(3.01637444463044,197.218440097696,-9.12446652333669));
#4359=CARTESIAN_POINT('Ctrl Pts',(3.05857924368086,197.884598404583,-9.55806877587986));
#4360=CARTESIAN_POINT('Ctrl Pts',(3.10078404273128,198.580976399317,-9.61375377280941));
#4361=CARTESIAN_POINT('Ctrl Pts',(3.14298884178169,199.277354394051,-9.66943876973896));
#4362=CARTESIAN_POINT('Ctrl Pts',(3.18519364083211,200.003952076633,-9.3472065110549));
#4363=CARTESIAN_POINT('Ctrl Pts',(3.22739843988252,200.430155317913,-8.79367785364323));
#4364=CARTESIAN_POINT('Ctrl Pts',(3.26960323893294,200.856358559194,-8.24014919623157));
#4365=CARTESIAN_POINT('Ctrl Pts',(3.31180803798335,200.982167359172,-7.45532414009229));
#4366=CARTESIAN_POINT('Ctrl Pts',(3.35401283703377,200.750336687538,-6.79631163250007));
#4367=CARTESIAN_POINT('Ctrl Pts',(3.39621763608418,200.518506015904,-6.13729912490786));
#4368=CARTESIAN_POINT('Ctrl Pts',(3.4384224351346,199.929035872658,-5.6040991658627));
#4369=CARTESIAN_POINT('Ctrl Pts',(3.48062723418502,199.250144868875,-5.43932577081912));
#4370=CARTESIAN_POINT('Ctrl Pts',(3.52283203323543,198.571253865093,-5.27455237577554));
#4371=CARTESIAN_POINT('Ctrl Pts',(3.56503683228584,197.802942000775,-5.47820554473355));
#4372=CARTESIAN_POINT('Ctrl Pts',(3.60724163133626,197.294804343188,-5.95762149144968));
#4373=CARTESIAN_POINT('Ctrl Pts',(3.64180899455,196.87861994313,-6.35028169913835));
#4374=CARTESIAN_POINT('Ctrl Pts',(3.67637635776374,196.636966741746,-6.92793029886139));
#4375=CARTESIAN_POINT('Ctrl Pts',(3.71094372097748,196.631835318211,-7.50177030477813));
#4376=CARTESIAN_POINT('Origin',(-0.5,198.75,-7.5));
#4377=CARTESIAN_POINT('',(4.51094372097748,196.630985866461,-7.49852440919125));
#4378=CARTESIAN_POINT('',(4.28905627902252,196.635355493628,-7.49862098042152));
#4379=CARTESIAN_POINT('',(-0.5,196.633,-7.5));
#4380=CARTESIAN_POINT('',(5.,200.369925694389,-6.13708777074262));
#4381=CARTESIAN_POINT('Ctrl Pts',(4.51094372097748,196.630985866461,-7.49852440919125));
#4382=CARTESIAN_POINT('Ctrl Pts',(4.5473480835004,196.635836586571,-8.10211087372357));
#4383=CARTESIAN_POINT('Ctrl Pts',(4.58375244602332,196.907066386385,-8.70942133499307));
#4384=CARTESIAN_POINT('Ctrl Pts',(4.62015680854625,197.362876112939,-9.10374369886226));
#4385=CARTESIAN_POINT('Ctrl Pts',(4.66236160759666,197.891311623994,-9.56089484709912));
#4386=CARTESIAN_POINT('Ctrl Pts',(4.70456640664708,198.667832578099,-9.73177842853742));
#4387=CARTESIAN_POINT('Ctrl Pts',(4.7467712056975,199.338887165781,-9.53743286598645));
#4388=CARTESIAN_POINT('Ctrl Pts',(4.78897600474791,200.009941753463,-9.34308730343549));
#4389=CARTESIAN_POINT('Ctrl Pts',(4.83118080379833,200.575529974722,-8.78351259689525));
#4390=CARTESIAN_POINT('Ctrl Pts',(4.87338560284875,200.77846903692,-8.11625422132166));
#4391=CARTESIAN_POINT('Ctrl Pts',(4.91559040189917,200.981408099118,-7.44899584574806));
#4392=CARTESIAN_POINT('Ctrl Pts',(4.95779520094958,200.821698002255,-6.6740538011411));
#4393=CARTESIAN_POINT('Ctrl Pts',(5.,200.369925694389,-6.13708777074261));
#4394=CARTESIAN_POINT('',(4.99999999999997,197.127021379335,-6.13480003244218));
#4395=CARTESIAN_POINT('Origin',(5.,198.75,-7.5));
#4396=CARTESIAN_POINT('Ctrl Pts',(4.99999999999998,197.127018958435,-6.13479821831908));
#4397=CARTESIAN_POINT('Ctrl Pts',(4.95864099259907,197.56846064314,-5.61146194662264));
#4398=CARTESIAN_POINT('Ctrl Pts',(4.91728198519817,198.287370581408,-5.32026851362612));
#4399=CARTESIAN_POINT('Ctrl Pts',(4.87592297779727,198.968452695796,-5.39088042809295));
#4400=CARTESIAN_POINT('Ctrl Pts',(4.83371817874685,199.66346293857,-5.46293635612213));
#4401=CARTESIAN_POINT('Ctrl Pts',(4.79151337969644,200.319082379873,-5.91174677730124));
#4402=CARTESIAN_POINT('Ctrl Pts',(4.74930858064602,200.637413822317,-6.53351581744517));
#4403=CARTESIAN_POINT('Ctrl Pts',(4.70710378159561,200.955745264762,-7.1552848575891));
#4404=CARTESIAN_POINT('Ctrl Pts',(4.6648989825452,200.936788708348,-7.95001251669785));
#4405=CARTESIAN_POINT('Ctrl Pts',(4.62269418349478,200.588965416484,-8.5558811935976));
#4406=CARTESIAN_POINT('Ctrl Pts',(4.58048938444437,200.24114212462,-9.16174987049735));
#4407=CARTESIAN_POINT('Ctrl Pts',(4.53828458539395,199.564452097306,-9.57875956518809));
#4408=CARTESIAN_POINT('Ctrl Pts',(4.49607978634354,198.866899825577,-9.61726262335939));
#4409=CARTESIAN_POINT('Ctrl Pts',(4.45387498729312,198.169347553848,-9.65576568153068));
#4410=CARTESIAN_POINT('Ctrl Pts',(4.41167018824271,197.450933037704,-9.31576210318253));
#4411=CARTESIAN_POINT('Ctrl Pts',(4.3694653891923,197.038498698469,-8.75191124821228));
#4412=CARTESIAN_POINT('Ctrl Pts',(4.34266235246904,196.776573680718,-8.39382601828015));
#4413=CARTESIAN_POINT('Ctrl Pts',(4.31585931574578,196.638055045142,-7.94545983339602));
#4414=CARTESIAN_POINT('Ctrl Pts',(4.28905627902252,196.635355493628,-7.49862098042152));
#4415=CARTESIAN_POINT('Origin',(6.7667098902285,198.75,-112.5));
#4416=CARTESIAN_POINT('',(-4.76670989022851,196.187523936275,-112.501789830565));
#4417=CARTESIAN_POINT('',(-4.83329010977151,196.192663938005,-112.497659300655));
#4418=CARTESIAN_POINT('',(6.7667098902285,196.19,-112.5));
#4419=CARTESIAN_POINT('',(-5.,198.088262731431,-110.027005097582));
#4420=CARTESIAN_POINT('Ctrl Pts',(-4.83329010977151,196.192663938005,-112.497659300655));
#4421=CARTESIAN_POINT('Ctrl Pts',(-4.84665527413059,196.190697127557,-112.228508970841));
#4422=CARTESIAN_POINT('Ctrl Pts',(-4.90222523754009,196.353390432988,-111.112389435805));
#4423=CARTESIAN_POINT('Ctrl Pts',(-4.95779520094958,197.268524973985,-110.246354932886));
#4424=CARTESIAN_POINT('Ctrl Pts',(-5.,198.088262731431,-110.027005097582));
#4425=CARTESIAN_POINT('',(-4.99999999999999,199.413178862442,-110.022581471234));
#4426=CARTESIAN_POINT('Origin',(-5.,198.75,-112.5));
#4427=CARTESIAN_POINT('Ctrl Pts',(-4.76670989022851,196.187523936275,-112.501789830565));
#4428=CARTESIAN_POINT('Ctrl Pts',(-4.80311425275143,196.193382199146,-111.771875224839));
#4429=CARTESIAN_POINT('Ctrl Pts',(-4.88087762267526,196.893976833715,-110.203059033341));
#4430=CARTESIAN_POINT('Ctrl Pts',(-4.95864099259909,198.613154207683,-109.809615001463));
#4431=CARTESIAN_POINT('Ctrl Pts',(-5.,199.4131798954,-110.022578301536));
#4432=CARTESIAN_POINT('Origin',(6.7667098902285,198.75,-112.5));
#4433=CARTESIAN_POINT('',(-3.96670989022851,196.188550751545,-112.497859500652));
#4434=CARTESIAN_POINT('',(-4.03329010977151,196.192807591786,-112.501668177171));
#4435=CARTESIAN_POINT('',(6.7667098902285,196.19,-112.5));
#4436=CARTESIAN_POINT('Ctrl Pts',(-4.03329010977151,196.192807591786,-112.501668177171));
#4437=CARTESIAN_POINT('Ctrl Pts',(-4.06009314649476,196.196071733299,-111.961316884901));
#4438=CARTESIAN_POINT('Ctrl Pts',(-4.12910098226843,196.627340140847,-110.565358180493));
#4439=CARTESIAN_POINT('Ctrl Pts',(-4.24031361709252,198.916595954716,-109.48191105329));
#4440=CARTESIAN_POINT('Ctrl Pts',(-4.36692801424377,201.371506157655,-110.994784422094));
#4441=CARTESIAN_POINT('Ctrl Pts',(-4.49354241139501,201.440287440847,-113.877864047983));
#4442=CARTESIAN_POINT('Ctrl Pts',(-4.62015680854626,199.06180355392,-115.506186616373));
#4443=CARTESIAN_POINT('Ctrl Pts',(-4.73340604133842,196.678745519398,-114.517308606087));
#4444=CARTESIAN_POINT('Ctrl Pts',(-4.80445047508017,196.19690796324,-113.078437582189));
#4445=CARTESIAN_POINT('Ctrl Pts',(-4.83329010977151,196.192663938005,-112.497659300655));
#4446=CARTESIAN_POINT('Ctrl Pts',(-3.96670989022851,196.188550751545,-112.497859500652));
#4447=CARTESIAN_POINT('Ctrl Pts',(-3.97434732606519,196.187179725402,-112.344539722115));
#4448=CARTESIAN_POINT('Ctrl Pts',(-4.02418956095228,196.26935150293,-111.345435394626));
#4449=CARTESIAN_POINT('Ctrl Pts',(-4.11623659488978,197.582872289598,-109.711680008437));
#4450=CARTESIAN_POINT('Ctrl Pts',(-4.24285099204103,200.451806067669,-110.00181671636));
#4451=CARTESIAN_POINT('Ctrl Pts',(-4.36946538919228,201.772022943689,-112.565449630004));
#4452=CARTESIAN_POINT('Ctrl Pts',(-4.49607978634352,200.342132420443,-115.069383195994));
#4453=CARTESIAN_POINT('Ctrl Pts',(-4.62269418349477,197.463275855797,-115.235381106063));
#4454=CARTESIAN_POINT('Ctrl Pts',(-4.7129042181231,196.24654539939,-113.579655380575));
#4455=CARTESIAN_POINT('Ctrl Pts',(-4.76090945370102,196.186590518421,-112.618089720128));
#4456=CARTESIAN_POINT('Ctrl Pts',(-4.76670989022851,196.187523936275,-112.501789830565));
#4457=CARTESIAN_POINT('Origin',(6.7667098902285,198.75,-112.5));
#4458=CARTESIAN_POINT('',(-3.16670989022851,196.194006268202,-112.49999113376));
#4459=CARTESIAN_POINT('',(-3.2332901097715,196.1859709924,-112.500710659482));
#4460=CARTESIAN_POINT('',(6.7667098902285,196.19,-112.5));
#4461=CARTESIAN_POINT('Ctrl Pts',(-3.2332901097715,196.1859709924,-112.500710659482));
#4462=CARTESIAN_POINT('Ctrl Pts',(-3.27353101885893,196.188956334702,-111.695011988414));
#4463=CARTESIAN_POINT('Ctrl Pts',(-3.35597672699678,197.03156286721,-110.038910572315));
#4464=CARTESIAN_POINT('Ctrl Pts',(-3.48062723418503,199.848097198487,-109.683772862995));
#4465=CARTESIAN_POINT('Ctrl Pts',(-3.60724163133628,201.709704009703,-111.885898430399));
#4466=CARTESIAN_POINT('Ctrl Pts',(-3.73385602848753,200.877875637313,-114.646881812999));
#4467=CARTESIAN_POINT('Ctrl Pts',(-3.86047042563878,198.109620982503,-115.45412080077));
#4468=CARTESIAN_POINT('Ctrl Pts',(-3.96028178606677,196.38675997725,-113.971240512255));
#4469=CARTESIAN_POINT('Ctrl Pts',(-4.01788834744435,196.190931926267,-112.812168896274));
#4470=CARTESIAN_POINT('Ctrl Pts',(-4.03329010977151,196.192807591786,-112.501668177171));
#4471=CARTESIAN_POINT('Ctrl Pts',(-3.16670989022851,196.194006268202,-112.49999113376));
#4472=CARTESIAN_POINT('Ctrl Pts',(-3.18778519842936,196.193993064432,-112.074613615195));
#4473=CARTESIAN_POINT('Ctrl Pts',(-3.25106530568062,196.495650692166,-110.797405074782));
#4474=CARTESIAN_POINT('Ctrl Pts',(-3.3565502119823,198.509059535714,-109.486877787999));
#4475=CARTESIAN_POINT('Ctrl Pts',(-3.48316460913354,201.145034635445,-110.655882728452));
#4476=CARTESIAN_POINT('Ctrl Pts',(-3.60977900628479,201.601447947578,-113.50309682225));
#4477=CARTESIAN_POINT('Ctrl Pts',(-3.73639340343604,199.462948703389,-115.437457634784));
#4478=CARTESIAN_POINT('Ctrl Pts',(-3.85537036475061,196.843773039178,-114.743203188023));
#4479=CARTESIAN_POINT('Ctrl Pts',(-3.93214252701477,196.19475607486,-113.191791415221));
#4480=CARTESIAN_POINT('Ctrl Pts',(-3.96670989022851,196.188550751545,-112.497859500652));
#4481=CARTESIAN_POINT('Origin',(6.7667098902285,198.75,-112.5));
#4482=CARTESIAN_POINT('',(-2.36670989022851,196.188582366865,-112.502146086655));
#4483=CARTESIAN_POINT('',(-2.4332901097715,196.190839073616,-112.497738729441));
#4484=CARTESIAN_POINT('',(6.7667098902285,196.19,-112.5));
#4485=CARTESIAN_POINT('Ctrl Pts',(-2.4332901097715,196.190839073616,-112.497738729441));
#4486=CARTESIAN_POINT('Ctrl Pts',(-2.44476409217269,196.188844641769,-112.266872746616));
#4487=CARTESIAN_POINT('Ctrl Pts',(-2.49844287362429,196.323034584419,-111.189088899956));
#4488=CARTESIAN_POINT('Ctrl Pts',(-2.59432645412631,197.839351821627,-109.617695744997));
#4489=CARTESIAN_POINT('Ctrl Pts',(-2.72094085127756,200.670371048136,-110.165662218255));
#4490=CARTESIAN_POINT('Ctrl Pts',(-2.8475552484288,201.753788448117,-112.837954090012));
#4491=CARTESIAN_POINT('Ctrl Pts',(-2.97416964558005,200.103657867566,-115.202696498517));
#4492=CARTESIAN_POINT('Ctrl Pts',(-3.10078404273129,197.221653508905,-115.107894612745));
#4493=CARTESIAN_POINT('Ctrl Pts',(-3.18715753079511,196.204418962751,-113.424230891929));
#4494=CARTESIAN_POINT('Ctrl Pts',(-3.23132621980852,196.185825297785,-112.540031429544));
#4495=CARTESIAN_POINT('Ctrl Pts',(-3.2332901097715,196.1859709924,-112.500710659482));
#4496=CARTESIAN_POINT('Ctrl Pts',(-2.36670989022851,196.188582366865,-112.502146086655));
#4497=CARTESIAN_POINT('Ctrl Pts',(-2.40122307079353,196.194788454084,-111.809279436417));
#4498=CARTESIAN_POINT('Ctrl Pts',(-2.47794105040896,196.842103639664,-110.258916314819));
#4499=CARTESIAN_POINT('Ctrl Pts',(-2.59686382907482,199.459197786716,-109.561633640043));
#4500=CARTESIAN_POINT('Ctrl Pts',(-2.72347822622606,201.600165135077,-111.493264143367));
#4501=CARTESIAN_POINT('Ctrl Pts',(-2.85009262337731,201.147386917784,-114.34105794399));
#4502=CARTESIAN_POINT('Ctrl Pts',(-2.97670702052856,198.512906457613,-115.513427443545));
#4503=CARTESIAN_POINT('Ctrl Pts',(-3.08224610947896,196.496791081537,-114.204799707198));
#4504=CARTESIAN_POINT('Ctrl Pts',(-3.14558039937894,196.194019505918,-112.926462258192));
#4505=CARTESIAN_POINT('Ctrl Pts',(-3.16670989022851,196.194006268202,-112.49999113376));
#4506=CARTESIAN_POINT('Origin',(6.7667098902285,198.75,-112.5));
#4507=CARTESIAN_POINT('',(-1.56670989022851,196.187488324546,-112.498190119385));
#4508=CARTESIAN_POINT('',(-1.6332901097715,196.193457085985,-112.5011871415));
#4509=CARTESIAN_POINT('',(6.7667098902285,196.19,-112.5));
#4510=CARTESIAN_POINT('Ctrl Pts',(-1.6332901097715,196.193457085985,-112.5011871415));
#4511=CARTESIAN_POINT('Ctrl Pts',(-1.65820196453686,196.19557568152,-111.998644050076));
#4512=CARTESIAN_POINT('Ctrl Pts',(-1.72531861835263,196.581321606868,-110.641708352384));
#4513=CARTESIAN_POINT('Ctrl Pts',(-1.83464007121882,198.782048220739,-109.477429765609));
#4514=CARTESIAN_POINT('Ctrl Pts',(-1.96125446837007,201.301730417644,-110.879620481221));
#4515=CARTESIAN_POINT('Ctrl Pts',(-2.08786886552132,201.499252622108,-113.756410733224));
#4516=CARTESIAN_POINT('Ctrl Pts',(-2.21448326267256,199.194863023091,-115.489825212724));
#4517=CARTESIAN_POINT('Ctrl Pts',(-2.32962367742263,196.731147582087,-114.591880818617));
#4518=CARTESIAN_POINT('Ctrl Pts',(-2.40255929312227,196.19618076905,-113.116068088915));
#4519=CARTESIAN_POINT('Ctrl Pts',(-2.4332901097715,196.190839073616,-112.497738729441));
#4520=CARTESIAN_POINT('Ctrl Pts',(-1.56670989022851,196.187488324546,-112.498190119385));
#4521=CARTESIAN_POINT('Ctrl Pts',(-1.57245614410729,196.186562725558,-112.382959555897));
#4522=CARTESIAN_POINT('Ctrl Pts',(-1.62040719703648,196.245848821006,-111.422347151111));
#4523=CARTESIAN_POINT('Ctrl Pts',(-1.71056304901609,197.459826362616,-109.766429009707));
#4524=CARTESIAN_POINT('Ctrl Pts',(-1.83717744616733,200.338831085036,-109.92850740684));
#4525=CARTESIAN_POINT('Ctrl Pts',(-1.96379184331858,201.771946400226,-112.43073003717));
#4526=CARTESIAN_POINT('Ctrl Pts',(-2.09040624046983,200.454989457553,-114.995990649709));
#4527=CARTESIAN_POINT('Ctrl Pts',(-2.21702063762108,197.586435105146,-115.289816321587));
#4528=CARTESIAN_POINT('Ctrl Pts',(-2.3091218542073,196.27005291655,-113.656769230467));
#4529=CARTESIAN_POINT('Ctrl Pts',(-2.35901827174311,196.187199276278,-112.656558570455));
#4530=CARTESIAN_POINT('Ctrl Pts',(-2.36670989022851,196.188582366865,-112.502146086655));
#4531=CARTESIAN_POINT('Origin',(6.7667098902285,198.75,-112.5));
#4532=CARTESIAN_POINT('',(-0.766709890228507,196.193865112382,-112.499380412509));
#4533=CARTESIAN_POINT('',(-0.833290109771502,196.186594442643,-112.501322263108));
#4534=CARTESIAN_POINT('',(6.7667098902285,196.19,-112.5));
#4535=CARTESIAN_POINT('Ctrl Pts',(-0.833290109771502,196.186594442643,-112.501322263108));
#4536=CARTESIAN_POINT('Ctrl Pts',(-0.871639836901033,196.19144326393,-111.732992832156));
#4537=CARTESIAN_POINT('Ctrl Pts',(-0.95219436308098,196.966088339996,-110.110615634982));
#4538=CARTESIAN_POINT('Ctrl Pts',(-1.07495368831134,199.721558548669,-109.637652729571));
#4539=CARTESIAN_POINT('Ctrl Pts',(-1.20156808546259,201.679409392021,-111.754668849473));
#4540=CARTESIAN_POINT('Ctrl Pts',(-1.32818248261384,200.971399748826,-114.549961235228));
#4541=CARTESIAN_POINT('Ctrl Pts',(-1.45479687976509,198.241842065473,-115.479720359971));
#4542=CARTESIAN_POINT('Ctrl Pts',(-1.55649942215097,196.420788810229,-114.048427054996));
#4543=CARTESIAN_POINT('Ctrl Pts',(-1.61599716548644,196.191986430552,-112.85003510014));
#4544=CARTESIAN_POINT('Ctrl Pts',(-1.6332901097715,196.193457085985,-112.5011871415));
#4545=CARTESIAN_POINT('Ctrl Pts',(-0.766709890228507,196.193865112382,-112.499380412509));
#4546=CARTESIAN_POINT('Ctrl Pts',(-0.785894016471458,196.19302150575,-112.112227339976));
#4547=CARTESIAN_POINT('Ctrl Pts',(-0.847282941764825,196.457060890348,-110.874435162501));
#4548=CARTESIAN_POINT('Ctrl Pts',(-0.950876666108608,198.375078649014,-109.500601334582));
#4549=CARTESIAN_POINT('Ctrl Pts',(-1.07749106325985,201.060510673981,-110.551026219017));
#4550=CARTESIAN_POINT('Ctrl Pts',(-1.2041054604111,201.643300737637,-113.375082404765));
#4551=CARTESIAN_POINT('Ctrl Pts',(-1.33071985756235,199.593090397461,-115.402784345288));
#4552=CARTESIAN_POINT('Ctrl Pts',(-1.45158800083482,196.903506485136,-114.816717961978));
#4553=CARTESIAN_POINT('Ctrl Pts',(-1.53025134505687,196.193361018862,-113.229299254605));
#4554=CARTESIAN_POINT('Ctrl Pts',(-1.56670989022851,196.187488324546,-112.498190119385));
#4555=CARTESIAN_POINT('Origin',(6.7667098902285,198.75,-112.5));
#4556=CARTESIAN_POINT('',(0.0332901097714936,196.189718345921,-112.502293744215));
#4557=CARTESIAN_POINT('',(-0.0332901097714987,196.189718410863,-112.497706255843));
#4558=CARTESIAN_POINT('',(6.7667098902285,196.19,-112.5));
#4559=CARTESIAN_POINT('Ctrl Pts',(-0.0332901097714988,196.189718410862,
-112.497706255843));
#4560=CARTESIAN_POINT('Ctrl Pts',(-0.0428729102147883,196.187962513599,
-112.305107761389));
#4561=CARTESIAN_POINT('Ctrl Pts',(-0.0946605097084934,196.295546015133,
-111.266204557463));
#4562=CARTESIAN_POINT('Ctrl Pts',(-0.188652908252614,197.711862990957,-109.661121795414));
#4563=CARTESIAN_POINT('Ctrl Pts',(-0.315267305403862,200.564481342708,-110.082436067654));
#4564=CARTESIAN_POINT('Ctrl Pts',(-0.441881702555108,201.765861008502,-112.70381434546));
#4565=CARTESIAN_POINT('Ctrl Pts',(-0.568496099706355,200.222706326384,-115.139714754713));
#4566=CARTESIAN_POINT('Ctrl Pts',(-0.695110496857602,197.339339649829,-115.17338648281));
#4567=CARTESIAN_POINT('Ctrl Pts',(-0.783375166879317,196.224223117951,-113.500871004076));
#4568=CARTESIAN_POINT('Ctrl Pts',(-0.829435037850617,196.186107019232,-112.578557889981));
#4569=CARTESIAN_POINT('Ctrl Pts',(-0.833290109771502,196.186594442643,-112.501322263108));
#4570=CARTESIAN_POINT('Ctrl Pts',(0.0332901097714936,196.189718345921,-112.502293744215));
#4571=CARTESIAN_POINT('Ctrl Pts',(0.000668111164369394,196.195695813559,
-111.846645323445));
#4572=CARTESIAN_POINT('Ctrl Pts',(-0.0741586864931704,196.785251354493,
-110.333196955071));
#4573=CARTESIAN_POINT('Ctrl Pts',(-0.191190283201125,199.327603757277,-109.532959003802));
#4574=CARTESIAN_POINT('Ctrl Pts',(-0.317804680352373,201.552490747184,-111.367302341539));
#4575=CARTESIAN_POINT('Ctrl Pts',(-0.444419077503619,201.22701746065,-114.232438418291));
#4576=CARTESIAN_POINT('Ctrl Pts',(-0.571033474654867,198.647375470065,-115.520997613272));
#4577=CARTESIAN_POINT('Ctrl Pts',(-0.678463745563162,196.537832301634,-114.281659990368));
#4578=CARTESIAN_POINT('Ctrl Pts',(-0.743689217421043,196.194877428086,-112.963958475452));
#4579=CARTESIAN_POINT('Ctrl Pts',(-0.766709890228507,196.193865112382,-112.499380412509));
#4580=CARTESIAN_POINT('Origin',(6.7667098902285,198.75,-112.5));
#4581=CARTESIAN_POINT('',(0.833290109771495,196.186594377622,-112.498677736858));
#4582=CARTESIAN_POINT('',(0.766709890228501,196.193865177219,-112.500619587475));
#4583=CARTESIAN_POINT('',(6.7667098902285,196.19,-112.5));
#4584=CARTESIAN_POINT('Ctrl Pts',(0.766709890228501,196.193865177219,-112.500619587475));
#4585=CARTESIAN_POINT('Ctrl Pts',(0.743689217421038,196.194877492897,-112.036041536317));
#4586=CARTESIAN_POINT('Ctrl Pts',(0.678463745563161,196.537832357745,-110.718340054824));
#4587=CARTESIAN_POINT('Ctrl Pts',(0.571033474654868,198.647375472668,-109.479002463356));
#4588=CARTESIAN_POINT('Ctrl Pts',(0.444419077503621,201.22701739782,-110.767561625652));
#4589=CARTESIAN_POINT('Ctrl Pts',(0.317804680352373,201.552490676099,-113.63269762973));
#4590=CARTESIAN_POINT('Ctrl Pts',(0.191190283201127,199.327603742626,-115.467040920938));
#4591=CARTESIAN_POINT('Ctrl Pts',(0.0741586864931689,196.785251404329,-114.666802989968));
#4592=CARTESIAN_POINT('Ctrl Pts',(-0.000668111164372751,196.195695878349,
-113.153354659982));
#4593=CARTESIAN_POINT('Ctrl Pts',(-0.0332901097714988,196.189718410862,
-112.497706255843));
#4594=CARTESIAN_POINT('Ctrl Pts',(0.833290109771495,196.186594377622,-112.498677736858));
#4595=CARTESIAN_POINT('Ctrl Pts',(0.829435037850613,196.186106954199,-112.421442108026));
#4596=CARTESIAN_POINT('Ctrl Pts',(0.783375166879316,196.224223053884,-111.499128970537));
#4597=CARTESIAN_POINT('Ctrl Pts',(0.695110496857603,197.339339614047,-109.826613449379));
#4598=CARTESIAN_POINT('Ctrl Pts',(0.568496099706356,200.222706363739,-109.860285178331));
#4599=CARTESIAN_POINT('Ctrl Pts',(0.441881702555109,201.765861085,-112.29618564937));
#4600=CARTESIAN_POINT('Ctrl Pts',(0.315267305403862,200.564481388733,-114.917563993668));
#4601=CARTESIAN_POINT('Ctrl Pts',(0.188652908252615,197.711862964625,-115.338878276595));
#4602=CARTESIAN_POINT('Ctrl Pts',(0.0946605097084923,196.295545952875,-113.733795473832));
#4603=CARTESIAN_POINT('Ctrl Pts',(0.0428729102147852,196.187962448613,-112.694892243555));
#4604=CARTESIAN_POINT('Ctrl Pts',(0.0332901097714936,196.189718345921,-112.502293744215));
#4605=CARTESIAN_POINT('Origin',(6.7667098902285,198.75,-112.5));
#4606=CARTESIAN_POINT('',(1.6332901097715,196.193457021138,-112.49881285847));
#4607=CARTESIAN_POINT('',(1.5667098902285,196.187488389544,-112.501809880569));
#4608=CARTESIAN_POINT('',(6.7667098902285,196.19,-112.5));
#4609=CARTESIAN_POINT('Ctrl Pts',(1.5667098902285,196.187488389544,-112.501809880569));
#4610=CARTESIAN_POINT('Ctrl Pts',(1.53025134505687,196.193361083711,-111.770700763893));
#4611=CARTESIAN_POINT('Ctrl Pts',(1.45158800083482,196.903506531972,-110.183282096786));
#4612=CARTESIAN_POINT('Ctrl Pts',(1.33071985756235,199.593090376076,-109.597215728341));
#4613=CARTESIAN_POINT('Ctrl Pts',(1.2041054604111,201.643300664248,-111.624917617431));
#4614=CARTESIAN_POINT('Ctrl Pts',(1.07749106325986,201.060510615375,-114.448973731546));
#4615=CARTESIAN_POINT('Ctrl Pts',(0.950876666108609,198.375078658525,-115.499398589338));
#4616=CARTESIAN_POINT('Ctrl Pts',(0.847282941764824,196.457060948509,-114.125564796267));
#4617=CARTESIAN_POINT('Ctrl Pts',(0.785894016471454,196.193021570608,-112.887772650188));
#4618=CARTESIAN_POINT('Ctrl Pts',(0.766709890228501,196.193865177219,-112.500619587475));
#4619=CARTESIAN_POINT('Ctrl Pts',(1.6332901097715,196.193457021138,-112.49881285847));
#4620=CARTESIAN_POINT('Ctrl Pts',(1.61599716548644,196.191986365668,-112.149964890982));
#4621=CARTESIAN_POINT('Ctrl Pts',(1.55649942215097,196.420788751148,-110.951572905728));
#4622=CARTESIAN_POINT('Ctrl Pts',(1.45479687976508,198.241842052583,-109.520279564448));
#4623=CARTESIAN_POINT('Ctrl Pts',(1.32818248261384,200.971399805172,-110.450038712774));
#4624=CARTESIAN_POINT('Ctrl Pts',(1.20156808546259,201.679409466326,-113.245331169432));
#4625=CARTESIAN_POINT('Ctrl Pts',(1.07495368831134,199.721558573313,-115.362347343032));
#4626=CARTESIAN_POINT('Ctrl Pts',(0.952194363080979,196.966088294747,-114.889384425626));
#4627=CARTESIAN_POINT('Ctrl Pts',(0.871639836901029,196.191443199032,-113.2670071873));
#4628=CARTESIAN_POINT('Ctrl Pts',(0.833290109771495,196.186594377622,-112.498677736858));
#4629=CARTESIAN_POINT('Origin',(6.7667098902285,198.75,-112.5));
#4630=CARTESIAN_POINT('',(2.4332901097715,196.190839008703,-112.502261270616));
#4631=CARTESIAN_POINT('',(2.3667098902285,196.188582431836,-112.4978539134));
#4632=CARTESIAN_POINT('',(6.7667098902285,196.19,-112.5));
#4633=CARTESIAN_POINT('Ctrl Pts',(2.3667098902285,196.188582431836,-112.4978539134));
#4634=CARTESIAN_POINT('Ctrl Pts',(2.35901827174311,196.187199341284,-112.343441433517));
#4635=CARTESIAN_POINT('Ctrl Pts',(2.3091218542073,196.270052979454,-111.343230798874));
#4636=CARTESIAN_POINT('Ctrl Pts',(2.21702063762108,197.58643513466,-109.710183749178));
#4637=CARTESIAN_POINT('Ctrl Pts',(2.09040624046983,200.454989414305,-110.004009413602));
#4638=CARTESIAN_POINT('Ctrl Pts',(1.96379184331859,201.771946323574,-112.569269961072));
#4639=CARTESIAN_POINT('Ctrl Pts',(1.83717744616734,200.338831044735,-115.071492527934));
#4640=CARTESIAN_POINT('Ctrl Pts',(1.71056304901609,197.459826395342,-115.233570920955));
#4641=CARTESIAN_POINT('Ctrl Pts',(1.62040719703648,196.245848884525,-113.577652821554));
#4642=CARTESIAN_POINT('Ctrl Pts',(1.57245614410728,196.18656279058,-112.617040441134));
#4643=CARTESIAN_POINT('Ctrl Pts',(1.5667098902285,196.187488389544,-112.501809880569));
#4644=CARTESIAN_POINT('Ctrl Pts',(2.4332901097715,196.190839008703,-112.502261270616));
#4645=CARTESIAN_POINT('Ctrl Pts',(2.40255929312227,196.196180704272,-111.883931895458));
#4646=CARTESIAN_POINT('Ctrl Pts',(2.32962367742263,196.731147530878,-110.408119128322));
#4647=CARTESIAN_POINT('Ctrl Pts',(2.21448326267257,199.194863034375,-109.510174711439));
#4648=CARTESIAN_POINT('Ctrl Pts',(2.08786886552132,201.499252691843,-111.243589234906));
#4649=CARTESIAN_POINT('Ctrl Pts',(1.96125446837007,201.301730482369,-114.12037955988));
#4650=CARTESIAN_POINT('Ctrl Pts',(1.83464007121882,198.782048221552,-115.522570311059));
#4651=CARTESIAN_POINT('Ctrl Pts',(1.72531861835263,196.581321551859,-114.358291694751));
#4652=CARTESIAN_POINT('Ctrl Pts',(1.65820196453686,196.195575616727,-113.001355962641));
#4653=CARTESIAN_POINT('Ctrl Pts',(1.6332901097715,196.193457021138,-112.49881285847));
#4654=CARTESIAN_POINT('Origin',(6.7667098902285,198.75,-112.5));
#4655=CARTESIAN_POINT('',(3.2332901097715,196.185970927373,-112.499289340514));
#4656=CARTESIAN_POINT('',(3.1667098902285,196.194006333036,-112.500008866243));
#4657=CARTESIAN_POINT('',(6.7667098902285,196.19,-112.5));
#4658=CARTESIAN_POINT('Ctrl Pts',(3.1667098902285,196.194006333036,-112.500008866243));
#4659=CARTESIAN_POINT('Ctrl Pts',(3.14558039937894,196.194019570751,-112.073537752628));
#4660=CARTESIAN_POINT('Ctrl Pts',(3.08224610947896,196.49679113869,-110.795200336037));
#4661=CARTESIAN_POINT('Ctrl Pts',(2.97670702052856,198.512906463627,-109.486572632896));
#4662=CARTESIAN_POINT('Ctrl Pts',(2.85009262337731,201.147386856974,-110.658942102706));
#4663=CARTESIAN_POINT('Ctrl Pts',(2.72347822622607,201.600165062783,-113.506735831098));
#4664=CARTESIAN_POINT('Ctrl Pts',(2.59686382907482,199.459197768728,-115.438366285424));
#4665=CARTESIAN_POINT('Ctrl Pts',(2.47794105040897,196.842103688058,-114.741083628335));
#4666=CARTESIAN_POINT('Ctrl Pts',(2.40122307079353,196.194788518898,-113.190720546063));
#4667=CARTESIAN_POINT('Ctrl Pts',(2.3667098902285,196.188582431836,-112.4978539134));
#4668=CARTESIAN_POINT('Ctrl Pts',(3.2332901097715,196.185970927373,-112.499289340514));
#4669=CARTESIAN_POINT('Ctrl Pts',(3.23132621980851,196.185825232754,-112.459968569455));
#4670=CARTESIAN_POINT('Ctrl Pts',(3.18715753079511,196.204418898204,-111.575769084661));
#4671=CARTESIAN_POINT('Ctrl Pts',(3.10078404273129,197.221653470116,-109.892105321073));
#4672=CARTESIAN_POINT('Ctrl Pts',(2.97416964558005,200.103657901913,-109.797303432945));
#4673=CARTESIAN_POINT('Ctrl Pts',(2.8475552484288,201.753788524303,-112.162045901407));
#4674=CARTESIAN_POINT('Ctrl Pts',(2.72094085127755,200.670371096849,-114.83433784096));
#4675=CARTESIAN_POINT('Ctrl Pts',(2.59432645412631,197.839351798527,-115.382304328111));
#4676=CARTESIAN_POINT('Ctrl Pts',(2.49844287362429,196.323034522859,-113.810911133296));
#4677=CARTESIAN_POINT('Ctrl Pts',(2.44476409217268,196.188844576805,-112.733127259297));
#4678=CARTESIAN_POINT('Ctrl Pts',(2.4332901097715,196.190839008703,-112.502261270616));
#4679=CARTESIAN_POINT('Origin',(6.7667098902285,198.75,-112.5));
#4680=CARTESIAN_POINT('',(4.0332901097715,196.192807526742,-112.498331822061));
#4681=CARTESIAN_POINT('',(3.9667098902285,196.188550816477,-112.502140499651));
#4682=CARTESIAN_POINT('',(6.7667098902285,196.19,-112.5));
#4683=CARTESIAN_POINT('Ctrl Pts',(3.9667098902285,196.188550816477,-112.50214049965));
#4684=CARTESIAN_POINT('Ctrl Pts',(3.93214252701477,196.194756139625,-111.808208602685));
#4685=CARTESIAN_POINT('Ctrl Pts',(3.85537036475061,196.843773087576,-110.256796868353));
#4686=CARTESIAN_POINT('Ctrl Pts',(3.73639340343604,199.462948685286,-109.562542440021));
#4687=CARTESIAN_POINT('Ctrl Pts',(3.60977900628479,201.601447875257,-111.496903203042));
#4688=CARTESIAN_POINT('Ctrl Pts',(3.48316460913355,201.145034574693,-114.344117224849));
#4689=CARTESIAN_POINT('Ctrl Pts',(3.3565502119823,198.509059541826,-115.513122135533));
#4690=CARTESIAN_POINT('Ctrl Pts',(3.25106530568062,196.495650749348,-114.202594882041));
#4691=CARTESIAN_POINT('Ctrl Pts',(3.18778519842935,196.193993129266,-112.925386374021));
#4692=CARTESIAN_POINT('Ctrl Pts',(3.1667098902285,196.194006333036,-112.500008866243));
#4693=CARTESIAN_POINT('Ctrl Pts',(4.0332901097715,196.192807526742,-112.498331822061));
#4694=CARTESIAN_POINT('Ctrl Pts',(4.01788834744434,196.190931861454,-112.187831095754));
#4695=CARTESIAN_POINT('Ctrl Pts',(3.96028178606677,196.386759918428,-111.028759452984));
#4696=CARTESIAN_POINT('Ctrl Pts',(3.86047042563878,198.109620965304,-109.545879122368));
#4697=CARTESIAN_POINT('Ctrl Pts',(3.73385602848753,200.877875691817,-110.353118133531));
#4698=CARTESIAN_POINT('Ctrl Pts',(3.60724163133628,201.709704084488,-113.114101584676));
#4699=CARTESIAN_POINT('Ctrl Pts',(3.48062723418504,199.848097226495,-115.316227208693));
#4700=CARTESIAN_POINT('Ctrl Pts',(3.35597672699677,197.031562823543,-114.961089489988));
#4701=CARTESIAN_POINT('Ctrl Pts',(3.27353101885893,196.188956269739,-113.304988031999));
#4702=CARTESIAN_POINT('Ctrl Pts',(3.2332901097715,196.185970927373,-112.499289340514));
#4703=CARTESIAN_POINT('Origin',(6.7667098902285,198.75,-112.5));
#4704=CARTESIAN_POINT('',(4.8332901097715,196.192663958331,-112.502340384294));
#4705=CARTESIAN_POINT('',(4.7667098902285,196.187524001902,-112.498210175505));
#4706=CARTESIAN_POINT('',(6.7667098902285,196.19,-112.5));
#4707=CARTESIAN_POINT('',(5.,198.088262731432,-114.972994902418));
#4708=CARTESIAN_POINT('Ctrl Pts',(5.,198.088262731432,-114.972994902418));
#4709=CARTESIAN_POINT('Ctrl Pts',(4.95779520094958,197.268524973986,-114.753645067114));
#4710=CARTESIAN_POINT('Ctrl Pts',(4.90222523754008,196.353390486917,-113.887610157567));
#4711=CARTESIAN_POINT('Ctrl Pts',(4.84665527413058,196.190697155954,-112.77149068548));
#4712=CARTESIAN_POINT('Ctrl Pts',(4.8332901097715,196.192663958331,-112.502340384294));
#4713=CARTESIAN_POINT('',(4.99999999999999,199.413178877891,-114.977418447949));
#4714=CARTESIAN_POINT('Origin',(5.,198.75,-112.5));
#4715=CARTESIAN_POINT('Ctrl Pts',(5.,199.413179911189,-114.9774216186));
#4716=CARTESIAN_POINT('Ctrl Pts',(4.95864099259909,198.613154177061,-115.190384966149));
#4717=CARTESIAN_POINT('Ctrl Pts',(4.88087762267526,196.893976931432,-114.796940832694));
#4718=CARTESIAN_POINT('Ctrl Pts',(4.80311425275143,196.193382274963,-113.228124747673));
#4719=CARTESIAN_POINT('Ctrl Pts',(4.7667098902285,196.187524001902,-112.498210175505));
#4720=CARTESIAN_POINT('Origin',(6.7667098902285,198.75,-7.5));
#4721=CARTESIAN_POINT('',(-4.76670989022851,196.187564321822,-7.50178438346083));
#4722=CARTESIAN_POINT('',(-4.83329010977151,196.192649602417,-7.49745476263411));
#4723=CARTESIAN_POINT('',(6.7667098902285,196.19,-7.49999999999984));
#4724=CARTESIAN_POINT('',(-5.,198.088262731431,-5.02700509758157));
#4725=CARTESIAN_POINT('Ctrl Pts',(-4.83329010977151,196.192649602417,-7.49745476263411));
#4726=CARTESIAN_POINT('Ctrl Pts',(-4.84665527413059,196.190677061184,-7.22828320754333));
#4727=CARTESIAN_POINT('Ctrl Pts',(-4.90222523754009,196.353352232602,-6.11211352970398));
#4728=CARTESIAN_POINT('Ctrl Pts',(-4.95779520094958,197.268524973985,-5.24635493288626));
#4729=CARTESIAN_POINT('Ctrl Pts',(-5.,198.088262731431,-5.02700509758157));
#4730=CARTESIAN_POINT('',(-4.99999999999999,199.413178889156,-5.02262282837695));
#4731=CARTESIAN_POINT('Origin',(-5.,198.75,-7.5));
#4732=CARTESIAN_POINT('Ctrl Pts',(-4.76670989022852,196.187564321822,-7.50178438346083));
#4733=CARTESIAN_POINT('Ctrl Pts',(-4.80311425275143,196.193430079906,-6.77189234699159));
#4734=CARTESIAN_POINT('Ctrl Pts',(-4.88087762267526,196.894042974818,-5.20315024413782));
#4735=CARTESIAN_POINT('Ctrl Pts',(-4.95864099259909,198.613122885256,-4.80962455362128));
#4736=CARTESIAN_POINT('Ctrl Pts',(-5.,199.413180032328,-5.02261935333945));
#4737=CARTESIAN_POINT('Origin',(6.7667098902285,198.75,-7.5));
#4738=CARTESIAN_POINT('',(-3.96670989022852,196.188591526312,-7.49785924470825));
#4739=CARTESIAN_POINT('',(-4.03329010977151,196.192848473127,-7.50166758971502));
#4740=CARTESIAN_POINT('',(6.7667098902285,196.19,-7.49999999999984));
#4741=CARTESIAN_POINT('Ctrl Pts',(-4.03329010977151,196.192848473127,-7.50166758971502));
#4742=CARTESIAN_POINT('Ctrl Pts',(-4.06009314649476,196.19611292912,-6.96132397342969));
#4743=CARTESIAN_POINT('Ctrl Pts',(-4.12910098226843,196.627375440912,-5.56538525326171));
#4744=CARTESIAN_POINT('Ctrl Pts',(-4.24031361709252,198.916589926422,-4.48197020679766));
#4745=CARTESIAN_POINT('Ctrl Pts',(-4.36692801424377,201.371469141421,-5.99478750263022));
#4746=CARTESIAN_POINT('Ctrl Pts',(-4.49354241139501,201.440239243738,-8.87788080688356));
#4747=CARTESIAN_POINT('Ctrl Pts',(-4.62015680854626,199.061799402781,-10.5060638139114));
#4748=CARTESIAN_POINT('Ctrl Pts',(-4.73340604133842,196.678789719514,-9.51736782344589));
#4749=CARTESIAN_POINT('Ctrl Pts',(-4.80445047508017,196.196905993664,-8.07827884451987));
#4750=CARTESIAN_POINT('Ctrl Pts',(-4.83329010977151,196.192649602417,-7.49745476263411));
#4751=CARTESIAN_POINT('Ctrl Pts',(-3.96670989022852,196.188591526312,-7.49785924470825));
#4752=CARTESIAN_POINT('Ctrl Pts',(-3.97434732606519,196.187220523631,-7.34454190901019));
#4753=CARTESIAN_POINT('Ctrl Pts',(-4.02418956095228,196.269391018287,-6.34545360296976));
#4754=CARTESIAN_POINT('Ctrl Pts',(-4.11623659488978,197.58289118222,-4.71172614708172));
#4755=CARTESIAN_POINT('Ctrl Pts',(-4.24285099204103,200.45177826633,-5.00185330570436));
#4756=CARTESIAN_POINT('Ctrl Pts',(-4.36946538919228,201.771976361347,-7.56545457187205));
#4757=CARTESIAN_POINT('Ctrl Pts',(-4.49607978634353,200.342103488826,-10.0693312720636));
#4758=CARTESIAN_POINT('Ctrl Pts',(-4.62269418349477,197.463304421935,-10.2353573696122));
#4759=CARTESIAN_POINT('Ctrl Pts',(-4.7129042181231,196.2465749283,-8.57961912151039));
#4760=CARTESIAN_POINT('Ctrl Pts',(-4.76090945370102,196.18662970973,-7.61808067698339));
#4761=CARTESIAN_POINT('Ctrl Pts',(-4.76670989022852,196.187564321822,-7.50178438346083));
#4762=CARTESIAN_POINT('Origin',(6.7667098902285,198.75,-7.5));
#4763=CARTESIAN_POINT('',(-3.16670989022851,196.194046994853,-7.49999113048245));
#4764=CARTESIAN_POINT('',(-3.2332901097715,196.186011846884,-7.50071066011352));
#4765=CARTESIAN_POINT('',(6.7667098902285,196.19,-7.49999999999984));
#4766=CARTESIAN_POINT('Ctrl Pts',(-3.2332901097715,196.186011846884,-7.50071066011352));
#4767=CARTESIAN_POINT('Ctrl Pts',(-3.27353101885893,196.188997151255,-6.69502481304163));
#4768=CARTESIAN_POINT('Ctrl Pts',(-3.35597672699678,197.031590316288,-5.03894969026549));
#4769=CARTESIAN_POINT('Ctrl Pts',(-3.48062723418504,199.84807957556,-4.68381795815497));
#4770=CARTESIAN_POINT('Ctrl Pts',(-3.60724163133628,201.709657068479,-6.88590780005747));
#4771=CARTESIAN_POINT('Ctrl Pts',(-3.73385602848753,200.877841312551,-9.64684841038523));
#4772=CARTESIAN_POINT('Ctrl Pts',(-3.86047042563878,198.109631925734,-10.4540721487023));
#4773=CARTESIAN_POINT('Ctrl Pts',(-3.96028178606677,196.386796785462,-8.97121912254006));
#4774=CARTESIAN_POINT('Ctrl Pts',(-4.01788834744435,196.190972626899,-7.8121638979861));
#4775=CARTESIAN_POINT('Ctrl Pts',(-4.03329010977151,196.192848473127,-7.50166758971502));
#4776=CARTESIAN_POINT('Ctrl Pts',(-3.16670989022851,196.194046994853,-7.49999113048245));
#4777=CARTESIAN_POINT('Ctrl Pts',(-3.18778519842936,196.194033791274,-7.07462038791654));
#4778=CARTESIAN_POINT('Ctrl Pts',(-3.25106530568062,196.495686612478,-5.79743219498595));
#4779=CARTESIAN_POINT('Ctrl Pts',(-3.3565502119823,198.509063375957,-4.48692583199852));
#4780=CARTESIAN_POINT('Ctrl Pts',(-3.48316460913355,201.144996470131,-5.65591204707052));
#4781=CARTESIAN_POINT('Ctrl Pts',(-3.60977900628479,201.601402521681,-8.50308096580746));
#4782=CARTESIAN_POINT('Ctrl Pts',(-3.73639340343604,199.462937321771,-10.4374105847641));
#4783=CARTESIAN_POINT('Ctrl Pts',(-3.85537036475061,196.843803460969,-9.74316787342626));
#4784=CARTESIAN_POINT('Ctrl Pts',(-3.93214252701477,196.194796743438,-8.19178010288279));
#4785=CARTESIAN_POINT('Ctrl Pts',(-3.96670989022852,196.188591526312,-7.49785924470825));
#4786=CARTESIAN_POINT('Origin',(6.7667098902285,198.75,-7.5));
#4787=CARTESIAN_POINT('',(-2.36670989022851,196.188623180047,-7.50214605246706));
#4788=CARTESIAN_POINT('',(-2.4332901097715,196.190879858229,-7.49773876576195));
#4789=CARTESIAN_POINT('',(6.7667098902285,196.19,-7.49999999999984));
#4790=CARTESIAN_POINT('Ctrl Pts',(-2.4332901097715,196.190879858229,-7.49773876576195));
#4791=CARTESIAN_POINT('Ctrl Pts',(-2.44476409217269,196.188885458152,-7.26687646221924));
#4792=CARTESIAN_POINT('Ctrl Pts',(-2.49844287362429,196.323073262277,-6.18910979192553));
#4793=CARTESIAN_POINT('Ctrl Pts',(-2.59432645412631,197.839366335746,-4.61774167786807));
#4794=CARTESIAN_POINT('Ctrl Pts',(-2.72094085127756,200.670340441035,-5.16569942372893));
#4795=CARTESIAN_POINT('Ctrl Pts',(-2.8475552484288,201.75374058229,-7.83794869693228));
#4796=CARTESIAN_POINT('Ctrl Pts',(-2.97416964558005,200.10363628509,-10.2026534404147));
#4797=CARTESIAN_POINT('Ctrl Pts',(-3.10078404273129,197.221677884083,-10.1078530231709));
#4798=CARTESIAN_POINT('Ctrl Pts',(-3.18715753079511,196.204459513253,-8.42421619151253));
#4799=CARTESIAN_POINT('Ctrl Pts',(-3.23132621980852,196.185866154119,-7.54003080432167));
#4800=CARTESIAN_POINT('Ctrl Pts',(-3.2332901097715,196.186011846884,-7.50071066011352));
#4801=CARTESIAN_POINT('Ctrl Pts',(-2.36670989022851,196.188623180047,-7.50214605246706));
#4802=CARTESIAN_POINT('Ctrl Pts',(-2.40122307079353,196.194829168382,-6.80929044219326));
#4803=CARTESIAN_POINT('Ctrl Pts',(-2.47794105040897,196.842134039762,-5.25895202362246));
#4804=CARTESIAN_POINT('Ctrl Pts',(-2.59686382907482,199.459186486464,-4.5616804600306));
#4805=CARTESIAN_POINT('Ctrl Pts',(-2.72347822622607,201.600119721068,-6.49328018339225));
#4806=CARTESIAN_POINT('Ctrl Pts',(-2.85009262337731,201.147348718208,-9.34102861112804));
#4807=CARTESIAN_POINT('Ctrl Pts',(-2.97670702052856,198.512910235435,-10.5133794237028));
#4808=CARTESIAN_POINT('Ctrl Pts',(-3.08224610947896,196.496826983834,-9.20477254972881));
#4809=CARTESIAN_POINT('Ctrl Pts',(-3.14558039937894,196.194060232377,-7.92645546149324));
#4810=CARTESIAN_POINT('Ctrl Pts',(-3.16670989022851,196.194046994853,-7.49999113048245));
#4811=CARTESIAN_POINT('Origin',(6.7667098902285,198.75,-7.5));
#4812=CARTESIAN_POINT('',(-1.56670989022851,196.187529155161,-7.49819014822407));
#4813=CARTESIAN_POINT('',(-1.6332901097715,196.19349782908,-7.50118712258243));
#4814=CARTESIAN_POINT('',(6.7667098902285,196.19,-7.49999999999984));
#4815=CARTESIAN_POINT('Ctrl Pts',(-1.6332901097715,196.19349782908,-7.50118712258243));
#4816=CARTESIAN_POINT('Ctrl Pts',(-1.65820196453686,196.19561639085,-6.99865204008633));
#4817=CARTESIAN_POINT('Ctrl Pts',(-1.72531861835264,196.581356168642,-5.64173796760354));
#4818=CARTESIAN_POINT('Ctrl Pts',(-1.83464007121883,198.782047710015,-4.47747793565904));
#4819=CARTESIAN_POINT('Ctrl Pts',(-1.96125446837007,201.301689751198,-5.87964630493202));
#4820=CARTESIAN_POINT('Ctrl Pts',(-2.08786886552132,201.499208807924,-8.7563907099513));
#4821=CARTESIAN_POINT('Ctrl Pts',(-2.21448326267257,199.194855933227,-10.4897775647251));
#4822=CARTESIAN_POINT('Ctrl Pts',(-2.32962367742263,196.731179756416,-9.5918474803487));
#4823=CARTESIAN_POINT('Ctrl Pts',(-2.40255929312227,196.196221468572,-8.11605827099809));
#4824=CARTESIAN_POINT('Ctrl Pts',(-2.4332901097715,196.190879858229,-7.49773876576195));
#4825=CARTESIAN_POINT('Ctrl Pts',(-1.56670989022851,196.187529155161,-7.49819014822407));
#4826=CARTESIAN_POINT('Ctrl Pts',(-1.57245614410729,196.186603570922,-7.38296142080011));
#4827=CARTESIAN_POINT('Ctrl Pts',(-1.62040719703648,196.245888721716,-6.42236432224436));
#4828=CARTESIAN_POINT('Ctrl Pts',(-1.71056304901609,197.459846920018,-4.76647256594714));
#4829=CARTESIAN_POINT('Ctrl Pts',(-1.83717744616733,200.338805768877,-4.92854838056456));
#4830=CARTESIAN_POINT('Ctrl Pts',(-1.96379184331859,201.771898249059,-7.43073114088784));
#4831=CARTESIAN_POINT('Ctrl Pts',(-2.09040624046983,200.454962290545,-9.99595087906414));
#4832=CARTESIAN_POINT('Ctrl Pts',(-2.21702063762108,197.58645364519,-10.2897718690667));
#4833=CARTESIAN_POINT('Ctrl Pts',(-2.3091218542073,196.270092431592,-8.65675079879279));
#4834=CARTESIAN_POINT('Ctrl Pts',(-2.35901827174311,196.187240111498,-7.65655607589714));
#4835=CARTESIAN_POINT('Ctrl Pts',(-2.36670989022851,196.188623180047,-7.50214605246706));
#4836=CARTESIAN_POINT('Origin',(6.7667098902285,198.75,-7.5));
#4837=CARTESIAN_POINT('',(-0.766709890228509,196.193905841391,-7.4993804223816));
#4838=CARTESIAN_POINT('',(-0.833290109771501,196.186635295109,-7.50132224203577));
#4839=CARTESIAN_POINT('',(6.7667098902285,196.19,-7.49999999999984));
#4840=CARTESIAN_POINT('Ctrl Pts',(-0.833290109771501,196.186635295109,-7.50132224203577));
#4841=CARTESIAN_POINT('Ctrl Pts',(-0.871639836901033,196.191484039121,-6.73300505579069));
#4842=CARTESIAN_POINT('Ctrl Pts',(-0.95219436308098,196.966116769828,-5.11065371410746));
#4843=CARTESIAN_POINT('Ctrl Pts',(-1.07495368831134,199.721543065142,-4.63769834620912));
#4844=CARTESIAN_POINT('Ctrl Pts',(-1.20156808546259,201.679362706627,-6.75468072766305));
#4845=CARTESIAN_POINT('Ctrl Pts',(-1.32818248261384,200.971364346838,-9.54992856541683));
#4846=CARTESIAN_POINT('Ctrl Pts',(-1.45479687976509,198.241850163878,-10.4796728727861));
#4847=CARTESIAN_POINT('Ctrl Pts',(-1.55649942215097,196.420825930391,-9.04840237802835));
#4848=CARTESIAN_POINT('Ctrl Pts',(-1.61599716548645,196.192027197086,-7.85002952170301));
#4849=CARTESIAN_POINT('Ctrl Pts',(-1.6332901097715,196.19349782908,-7.50118712258243));
#4850=CARTESIAN_POINT('Ctrl Pts',(-0.766709890228509,196.193905841391,-7.4993804223816));
#4851=CARTESIAN_POINT('Ctrl Pts',(-0.78589401647146,196.1930622482,-7.11223351867797));
#4852=CARTESIAN_POINT('Ctrl Pts',(-0.847282941764826,196.457097425641,-5.87446106396786));
#4853=CARTESIAN_POINT('Ctrl Pts',(-0.950876666108608,198.375084622946,-4.50064912647785));
#4854=CARTESIAN_POINT('Ctrl Pts',(-1.07749106325986,201.060473858706,-5.55105727362671));
#4855=CARTESIAN_POINT('Ctrl Pts',(-1.2041054604111,201.643254636286,-8.3750684613542));
#4856=CARTESIAN_POINT('Ctrl Pts',(-1.33071985756235,199.593076963806,-10.4027380928283));
#4857=CARTESIAN_POINT('Ctrl Pts',(-1.45158800083482,196.903535906842,-9.81668104779585));
#4858=CARTESIAN_POINT('Ctrl Pts',(-1.53025134505687,196.193401755902,-8.22928763407875));
#4859=CARTESIAN_POINT('Ctrl Pts',(-1.56670989022851,196.187529155161,-7.49819014822407));
#4860=CARTESIAN_POINT('Origin',(6.7667098902285,198.75,-7.5));
#4861=CARTESIAN_POINT('',(0.0332901097714922,196.189759141003,-7.50229370766697));
#4862=CARTESIAN_POINT('',(-0.0332901097714999,196.189759213542,-7.49770629239799));
#4863=CARTESIAN_POINT('',(6.7667098902285,196.19,-7.49999999999984));
#4864=CARTESIAN_POINT('Ctrl Pts',(-0.0332901097714999,196.189759213542,
-7.49770629239799));
#4865=CARTESIAN_POINT('Ctrl Pts',(-0.0428729102147894,196.188003344262,
-7.30511086734599));
#4866=CARTESIAN_POINT('Ctrl Pts',(-0.0946605097084945,196.295585131259,
-6.26622422020658));
#4867=CARTESIAN_POINT('Ctrl Pts',(-0.188652908252615,197.711879535533,-4.66116703803033));
#4868=CARTESIAN_POINT('Ctrl Pts',(-0.315267305403862,200.564452425693,-5.08247459587139));
#4869=CARTESIAN_POINT('Ctrl Pts',(-0.441881702555109,201.765812945347,-7.70381109731319));
#4870=CARTESIAN_POINT('Ctrl Pts',(-0.568496099706356,200.222682856167,-10.139672686123));
#4871=CARTESIAN_POINT('Ctrl Pts',(-0.695110496857603,197.339362131232,-10.1733438776015));
#4872=CARTESIAN_POINT('Ctrl Pts',(-0.783375166879318,196.224263370737,-8.50085505340097));
#4873=CARTESIAN_POINT('Ctrl Pts',(-0.829435037850617,196.186147879466,-7.57855663802042));
#4874=CARTESIAN_POINT('Ctrl Pts',(-0.833290109771501,196.186635295109,-7.50132224203577));
#4875=CARTESIAN_POINT('Ctrl Pts',(0.0332901097714922,196.189759141003,-7.50229370766697));
#4876=CARTESIAN_POINT('Ctrl Pts',(0.000668111164368333,196.195736513398,
-6.84665573388487));
#4877=CARTESIAN_POINT('Ctrl Pts',(-0.0741586864931711,196.785282660456,
-5.33323148053375));
#4878=CARTESIAN_POINT('Ctrl Pts',(-0.191190283201126,199.327594553839,-4.53300628011712));
#4879=CARTESIAN_POINT('Ctrl Pts',(-0.317804680352373,201.552446092784,-6.36732038974578));
#4880=CARTESIAN_POINT('Ctrl Pts',(-0.44441907750362,201.226977992285,-9.23241081391905));
#4881=CARTESIAN_POINT('Ctrl Pts',(-0.571033474654868,198.647377105267,-10.5209494772216));
#4882=CARTESIAN_POINT('Ctrl Pts',(-0.678463745563163,196.537867549929,-9.28163160170814));
#4883=CARTESIAN_POINT('Ctrl Pts',(-0.743689217421044,196.194918140965,-7.96395108281808));
#4884=CARTESIAN_POINT('Ctrl Pts',(-0.766709890228509,196.193905841391,-7.4993804223816));
#4885=CARTESIAN_POINT('Origin',(6.7667098902285,198.75,-7.5));
#4886=CARTESIAN_POINT('',(0.833290109771495,196.186635222481,-7.49867775792676));
#4887=CARTESIAN_POINT('',(0.766709890228503,196.193905913812,-7.50061957760085));
#4888=CARTESIAN_POINT('',(6.7667098902285,196.19,-7.49999999999984));
#4889=CARTESIAN_POINT('Ctrl Pts',(0.766709890228503,196.193905913812,-7.50061957760085));
#4890=CARTESIAN_POINT('Ctrl Pts',(0.74368921742104,196.194918213357,-7.03604893032705));
#4891=CARTESIAN_POINT('Ctrl Pts',(0.678463745563161,196.537867612605,-5.71836844877079));
#4892=CARTESIAN_POINT('Ctrl Pts',(0.571033474654866,198.647377108174,-4.47905060837079));
#4893=CARTESIAN_POINT('Ctrl Pts',(0.44441907750362,201.226977922105,-5.76758923516515));
#4894=CARTESIAN_POINT('Ctrl Pts',(0.317804680352372,201.552446013383,-8.63267957816196));
#4895=CARTESIAN_POINT('Ctrl Pts',(0.191190283201126,199.327594537474,-10.4669936358192));
#4896=CARTESIAN_POINT('Ctrl Pts',(0.0741586864931678,196.785282716122,-9.66676845807539));
#4897=CARTESIAN_POINT('Ctrl Pts',(-0.000668111164373881,196.195736585767,
-8.15334424760398));
#4898=CARTESIAN_POINT('Ctrl Pts',(-0.0332901097714999,196.189759213542,
-7.49770629239799));
#4899=CARTESIAN_POINT('Ctrl Pts',(0.833290109771495,196.186635222481,-7.49867775792676));
#4900=CARTESIAN_POINT('Ctrl Pts',(0.829435037850613,196.186147806824,-7.42144335975388));
#4901=CARTESIAN_POINT('Ctrl Pts',(0.783375166879317,196.224263299175,-6.49914491824195));
#4902=CARTESIAN_POINT('Ctrl Pts',(0.695110496857603,197.339362091264,-4.82665604665485));
#4903=CARTESIAN_POINT('Ctrl Pts',(0.568496099706356,200.222682897892,-4.86032723908722));
#4904=CARTESIAN_POINT('Ctrl Pts',(0.441881702555109,201.765813030794,-7.29618889691212));
#4905=CARTESIAN_POINT('Ctrl Pts',(0.315267305403862,200.564452477102,-9.91752547262413));
#4906=CARTESIAN_POINT('Ctrl Pts',(0.188652908252615,197.71187950612,-10.3388330424022));
#4907=CARTESIAN_POINT('Ctrl Pts',(0.0946605097084916,196.295585061719,-8.73377581474999));
#4908=CARTESIAN_POINT('Ctrl Pts',(0.0428729102147842,196.188003271673,-7.69488913817582));
#4909=CARTESIAN_POINT('Ctrl Pts',(0.0332901097714922,196.189759141003,-7.50229370766697));
#4910=CARTESIAN_POINT('Origin',(6.7667098902285,198.75,-7.5));
#4911=CARTESIAN_POINT('',(1.63329010977149,196.193497756647,-7.49881287738391));
#4912=CARTESIAN_POINT('',(1.5667098902285,196.187529227763,-7.50180985172462));
#4913=CARTESIAN_POINT('',(6.7667098902285,196.19,-7.49999999999984));
#4914=CARTESIAN_POINT('Ctrl Pts',(1.5667098902285,196.187529227763,-7.50180985172462));
#4915=CARTESIAN_POINT('Ctrl Pts',(1.53025134505687,196.193401828338,-6.77071238658413));
#4916=CARTESIAN_POINT('Ctrl Pts',(1.45158800083482,196.903535959158,-5.1833190178426));
#4917=CARTESIAN_POINT('Ctrl Pts',(1.33071985756235,199.593076939918,-4.59726198941473));
#4918=CARTESIAN_POINT('Ctrl Pts',(1.2041054604111,201.643254554312,-6.62493156343897));
#4919=CARTESIAN_POINT('Ctrl Pts',(1.07749106325985,201.060473793244,-9.44894267115392));
#4920=CARTESIAN_POINT('Ctrl Pts',(0.950876666108609,198.375084633569,-10.4993507885418));
#4921=CARTESIAN_POINT('Ctrl Pts',(0.847282941764823,196.457097490606,-9.12553888997593));
#4922=CARTESIAN_POINT('Ctrl Pts',(0.785894016471456,196.193062320646,-7.88776647033551));
#4923=CARTESIAN_POINT('Ctrl Pts',(0.766709890228503,196.193905913812,-7.50061957760085));
#4924=CARTESIAN_POINT('Ctrl Pts',(1.63329010977149,196.193497756647,-7.49881287738391));
#4925=CARTESIAN_POINT('Ctrl Pts',(1.61599716548644,196.192027124611,-7.14997046837965));
#4926=CARTESIAN_POINT('Ctrl Pts',(1.55649942215097,196.420825864398,-5.95159757810093));
#4927=CARTESIAN_POINT('Ctrl Pts',(1.45479687976508,198.241850149481,-4.520327042791));
#4928=CARTESIAN_POINT('Ctrl Pts',(1.32818248261384,200.971364409775,-5.45007137650258));
#4929=CARTESIAN_POINT('Ctrl Pts',(1.20156808546259,201.679362789625,-8.24531929345391));
#4930=CARTESIAN_POINT('Ctrl Pts',(1.07495368831134,199.721543092668,-10.3623017348883));
#4931=CARTESIAN_POINT('Ctrl Pts',(0.952194363080977,196.966116719286,-9.88934635358981));
#4932=CARTESIAN_POINT('Ctrl Pts',(0.871639836901029,196.191483966631,-8.26699496594057));
#4933=CARTESIAN_POINT('Ctrl Pts',(0.833290109771495,196.186635222481,-7.49867775792676));
#4934=CARTESIAN_POINT('Origin',(6.7667098902285,198.75,-7.5));
#4935=CARTESIAN_POINT('',(2.4332901097715,196.190879785722,-7.50226123430284));
#4936=CARTESIAN_POINT('',(2.3667098902285,196.188623252619,-7.49785394759372));
#4937=CARTESIAN_POINT('',(6.7667098902285,196.19,-7.49999999999984));
#4938=CARTESIAN_POINT('Ctrl Pts',(2.3667098902285,196.188623252619,-7.49785394759373));
#4939=CARTESIAN_POINT('Ctrl Pts',(2.35901827174311,196.187240184108,-7.34344392853853));
#4940=CARTESIAN_POINT('Ctrl Pts',(2.3091218542073,196.270092501855,-6.34324923398121));
#4941=CARTESIAN_POINT('Ctrl Pts',(2.21702063762108,197.586453678157,-4.71022820997597));
#4942=CARTESIAN_POINT('Ctrl Pts',(2.09040624046983,200.454962242239,-5.00404919165332));
#4943=CARTESIAN_POINT('Ctrl Pts',(1.96379184331858,201.77189816344,-7.56926885714952));
#4944=CARTESIAN_POINT('Ctrl Pts',(1.83717744616734,200.338805723862,-10.0714515465786));
#4945=CARTESIAN_POINT('Ctrl Pts',(1.71056304901609,197.459846956573,-10.2335273566041));
#4946=CARTESIAN_POINT('Ctrl Pts',(1.62040719703648,196.245888792664,-8.57763564722312));
#4947=CARTESIAN_POINT('Ctrl Pts',(1.57245614410728,196.18660364355,-7.61703857588386));
#4948=CARTESIAN_POINT('Ctrl Pts',(1.5667098902285,196.187529227763,-7.50180985172462));
#4949=CARTESIAN_POINT('Ctrl Pts',(2.4332901097715,196.190879785722,-7.50226123430284));
#4950=CARTESIAN_POINT('Ctrl Pts',(2.40255929312227,196.196221396217,-6.8839417115478));
#4951=CARTESIAN_POINT('Ctrl Pts',(2.32962367742262,196.731179699216,-5.40815246038219));
#4952=CARTESIAN_POINT('Ctrl Pts',(2.21448326267257,199.194855945832,-4.51022235056629));
#4953=CARTESIAN_POINT('Ctrl Pts',(2.08786886552132,201.499208885817,-6.24360925445103));
#4954=CARTESIAN_POINT('Ctrl Pts',(1.96125446837007,201.301689823495,-9.1203537409774));
#4955=CARTESIAN_POINT('Ctrl Pts',(1.83464007121883,198.782047710924,-10.5225221499778));
#4956=CARTESIAN_POINT('Ctrl Pts',(1.72531861835263,196.581356107198,-9.35826208504657));
#4957=CARTESIAN_POINT('Ctrl Pts',(1.65820196453686,196.195616318477,-8.00134797411836));
#4958=CARTESIAN_POINT('Ctrl Pts',(1.63329010977149,196.193497756647,-7.49881287738391));
#4959=CARTESIAN_POINT('Origin',(6.7667098902285,198.75,-7.5));
#4960=CARTESIAN_POINT('',(3.2332901097715,196.186011774257,-7.49928933989547));
#4961=CARTESIAN_POINT('',(3.1667098902285,196.19404706727,-7.50000886952543));
#4962=CARTESIAN_POINT('',(6.7667098902285,196.19,-7.49999999999984));
#4963=CARTESIAN_POINT('Ctrl Pts',(3.1667098902285,196.19404706727,-7.50000886952543));
#4964=CARTESIAN_POINT('Ctrl Pts',(3.14558039937894,196.194060304794,-7.07354455059307));
#4965=CARTESIAN_POINT('Ctrl Pts',(3.08224610947896,196.496827047674,-5.79522749855661));
#4966=CARTESIAN_POINT('Ctrl Pts',(2.97670702052856,198.512910242152,-4.48662066168591));
#4967=CARTESIAN_POINT('Ctrl Pts',(2.85009262337731,201.147348650284,-5.65897144102809));
#4968=CARTESIAN_POINT('Ctrl Pts',(2.72347822622606,201.600119640315,-8.50671978808714));
#4969=CARTESIAN_POINT('Ctrl Pts',(2.59686382907482,199.459186466371,-10.4383194567167));
#4970=CARTESIAN_POINT('Ctrl Pts',(2.47794105040896,196.842134093817,-9.74104791288274));
#4971=CARTESIAN_POINT('Ctrl Pts',(2.40122307079353,196.194829240777,-8.19070953823706));
#4972=CARTESIAN_POINT('Ctrl Pts',(2.3667098902285,196.188623252619,-7.49785394759373));
#4973=CARTESIAN_POINT('Ctrl Pts',(3.2332901097715,196.186011774257,-7.49928933989547));
#4974=CARTESIAN_POINT('Ctrl Pts',(3.23132621980851,196.185866081489,-7.4599691945752));
#4975=CARTESIAN_POINT('Ctrl Pts',(3.18715753079511,196.204459441171,-6.5757837823711));
#4976=CARTESIAN_POINT('Ctrl Pts',(3.1007840427313,197.221677840739,-4.89214690287278));
#4977=CARTESIAN_POINT('Ctrl Pts',(2.97416964558005,200.103636323465,-4.79734648304595));
#4978=CARTESIAN_POINT('Ctrl Pts',(2.8475552484288,201.753740667384,-7.16205129347475));
#4979=CARTESIAN_POINT('Ctrl Pts',(2.72094085127755,200.67034049545,-9.8343006424176));
#4980=CARTESIAN_POINT('Ctrl Pts',(2.59432645412631,197.839366309942,-10.3822584037902));
#4981=CARTESIAN_POINT('Ctrl Pts',(2.49844287362429,196.323073193515,-8.81089024521657));
#4982=CARTESIAN_POINT('Ctrl Pts',(2.44476409217268,196.188885385589,-7.73312354438664));
#4983=CARTESIAN_POINT('Ctrl Pts',(2.4332901097715,196.190879785722,-7.50226123430284));
#4984=CARTESIAN_POINT('Origin',(6.7667098902285,198.75,-7.5));
#4985=CARTESIAN_POINT('',(4.0332901097715,196.19284840042,-7.49833240901224));
#4986=CARTESIAN_POINT('',(3.9667098902285,196.188591598781,-7.50214075589611));
#4987=CARTESIAN_POINT('',(6.7667098902285,196.19,-7.49999999999984));
#4988=CARTESIAN_POINT('Ctrl Pts',(3.9667098902285,196.188591598781,-7.50214075589611));
#4989=CARTESIAN_POINT('Ctrl Pts',(3.93214252701476,196.194796815715,-6.80821991737609));
#4990=CARTESIAN_POINT('Ctrl Pts',(3.85537036475061,196.84380351511,-5.25683218913975));
#4991=CARTESIAN_POINT('Ctrl Pts',(3.73639340343604,199.462937301508,-4.56258949903297));
#4992=CARTESIAN_POINT('Ctrl Pts',(3.6097790062848,201.60140244092,-6.49691906231445));
#4993=CARTESIAN_POINT('Ctrl Pts',(3.48316460913355,201.144996402263,-9.34408790083581));
#4994=CARTESIAN_POINT('Ctrl Pts',(3.3565502119823,198.509063382788,-10.5130740825522));
#4995=CARTESIAN_POINT('Ctrl Pts',(3.25106530568062,196.495686676349,-9.20256775679636));
#4996=CARTESIAN_POINT('Ctrl Pts',(3.18778519842935,196.194033863691,-7.92537960004399));
#4997=CARTESIAN_POINT('Ctrl Pts',(3.1667098902285,196.19404706727,-7.50000886952543));
#4998=CARTESIAN_POINT('Ctrl Pts',(4.0332901097715,196.19284840042,-7.49833240901224));
#4999=CARTESIAN_POINT('Ctrl Pts',(4.01788834744434,196.190972554589,-7.18783609315771));
#5000=CARTESIAN_POINT('Ctrl Pts',(3.96028178606677,196.386796720342,-6.02878084044369));
#5001=CARTESIAN_POINT('Ctrl Pts',(3.86047042563878,198.109631905984,-4.5459277639885));
#5002=CARTESIAN_POINT('Ctrl Pts',(3.73385602848753,200.877841373749,-5.35315153067098));
#5003=CARTESIAN_POINT('Ctrl Pts',(3.60724163133629,201.709657151831,-8.11409221636447));
#5004=CARTESIAN_POINT('Ctrl Pts',(3.48062723418504,199.848079606948,-10.3161821221406));
#5005=CARTESIAN_POINT('Ctrl Pts',(3.35597672699677,197.031590267458,-9.96105037921528));
#5006=CARTESIAN_POINT('Ctrl Pts',(3.27353101885893,196.188997078691,-8.3049752097562));
#5007=CARTESIAN_POINT('Ctrl Pts',(3.2332901097715,196.186011774257,-7.49928933989547));
#5008=CARTESIAN_POINT('Origin',(6.7667098902285,198.75,-7.5));
#5009=CARTESIAN_POINT('',(4.8332901097715,196.192649631056,-7.50254486052515));
#5010=CARTESIAN_POINT('',(4.7667098902285,196.18756439213,-7.49821562944245));
#5011=CARTESIAN_POINT('',(6.7667098902285,196.19,-7.49999999999984));
#5012=CARTESIAN_POINT('',(5.,198.088262731432,-9.97299490241846));
#5013=CARTESIAN_POINT('Ctrl Pts',(5.,198.088262731432,-9.97299490241847));
#5014=CARTESIAN_POINT('Ctrl Pts',(4.95779520094958,197.268524973986,-9.7536450671138));
#5015=CARTESIAN_POINT('Ctrl Pts',(4.90222523754008,196.35335230916,-8.88788593861381));
#5016=CARTESIAN_POINT('Ctrl Pts',(4.84665527413058,196.190677101326,-7.7717163713482));
#5017=CARTESIAN_POINT('Ctrl Pts',(4.8332901097715,196.192649631056,-7.50254486052515));
#5018=CARTESIAN_POINT('',(5.,199.413178869873,-9.97737711706923));
#5019=CARTESIAN_POINT('Origin',(5.,198.75,-7.5));
#5020=CARTESIAN_POINT('Ctrl Pts',(5.,199.413180013018,-9.97738059202957));
#5021=CARTESIAN_POINT('Ctrl Pts',(4.95864099259909,198.613122805674,-10.1903754508508));
#5022=CARTESIAN_POINT('Ctrl Pts',(4.88087762267526,196.894043103944,-9.79684957761035));
#5023=CARTESIAN_POINT('Ctrl Pts',(4.80311425275142,196.193430166095,-8.22810762245272));
#5024=CARTESIAN_POINT('Ctrl Pts',(4.7667098902285,196.18756439213,-7.49821562944245));
#5025=CARTESIAN_POINT('Origin',(6.7667098902285,165.,-74.45));
#5026=CARTESIAN_POINT('',(-4.76670989022851,162.437847424433,-74.4519761544739));
#5027=CARTESIAN_POINT('',(-4.83329010977151,162.442600045941,-74.4475855179766));
#5028=CARTESIAN_POINT('',(6.7667098902285,162.44,-74.4499999999998));
#5029=CARTESIAN_POINT('',(-5.,164.338262731431,-71.9770050975816));
#5030=CARTESIAN_POINT('Ctrl Pts',(-4.83329010977151,162.44260004594,-74.4475855179767));
#5031=CARTESIAN_POINT('Ctrl Pts',(-4.84647883728346,162.440588978965,-74.1820177951904));
#5032=CARTESIAN_POINT('Ctrl Pts',(-4.90204880069296,162.600873573006,-73.0660740370122));
#5033=CARTESIAN_POINT('Ctrl Pts',(-4.95761876410245,163.515098066415,-72.1972719232341));
#5034=CARTESIAN_POINT('Ctrl Pts',(-5.,164.338262731431,-71.9770050975816));
#5035=CARTESIAN_POINT('',(-4.99999999999999,165.663084687812,-71.9724354009656));
#5036=CARTESIAN_POINT('Origin',(-5.,165.,-74.45));
#5037=CARTESIAN_POINT('Ctrl Pts',(-4.76670989022851,162.437847424433,-74.4519761544739));
#5038=CARTESIAN_POINT('Ctrl Pts',(-4.80258494221004,162.443997745173,-73.7324378115534));
#5039=CARTESIAN_POINT('Ctrl Pts',(-4.88034831213387,163.131570882234,-72.1626226364116));
#5040=CARTESIAN_POINT('Ctrl Pts',(-4.9581116820577,164.853068317818,-71.7561913734041));
#5041=CARTESIAN_POINT('Ctrl Pts',(-5.,165.663084902615,-71.9724346724722));
#5042=CARTESIAN_POINT('Origin',(6.7667098902285,165.,-74.45));
#5043=CARTESIAN_POINT('',(-3.96670989022851,162.437493130306,-74.4481261728276));
#5044=CARTESIAN_POINT('',(-4.03329010977151,162.443354584448,-74.4513642052306));
#5045=CARTESIAN_POINT('',(6.7667098902285,162.44,-74.4499999999998));
#5046=CARTESIAN_POINT('Ctrl Pts',(-4.0332901097715,162.443354584448,-74.4513642052305));
#5047=CARTESIAN_POINT('Ctrl Pts',(-4.05885808856485,162.445853838375,-73.9356363012356));
#5048=CARTESIAN_POINT('Ctrl Pts',(-4.12680730325573,162.84781086388,-72.561467868621));
#5049=CARTESIAN_POINT('Ctrl Pts',(-4.23713775384416,165.091397002663,-71.4244468532862));
#5050=CARTESIAN_POINT('Ctrl Pts',(-4.3642814615368,167.593299935283,-72.8884323043325));
#5051=CARTESIAN_POINT('Ctrl Pts',(-4.49142516922944,167.716630615576,-75.7848115328374));
#5052=CARTESIAN_POINT('Ctrl Pts',(-4.61856887692208,165.349779385555,-77.456285331284));
#5053=CARTESIAN_POINT('Ctrl Pts',(-4.73252385710277,162.939077943854,-76.4851949019082));
#5054=CARTESIAN_POINT('Ctrl Pts',(-4.80409760138591,162.447051429858,-75.0354047725149));
#5055=CARTESIAN_POINT('Ctrl Pts',(-4.83329010977151,162.44260004594,-74.4475855179767));
#5056=CARTESIAN_POINT('Ctrl Pts',(-3.96670989022851,162.437493130306,-74.4481261728276));
#5057=CARTESIAN_POINT('Ctrl Pts',(-3.97258295759388,162.436525780845,-74.3303513738073));
#5058=CARTESIAN_POINT('Ctrl Pts',(-4.02083726085679,162.497453767055,-73.3636966528543));
#5059=CARTESIAN_POINT('Ctrl Pts',(-4.11147280001725,163.727602482025,-71.7034332812821));
#5060=CARTESIAN_POINT('Ctrl Pts',(-4.23861650770989,166.620071910417,-71.8930209872811));
#5061=CARTESIAN_POINT('Ctrl Pts',(-4.36576021540253,168.026895703522,-74.4274609355758));
#5062=CARTESIAN_POINT('Ctrl Pts',(-4.49290392309517,166.658049367515,-76.9824297854013));
#5063=CARTESIAN_POINT('Ctrl Pts',(-4.6200476307878,163.768673835251,-77.2154178798075));
#5064=CARTESIAN_POINT('Ctrl Pts',(-4.71131628649892,162.505223463583,-75.5618388211092));
#5065=CARTESIAN_POINT('Ctrl Pts',(-4.76020370631249,162.436732022067,-74.5824693115593));
#5066=CARTESIAN_POINT('Ctrl Pts',(-4.76670989022851,162.437847424433,-74.4519761544739));
#5067=CARTESIAN_POINT('Origin',(6.7667098902285,165.,-74.45));
#5068=CARTESIAN_POINT('',(-3.16670989022851,162.443746072028,-74.4490492874816));
#5069=CARTESIAN_POINT('',(-3.2332901097715,162.43677343738,-74.4515143756372));
#5070=CARTESIAN_POINT('',(6.7667098902285,162.44,-74.4499999999998));
#5071=CARTESIAN_POINT('Ctrl Pts',(-3.2332901097715,162.43677343738,-74.4515143756372));
#5072=CARTESIAN_POINT('Ctrl Pts',(-3.27123733984623,162.442100235518,-73.6911034481794));
#5073=CARTESIAN_POINT('Ctrl Pts',(-3.35156580581851,163.203963506381,-72.072161825682));
#5074=CARTESIAN_POINT('Ctrl Pts',(-3.47427550768832,165.957642316518,-71.578488229351));
#5075=CARTESIAN_POINT('Ctrl Pts',(-3.60141921538096,167.932654145605,-73.7001903586636));
#5076=CARTESIAN_POINT('Ctrl Pts',(-3.72856292307361,167.218375378338,-76.5094833202342));
#5077=CARTESIAN_POINT('Ctrl Pts',(-3.85570663076625,164.46982719372,-77.4301909858281));
#5078=CARTESIAN_POINT('Ctrl Pts',(-3.95728235966554,162.662387036515,-75.9824573051688));
#5079=CARTESIAN_POINT('Ctrl Pts',(-4.0164768526673,162.441711099088,-74.790501917905));
#5080=CARTESIAN_POINT('Ctrl Pts',(-4.0332901097715,162.443354584448,-74.4513642052305));
#5081=CARTESIAN_POINT('Ctrl Pts',(-3.16670989022851,162.443746072028,-74.4490492874816));
#5082=CARTESIAN_POINT('Ctrl Pts',(-3.18496220887527,162.442519274866,-74.0807444512701));
#5083=CARTESIAN_POINT('Ctrl Pts',(-3.24559576341957,162.689404235249,-72.8588167424645));
#5084=CARTESIAN_POINT('Ctrl Pts',(-3.34861055386141,164.571155478543,-71.4535424047462));
#5085=CARTESIAN_POINT('Ctrl Pts',(-3.47575426155405,167.286921512873,-72.4669071037644));
#5086=CARTESIAN_POINT('Ctrl Pts',(-3.60289796924669,167.905548286805,-75.2987965521922));
#5087=CARTESIAN_POINT('Ctrl Pts',(-3.73004167693933,165.859747004725,-77.3523260244406));
#5088=CARTESIAN_POINT('Ctrl Pts',(-3.8513123172666,163.156463272247,-76.7724675482084));
#5089=CARTESIAN_POINT('Ctrl Pts',(-3.93020172169633,162.44350636921,-75.1802380223926));
#5090=CARTESIAN_POINT('Ctrl Pts',(-3.96670989022851,162.437493130306,-74.4481261728276));
#5091=CARTESIAN_POINT('Origin',(6.7667098902285,165.,-74.45));
#5092=CARTESIAN_POINT('',(-2.36670989022851,162.440983459484,-74.4522954069676));
#5093=CARTESIAN_POINT('',(-2.4332901097715,162.438685608264,-74.4477792722782));
#5094=CARTESIAN_POINT('',(6.7667098902285,162.44,-74.4499999999998));
#5095=CARTESIAN_POINT('Ctrl Pts',(-2.4332901097715,162.438685608264,-74.4477792722782));
#5096=CARTESIAN_POINT('Ctrl Pts',(-2.44123535523007,162.437228203844,-74.2882578818772));
#5097=CARTESIAN_POINT('Ctrl Pts',(-2.49156183658619,162.523509722104,-73.2793951989221));
#5098=CARTESIAN_POINT('Ctrl Pts',(-2.58426955383985,163.863168181698,-71.6445985733148));
#5099=CARTESIAN_POINT('Ctrl Pts',(-2.71141326153249,166.742929254638,-71.9751542911072));
#5100=CARTESIAN_POINT('Ctrl Pts',(-2.83855696922513,168.024399820134,-74.5751781611011));
#5101=CARTESIAN_POINT('Ctrl Pts',(-2.96570067691777,166.532453321441,-77.0604119617491));
#5102=CARTESIAN_POINT('Ctrl Pts',(-3.09284438461041,163.635225802457,-77.1518613089489));
#5103=CARTESIAN_POINT('Ctrl Pts',(-3.18204086222832,162.480692830115,-75.4778485049708));
#5104=CARTESIAN_POINT('Ctrl Pts',(-3.22885610394868,162.436151018987,-74.5403658273359));
#5105=CARTESIAN_POINT('Ctrl Pts',(-3.2332901097715,162.43677343738,-74.4515143756372));
#5106=CARTESIAN_POINT('Ctrl Pts',(-2.36670989022851,162.440983459484,-74.4522954069676));
#5107=CARTESIAN_POINT('Ctrl Pts',(-2.39734146015665,162.446322854432,-73.8358736435458));
#5108=CARTESIAN_POINT('Ctrl Pts',(-2.47035426598234,162.979421510743,-72.3583001532816));
#5109=CARTESIAN_POINT('Ctrl Pts',(-2.58574830770558,165.450933081456,-71.4567867290895));
#5110=CARTESIAN_POINT('Ctrl Pts',(-2.71289201539821,167.760587249327,-73.2082977871601));
#5111=CARTESIAN_POINT('Ctrl Pts',(-2.84003572309086,167.538744240175,-76.0984671759769));
#5112=CARTESIAN_POINT('Ctrl Pts',(-2.96717943078349,164.988837208033,-77.4769690551976));
#5113=CARTESIAN_POINT('Ctrl Pts',(-3.07607081982938,162.813753084566,-76.2802854448965));
#5114=CARTESIAN_POINT('Ctrl Pts',(-3.14258097297772,162.445367854323,-74.9359352052657));
#5115=CARTESIAN_POINT('Ctrl Pts',(-3.16670989022851,162.443746072028,-74.4490492874816));
#5116=CARTESIAN_POINT('Origin',(6.7667098902285,165.,-74.45));
#5117=CARTESIAN_POINT('',(-1.56670989022851,162.435669279209,-74.449763978407));
#5118=CARTESIAN_POINT('',(-1.6332901097715,162.444049956795,-74.4497124854366));
#5119=CARTESIAN_POINT('',(6.7667098902285,162.44,-74.4499999999998));
#5120=CARTESIAN_POINT('Ctrl Pts',(-1.6332901097715,162.444049956795,-74.4497124854366));
#5121=CARTESIAN_POINT('Ctrl Pts',(-1.65361460651146,162.44363957456,-74.0394726633961));
#5122=CARTESIAN_POINT('Ctrl Pts',(-1.71632033914896,162.730629409861,-72.7743307294323));
#5123=CARTESIAN_POINT('Ctrl Pts',(-1.82140730768401,164.717909158459,-71.4361837324414));
#5124=CARTESIAN_POINT('Ctrl Pts',(-1.94855101537665,167.380980974349,-72.5808843438086));
#5125=CARTESIAN_POINT('Ctrl Pts',(-2.07569472306929,167.860659887187,-75.4395901919277));
#5126=CARTESIAN_POINT('Ctrl Pts',(-2.20283843076193,165.717073613963,-77.390827973728));
#5127=CARTESIAN_POINT('Ctrl Pts',(-2.322036892996,163.090965608896,-76.6918744777895));
#5128=CARTESIAN_POINT('Ctrl Pts',(-2.39885411933252,162.445002236859,-75.1391710113129));
#5129=CARTESIAN_POINT('Ctrl Pts',(-2.4332901097715,162.438685608264,-74.4477792722782));
#5130=CARTESIAN_POINT('Ctrl Pts',(-1.56670989022851,162.435669279209,-74.449763978407));
#5131=CARTESIAN_POINT('Ctrl Pts',(-1.56733947554049,162.435652714935,-74.4371623483523));
#5132=CARTESIAN_POINT('Ctrl Pts',(-1.61035029675002,162.441448755197,-73.5762836266489));
#5133=CARTESIAN_POINT('Ctrl Pts',(-1.6957423538571,163.3988355633,-71.8811600315877));
#5134=CARTESIAN_POINT('Ctrl Pts',(-1.82288606154974,166.292617945347,-71.712883783264));
#5135=CARTESIAN_POINT('Ctrl Pts',(-1.95002976924238,168.001051566068,-74.0545814439048));
#5136=CARTESIAN_POINT('Ctrl Pts',(-2.07717347693502,166.957478865516,-76.7588834591471));
#5137=CARTESIAN_POINT('Ctrl Pts',(-2.20431718462766,164.118870627307,-77.345907002028));
#5138=CARTESIAN_POINT('Ctrl Pts',(-2.30082932239215,162.577484303406,-75.7757033933338));
#5139=CARTESIAN_POINT('Ctrl Pts',(-2.3549602242591,162.43893537291,-74.6887426355447));
#5140=CARTESIAN_POINT('Ctrl Pts',(-2.36670989022851,162.440983459484,-74.4522954069676));
#5141=CARTESIAN_POINT('Origin',(6.7667098902285,165.,-74.45));
#5142=CARTESIAN_POINT('',(-0.766709890228507,162.441684366114,-74.4478373173636));
#5143=CARTESIAN_POINT('',(-0.833290109771503,162.439743360362,-74.4523461841572));
#5144=CARTESIAN_POINT('',(6.7667098902285,162.44,-74.4499999999998));
#5145=CARTESIAN_POINT('Ctrl Pts',(-0.833290109771502,162.439743360362,-74.4523461841572));
#5146=CARTESIAN_POINT('Ctrl Pts',(-0.865993857792848,162.445815464673,-73.7950366483336));
#5147=CARTESIAN_POINT('Ctrl Pts',(-0.941078841711741,163.038796243565,-72.2761819519145));
#5148=CARTESIAN_POINT('Ctrl Pts',(-1.05854506152818,165.596479851572,-71.4823619621124));
#5149=CARTESIAN_POINT('Ctrl Pts',(-1.18568876922082,167.817898571254,-73.3445085349159));
#5150=CARTESIAN_POINT('Ctrl Pts',(-1.31283247691346,167.455264831326,-76.2204062656099));
#5151=CARTESIAN_POINT('Ctrl Pts',(-1.4399761846061,164.841118850634,-77.4728166530007));
#5152=CARTESIAN_POINT('Ctrl Pts',(-1.54679539555878,162.767261965179,-76.1961695409588));
#5153=CARTESIAN_POINT('Ctrl Pts',(-1.61123337061391,162.444495315616,-74.8949167560552));
#5154=CARTESIAN_POINT('Ctrl Pts',(-1.6332901097715,162.444049956795,-74.4497124854366));
#5155=CARTESIAN_POINT('Ctrl Pts',(-0.766709890228507,162.441684366114,-74.4478373173636));
#5156=CARTESIAN_POINT('Ctrl Pts',(-0.779718726821879,162.439590897933,-74.1858692294222));
#5157=CARTESIAN_POINT('Ctrl Pts',(-0.835108799312798,162.597167323999,-73.0728986385891));
#5158=CARTESIAN_POINT('Ctrl Pts',(-0.932880107701264,164.205163031629,-71.5292294629223));
#5159=CARTESIAN_POINT('Ctrl Pts',(-1.0600238153939,167.025108502755,-72.2001995891334));
#5160=CARTESIAN_POINT('Ctrl Pts',(-1.18716752308654,167.988001111545,-74.9342682046635));
#5161=CARTESIAN_POINT('Ctrl Pts',(-1.31431123077918,166.21085484868,-77.2242560934527));
#5162=CARTESIAN_POINT('Ctrl Pts',(-1.44082535315984,163.337636025356,-76.9714702504039));
#5163=CARTESIAN_POINT('Ctrl Pts',(-1.52495823964295,162.4367677575,-75.2854550989547));
#5164=CARTESIAN_POINT('Ctrl Pts',(-1.56670989022851,162.435669279209,-74.449763978407));
#5165=CARTESIAN_POINT('Origin',(6.7667098902285,165.,-74.45));
#5166=CARTESIAN_POINT('',(0.0332901097714935,162.443407374656,-74.4513183987738));
#5167=CARTESIAN_POINT('',(-0.0332901097714987,162.43609704284,-74.4490214248658));
#5168=CARTESIAN_POINT('',(6.7667098902285,162.44,-74.4499999999998));
#5169=CARTESIAN_POINT('Ctrl Pts',(-0.0332901097714987,162.43609704284,-74.4490214248658));
#5170=CARTESIAN_POINT('Ctrl Pts',(-0.0359918731766868,162.435832983358,
-74.3949194897659));
#5171=CARTESIAN_POINT('Ctrl Pts',(-0.0810748724794215,162.461927481498,
-73.4924065382967));
#5172=CARTESIAN_POINT('Ctrl Pts',(-0.168539107679702,163.526116470568,-71.8060765745217));
#5173=CARTESIAN_POINT('Ctrl Pts',(-0.295682815372342,166.424662722202,-71.7792323454862));
#5174=CARTESIAN_POINT('Ctrl Pts',(-0.422826523064982,168.016773302849,-74.2015194641491));
#5175=CARTESIAN_POINT('Ctrl Pts',(-0.549970230757621,166.842460509289,-76.8516667148116));
#5176=CARTESIAN_POINT('Ctrl Pts',(-0.67711393845026,163.978585621773,-77.2994519482028));
#5177=CARTESIAN_POINT('Ctrl Pts',(-0.771553898121554,162.547080107404,-75.6911804567331));
#5178=CARTESIAN_POINT('Ctrl Pts',(-0.823612621895301,162.437946541361,-74.6468530969334));
#5179=CARTESIAN_POINT('Ctrl Pts',(-0.833290109771502,162.439743360362,-74.4523461841572));
#5180=CARTESIAN_POINT('Ctrl Pts',(0.0332901097714935,162.443407374656,-74.4513183987738));
#5181=CARTESIAN_POINT('Ctrl Pts',(0.00790202189673348,162.445792025204,
-73.9391939251496));
#5182=CARTESIAN_POINT('Ctrl Pts',(-0.0598673018755731,162.843457974488,
-72.5687525823732));
#5183=CARTESIAN_POINT('Ctrl Pts',(-0.170017861545426,165.078634602141,-71.4240319022746));
#5184=CARTESIAN_POINT('Ctrl Pts',(-0.297161569238066,167.586527384459,-72.8775679894744));
#5185=CARTESIAN_POINT('Ctrl Pts',(-0.424305276930705,167.722538326389,-75.7730462572592));
#5186=CARTESIAN_POINT('Ctrl Pts',(-0.551448984623345,165.361943488864,-77.4552725744408));
#5187=CARTESIAN_POINT('Ctrl Pts',(-0.665583855722612,162.944927467006,-76.4914735033119));
#5188=CARTESIAN_POINT('Ctrl Pts',(-0.737337490924333,162.446411167232,-75.0393299715097));
#5189=CARTESIAN_POINT('Ctrl Pts',(-0.766709890228507,162.441684366114,-74.4478373173636));
#5190=CARTESIAN_POINT('Origin',(6.7667098902285,165.,-74.45));
#5191=CARTESIAN_POINT('',(0.833290109771496,162.436856357775,-74.4515639935339));
#5192=CARTESIAN_POINT('',(0.766709890228502,162.442691734488,-74.4482051816461));
#5193=CARTESIAN_POINT('',(6.7667098902285,162.44,-74.4499999999998));
#5194=CARTESIAN_POINT('Ctrl Pts',(0.766709890228502,162.442691734488,-74.4482051816461));
#5195=CARTESIAN_POINT('Ctrl Pts',(0.751628875541925,162.440730058534,-74.1442068875768));
#5196=CARTESIAN_POINT('Ctrl Pts',(0.694166624957803,162.631604485021,-72.9882837907998));
#5197=CARTESIAN_POINT('Ctrl Pts',(0.594323138476134,164.348658973216,-71.4939183517922));
#5198=CARTESIAN_POINT('Ctrl Pts',(0.467179430783495,167.132496756969,-72.3017166734775));
#5199=CARTESIAN_POINT('Ctrl Pts',(0.340035723090855,167.960805166652,-75.0795208599236));
#5200=CARTESIAN_POINT('Ctrl Pts',(0.212892015398215,166.074013756793,-77.2800456175428));
#5201=CARTESIAN_POINT('Ctrl Pts',(0.0884500711107644,163.263358918853,-76.8937654381898));
#5202=CARTESIAN_POINT('Ctrl Pts',(0.00638936272085974,162.439975154803,
-75.2435899801486));
#5203=CARTESIAN_POINT('Ctrl Pts',(-0.0332901097714987,162.43609704284,-74.4490214248658));
#5204=CARTESIAN_POINT('Ctrl Pts',(0.833290109771495,162.436856357775,-74.4515639935339));
#5205=CARTESIAN_POINT('Ctrl Pts',(0.795522770615347,162.442292968829,-73.6946932379647));
#5206=CARTESIAN_POINT('Ctrl Pts',(0.715374195561651,163.197934184964,-72.0790547089466));
#5207=CARTESIAN_POINT('Ctrl Pts',(0.592844384610411,165.945463497661,-71.5744540486494));
#5208=CARTESIAN_POINT('Ctrl Pts',(0.465700676917771,167.9294485508,-73.6877680275856));
#5209=CARTESIAN_POINT('Ctrl Pts',(0.338556969225131,167.22708826432,-76.5000595860048));
#5210=CARTESIAN_POINT('Ctrl Pts',(0.211413261532492,164.482456838519,-77.4324177013043));
#5211=CARTESIAN_POINT('Ctrl Pts',(0.109657641714613,162.665701328161,-75.9897928209549));
#5212=CARTESIAN_POINT('Ctrl Pts',(0.05028325779428,162.441811243433,-74.7941014799305));
#5213=CARTESIAN_POINT('Ctrl Pts',(0.0332901097714935,162.443407374656,-74.4513183987738));
#5214=CARTESIAN_POINT('Origin',(6.7667098902285,165.,-74.45));
#5215=CARTESIAN_POINT('',(1.6332901097715,162.438577205342,-74.4478021711623));
#5216=CARTESIAN_POINT('',(1.5667098902285,162.442623110393,-74.4518269878822));
#5217=CARTESIAN_POINT('',(6.7667098902285,162.44,-74.4499999999998));
#5218=CARTESIAN_POINT('Ctrl Pts',(1.5667098902285,162.442623110393,-74.4518269878822));
#5219=CARTESIAN_POINT('Ctrl Pts',(1.53924962426054,162.446269456681,-73.8983303443687));
#5220=CARTESIAN_POINT('Ctrl Pts',(1.46940812239503,162.894791370939,-72.4852043016171));
#5221=CARTESIAN_POINT('Ctrl Pts',(1.35718538463197,165.226224735808,-71.4314743325784));
#5222=CARTESIAN_POINT('Ctrl Pts',(1.23004167693933,167.660186971694,-73.0056787299942));
#5223=CARTESIAN_POINT('Ctrl Pts',(1.10289796924669,167.654722318611,-75.9043428919071));
#5224=CARTESIAN_POINT('Ctrl Pts',(0.975754261554052,165.214839244366,-77.4693557164517));
#5225=CARTESIAN_POINT('Ctrl Pts',(0.863691568547989,162.890718258069,-76.4083613572969));
#5226=CARTESIAN_POINT('Ctrl Pts',(0.794010111439472,162.446242834238,-74.9985143517071));
#5227=CARTESIAN_POINT('Ctrl Pts',(0.766709890228502,162.442691734488,-74.4482051816461));
#5228=CARTESIAN_POINT('Ctrl Pts',(1.6332901097715,162.438577205342,-74.4478021711623));
#5229=CARTESIAN_POINT('Ctrl Pts',(1.62552475523151,162.437160082714,-74.291912903194));
#5230=CARTESIAN_POINT('Ctrl Pts',(1.57537816479397,162.521157693892,-73.2867426712341));
#5231=CARTESIAN_POINT('Ctrl Pts',(1.48285033845889,163.851285949491,-71.6494231493187));
#5232=CARTESIAN_POINT('Ctrl Pts',(1.35570663076625,166.732424718247,-71.9677975949325));
#5233=CARTESIAN_POINT('Ctrl Pts',(1.22856292307361,168.024903322055,-74.5623536735459));
#5234=CARTESIAN_POINT('Ctrl Pts',(1.10141921538097,166.543504370995,-77.0538954815311));
#5235=CARTESIAN_POINT('Ctrl Pts',(0.974275507688329,163.646689738338,-77.1576212068827));
#5236=CARTESIAN_POINT('Ctrl Pts',(0.884899139151838,162.482729061136,-75.4851513877421));
#5237=CARTESIAN_POINT('Ctrl Pts',(0.837904006512893,162.436192187024,-74.5440281064634));
#5238=CARTESIAN_POINT('Ctrl Pts',(0.833290109771495,162.436856357775,-74.4515639935339));
#5239=CARTESIAN_POINT('Origin',(6.7667098902285,165.,-74.45));
#5240=CARTESIAN_POINT('',(2.4332901097715,162.445467606471,-74.4471372248058));
#5241=CARTESIAN_POINT('',(2.3667098902285,162.436148524739,-74.4507422539783));
#5242=CARTESIAN_POINT('',(6.7667098902285,162.44,-74.4499999999998));
#5243=CARTESIAN_POINT('',(2.5,162.783409624692,-75.7307525553712));
#5244=CARTESIAN_POINT('Ctrl Pts',(2.5,162.783409624692,-75.7307525553712));
#5245=CARTESIAN_POINT('Ctrl Pts',(2.47776336992383,162.559731206042,-75.3436337260045));
#5246=CARTESIAN_POINT('Ctrl Pts',(2.45552673984767,162.446669582087,-74.8949205257489));
#5247=CARTESIAN_POINT('Ctrl Pts',(2.4332901097715,162.445657355398,-74.447037874473));
#5248=CARTESIAN_POINT('',(2.5,163.716969352761,-76.6707741542025));
#5249=CARTESIAN_POINT('Origin',(2.5,165.,-74.45));
#5250=CARTESIAN_POINT('Ctrl Pts',(2.5,163.716968988191,-76.6707748237459));
#5251=CARTESIAN_POINT('Ctrl Pts',(2.4581116820577,162.991293279888,-76.2509137116349));
#5252=CARTESIAN_POINT('Ctrl Pts',(2.4136816454672,162.460000649491,-75.3912202155294));
#5253=CARTESIAN_POINT('Ctrl Pts',(2.3692516088767,162.435907489786,-74.5016439082517));
#5254=CARTESIAN_POINT('Ctrl Pts',(2.3667098902285,162.436148524739,-74.4507422539783));
#5255=CARTESIAN_POINT('Origin',(6.7667098902285,11.24,-74.45));
#5256=CARTESIAN_POINT('',(-4.76670989022851,8.67793011024835,-74.45196249595));
#5257=CARTESIAN_POINT('',(-4.83329010977151,8.68256608272947,-74.4471454228656));
#5258=CARTESIAN_POINT('',(6.7667098902285,8.68,-74.4499999999998));
#5259=CARTESIAN_POINT('',(-5.,10.5782627314314,-71.9770050975816));
#5260=CARTESIAN_POINT('Ctrl Pts',(-4.83329010977151,8.68256608272947,-74.4471454228656));
#5261=CARTESIAN_POINT('Ctrl Pts',(-4.84647883728346,8.68054198112255,-74.1815275398036));
#5262=CARTESIAN_POINT('Ctrl Pts',(-4.90204880069296,8.84078491382987,-73.0654576609025));
#5263=CARTESIAN_POINT('Ctrl Pts',(-4.95761876410245,9.75509806641449,-72.1972719232341));
#5264=CARTESIAN_POINT('Ctrl Pts',(-5.,10.5782627314314,-71.9770050975816));
#5265=CARTESIAN_POINT('',(-5.,11.9030639594898,-71.9724997263691));
#5266=CARTESIAN_POINT('Origin',(-5.,11.24,-74.45));
#5267=CARTESIAN_POINT('Ctrl Pts',(-4.76670989022851,8.67793011024835,-74.45196249595));
#5268=CARTESIAN_POINT('Ctrl Pts',(-4.80258494221004,8.68409961337476,-73.7324753907821));
#5269=CARTESIAN_POINT('Ctrl Pts',(-4.88034831213386,9.37172276317931,-72.1628308364539));
#5270=CARTESIAN_POINT('Ctrl Pts',(-4.95811168205769,11.0929742971184,-71.7561838025308));
#5271=CARTESIAN_POINT('Ctrl Pts',(-5.,11.9030641650161,-71.9724990284129));
#5272=CARTESIAN_POINT('Origin',(6.7667098902285,11.24,-74.45));
#5273=CARTESIAN_POINT('',(-3.96670989022851,8.67757725859262,-74.4481254297705));
#5274=CARTESIAN_POINT('',(-4.03329010977151,8.68343917450943,-74.4513623086607));
#5275=CARTESIAN_POINT('',(6.7667098902285,8.68,-74.4499999999998));
#5276=CARTESIAN_POINT('Ctrl Pts',(-4.03329010977151,8.68343917450943,-74.4513623086607));
#5277=CARTESIAN_POINT('Ctrl Pts',(-4.05885808856485,8.68593923290412,-73.935648961571));
#5278=CARTESIAN_POINT('Ctrl Pts',(-4.12680730325573,9.0878853020757,-72.5615201897622));
#5279=CARTESIAN_POINT('Ctrl Pts',(-4.23713775384417,11.3313856412227,-71.4245761483059));
#5280=CARTESIAN_POINT('Ctrl Pts',(-4.3642814615368,13.8332260346282,-72.8884285201033));
#5281=CARTESIAN_POINT('Ctrl Pts',(-4.49142516922944,13.9565292173604,-75.7848685163091));
#5282=CARTESIAN_POINT('Ctrl Pts',(-4.61856887692208,11.5897679110479,-77.4559987267837));
#5283=CARTESIAN_POINT('Ctrl Pts',(-4.73252385710277,9.17918137066415,-76.485381021072));
#5284=CARTESIAN_POINT('Ctrl Pts',(-4.80409760138591,8.68704631807286,-75.03507570436));
#5285=CARTESIAN_POINT('Ctrl Pts',(-4.83329010977151,8.68256608272947,-74.4471454228656));
#5286=CARTESIAN_POINT('Ctrl Pts',(-3.96670989022851,8.67757725859262,-74.4481254297705));
#5287=CARTESIAN_POINT('Ctrl Pts',(-3.97258295759388,8.67660994695315,-74.3303545178538));
#5288=CARTESIAN_POINT('Ctrl Pts',(-4.02083726085679,8.73753602113753,-73.3637319303093));
#5289=CARTESIAN_POINT('Ctrl Pts',(-4.11147280001725,9.9676452687689,-71.7035282968938));
#5290=CARTESIAN_POINT('Ctrl Pts',(-4.23861650770989,12.8600165444019,-71.8930963355901));
#5291=CARTESIAN_POINT('Ctrl Pts',(-4.36576021540254,14.2668007864785,-74.4274776866808));
#5292=CARTESIAN_POINT('Ctrl Pts',(-4.49290392309517,12.8979847560597,-76.9823175557706));
#5293=CARTESIAN_POINT('Ctrl Pts',(-4.62004763078781,10.0087363877118,-77.2153784552077));
#5294=CARTESIAN_POINT('Ctrl Pts',(-4.71131628649892,8.7452774918827,-75.5617528381857));
#5295=CARTESIAN_POINT('Ctrl Pts',(-4.76020370631249,8.67681122902606,-74.5824463607215));
#5296=CARTESIAN_POINT('Ctrl Pts',(-4.76670989022851,8.67793011024835,-74.45196249595));
#5297=CARTESIAN_POINT('Origin',(6.7667098902285,11.24,-74.45));
#5298=CARTESIAN_POINT('',(-3.16670989022851,8.68383012339163,-74.4490493062812));
#5299=CARTESIAN_POINT('',(-3.2332901097715,8.67685779094343,-74.4515143530189));
#5300=CARTESIAN_POINT('',(6.7667098902285,8.68,-74.4499999999998));
#5301=CARTESIAN_POINT('Ctrl Pts',(-3.2332901097715,8.67685779094343,-74.4515143530189));
#5302=CARTESIAN_POINT('Ctrl Pts',(-3.27123733984623,8.68218444448402,-73.6911283995695));
#5303=CARTESIAN_POINT('Ctrl Pts',(-3.35156580581851,9.44402278800263,-72.0722398013944));
#5304=CARTESIAN_POINT('Ctrl Pts',(-3.47427550768833,12.1976104597936,-71.5785833773527));
#5305=CARTESIAN_POINT('Ctrl Pts',(-3.60141921538096,14.1725582257801,-73.7002138272433));
#5306=CARTESIAN_POINT('Ctrl Pts',(-3.72856292307361,13.4583012622155,-76.5094178537777));
#5307=CARTESIAN_POINT('Ctrl Pts',(-3.85570663076625,10.7098465730943,-77.4300884578363));
#5308=CARTESIAN_POINT('Ctrl Pts',(-3.95728235966555,8.90246173382314,-75.9824126925155));
#5309=CARTESIAN_POINT('Ctrl Pts',(-4.0164768526673,8.68179516013876,-74.7904904488541));
#5310=CARTESIAN_POINT('Ctrl Pts',(-4.03329010977151,8.68343917450943,-74.4513623086607));
#5311=CARTESIAN_POINT('Ctrl Pts',(-3.16670989022851,8.68383012339163,-74.4490493062812));
#5312=CARTESIAN_POINT('Ctrl Pts',(-3.18496220887527,8.6826033663757,-74.0807565759722));
#5313=CARTESIAN_POINT('Ctrl Pts',(-3.24559576341957,8.92948020886466,-72.8588690391862));
#5314=CARTESIAN_POINT('Ctrl Pts',(-3.34861055386141,10.811169586371,-71.4536410311627));
#5315=CARTESIAN_POINT('Ctrl Pts',(-3.47575426155405,13.5268463003424,-72.4669721175595));
#5316=CARTESIAN_POINT('Ctrl Pts',(-3.60289796924669,14.1454527868901,-75.2987690113884));
#5317=CARTESIAN_POINT('Ctrl Pts',(-3.73004167693933,12.0997186504526,-77.3522298901967));
#5318=CARTESIAN_POINT('Ctrl Pts',(-3.85131231726661,9.39652406803059,-76.7723924227343));
#5319=CARTESIAN_POINT('Ctrl Pts',(-3.93020172169633,8.68359026238773,-75.1802131163172));
#5320=CARTESIAN_POINT('Ctrl Pts',(-3.96670989022851,8.67757725859262,-74.4481254297705));
#5321=CARTESIAN_POINT('Origin',(6.7667098902285,11.24,-74.45));
#5322=CARTESIAN_POINT('',(-2.36670989022851,8.68106760248389,-74.4522953314579));
#5323=CARTESIAN_POINT('',(-2.4332901097715,8.67876991539084,-74.4477793463454));
#5324=CARTESIAN_POINT('',(6.7667098902285,8.68,-74.4499999999998));
#5325=CARTESIAN_POINT('Ctrl Pts',(-2.4332901097715,8.67876991539084,-74.4477793463454));
#5326=CARTESIAN_POINT('Ctrl Pts',(-2.44123535523007,8.67731255894157,-74.2882632067216));
#5327=CARTESIAN_POINT('Ctrl Pts',(-2.49156183658619,8.76359123740675,-73.2794337309461));
#5328=CARTESIAN_POINT('Ctrl Pts',(-2.58426955383985,10.1032056053825,-71.6446909094696));
#5329=CARTESIAN_POINT('Ctrl Pts',(-2.71141326153249,12.9828718771428,-71.9752357643605));
#5330=CARTESIAN_POINT('Ctrl Pts',(-2.83855696922513,14.2643002839272,-74.575174017954));
#5331=CARTESIAN_POINT('Ctrl Pts',(-2.96570067691777,12.7724028520505,-77.0603260823885));
#5332=CARTESIAN_POINT('Ctrl Pts',(-3.09284438461041,9.87527077699984,-77.1517722882811));
#5333=CARTESIAN_POINT('Ctrl Pts',(-3.18204086222832,8.72077570230487,-75.4778147647296));
#5334=CARTESIAN_POINT('Ctrl Pts',(-3.22885610394869,8.67623538944618,-74.5403628865889));
#5335=CARTESIAN_POINT('Ctrl Pts',(-3.2332901097715,8.67685779094343,-74.4515143530189));
#5336=CARTESIAN_POINT('Ctrl Pts',(-2.36670989022851,8.68106760248389,-74.4522953314579));
#5337=CARTESIAN_POINT('Ctrl Pts',(-2.39734146015665,8.68640682186693,-73.835893836426));
#5338=CARTESIAN_POINT('Ctrl Pts',(-2.47035426598234,9.21948794936579,-72.3583689297608));
#5339=CARTESIAN_POINT('Ctrl Pts',(-2.58574830770558,11.6909182543478,-71.4568851507598));
#5340=CARTESIAN_POINT('Ctrl Pts',(-2.71289201539822,14.0004964784166,-73.2083386119424));
#5341=CARTESIAN_POINT('Ctrl Pts',(-2.84003572309086,13.778660763931,-76.0984129798028));
#5342=CARTESIAN_POINT('Ctrl Pts',(-2.96717943078349,11.2288375745911,-77.4768695117024));
#5343=CARTESIAN_POINT('Ctrl Pts',(-3.07607081982938,9.05382497150485,-76.2802252841992));
#5344=CARTESIAN_POINT('Ctrl Pts',(-3.14258097297772,8.68545185261394,-74.935919220492));
#5345=CARTESIAN_POINT('Ctrl Pts',(-3.16670989022851,8.68383012339163,-74.4490493062812));
#5346=CARTESIAN_POINT('Origin',(6.7667098902285,11.24,-74.45));
#5347=CARTESIAN_POINT('',(-1.56670989022851,8.67575359694607,-74.4497639861695));
#5348=CARTESIAN_POINT('',(-1.6332901097715,8.68413408799564,-74.4497124949115));
#5349=CARTESIAN_POINT('',(6.7667098902285,8.68,-74.4499999999998));
#5350=CARTESIAN_POINT('Ctrl Pts',(-1.6332901097715,8.68413408799564,-74.4497124949115));
#5351=CARTESIAN_POINT('Ctrl Pts',(-1.65361460651146,8.683723719265,-74.0394861762591));
#5352=CARTESIAN_POINT('Ctrl Pts',(-1.71632033914896,8.97070410805195,-72.7743858854963));
#5353=CARTESIAN_POINT('Ctrl Pts',(-1.82140730768401,10.9579184437857,-71.4362829345931));
#5354=CARTESIAN_POINT('Ctrl Pts',(-1.94855101537665,13.6209026022486,-72.580945867497));
#5355=CARTESIAN_POINT('Ctrl Pts',(-2.07569472306929,14.1005657264817,-75.4395576183507));
#5356=CARTESIAN_POINT('Ctrl Pts',(-2.20283843076193,11.9570500103489,-77.3907311747283));
#5357=CARTESIAN_POINT('Ctrl Pts',(-2.322036892996,9.33102844729481,-76.6918006832403));
#5358=CARTESIAN_POINT('Ctrl Pts',(-2.39885411933253,8.68508633607476,-75.1391483276555));
#5359=CARTESIAN_POINT('Ctrl Pts',(-2.4332901097715,8.67876991539084,-74.4477793463454));
#5360=CARTESIAN_POINT('Ctrl Pts',(-1.56670989022851,8.67575359694607,-74.4497639861695));
#5361=CARTESIAN_POINT('Ctrl Pts',(-1.56733947554049,8.6757370332163,-74.4371627704689));
#5362=CARTESIAN_POINT('Ctrl Pts',(-1.61035029675002,8.68153288289923,-73.5763123553093));
#5363=CARTESIAN_POINT('Ctrl Pts',(-1.6957423538571,9.63888821117461,-71.8812444975773));
#5364=CARTESIAN_POINT('Ctrl Pts',(-1.82288606154974,12.532575442786,-71.7129737823912));
#5365=CARTESIAN_POINT('Ctrl Pts',(-1.95002976924238,14.2409528885184,-74.054594445596));
#5366=CARTESIAN_POINT('Ctrl Pts',(-2.07717347693502,13.1974145016682,-76.7588075408938));
#5367=CARTESIAN_POINT('Ctrl Pts',(-2.20431718462766,10.358899599717,-77.3458117814894));
#5368=CARTESIAN_POINT('Ctrl Pts',(-2.30082932239215,8.81756395812362,-75.7756598031978));
#5369=CARTESIAN_POINT('Ctrl Pts',(-2.35496022425911,8.6790195832529,-74.6887347854805));
#5370=CARTESIAN_POINT('Ctrl Pts',(-2.36670989022851,8.68106760248389,-74.4522953314579));
#5371=CARTESIAN_POINT('Origin',(6.7667098902285,11.24,-74.45));
#5372=CARTESIAN_POINT('',(-0.766709890228508,8.68176848606774,-74.4478373884821));
#5373=CARTESIAN_POINT('',(-0.833290109771502,8.67982763332192,-74.4523461069344));
#5374=CARTESIAN_POINT('',(6.7667098902285,8.68,-74.4499999999998));
#5375=CARTESIAN_POINT('Ctrl Pts',(-0.833290109771502,8.67982763332192,-74.4523461069344));
#5376=CARTESIAN_POINT('Ctrl Pts',(-0.865993857792848,8.68589953776469,-73.7950582069973));
#5377=CARTESIAN_POINT('Ctrl Pts',(-0.941078841711739,9.27886079821189,-72.2762535049277));
#5378=CARTESIAN_POINT('Ctrl Pts',(-1.05854506152818,11.8364602179432,-71.4824596443729));
#5379=CARTESIAN_POINT('Ctrl Pts',(-1.18568876922082,14.057805817792,-73.344544923083));
#5380=CARTESIAN_POINT('Ctrl Pts',(-1.31283247691346,13.6951840142591,-76.2203479912184));
#5381=CARTESIAN_POINT('Ctrl Pts',(-1.4399761846061,11.0811240803286,-77.4727171545047));
#5382=CARTESIAN_POINT('Ctrl Pts',(-1.54679539555878,9.00733545761186,-76.1961120643253));
#5383=CARTESIAN_POINT('Ctrl Pts',(-1.61123337061392,8.68457943216165,-74.8949021112578));
#5384=CARTESIAN_POINT('Ctrl Pts',(-1.6332901097715,8.68413408799564,-74.4497124949115));
#5385=CARTESIAN_POINT('Ctrl Pts',(-0.766709890228509,8.68176848606775,-74.4478373884821));
#5386=CARTESIAN_POINT('Ctrl Pts',(-0.779718726821881,8.67967508672317,-74.1858779143018));
#5387=CARTESIAN_POINT('Ctrl Pts',(-0.835108799312799,8.83724633152672,-73.0729439190069));
#5388=CARTESIAN_POINT('Ctrl Pts',(-0.932880107701265,10.4451891666518,-71.5293255007851));
#5389=CARTESIAN_POINT('Ctrl Pts',(-1.0600238153939,13.2650419151819,-72.2002735647865));
#5390=CARTESIAN_POINT('Ctrl Pts',(-1.18716752308654,14.2279028631045,-74.9342522814517));
#5391=CARTESIAN_POINT('Ctrl Pts',(-1.31431123077918,12.4508150345727,-77.2241648731594));
#5392=CARTESIAN_POINT('Ctrl Pts',(-1.44082535315984,9.57769068553206,-76.9713873419596));
#5393=CARTESIAN_POINT('Ctrl Pts',(-1.52495823964295,8.67685203911803,-75.2854276283666));
#5394=CARTESIAN_POINT('Ctrl Pts',(-1.56670989022851,8.67575359694607,-74.4497639861695));
#5395=CARTESIAN_POINT('Origin',(6.7667098902285,11.24,-74.45));
#5396=CARTESIAN_POINT('',(0.0332901097714923,8.68349143758356,-74.4513183572104));
#5397=CARTESIAN_POINT('',(-0.0332901097715003,8.67618143569126,-74.4490214572125));
#5398=CARTESIAN_POINT('',(6.7667098902285,8.68,-74.4499999999998));
#5399=CARTESIAN_POINT('Ctrl Pts',(-0.0332901097715002,8.67618143569126,
-74.4490214572125));
#5400=CARTESIAN_POINT('Ctrl Pts',(-0.0359918731766875,8.675917384886,-74.3949213029365));
#5401=CARTESIAN_POINT('Ctrl Pts',(-0.0810748724794213,8.70201102389372,
-73.4924380586315));
#5402=CARTESIAN_POINT('Ctrl Pts',(-0.168539107679702,9.76616498500626,-71.8061636011025));
#5403=CARTESIAN_POINT('Ctrl Pts',(-0.295682815372341,12.6646158280776,-71.7793202561873));
#5404=CARTESIAN_POINT('Ctrl Pts',(-0.422826523064981,14.2566740033502,-74.2015276430014));
#5405=CARTESIAN_POINT('Ctrl Pts',(-0.54997023075762,13.0823998631343,-76.8515876620122));
#5406=CARTESIAN_POINT('Ctrl Pts',(-0.677113938450259,10.2186192424932,-77.2993581561133));
#5407=CARTESIAN_POINT('Ctrl Pts',(-0.771553898121554,8.78716084728788,-75.6911396022549));
#5408=CARTESIAN_POINT('Ctrl Pts',(-0.823612621895302,8.67803087346455,-74.6468466173548));
#5409=CARTESIAN_POINT('Ctrl Pts',(-0.833290109771502,8.67982763332192,-74.4523461069344));
#5410=CARTESIAN_POINT('Ctrl Pts',(0.0332901097714923,8.68349143758356,-74.4513183572104));
#5411=CARTESIAN_POINT('Ctrl Pts',(0.00790202189673194,8.68587600986292,
-73.9392107220152));
#5412=CARTESIAN_POINT('Ctrl Pts',(-0.0598673018755747,9.08352888428525,
-72.5688144368203));
#5413=CARTESIAN_POINT('Ctrl Pts',(-0.170017861545428,11.3186320162161,-71.4241314009244));
#5414=CARTESIAN_POINT('Ctrl Pts',(-0.297161569238066,13.8264423370415,-72.8776196916691));
#5415=CARTESIAN_POINT('Ctrl Pts',(-0.424305276930707,13.9624488065463,-75.7730027546603));
#5416=CARTESIAN_POINT('Ctrl Pts',(-0.551448984623346,11.6019315878436,-77.4551737578571));
#5417=CARTESIAN_POINT('Ctrl Pts',(-0.665583855722614,9.1849950398148,-76.4914063777242));
#5418=CARTESIAN_POINT('Ctrl Pts',(-0.737337490924334,8.68649513176051,-75.0393105937844));
#5419=CARTESIAN_POINT('Ctrl Pts',(-0.766709890228509,8.68176848606775,-74.4478373884821));
#5420=CARTESIAN_POINT('Origin',(6.7667098902285,11.24,-74.45));
#5421=CARTESIAN_POINT('',(0.833290109771494,8.67694060573918,-74.4515640535639));
#5422=CARTESIAN_POINT('',(0.7667098902285,8.68277591761063,-74.4482052349029));
#5423=CARTESIAN_POINT('',(6.7667098902285,8.68,-74.4499999999998));
#5424=CARTESIAN_POINT('Ctrl Pts',(0.7667098902285,8.68277591761063,-74.4482052349029));
#5425=CARTESIAN_POINT('Ctrl Pts',(0.751628875541925,8.68081429939352,-74.1442169531817));
#5426=CARTESIAN_POINT('Ctrl Pts',(0.694166624957803,8.87168241634473,-72.9883319278008));
#5427=CARTESIAN_POINT('Ctrl Pts',(0.594323138476135,10.5886804325817,-71.4940156354894));
#5428=CARTESIAN_POINT('Ctrl Pts',(0.467179430783496,13.37242655391,-72.3017873954576));
#5429=CARTESIAN_POINT('Ctrl Pts',(0.340035723090855,14.2007077144777,-75.0795001338194));
#5430=CARTESIAN_POINT('Ctrl Pts',(0.212892015398217,12.3139784021121,-77.2799524667869));
#5431=CARTESIAN_POINT('Ctrl Pts',(0.0884500711107645,9.50341608308121,-76.8936849984056));
#5432=CARTESIAN_POINT('Ctrl Pts',(0.00638936272085911,8.68005942021207,
-75.2435638584105));
#5433=CARTESIAN_POINT('Ctrl Pts',(-0.0332901097715002,8.67618143569126,
-74.4490214572125));
#5434=CARTESIAN_POINT('Ctrl Pts',(0.833290109771494,8.67694060573918,-74.4515640535639));
#5435=CARTESIAN_POINT('Ctrl Pts',(0.795522770615345,8.68237702836721,-73.6947182108038));
#5436=CARTESIAN_POINT('Ctrl Pts',(0.71537419556165,9.43799348559733,-72.0791324918026));
#5437=CARTESIAN_POINT('Ctrl Pts',(0.592844384610409,12.1854323855492,-71.5745486966148));
#5438=CARTESIAN_POINT('Ctrl Pts',(0.46570067691777,14.1693522395687,-73.6877930400953));
#5439=CARTESIAN_POINT('Ctrl Pts',(0.33855696922513,13.467015029587,-76.4999922041018));
#5440=CARTESIAN_POINT('Ctrl Pts',(0.21141326153249,10.7224738587307,-77.4323196229978));
#5441=CARTESIAN_POINT('Ctrl Pts',(0.109657641714611,8.90577808165929,-75.989742193892));
#5442=CARTESIAN_POINT('Ctrl Pts',(0.0502832577942785,8.68189535874872,-74.7940901678091));
#5443=CARTESIAN_POINT('Ctrl Pts',(0.0332901097714923,8.68349143758356,-74.4513183572104));
#5444=CARTESIAN_POINT('Origin',(6.7667098902285,11.24,-74.45));
#5445=CARTESIAN_POINT('',(1.63329010977149,8.67866113401505,-74.4478037840914));
#5446=CARTESIAN_POINT('',(1.5667098902285,8.68270841839559,-74.4518261954948));
#5447=CARTESIAN_POINT('',(6.7667098902285,8.68,-74.4499999999998));
#5448=CARTESIAN_POINT('Ctrl Pts',(1.5667098902285,8.68270841839559,-74.4518261954948));
#5449=CARTESIAN_POINT('Ctrl Pts',(1.53924962426054,8.68635425628296,-73.8983480588855));
#5450=CARTESIAN_POINT('Ctrl Pts',(1.46940812239503,9.13485894313249,-72.4852701900205));
#5451=CARTESIAN_POINT('Ctrl Pts',(1.35718538463197,11.4662183761688,-71.4315728766904));
#5452=CARTESIAN_POINT('Ctrl Pts',(1.23004167693933,13.9000988478157,-73.0057267109818));
#5453=CARTESIAN_POINT('Ctrl Pts',(1.10289796924669,13.8946352256443,-75.9042947852355));
#5454=CARTESIAN_POINT('Ctrl Pts',(0.975754261554052,11.4548320240002,-77.4692564572181));
#5455=CARTESIAN_POINT('Ctrl Pts',(0.863691568547989,9.1307877364094,-76.4082968527279));
#5456=CARTESIAN_POINT('Ctrl Pts',(0.794010111439471,8.68632691284347,-74.9984962802342));
#5457=CARTESIAN_POINT('Ctrl Pts',(0.7667098902285,8.68277591761063,-74.4482052349029));
#5458=CARTESIAN_POINT('Ctrl Pts',(1.63329010977149,8.67866113401505,-74.4478037840914));
#5459=CARTESIAN_POINT('Ctrl Pts',(1.6255247552315,8.67724344137746,-74.2919207491522));
#5460=CARTESIAN_POINT('Ctrl Pts',(1.57537816479397,8.76123483964316,-73.2867895666037));
#5461=CARTESIAN_POINT('Ctrl Pts',(1.48285033845888,10.0913273085172,-71.6495070074984));
#5462=CARTESIAN_POINT('Ctrl Pts',(1.35570663076624,12.9723659982646,-71.9678836799807));
#5463=CARTESIAN_POINT('Ctrl Pts',(1.22856292307361,14.264804720062,-74.5623475779723));
#5464=CARTESIAN_POINT('Ctrl Pts',(1.10141921538097,12.7834531978895,-77.0538111426224));
#5465=CARTESIAN_POINT('Ctrl Pts',(0.974275507688327,9.8867344428855,-77.1575315003551));
#5466=CARTESIAN_POINT('Ctrl Pts',(0.884899139151836,8.72281182169087,-75.4851174002105));
#5467=CARTESIAN_POINT('Ctrl Pts',(0.837904006512892,8.67627645800707,-74.5440251229873));
#5468=CARTESIAN_POINT('Ctrl Pts',(0.833290109771494,8.67694060573918,-74.4515640535639));
#5469=CARTESIAN_POINT('Origin',(6.7667098902285,11.24,-74.45));
#5470=CARTESIAN_POINT('',(2.43329010977149,8.68529674349569,-74.4472742572464));
#5471=CARTESIAN_POINT('',(2.3667098902285,8.67629373625636,-74.4507282478961));
#5472=CARTESIAN_POINT('',(6.7667098902285,8.68,-74.4499999999998));
#5473=CARTESIAN_POINT('',(2.5,9.02340962469153,-75.7307525553712));
#5474=CARTESIAN_POINT('Ctrl Pts',(2.5,9.02340962469153,-75.7307525553712));
#5475=CARTESIAN_POINT('Ctrl Pts',(2.47776336992383,8.79973120604157,-75.3436337260045));
#5476=CARTESIAN_POINT('Ctrl Pts',(2.45552673984766,8.68656521903764,-74.894998659169));
#5477=CARTESIAN_POINT('Ctrl Pts',(2.43329010977149,8.68545070163673,-74.4471950292665));
#5478=CARTESIAN_POINT('',(2.5,9.95699950091365,-76.6707139369991));
#5479=CARTESIAN_POINT('Origin',(2.5,11.24,-74.45));
#5480=CARTESIAN_POINT('Ctrl Pts',(2.5,9.95699915505289,-76.670714571436));
#5481=CARTESIAN_POINT('Ctrl Pts',(2.4581116820577,9.23122052113516,-76.2508524765195));
#5482=CARTESIAN_POINT('Ctrl Pts',(2.4136816454672,8.70011543597125,-75.391171141468));
#5483=CARTESIAN_POINT('Ctrl Pts',(2.3692516088767,8.6760515028091,-74.5016279499396));
#5484=CARTESIAN_POINT('Ctrl Pts',(2.3667098902285,8.67629373625636,-74.4507282478961));
#5485=CARTESIAN_POINT('Origin',(-0.640671393088053,165.,-74.45));
#5486=CARTESIAN_POINT('',(-4.28905627902249,162.885774084092,-74.4511281337786));
#5487=CARTESIAN_POINT('',(-4.51094372097752,162.881219920908,-74.4516341871178));
#5488=CARTESIAN_POINT('',(-0.640671393088053,162.883,-74.45));
#5489=CARTESIAN_POINT('',(-5.,166.619925694389,-75.8129122292573));
#5490=CARTESIAN_POINT('Ctrl Pts',(-4.51094372097752,162.881219920908,-74.4516341871178));
#5491=CARTESIAN_POINT('Ctrl Pts',(-4.54681877295905,162.886305947864,-73.8566097058823));
#5492=CARTESIAN_POINT('Ctrl Pts',(-4.58269382494058,163.148617404901,-73.2577199533965));
#5493=CARTESIAN_POINT('Ctrl Pts',(-4.61856887692211,163.592900861458,-72.8635872580791));
#5494=CARTESIAN_POINT('Ctrl Pts',(-4.66095011281965,164.117758135182,-72.3979759261768));
#5495=CARTESIAN_POINT('Ctrl Pts',(-4.7033313487172,164.896576230584,-72.2181243299493));
#5496=CARTESIAN_POINT('Ctrl Pts',(-4.74571258461475,165.571946370562,-72.4076321021774));
#5497=CARTESIAN_POINT('Ctrl Pts',(-4.78809382051229,166.247316510539,-72.5971398744055));
#5498=CARTESIAN_POINT('Ctrl Pts',(-4.83047505640984,166.819238695091,-73.1560070150891));
#5499=CARTESIAN_POINT('Ctrl Pts',(-4.87285629230738,167.02580622571,-73.8251474005828));
#5500=CARTESIAN_POINT('Ctrl Pts',(-4.91523752820493,167.232373756328,-74.4942877860765));
#5501=CARTESIAN_POINT('Ctrl Pts',(-4.95761876410248,167.073586633013,-75.2737014163802));
#5502=CARTESIAN_POINT('Ctrl Pts',(-5.00000000000002,166.619925694389,-75.8129122292573));
#5503=CARTESIAN_POINT('',(-5.00000000000001,163.376996606643,-75.8153712727558));
#5504=CARTESIAN_POINT('Origin',(-5.,165.,-74.45));
#5505=CARTESIAN_POINT('Ctrl Pts',(-5.,163.37699611411,-75.8153716662844));
#5506=CARTESIAN_POINT('Ctrl Pts',(-4.95811168205769,163.823650296536,-76.3456276756906));
#5507=CARTESIAN_POINT('Ctrl Pts',(-4.91622336411538,164.555936201297,-76.6364518805538));
#5508=CARTESIAN_POINT('Ctrl Pts',(-4.87433504617307,165.244753377311,-76.5563539913736));
#5509=CARTESIAN_POINT('Ctrl Pts',(-4.83195381027552,165.941676162971,-76.4753135556866));
#5510=CARTESIAN_POINT('Ctrl Pts',(-4.78957257437798,166.594101169996,-76.0145700620263));
#5511=CARTESIAN_POINT('Ctrl Pts',(-4.74719133848043,166.903315558263,-75.3850033394965));
#5512=CARTESIAN_POINT('Ctrl Pts',(-4.70481010258288,167.212529946529,-74.7554366169668));
#5513=CARTESIAN_POINT('Ctrl Pts',(-4.66242886668533,167.178533716037,-73.9570466655678));
#5514=CARTESIAN_POINT('Ctrl Pts',(-4.62004763078779,166.816709526028,-73.3560771325853));
#5515=CARTESIAN_POINT('Ctrl Pts',(-4.57766639489024,166.454885336019,-72.7551075996029));
#5516=CARTESIAN_POINT('Ctrl Pts',(-4.5352851589927,165.765233186493,-72.3515584850371));
#5517=CARTESIAN_POINT('Ctrl Pts',(-4.49290392309515,165.06406112614,-72.3303755561937));
#5518=CARTESIAN_POINT('Ctrl Pts',(-4.4505226871976,164.362889065786,-72.3091926273503));
#5519=CARTESIAN_POINT('Ctrl Pts',(-4.40814145130005,163.650197094605,-72.6703758842291));
#5520=CARTESIAN_POINT('Ctrl Pts',(-4.36576021540251,163.252712841743,-73.2483604907254));
#5521=CARTESIAN_POINT('Ctrl Pts',(-4.34019223660917,163.012916414559,-73.5970501371883));
#5522=CARTESIAN_POINT('Ctrl Pts',(-4.31462425781583,162.887840849937,-74.0246453319202));
#5523=CARTESIAN_POINT('Ctrl Pts',(-4.28905627902249,162.885774084092,-74.4511281337786));
#5524=CARTESIAN_POINT('Origin',(-0.640671393088053,165.,-74.45));
#5525=CARTESIAN_POINT('',(-3.48905627902248,162.880331783959,-74.4512523176657));
#5526=CARTESIAN_POINT('',(-3.71094372097752,162.880926936273,-74.4484504327642));
#5527=CARTESIAN_POINT('',(-0.640671393088053,162.883,-74.45));
#5528=CARTESIAN_POINT('Ctrl Pts',(-3.71094372097752,162.880926936273,-74.4484504327642));
#5529=CARTESIAN_POINT('Ctrl Pts',(-3.71681678834289,162.880126983613,-74.3510561946681));
#5530=CARTESIAN_POINT('Ctrl Pts',(-3.72268985570826,162.8862593296,-74.2537632826871));
#5531=CARTESIAN_POINT('Ctrl Pts',(-3.72856292307362,162.89966824979,-74.1574838385526));
#5532=CARTESIAN_POINT('Ctrl Pts',(-3.77094415897117,162.996429716048,-73.4627119961573));
#5533=CARTESIAN_POINT('Ctrl Pts',(-3.81332539486872,163.472108306159,-72.8207150325462));
#5534=CARTESIAN_POINT('Ctrl Pts',(-3.85570663076627,164.108603706676,-72.5258465750636));
#5535=CARTESIAN_POINT('Ctrl Pts',(-3.89808786666381,164.745099107194,-72.230978117581));
#5536=CARTESIAN_POINT('Ctrl Pts',(-3.94046910256136,165.542411318119,-72.2832381662269));
#5537=CARTESIAN_POINT('Ctrl Pts',(-3.98285033845891,166.134963645587,-72.6586786964443));
#5538=CARTESIAN_POINT('Ctrl Pts',(-4.02523157435645,166.727515973055,-73.0341192266618));
#5539=CARTESIAN_POINT('Ctrl Pts',(-4.067612810254,167.115308417066,-73.7327402384508));
#5540=CARTESIAN_POINT('Ctrl Pts',(-4.10999404615155,167.12054267987,-74.4341906567854));
#5541=CARTESIAN_POINT('Ctrl Pts',(-4.15237528204909,167.125776942674,-75.1356410751201));
#5542=CARTESIAN_POINT('Ctrl Pts',(-4.19475651794664,166.748453024273,-75.8399209000004));
#5543=CARTESIAN_POINT('Ctrl Pts',(-4.23713775384419,166.161561377454,-76.2241725179001));
#5544=CARTESIAN_POINT('Ctrl Pts',(-4.27951898974173,165.574669730636,-76.6084241357997));
#5545=CARTESIAN_POINT('Ctrl Pts',(-4.32190022563928,164.778210355402,-76.6726475467187));
#5546=CARTESIAN_POINT('Ctrl Pts',(-4.36428146153682,164.137397285031,-76.3872708800945));
#5547=CARTESIAN_POINT('Ctrl Pts',(-4.40666269743437,163.49658421466,-76.1018942134704));
#5548=CARTESIAN_POINT('Ctrl Pts',(-4.44904393333192,163.011417449152,-75.466917469303));
#5549=CARTESIAN_POINT('Ctrl Pts',(-4.49142516922946,162.904282292421,-74.7737435634308));
#5550=CARTESIAN_POINT('Ctrl Pts',(-4.49793135314548,162.887835366823,-74.6673305053431));
#5551=CARTESIAN_POINT('Ctrl Pts',(-4.5044375370615,162.880297535435,-74.5595459111606));
#5552=CARTESIAN_POINT('Ctrl Pts',(-4.51094372097752,162.881219920908,-74.4516341871178));
#5553=CARTESIAN_POINT('Ctrl Pts',(-4.28905627902249,162.885774084092,-74.4511281337786));
#5554=CARTESIAN_POINT('Ctrl Pts',(-4.27224302191828,162.884414998738,-74.73157912508));
#5555=CARTESIAN_POINT('Ctrl Pts',(-4.25542976481407,162.936248007815,-75.0115490897609));
#5556=CARTESIAN_POINT('Ctrl Pts',(-4.23861650770987,163.043629857278,-75.2682842379554));
#5557=CARTESIAN_POINT('Ctrl Pts',(-4.19623527181232,163.314307660217,-75.9154374225753));
#5558=CARTESIAN_POINT('Ctrl Pts',(-4.15385403591478,163.937939800637,-76.4149578357013));
#5559=CARTESIAN_POINT('Ctrl Pts',(-4.11147280001723,164.628575955927,-76.5378210287187));
#5560=CARTESIAN_POINT('Ctrl Pts',(-4.06909156411968,165.319212111218,-76.660684221736));
#5561=CARTESIAN_POINT('Ctrl Pts',(-4.02671032822214,166.076852281379,-76.4068901946445));
#5562=CARTESIAN_POINT('Ctrl Pts',(-3.98432909232459,166.554118209578,-75.8928009154969));
#5563=CARTESIAN_POINT('Ctrl Pts',(-3.94194785642704,167.031384137777,-75.3787116363493));
#5564=CARTESIAN_POINT('Ctrl Pts',(-3.89956662052949,167.228275824015,-74.6043271051455));
#5565=CARTESIAN_POINT('Ctrl Pts',(-3.85718538463195,167.054514633138,-73.9247101385179));
#5566=CARTESIAN_POINT('Ctrl Pts',(-3.8148041487344,166.88075344226,-73.2450931718903));
#5567=CARTESIAN_POINT('Ctrl Pts',(-3.77242291283685,166.336339374269,-72.6602437698389));
#5568=CARTESIAN_POINT('Ctrl Pts',(-3.73004167693931,165.670891246011,-72.4383184838193));
#5569=CARTESIAN_POINT('Ctrl Pts',(-3.68766044104176,165.005443117753,-72.2163931977997));
#5570=CARTESIAN_POINT('Ctrl Pts',(-3.64527920514422,164.21896092923,-72.3573920278119));
#5571=CARTESIAN_POINT('Ctrl Pts',(-3.60289796924667,163.672051721278,-72.796666497793));
#5572=CARTESIAN_POINT('Ctrl Pts',(-3.56495073917194,163.182361198937,-73.189983233969));
#5573=CARTESIAN_POINT('Ctrl Pts',(-3.52700350909721,162.884736796324,-73.8224281249203));
#5574=CARTESIAN_POINT('Ctrl Pts',(-3.48905627902248,162.880331783959,-74.4512523176657));
#5575=CARTESIAN_POINT('Origin',(-0.640671393088053,165.,-74.45));
#5576=CARTESIAN_POINT('',(-2.68905627902248,162.881913059646,-74.4481635622706));
#5577=CARTESIAN_POINT('',(-2.91094372097752,162.88609782597,-74.449213805312));
#5578=CARTESIAN_POINT('',(-0.640671393088053,162.883,-74.45));
#5579=CARTESIAN_POINT('Ctrl Pts',(-2.91094372097752,162.88609782597,-74.449213805312));
#5580=CARTESIAN_POINT('Ctrl Pts',(-2.92919603962428,162.885083322223,-74.1446429700542));
#5581=CARTESIAN_POINT('Ctrl Pts',(-2.94744835827103,162.946541621867,-73.8404624353026));
#5582=CARTESIAN_POINT('Ctrl Pts',(-2.96570067691779,163.072497131694,-73.5658663772688));
#5583=CARTESIAN_POINT('Ctrl Pts',(-3.00808191281534,163.364961353795,-72.9282640793199));
#5584=CARTESIAN_POINT('Ctrl Pts',(-3.05046314871288,164.005163518319,-72.4501670534974));
#5585=CARTESIAN_POINT('Ctrl Pts',(-3.09284438461043,164.699566468723,-72.3507860580224));
#5586=CARTESIAN_POINT('Ctrl Pts',(-3.13522562050798,165.393969419128,-72.2514050625475));
#5587=CARTESIAN_POINT('Ctrl Pts',(-3.17760685640552,166.142573155414,-72.5307400974201));
#5588=CARTESIAN_POINT('Ctrl Pts',(-3.21998809230307,166.602137580876,-73.0607142530284));
#5589=CARTESIAN_POINT('Ctrl Pts',(-3.26236932820062,167.061702006338,-73.5906884086366));
#5590=CARTESIAN_POINT('Ctrl Pts',(-3.30475056409816,167.232227120975,-74.3713016849806));
#5591=CARTESIAN_POINT('Ctrl Pts',(-3.34713179999571,167.035526051069,-75.0446370922118));
#5592=CARTESIAN_POINT('Ctrl Pts',(-3.38951303589325,166.838824981164,-75.717972499443));
#5593=CARTESIAN_POINT('Ctrl Pts',(-3.4318942717908,166.274897726715,-76.2840300375616));
#5594=CARTESIAN_POINT('Ctrl Pts',(-3.47427550768835,165.6023087039,-76.4832690645587));
#5595=CARTESIAN_POINT('Ctrl Pts',(-3.51665674358589,164.929719681085,-76.6825080915558));
#5596=CARTESIAN_POINT('Ctrl Pts',(-3.55903797948344,164.148468889902,-76.5149286074315));
#5597=CARTESIAN_POINT('Ctrl Pts',(-3.60141921538099,163.616765665514,-76.0573655047795));
#5598=CARTESIAN_POINT('Ctrl Pts',(-3.63792738391316,163.158744314462,-75.6632101548481));
#5599=CARTESIAN_POINT('Ctrl Pts',(-3.67443555244534,162.885899602975,-75.0538726146115));
#5600=CARTESIAN_POINT('Ctrl Pts',(-3.71094372097752,162.880926936273,-74.4484504327642));
#5601=CARTESIAN_POINT('Ctrl Pts',(-3.48905627902248,162.880331783959,-74.4512523176657));
#5602=CARTESIAN_POINT('Ctrl Pts',(-3.48462227319966,162.879817073124,-74.5247283033087));
#5603=CARTESIAN_POINT('Ctrl Pts',(-3.48018826737685,162.883305725958,-74.5981548550734));
#5604=CARTESIAN_POINT('Ctrl Pts',(-3.47575426155403,162.890959114567,-74.6711447102121));
#5605=CARTESIAN_POINT('Ctrl Pts',(-3.43337302565648,162.964111943186,-75.3687983427));
#5606=CARTESIAN_POINT('Ctrl Pts',(-3.39099178975894,163.417753827804,-76.0265554977259));
#5607=CARTESIAN_POINT('Ctrl Pts',(-3.34861055386139,164.04388666189,-76.3428300213312));
#5608=CARTESIAN_POINT('Ctrl Pts',(-3.30622931796385,164.670019495976,-76.6591045449365));
#5609=CARTESIAN_POINT('Ctrl Pts',(-3.2638480820663,165.468643279529,-76.6338964371212));
#5610=CARTESIAN_POINT('Ctrl Pts',(-3.22146684616875,166.073583474543,-76.2787637402466));
#5611=CARTESIAN_POINT('Ctrl Pts',(-3.17908561027121,166.678523669558,-75.9236310433721));
#5612=CARTESIAN_POINT('Ctrl Pts',(-3.13670437437366,167.089780276034,-75.2385737574382));
#5613=CARTESIAN_POINT('Ctrl Pts',(-3.09432313847611,167.118789231149,-74.5376954704102));
#5614=CARTESIAN_POINT('Ctrl Pts',(-3.05194190257857,167.147798186265,-73.8368171833823));
#5615=CARTESIAN_POINT('Ctrl Pts',(-3.00956066668102,166.794559490021,-73.1201178952603));
#5616=CARTESIAN_POINT('Ctrl Pts',(-2.96717943078348,166.221035572146,-72.7162092372301));
#5617=CARTESIAN_POINT('Ctrl Pts',(-2.92479819488593,165.64751165427,-72.3123005791999));
#5618=CARTESIAN_POINT('Ctrl Pts',(-2.88241695898838,164.853702514763,-72.2211825512615));
#5619=CARTESIAN_POINT('Ctrl Pts',(-2.84003572309083,164.203575196953,-72.4846334129701));
#5620=CARTESIAN_POINT('Ctrl Pts',(-2.79765448719329,163.553447879143,-72.7480842746787));
#5621=CARTESIAN_POINT('Ctrl Pts',(-2.75527325129574,163.04700238303,-73.3661040260343));
#5622=CARTESIAN_POINT('Ctrl Pts',(-2.71289201539819,162.916447518528,-74.0553262801208));
#5623=CARTESIAN_POINT('Ctrl Pts',(-2.70494676993962,162.891972289755,-74.1845353479607));
#5624=CARTESIAN_POINT('Ctrl Pts',(-2.69700152448105,162.880707854507,-74.3162468499742));
#5625=CARTESIAN_POINT('Ctrl Pts',(-2.68905627902248,162.881913059646,-74.4481635622706));
#5626=CARTESIAN_POINT('Origin',(-0.640671393088053,165.,-74.45));
#5627=CARTESIAN_POINT('',(-1.88905627902248,162.886349124428,-74.4497622389333));
#5628=CARTESIAN_POINT('',(-2.11094372097752,162.883813274894,-74.4518981939651));
#5629=CARTESIAN_POINT('',(-0.640671393088053,162.883,-74.45));
#5630=CARTESIAN_POINT('Ctrl Pts',(-2.11094372097752,162.883813274894,-74.4518981939651));
#5631=CARTESIAN_POINT('Ctrl Pts',(-2.14157529090566,162.888228704231,-73.9421462903854));
#5632=CARTESIAN_POINT('Ctrl Pts',(-2.17220686083381,163.073180562022,-73.429520796376));
#5633=CARTESIAN_POINT('Ctrl Pts',(-2.20283843076195,163.408152626238,-73.0489355826814));
#5634=CARTESIAN_POINT('Ctrl Pts',(-2.2452196666595,163.871613366444,-72.5223653886449));
#5635=CARTESIAN_POINT('Ctrl Pts',(-2.28760090255705,164.62225694366,-72.2485591602369));
#5636=CARTESIAN_POINT('Ctrl Pts',(-2.32998213845459,165.3159080209,-72.3530589698569));
#5637=CARTESIAN_POINT('Ctrl Pts',(-2.37236337435214,166.009559098139,-72.4575587794769));
#5638=CARTESIAN_POINT('Ctrl Pts',(-2.41474461024969,166.646217675403,-72.9403646271248));
#5639=CARTESIAN_POINT('Ctrl Pts',(-2.45712584614723,166.933971335755,-73.580106652259));
#5640=CARTESIAN_POINT('Ctrl Pts',(-2.49950708204478,167.221724996107,-74.2198486773931));
#5641=CARTESIAN_POINT('Ctrl Pts',(-2.54188831794233,167.160573739548,-75.0165268800136));
#5642=CARTESIAN_POINT('Ctrl Pts',(-2.58426955383987,166.778555846486,-75.6048587207971));
#5643=CARTESIAN_POINT('Ctrl Pts',(-2.62665078973742,166.396537953425,-76.1931905615807));
#5644=CARTESIAN_POINT('Ctrl Pts',(-2.66903202563497,165.693653423862,-76.5731760405274));
#5645=CARTESIAN_POINT('Ctrl Pts',(-2.71141326153251,164.99217973507,-76.5705891626497));
#5646=CARTESIAN_POINT('Ctrl Pts',(-2.75379449743006,164.290706046279,-76.5680022847721));
#5647=CARTESIAN_POINT('Ctrl Pts',(-2.7961757333276,163.590643198258,-76.1828430500701));
#5648=CARTESIAN_POINT('Ctrl Pts',(-2.83855696922515,163.212974914086,-75.5917096476815));
#5649=CARTESIAN_POINT('Ctrl Pts',(-2.86268588647594,162.997956956634,-75.2551595530855));
#5650=CARTESIAN_POINT('Ctrl Pts',(-2.88681480372673,162.887438963907,-74.8518456365421));
#5651=CARTESIAN_POINT('Ctrl Pts',(-2.91094372097752,162.88609782597,-74.449213805312));
#5652=CARTESIAN_POINT('Ctrl Pts',(-2.68905627902248,162.881913059646,-74.4481635622706));
#5653=CARTESIAN_POINT('Ctrl Pts',(-2.65462028858351,162.887136615403,-75.0199121214646));
#5654=CARTESIAN_POINT('Ctrl Pts',(-2.62018429814453,163.126601999196,-75.5955155497893));
#5655=CARTESIAN_POINT('Ctrl Pts',(-2.58574830770556,163.539966650969,-75.9879404752868));
#5656=CARTESIAN_POINT('Ctrl Pts',(-2.54336707180801,164.048704880803,-76.4709076595488));
#5657=CARTESIAN_POINT('Ctrl Pts',(-2.50098583591046,164.820845573362,-76.6764172712553));
#5658=CARTESIAN_POINT('Ctrl Pts',(-2.45860460001292,165.5023568142,-76.5102417135623));
#5659=CARTESIAN_POINT('Ctrl Pts',(-2.41622336411537,166.183868055038,-76.3440661558692));
#5660=CARTESIAN_POINT('Ctrl Pts',(-2.37384212821782,166.774749844155,-75.8062054287766));
#5661=CARTESIAN_POINT('Ctrl Pts',(-2.33146089232028,167.004078742719,-75.143272442804));
#5662=CARTESIAN_POINT('Ctrl Pts',(-2.28907965642273,167.233407641282,-74.4803394568314));
#5663=CARTESIAN_POINT('Ctrl Pts',(-2.24669842052518,167.101183649293,-73.6923342119787));
#5664=CARTESIAN_POINT('Ctrl Pts',(-2.20431718462764,166.668032393256,-73.1405626315925));
#5665=CARTESIAN_POINT('Ctrl Pts',(-2.16193594873009,166.23488113722,-72.5887910512063));
#5666=CARTESIAN_POINT('Ctrl Pts',(-2.11955471283254,165.500802617137,-72.2732531352864));
#5667=CARTESIAN_POINT('Ctrl Pts',(-2.077173476935,164.802376975438,-72.3386252281884));
#5668=CARTESIAN_POINT('Ctrl Pts',(-2.03479224103745,164.103951333739,-72.4039973210903));
#5669=CARTESIAN_POINT('Ctrl Pts',(-1.9924110051399,163.441178570424,-72.8502794228141));
#5670=CARTESIAN_POINT('Ctrl Pts',(-1.95002976924236,163.117944639176,-73.4728480641933));
#5671=CARTESIAN_POINT('Ctrl Pts',(-1.9297052725024,162.962933421528,-73.7714093037168));
#5672=CARTESIAN_POINT('Ctrl Pts',(-1.90938077576244,162.886009757556,-74.1105131360975));
#5673=CARTESIAN_POINT('Ctrl Pts',(-1.88905627902248,162.886349124428,-74.4497622389333));
#5674=CARTESIAN_POINT('Origin',(-0.640671393088053,165.,-74.45));
#5675=CARTESIAN_POINT('',(-1.08905627902248,162.882787771049,-74.4519401843207));
#5676=CARTESIAN_POINT('',(-1.31094372097752,162.879418696909,-74.4498048212062));
#5677=CARTESIAN_POINT('',(-0.640671393088053,162.883,-74.45));
#5678=CARTESIAN_POINT('Ctrl Pts',(-1.31094372097752,162.879418696909,-74.4498048212062));
#5679=CARTESIAN_POINT('Ctrl Pts',(-1.31157330628951,162.87940499903,-74.4393838638523));
#5680=CARTESIAN_POINT('Ctrl Pts',(-1.31220289160149,162.879475158959,-74.428963096047));
#5681=CARTESIAN_POINT('Ctrl Pts',(-1.31283247691348,162.879629736041,-74.4185435805991));
#5682=CARTESIAN_POINT('Ctrl Pts',(-1.35521371281102,162.890035264325,-73.7171423030772));
#5683=CARTESIAN_POINT('Ctrl Pts',(-1.39759494870857,163.282973664878,-73.0214160317868));
#5684=CARTESIAN_POINT('Ctrl Pts',(-1.43997618460612,163.878279929139,-72.6503601345726));
#5685=CARTESIAN_POINT('Ctrl Pts',(-1.48235742050366,164.4735861934,-72.2793042373583));
#5686=CARTESIAN_POINT('Ctrl Pts',(-1.52473865640121,165.271260321368,-72.2329187142202));
#5687=CARTESIAN_POINT('Ctrl Pts',(-1.56711989229876,165.905563138937,-72.5324716523631));
#5688=CARTESIAN_POINT('Ctrl Pts',(-1.6095011281963,166.539865956506,-72.832024590506));
#5689=CARTESIAN_POINT('Ctrl Pts',(-1.65188236409385,167.010797463676,-73.47751598993));
#5690=CARTESIAN_POINT('Ctrl Pts',(-1.6942635999914,167.10243226628,-74.1729835233835));
#5691=CARTESIAN_POINT('Ctrl Pts',(-1.73664483588894,167.194067068884,-74.8684510568369));
#5692=CARTESIAN_POINT('Ctrl Pts',(-1.77902607178649,166.906405166922,-75.6138947243197));
#5693=CARTESIAN_POINT('Ctrl Pts',(-1.82140730768404,166.371341557068,-76.0675233836001));
#5694=CARTESIAN_POINT('Ctrl Pts',(-1.86378854358158,165.836277947214,-76.5211520428805));
#5695=CARTESIAN_POINT('Ctrl Pts',(-1.90616977947913,165.053812629468,-76.6829656939585));
#5696=CARTESIAN_POINT('Ctrl Pts',(-1.94855101537667,164.382711431914,-76.4787716446661));
#5697=CARTESIAN_POINT('Ctrl Pts',(-1.99093225127422,163.71161023436,-76.2745775953738));
#5698=CARTESIAN_POINT('Ctrl Pts',(-2.03331348717177,163.151873156997,-75.7043758457111));
#5699=CARTESIAN_POINT('Ctrl Pts',(-2.07569472306931,162.960143569915,-75.0296078910471));
#5700=CARTESIAN_POINT('Ctrl Pts',(-2.08744438903871,162.906988947192,-74.8425369407491));
#5701=CARTESIAN_POINT('Ctrl Pts',(-2.09919405500812,162.882119603301,-74.6474289685345));
#5702=CARTESIAN_POINT('Ctrl Pts',(-2.11094372097752,162.883813274894,-74.4518981939651));
#5703=CARTESIAN_POINT('Ctrl Pts',(-1.88905627902248,162.886349124428,-74.4497622389333));
#5704=CARTESIAN_POINT('Ctrl Pts',(-1.86699953986489,162.886717415297,-74.8179253017847));
#5705=CARTESIAN_POINT('Ctrl Pts',(-1.84494280070731,162.978080124577,-75.1862594529359));
#5706=CARTESIAN_POINT('Ctrl Pts',(-1.82288606154972,163.1593834304,-75.5031329121008));
#5707=CARTESIAN_POINT('Ctrl Pts',(-1.78050482565217,163.507751252053,-76.1119939375946));
#5708=CARTESIAN_POINT('Ctrl Pts',(-1.73812358975463,164.188181994541,-76.5308608075479));
#5709=CARTESIAN_POINT('Ctrl Pts',(-1.69574235385708,164.888693397107,-76.5676801285853));
#5710=CARTESIAN_POINT('Ctrl Pts',(-1.65336111795953,165.589204799675,-76.6044994496227));
#5711=CARTESIAN_POINT('Ctrl Pts',(-1.61097988206199,166.309796862321,-76.2592712217442));
#5712=CARTESIAN_POINT('Ctrl Pts',(-1.56859864616444,166.720073077722,-75.6902850052087));
#5713=CARTESIAN_POINT('Ctrl Pts',(-1.52621741026689,167.130349293122,-75.1212987886731));
#5714=CARTESIAN_POINT('Ctrl Pts',(-1.48383617436935,167.230309661277,-74.3285545834805));
#5715=CARTESIAN_POINT('Ctrl Pts',(-1.4414549384718,166.974121653325,-73.6755311596195));
#5716=CARTESIAN_POINT('Ctrl Pts',(-1.39907370257425,166.717933645373,-73.0225077357586));
#5717=CARTESIAN_POINT('Ctrl Pts',(-1.35669246667671,166.105597261315,-72.5092050932293));
#5718=CARTESIAN_POINT('Ctrl Pts',(-1.31431123077916,165.417873021681,-72.3709760884976));
#5719=CARTESIAN_POINT('Ctrl Pts',(-1.27192999488162,164.730148782047,-72.232747083766));
#5720=CARTESIAN_POINT('Ctrl Pts',(-1.22954875898407,163.967036686837,-72.469591716832));
#5721=CARTESIAN_POINT('Ctrl Pts',(-1.18716752308652,163.478428976087,-72.9729150647176));
#5722=CARTESIAN_POINT('Ctrl Pts',(-1.15446377506518,163.101391753948,-73.3613077010793));
#5723=CARTESIAN_POINT('Ctrl Pts',(-1.12176002704383,162.887809116684,-73.9083760095791));
#5724=CARTESIAN_POINT('Ctrl Pts',(-1.08905627902248,162.882787771049,-74.4519401843207));
#5725=CARTESIAN_POINT('Origin',(-0.640671393088053,165.,-74.45));
#5726=CARTESIAN_POINT('',(-0.28905627902248,162.87977243738,-74.4491907642347));
#5727=CARTESIAN_POINT('',(-0.510943720977517,162.884392891822,-74.4482115628356));
#5728=CARTESIAN_POINT('',(-0.640671393088053,162.883,-74.45));
#5729=CARTESIAN_POINT('Ctrl Pts',(-0.510943720977517,162.884392891822,-74.4482115628356));
#5730=CARTESIAN_POINT('Ctrl Pts',(-0.523952557570891,162.882661691767,-74.2315762338621));
#5731=CARTESIAN_POINT('Ctrl Pts',(-0.536961394164265,162.913265724925,-74.0154183369243));
#5732=CARTESIAN_POINT('Ctrl Pts',(-0.54997023075764,162.978234844954,-73.810136561089));
#5733=CARTESIAN_POINT('Ctrl Pts',(-0.592351466655187,163.189896478356,-73.1413530534561));
#5734=CARTESIAN_POINT('Ctrl Pts',(-0.634732702552734,163.766301781748,-72.5880063652058));
#5735=CARTESIAN_POINT('Ctrl Pts',(-0.677113938450281,164.443164886724,-72.4038098281894));
#5736=CARTESIAN_POINT('Ctrl Pts',(-0.719495174347827,165.120027991699,-72.2196132911729));
#5737=CARTESIAN_POINT('Ctrl Pts',(-0.761876410245373,165.897348898258,-72.4045669053903));
#5738=CARTESIAN_POINT('Ctrl Pts',(-0.804257646142919,166.418720526851,-72.8738681434285));
#5739=CARTESIAN_POINT('Ctrl Pts',(-0.846638882040466,166.940092155444,-73.3431693814666));
#5740=CARTESIAN_POINT('Ctrl Pts',(-0.889020117938012,167.20551450607,-74.0968182433256));
#5741=CARTESIAN_POINT('Ctrl Pts',(-0.931401353835558,167.093289572106,-74.7892614477295));
#5742=CARTESIAN_POINT('Ctrl Pts',(-0.973782589733105,166.981064638143,-75.4817046521334));
#5743=CARTESIAN_POINT('Ctrl Pts',(-1.01616382563065,166.49119241959,-76.1129421990822));
#5744=CARTESIAN_POINT('Ctrl Pts',(-1.0585450615282,165.848282759429,-76.3935472524894));
#5745=CARTESIAN_POINT('Ctrl Pts',(-1.10092629742574,165.205373099267,-76.6741523058967));
#5746=CARTESIAN_POINT('Ctrl Pts',(-1.14330753332329,164.409425997497,-76.6041248657622));
#5747=CARTESIAN_POINT('Ctrl Pts',(-1.18568876922084,163.825388774619,-76.2155730038183));
#5748=CARTESIAN_POINT('Ctrl Pts',(-1.2274404198064,163.25002759078,-75.8327931902832));
#5749=CARTESIAN_POINT('Ctrl Pts',(-1.26919207039196,162.880327086964,-75.1408822048778));
#5750=CARTESIAN_POINT('Ctrl Pts',(-1.31094372097752,162.879418696909,-74.4498048212062));
#5751=CARTESIAN_POINT('Ctrl Pts',(-1.08905627902248,162.882787771049,-74.4519401843207));
#5752=CARTESIAN_POINT('Ctrl Pts',(-1.07937879114628,162.881301885961,-74.6127882836751));
#5753=CARTESIAN_POINT('Ctrl Pts',(-1.06970130327008,162.898078656243,-74.7733295437943));
#5754=CARTESIAN_POINT('Ctrl Pts',(-1.06002381539388,162.934286871778,-74.9293616158429));
#5755=CARTESIAN_POINT('Ctrl Pts',(-1.01764257949634,163.092855804508,-75.6126827563772));
#5756=CARTESIAN_POINT('Ctrl Pts',(-0.97526134359879,163.624096996256,-76.2095229747404));
#5757=CARTESIAN_POINT('Ctrl Pts',(-0.932880107701243,164.284432640104,-76.4462268509084));
#5758=CARTESIAN_POINT('Ctrl Pts',(-0.890498871803697,164.944768283952,-76.6829307270764));
#5759=CARTESIAN_POINT('Ctrl Pts',(-0.848117635906151,165.734198379899,-76.5594982610492));
#5760=CARTESIAN_POINT('Ctrl Pts',(-0.805736400008605,166.290763700266,-76.132524102928));
#5761=CARTESIAN_POINT('Ctrl Pts',(-0.763355164111058,166.847329020633,-75.7055499448068));
#5762=CARTESIAN_POINT('Ctrl Pts',(-0.720973928213511,167.171029565421,-74.9750340945916));
#5763=CARTESIAN_POINT('Ctrl Pts',(-0.678592692315964,167.113446367812,-74.2759231857464));
#5764=CARTESIAN_POINT('Ctrl Pts',(-0.636211456418417,167.055863170204,-73.5768122769012));
#5765=CARTESIAN_POINT('Ctrl Pts',(-0.593830220520871,166.6169962302,-72.9091063094261));
#5766=CARTESIAN_POINT('Ctrl Pts',(-0.551448984623325,165.998069113407,-72.5789531455367));
#5767=CARTESIAN_POINT('Ctrl Pts',(-0.509067748725778,165.379141996614,-72.2487999816473));
#5768=CARTESIAN_POINT('Ctrl Pts',(-0.466686512828232,164.580154703033,-72.2561996213436));
#5769=CARTESIAN_POINT('Ctrl Pts',(-0.424305276930686,163.967448502293,-72.597759278185));
#5770=CARTESIAN_POINT('Ctrl Pts',(-0.381924041033139,163.354742301552,-72.9393189350264));
#5771=CARTESIAN_POINT('Ctrl Pts',(-0.339542805135593,162.928317193654,-73.6150386090128));
#5772=CARTESIAN_POINT('Ctrl Pts',(-0.297161569238046,162.883692077224,-74.3150960968998));
#5773=CARTESIAN_POINT('Ctrl Pts',(-0.294459805832858,162.880847268573,-74.3597240946976));
#5774=CARTESIAN_POINT('Ctrl Pts',(-0.291758042427669,162.879554072566,-74.4044509999354));
#5775=CARTESIAN_POINT('Ctrl Pts',(-0.28905627902248,162.87977243738,-74.4491907642347));
#5776=CARTESIAN_POINT('Origin',(-0.640671393088053,165.,-74.45));
#5777=CARTESIAN_POINT('',(0.51094372097752,162.885225938246,-74.4485157693534));
#5778=CARTESIAN_POINT('',(0.289056279022483,162.88581773912,-74.4510902539861));
#5779=CARTESIAN_POINT('',(-0.640671393088053,162.883,-74.45));
#5780=CARTESIAN_POINT('Ctrl Pts',(0.289056279022483,162.88581773912,-74.4510902539861));
#5781=CARTESIAN_POINT('Ctrl Pts',(0.263668191147721,162.887789733342,-74.0275873201335));
#5782=CARTESIAN_POINT('Ctrl Pts',(0.238280103272959,163.010985600532,-73.6030281896384));
#5783=CARTESIAN_POINT('Ctrl Pts',(0.212892015398197,163.247629199142,-73.2557822056815));
#5784=CARTESIAN_POINT('Ctrl Pts',(0.17051077950065,163.64266675478,-72.6761121638433));
#5785=CARTESIAN_POINT('Ctrl Pts',(0.128129543603104,164.353846942377,-72.3118891946394));
#5786=CARTESIAN_POINT('Ctrl Pts',(0.085748307705557,165.055088665093,-72.3301120783059));
#5787=CARTESIAN_POINT('Ctrl Pts',(0.0433670718080107,165.756330387808,-72.3483349619723));
#5788=CARTESIAN_POINT('Ctrl Pts',(0.000985835910464238,166.447633645642,
-72.7490036985091));
#5789=CARTESIAN_POINT('Ctrl Pts',(-0.0413953999870822,166.81203105347,-73.3484088670965));
#5790=CARTESIAN_POINT('Ctrl Pts',(-0.0837766358846286,167.176428461297,
-73.9478140356839));
#5791=CARTESIAN_POINT('Ctrl Pts',(-0.126157871782175,167.213920019118,-74.745955636322));
#5792=CARTESIAN_POINT('Ctrl Pts',(-0.168539107679721,166.907315585071,-75.3768801549661));
#5793=CARTESIAN_POINT('Ctrl Pts',(-0.210920343577268,166.600711151023,-76.0078046736103));
#5794=CARTESIAN_POINT('Ctrl Pts',(-0.253301579474816,165.950010725106,-76.4715121102604));
#5795=CARTESIAN_POINT('Ctrl Pts',(-0.295682815372363,165.253565009738,-76.5553893578927));
#5796=CARTESIAN_POINT('Ctrl Pts',(-0.338064051269909,164.557119294369,-76.6392666055248));
#5797=CARTESIAN_POINT('Ctrl Pts',(-0.380445287167454,163.81492828955,-76.343313664139));
#5798=CARTESIAN_POINT('Ctrl Pts',(-0.422826523065,163.367291768845,-75.8032270299383));
#5799=CARTESIAN_POINT('Ctrl Pts',(-0.452198922369171,163.05705639343,-75.4289189206388));
#5800=CARTESIAN_POINT('Ctrl Pts',(-0.481571321673344,162.888301734778,-74.9373482615962));
#5801=CARTESIAN_POINT('Ctrl Pts',(-0.510943720977517,162.884392891822,-74.4482115628356));
#5802=CARTESIAN_POINT('Ctrl Pts',(-0.28905627902248,162.87977243738,-74.4491907642347));
#5803=CARTESIAN_POINT('Ctrl Pts',(-0.249376806530122,162.882979454187,-75.1062617140526));
#5804=CARTESIAN_POINT('Ctrl Pts',(-0.209697334037764,163.21222038437,-75.7661062804542));
#5805=CARTESIAN_POINT('Ctrl Pts',(-0.170017861545407,163.740619660286,-76.1561416839611));
#5806=CARTESIAN_POINT('Ctrl Pts',(-0.12763662564786,164.304997484739,-76.5727344813478));
#5807=CARTESIAN_POINT('Ctrl Pts',(-0.0852553897503142,165.096578258606,
-76.6815247743337));
#5808=CARTESIAN_POINT('Ctrl Pts',(-0.0428741538527678,165.752416654307,
-76.4326314500011));
#5809=CARTESIAN_POINT('Ctrl Pts',(-0.000492917955221455,166.408255050008,
-76.1837381256686));
#5810=CARTESIAN_POINT('Ctrl Pts',(0.0418883179423251,166.928351067544,-75.5771611840175));
#5811=CARTESIAN_POINT('Ctrl Pts',(0.0842695538398714,167.074237038336,-74.8910204044221));
#5812=CARTESIAN_POINT('Ctrl Pts',(0.126650789737418,167.220123009129,-74.2048796248266));
#5813=CARTESIAN_POINT('Ctrl Pts',(0.169032025634965,166.991798933178,-73.4391750072867));
#5814=CARTESIAN_POINT('Ctrl Pts',(0.211413261532512,166.493953002742,-72.9449874741022));
#5815=CARTESIAN_POINT('Ctrl Pts',(0.253794497430058,165.996107072306,-72.4507999409177));
#5816=CARTESIAN_POINT('Ctrl Pts',(0.296175733327604,165.228739287383,-72.2281294920886));
#5817=CARTESIAN_POINT('Ctrl Pts',(0.338556969225151,164.543693142355,-72.379072103324));
#5818=CARTESIAN_POINT('Ctrl Pts',(0.380938205122697,163.858646997327,-72.5300147145595));
#5819=CARTESIAN_POINT('Ctrl Pts',(0.423319441020243,163.255922492194,-73.0545703858595));
#5820=CARTESIAN_POINT('Ctrl Pts',(0.46570067691779,163.011873052949,-73.7122266358397));
#5821=CARTESIAN_POINT('Ctrl Pts',(0.480781691604366,162.925030064548,-73.9462482105914));
#5822=CARTESIAN_POINT('Ctrl Pts',(0.495862706290943,162.883603724186,-74.1971234300782));
#5823=CARTESIAN_POINT('Ctrl Pts',(0.51094372097752,162.885225938246,-74.4485157693534));
#5824=CARTESIAN_POINT('Origin',(-0.640671393088053,165.,-74.45));
#5825=CARTESIAN_POINT('',(1.31094372097752,162.885169189337,-74.4515108333385));
#5826=CARTESIAN_POINT('',(1.08905627902248,162.880400355238,-74.4512933493404));
#5827=CARTESIAN_POINT('',(-0.640671393088053,162.883,-74.45));
#5828=CARTESIAN_POINT('Ctrl Pts',(1.08905627902248,162.880400355238,-74.4512933493404));
#5829=CARTESIAN_POINT('Ctrl Pts',(1.05128893986633,162.884896177738,-73.8253967128013));
#5830=CARTESIAN_POINT('Ctrl Pts',(1.01352160071018,163.179349944132,-73.1958243180699));
#5831=CARTESIAN_POINT('Ctrl Pts',(0.975754261554033,163.665055622952,-72.8023097302643));
#5832=CARTESIAN_POINT('Ctrl Pts',(0.933373025656487,164.210098175877,-72.3607209144369));
#5833=CARTESIAN_POINT('Ctrl Pts',(0.89099178975894,164.99597608492,-72.2163896019432));
#5834=CARTESIAN_POINT('Ctrl Pts',(0.848610553861394,165.662358812717,-72.4354925455276));
#5835=CARTESIAN_POINT('Ctrl Pts',(0.806229317963848,166.328741540513,-72.654595489112));
#5836=CARTESIAN_POINT('Ctrl Pts',(0.763848082066301,166.875629087062,-73.2371326887744));
#5837=CARTESIAN_POINT('Ctrl Pts',(0.721466846168755,167.05226968804,-73.91600683738));
#5838=CARTESIAN_POINT('Ctrl Pts',(0.679085610271208,167.228910289017,-74.5948809859856));
#5839=CARTESIAN_POINT('Ctrl Pts',(0.636704374373662,167.035303944424,-75.3700920835343));
#5840=CARTESIAN_POINT('Ctrl Pts',(0.594323138476116,166.560220516371,-75.886200375153));
#5841=CARTESIAN_POINT('Ctrl Pts',(0.551941902578569,166.085137088317,-76.4023086667716));
#5842=CARTESIAN_POINT('Ctrl Pts',(0.509560666681022,165.328576576804,-76.6593141524602));
#5843=CARTESIAN_POINT('Ctrl Pts',(0.467179430783475,164.637427276191,-76.5393780350239));
#5844=CARTESIAN_POINT('Ctrl Pts',(0.424798194885929,163.946277975577,-76.4194419175875));
#5845=CARTESIAN_POINT('Ctrl Pts',(0.382416958988383,163.320539885863,-75.9225641970262));
#5846=CARTESIAN_POINT('Ctrl Pts',(0.340035723090836,163.047118302845,-75.2765667795092));
#5847=CARTESIAN_POINT('Ctrl Pts',(0.323042575068052,162.937487393447,-75.0175481476614));
#5848=CARTESIAN_POINT('Ctrl Pts',(0.306049427045268,162.884497813417,-74.7345557941457));
#5849=CARTESIAN_POINT('Ctrl Pts',(0.289056279022483,162.88581773912,-74.4510902539861));
#5850=CARTESIAN_POINT('Ctrl Pts',(0.51094372097752,162.885225938246,-74.4485157693534));
#5851=CARTESIAN_POINT('Ctrl Pts',(0.53824394218849,162.888162531282,-74.9035956572515));
#5852=CARTESIAN_POINT('Ctrl Pts',(0.565544163399459,163.032167536724,-75.3603701262701));
#5853=CARTESIAN_POINT('Ctrl Pts',(0.592844384610429,163.303193239922,-75.7219296458213));
#5854=CARTESIAN_POINT('Ctrl Pts',(0.635225620507976,163.723937239495,-76.2832195771624));
#5855=CARTESIAN_POINT('Ctrl Pts',(0.677606856405523,164.450799611998,-76.6150426111844));
#5856=CARTESIAN_POINT('Ctrl Pts',(0.719988092303069,165.15050895373,-76.5652554205417));
#5857=CARTESIAN_POINT('Ctrl Pts',(0.762369328200616,165.850218295461,-76.5154682298989));
#5858=CARTESIAN_POINT('Ctrl Pts',(0.804750564098162,166.522774606422,-76.0840708145916));
#5859=CARTESIAN_POINT('Ctrl Pts',(0.847131799995708,166.85980593056,-75.4688622091013));
#5860=CARTESIAN_POINT('Ctrl Pts',(0.889513035893255,167.196837254697,-74.853653603611));
#5861=CARTESIAN_POINT('Ctrl Pts',(0.931894271790801,167.198343592012,-74.0546338079379));
#5862=CARTESIAN_POINT('Ctrl Pts',(0.974275507688348,166.86363464782,-73.4381583691293));
#5863=CARTESIAN_POINT('Ctrl Pts',(1.01665674358589,166.528925703627,-72.8216829303208));
#5864=CARTESIAN_POINT('Ctrl Pts',(1.05903797948344,165.858001477928,-72.3877518483769));
#5865=CARTESIAN_POINT('Ctrl Pts',(1.10141921538099,165.158484648412,-72.3353268733512));
#5866=CARTESIAN_POINT('Ctrl Pts',(1.14380045127853,164.458967818895,-72.2829018983256));
#5867=CARTESIAN_POINT('Ctrl Pts',(1.18618168717608,163.730858385562,-72.6119830302183));
#5868=CARTESIAN_POINT('Ctrl Pts',(1.22856292307363,163.308001254324,-73.1716815202253));
#5869=CARTESIAN_POINT('Ctrl Pts',(1.25602318904159,163.034017519676,-73.534329495726));
#5870=CARTESIAN_POINT('Ctrl Pts',(1.28348345500956,162.888184546794,-73.993795054308));
#5871=CARTESIAN_POINT('Ctrl Pts',(1.31094372097752,162.885169189337,-74.4515108333385));
#5872=CARTESIAN_POINT('Origin',(-0.640671393088053,165.,-74.45));
#5873=CARTESIAN_POINT('',(2.11094372097752,162.879815010497,-74.4506138092469));
#5874=CARTESIAN_POINT('',(1.88905627902249,162.881823415511,-74.4481824985745));
#5875=CARTESIAN_POINT('',(-0.640671393088053,162.883,-74.45));
#5876=CARTESIAN_POINT('',(2.5,167.10918492299,-74.631735964051));
#5877=CARTESIAN_POINT('Ctrl Pts',(2.11094372097752,162.879815010497,-74.4506138092469));
#5878=CARTESIAN_POINT('Ctrl Pts',(2.11348543962571,162.87961568589,-74.4927070913159));
#5879=CARTESIAN_POINT('Ctrl Pts',(2.11602715827391,162.880755477502,-74.5347908871128));
#5880=CARTESIAN_POINT('Ctrl Pts',(2.1185688769221,162.883267923787,-74.5767938098355));
#5881=CARTESIAN_POINT('Ctrl Pts',(2.16095011281965,162.925161065179,-75.2771607751417));
#5882=CARTESIAN_POINT('Ctrl Pts',(2.2033313487172,163.348693933967,-75.9550425673185));
#5883=CARTESIAN_POINT('Ctrl Pts',(2.24571258461474,163.960255310003,-76.298599139375));
#5884=CARTESIAN_POINT('Ctrl Pts',(2.28809382051229,164.571816686039,-76.6421557114315));
#5885=CARTESIAN_POINT('Ctrl Pts',(2.33047505640983,165.371406569322,-76.6513870633677));
#5886=CARTESIAN_POINT('Ctrl Pts',(2.37285629230738,165.990625404507,-76.3242987136063));
#5887=CARTESIAN_POINT('Ctrl Pts',(2.41523752820492,166.609844239691,-75.9972103638449));
#5888=CARTESIAN_POINT('Ctrl Pts',(2.45761876410246,167.048692026777,-75.333802312386));
#5889=CARTESIAN_POINT('Ctrl Pts',(2.5,167.10918492299,-74.631735964051));
#5890=CARTESIAN_POINT('',(2.5,164.817826732944,-72.336899646227));
#5891=CARTESIAN_POINT('Origin',(2.5,165.,-74.45));
#5892=CARTESIAN_POINT('Ctrl Pts',(2.5,164.81782666323,-72.3368990220355));
#5893=CARTESIAN_POINT('Ctrl Pts',(2.45811168205769,165.508606225631,-72.2777837888911));
#5894=CARTESIAN_POINT('Ctrl Pts',(2.41622336411538,166.232054673917,-72.5899441629231));
#5895=CARTESIAN_POINT('Ctrl Pts',(2.37433504617307,166.662484320714,-73.133649265281));
#5896=CARTESIAN_POINT('Ctrl Pts',(2.33195381027552,167.097979019339,-73.6837523807478));
#5897=CARTESIAN_POINT('Ctrl Pts',(2.28957257437797,167.233518183483,-74.4708816610477));
#5898=CARTESIAN_POINT('Ctrl Pts',(2.24719133848043,167.006994800111,-75.1347002826423));
#5899=CARTESIAN_POINT('Ctrl Pts',(2.20481010258288,166.780471416739,-75.798518904237));
#5900=CARTESIAN_POINT('Ctrl Pts',(2.16242886668533,166.191885485851,-76.3390268671263));
#5901=CARTESIAN_POINT('Ctrl Pts',(2.12004763078779,165.511087436192,-76.508128163964));
#5902=CARTESIAN_POINT('Ctrl Pts',(2.07766639489024,164.830289386533,-76.6772294608016));
#5903=CARTESIAN_POINT('Ctrl Pts',(2.0352851589927,164.057279218103,-76.4749240915875));
#5904=CARTESIAN_POINT('Ctrl Pts',(1.99290392309515,163.546497025867,-75.9940991098543));
#5905=CARTESIAN_POINT('Ctrl Pts',(1.95828804173759,163.129303534655,-75.6013738820753));
#5906=CARTESIAN_POINT('Ctrl Pts',(1.92367216038004,162.887047406633,-75.0228428248892));
#5907=CARTESIAN_POINT('Ctrl Pts',(1.88905627902249,162.881823415511,-74.4481824985745));
#5908=CARTESIAN_POINT('Origin',(-0.640671393088053,11.24,-74.45));
#5909=CARTESIAN_POINT('',(-4.28905627902251,9.125844036108,-74.4511265654043));
#5910=CARTESIAN_POINT('',(-4.5109437209775,9.12128829820146,-74.4516228921588));
#5911=CARTESIAN_POINT('',(-0.640671393088053,9.123,-74.45));
#5912=CARTESIAN_POINT('',(-5.,12.8599256943888,-75.8129122292573));
#5913=CARTESIAN_POINT('Ctrl Pts',(-4.5109437209775,9.12128829820146,-74.4516228921588));
#5914=CARTESIAN_POINT('Ctrl Pts',(-4.54681877295903,9.12639018809151,-73.8566407821429));
#5915=CARTESIAN_POINT('Ctrl Pts',(-4.58269382494055,9.38872072515792,-73.2578161220695));
#5916=CARTESIAN_POINT('Ctrl Pts',(-4.61856887692208,9.83297118043334,-72.8636805137258));
#5917=CARTESIAN_POINT('Ctrl Pts',(-4.66095011281963,10.3577894678693,-72.3980657405002));
#5918=CARTESIAN_POINT('Ctrl Pts',(-4.70333134871718,11.1364958921064,-72.2181157942977));
#5919=CARTESIAN_POINT('Ctrl Pts',(-4.74571258461473,11.8119314319894,-72.4076874863496));
#5920=CARTESIAN_POINT('Ctrl Pts',(-4.78809382051227,12.4873669718724,-72.5972591784016));
#5921=CARTESIAN_POINT('Ctrl Pts',(-4.83047505640982,13.0595316274013,-73.1563525087079));
#5922=CARTESIAN_POINT('Ctrl Pts',(-4.87285629230736,13.2660865426864,-73.8254630682026));
#5923=CARTESIAN_POINT('Ctrl Pts',(-4.91523752820491,13.4726414579716,-74.4945736276972));
#5924=CARTESIAN_POINT('Ctrl Pts',(-4.95761876410246,13.313586633013,-75.2737014163803));
#5925=CARTESIAN_POINT('Ctrl Pts',(-5.,12.8599256943887,-75.8129122292573));
#5926=CARTESIAN_POINT('',(-5.,9.6170412852839,-75.8153380296962));
#5927=CARTESIAN_POINT('Origin',(-5.,11.24,-74.45));
#5928=CARTESIAN_POINT('Ctrl Pts',(-5.,9.617040818634,-75.8153384029214));
#5929=CARTESIAN_POINT('Ctrl Pts',(-4.9581116820577,10.0637106630504,-76.3456780775391));
#5930=CARTESIAN_POINT('Ctrl Pts',(-4.91622336411539,10.7959617011133,-76.6363599653555));
#5931=CARTESIAN_POINT('Ctrl Pts',(-4.87433504617308,11.4847491638223,-76.5562370320745));
#5932=CARTESIAN_POINT('Ctrl Pts',(-4.83195381027554,12.1816418865272,-76.4751712575819));
#5933=CARTESIAN_POINT('Ctrl Pts',(-4.78957257437799,12.8340421059886,-76.0145224743039));
#5934=CARTESIAN_POINT('Ctrl Pts',(-4.74719133848045,13.1432478903388,-75.3849947316254));
#5935=CARTESIAN_POINT('Ctrl Pts',(-4.7048101025829,13.452453674689,-74.7554669889468));
#5936=CARTESIAN_POINT('Ctrl Pts',(-4.66242886668535,13.4184650239281,-73.9570602868677));
#5937=CARTESIAN_POINT('Ctrl Pts',(-4.62004763078781,13.0566532432846,-73.356100720262));
#5938=CARTESIAN_POINT('Ctrl Pts',(-4.57766639489026,12.6948414626412,-72.7551411536564));
#5939=CARTESIAN_POINT('Ctrl Pts',(-4.53528515899272,12.0052065521152,-72.3516287225242));
#5940=CARTESIAN_POINT('Ctrl Pts',(-4.49290392309517,11.3040567387105,-72.3304519097325));
#5941=CARTESIAN_POINT('Ctrl Pts',(-4.45052268719762,10.6029069253058,-72.3092750969408));
#5942=CARTESIAN_POINT('Ctrl Pts',(-4.40814145130008,9.89024220902223,-72.6704339024896));
#5943=CARTESIAN_POINT('Ctrl Pts',(-4.36576021540253,9.49277173637182,-73.2483965493005));
#5944=CARTESIAN_POINT('Ctrl Pts',(-4.34019223660919,9.25298362258788,-73.5970729478068));
#5945=CARTESIAN_POINT('Ctrl Pts',(-4.31462425781585,9.12791146721015,-74.0246558014243));
#5946=CARTESIAN_POINT('Ctrl Pts',(-4.28905627902251,9.125844036108,-74.4511265654043));
#5947=CARTESIAN_POINT('Origin',(-0.640671393088053,11.24,-74.45));
#5948=CARTESIAN_POINT('',(-3.48905627902251,9.12040154040126,-74.4512522989614));
#5949=CARTESIAN_POINT('',(-3.7109437209775,9.12099650642211,-74.4484498182909));
#5950=CARTESIAN_POINT('',(-0.640671393088053,9.123,-74.45));
#5951=CARTESIAN_POINT('Ctrl Pts',(-3.7109437209775,9.12099650642211,-74.4484498182909));
#5952=CARTESIAN_POINT('Ctrl Pts',(-3.71681678834287,9.12019658503899,-74.3510587946472));
#5953=CARTESIAN_POINT('Ctrl Pts',(-3.72268985570824,9.12632873858304,-74.2537691168643));
#5954=CARTESIAN_POINT('Ctrl Pts',(-3.72856292307361,9.13973723234858,-74.1574929028995));
#5955=CARTESIAN_POINT('Ctrl Pts',(-3.77094415897115,9.23649562144159,-73.4627443700583));
#5956=CARTESIAN_POINT('Ctrl Pts',(-3.8133253948687,9.71215895017074,-72.8207705062253));
#5957=CARTESIAN_POINT('Ctrl Pts',(-3.85570663076625,10.3486331920428,-72.5259108879754));
#5958=CARTESIAN_POINT('Ctrl Pts',(-3.89808786666379,10.9851074339149,-72.2310512697256));
#5959=CARTESIAN_POINT('Ctrl Pts',(-3.94046910256134,11.7823925889299,-72.2833058970589));
#5960=CARTESIAN_POINT('Ctrl Pts',(-3.98285033845889,12.3749259373017,-72.65873564043));
#5961=CARTESIAN_POINT('Ctrl Pts',(-4.02523157435643,12.9674592856735,-73.034165383801));
#5962=CARTESIAN_POINT('Ctrl Pts',(-4.06761281025398,13.3552408274022,-73.7327702432098));
#5963=CARTESIAN_POINT('Ctrl Pts',(-4.10999404615153,13.360473815949,-74.4341948085172));
#5964=CARTESIAN_POINT('Ctrl Pts',(-4.15237528204907,13.3657068044959,-75.1356193738246));
#5965=CARTESIAN_POINT('Ctrl Pts',(-4.19475651794662,12.9883912398609,-75.8398636450307));
#5966=CARTESIAN_POINT('Ctrl Pts',(-4.23713775384417,12.401521296359,-76.2241075204846));
#5967=CARTESIAN_POINT('Ctrl Pts',(-4.27951898974171,11.8146513528571,-76.6083513959384));
#5968=CARTESIAN_POINT('Ctrl Pts',(-4.32190022563926,11.0182270304884,-76.6725948756401));
#5969=CARTESIAN_POINT('Ctrl Pts',(-4.3642814615368,10.3774298499054,-76.3872193041755));
#5970=CARTESIAN_POINT('Ctrl Pts',(-4.40666269743435,9.73663266932235,-76.1018437327109));
#5971=CARTESIAN_POINT('Ctrl Pts',(-4.4490439333319,9.25146263052513,-75.46684911008));
#5972=CARTESIAN_POINT('Ctrl Pts',(-4.49142516922944,9.1443426864439,-74.7737119986402));
#5973=CARTESIAN_POINT('Ctrl Pts',(-4.49793135314547,9.12789809622593,-74.6673045890746));
#5974=CARTESIAN_POINT('Ctrl Pts',(-4.50443753706148,9.12036303587819,-74.5595269318936));
#5975=CARTESIAN_POINT('Ctrl Pts',(-4.5109437209775,9.12128829820146,-74.4516228921588));
#5976=CARTESIAN_POINT('Ctrl Pts',(-4.28905627902251,9.125844036108,-74.4511265654043));
#5977=CARTESIAN_POINT('Ctrl Pts',(-4.2722430219183,9.12448451328664,-74.7315696407126));
#5978=CARTESIAN_POINT('Ctrl Pts',(-4.2554297648141,9.17631532298035,-75.0115318205273));
#5979=CARTESIAN_POINT('Ctrl Pts',(-4.23861650770989,9.28369344706279,-75.2682591433419));
#5980=CARTESIAN_POINT('Ctrl Pts',(-4.19623527181234,9.55436185942148,-75.9153926024995));
#5981=CARTESIAN_POINT('Ctrl Pts',(-4.15385403591479,10.1779749131562,-76.4148930327419));
#5982=CARTESIAN_POINT('Ctrl Pts',(-4.11147280001725,10.8685886390385,-76.5377513423427));
#5983=CARTESIAN_POINT('Ctrl Pts',(-4.0690915641197,11.5592023649208,-76.6606096519436));
#5984=CARTESIAN_POINT('Ctrl Pts',(-4.02671032822216,12.3168167629506,-76.4068258409029));
#5985=CARTESIAN_POINT('Ctrl Pts',(-3.98432909232461,12.7940667999777,-75.8927539272984));
#5986=CARTESIAN_POINT('Ctrl Pts',(-3.94194785642707,13.2713168370048,-75.3786820136938));
#5987=CARTESIAN_POINT('Ctrl Pts',(-3.89956662052952,13.468202513029,-74.6043219975255));
#5988=CARTESIAN_POINT('Ctrl Pts',(-3.85718538463197,13.2944471465755,-73.9247271676692));
#5989=CARTESIAN_POINT('Ctrl Pts',(-3.81480414873442,13.1206917801219,-73.245132337813));
#5990=CARTESIAN_POINT('Ctrl Pts',(-3.77242291283688,12.5762953711905,-72.6603026942689));
#5991=CARTESIAN_POINT('Ctrl Pts',(-3.73004167693933,11.9108690875404,-72.4383848352018));
#5992=CARTESIAN_POINT('Ctrl Pts',(-3.68766044104179,11.2454428038904,-72.2164669761346));
#5993=CARTESIAN_POINT('Ctrl Pts',(-3.64527920514424,10.4589866455217,-72.3574609015444));
#5994=CARTESIAN_POINT('Ctrl Pts',(-3.60289796924669,9.91209547229727,-72.7967208488421));
#5995=CARTESIAN_POINT('Ctrl Pts',(-3.56495073917196,9.42242109785581,-73.1900245817256));
#5996=CARTESIAN_POINT('Ctrl Pts',(-3.52700350909724,9.12480643319245,-73.8224487585503));
#5997=CARTESIAN_POINT('Ctrl Pts',(-3.48905627902251,9.12040154040126,-74.4512522989614));
#5998=CARTESIAN_POINT('Origin',(-0.640671393088053,11.24,-74.45));
#5999=CARTESIAN_POINT('',(-2.68905627902251,9.12198277768844,-74.4481636235208));
#6000=CARTESIAN_POINT('',(-2.9109437209775,9.12616733250785,-74.4492138208584));
#6001=CARTESIAN_POINT('',(-0.640671393088053,9.123,-74.45));
#6002=CARTESIAN_POINT('Ctrl Pts',(-2.9109437209775,9.12616733250785,-74.4492138208584));
#6003=CARTESIAN_POINT('Ctrl Pts',(-2.92919603962426,9.12515286195989,-74.1446529966146));
#6004=CARTESIAN_POINT('Ctrl Pts',(-2.94744835827101,9.18660914077649,-73.8404824620834));
#6005=CARTESIAN_POINT('Ctrl Pts',(-2.96570067691777,9.31256050940405,-73.5658954373857));
#6006=CARTESIAN_POINT('Ctrl Pts',(-3.00808191281532,9.60501511578755,-72.9283141145225));
#6007=CARTESIAN_POINT('Ctrl Pts',(-3.05046314871286,10.245196232571,-72.4502328508103));
#6008=CARTESIAN_POINT('Ctrl Pts',(-3.09284438461041,10.9395763484808,-72.3508551037135));
#6009=CARTESIAN_POINT('Ctrl Pts',(-3.13522562050796,11.6339564643906,-72.2514773566167));
#6010=CARTESIAN_POINT('Ctrl Pts',(-3.1776068564055,12.3825355794267,-72.5308031261352));
#6011=CARTESIAN_POINT('Ctrl Pts',(-3.21998809230305,12.8420848981441,-73.0607598926807));
#6012=CARTESIAN_POINT('Ctrl Pts',(-3.2623693282006,13.3016342168615,-73.5907166592261));
#6013=CARTESIAN_POINT('Ctrl Pts',(-3.30475056409814,13.4721537392601,-74.3713044227984));
#6014=CARTESIAN_POINT('Ctrl Pts',(-3.34713179999569,13.2754591276184,-75.0446176197172));
#6015=CARTESIAN_POINT('Ctrl Pts',(-3.38951303589323,13.0787645159767,-75.717930816636));
#6016=CARTESIAN_POINT('Ctrl Pts',(-3.43189427179078,12.5148557702946,-76.2839694469014));
#6017=CARTESIAN_POINT('Ctrl Pts',(-3.47427550768833,11.8422888840751,-76.483202055746));
#6018=CARTESIAN_POINT('Ctrl Pts',(-3.51665674358587,11.1697219978557,-76.6824346645908));
#6019=CARTESIAN_POINT('Ctrl Pts',(-3.55903797948342,10.3884969710988,-76.5148612520149));
#6020=CARTESIAN_POINT('Ctrl Pts',(-3.60141921538097,9.85681118244874,-76.0573129448023));
#6021=CARTESIAN_POINT('Ctrl Pts',(-3.63792738391315,9.39880485094101,-75.6631703400018));
#6022=CARTESIAN_POINT('Ctrl Pts',(-3.67443555244532,9.12596897870116,-75.0538520184546));
#6023=CARTESIAN_POINT('Ctrl Pts',(-3.7109437209775,9.12099650642211,-74.4484498182909));
#6024=CARTESIAN_POINT('Ctrl Pts',(-3.48905627902251,9.12040154040126,-74.4512522989614));
#6025=CARTESIAN_POINT('Ctrl Pts',(-3.48462227319969,9.11988684353811,-74.5247258714488));
#6026=CARTESIAN_POINT('Ctrl Pts',(-3.48018826737687,9.12337537902335,-74.5981500109015));
#6027=CARTESIAN_POINT('Ctrl Pts',(-3.47575426155405,9.13102851384388,-74.6711374669718));
#6028=CARTESIAN_POINT('Ctrl Pts',(-3.43337302565651,9.20417891669523,-75.3687681686182));
#6029=CARTESIAN_POINT('Ctrl Pts',(-3.39099178975896,9.65780591047821,-76.0265036027253));
#6030=CARTESIAN_POINT('Ctrl Pts',(-3.34861055386141,10.2839181445365,-76.3427676988235));
#6031=CARTESIAN_POINT('Ctrl Pts',(-3.30622931796387,10.9100303785948,-76.6590317949216));
#6032=CARTESIAN_POINT('Ctrl Pts',(-3.26384808206632,11.7086278529284,-76.6338245530109));
#6033=CARTESIAN_POINT('Ctrl Pts',(-3.22146684616878,12.3135481306735,-76.2787035544249));
#6034=CARTESIAN_POINT('Ctrl Pts',(-3.17908561027123,12.9184684084187,-75.9235825558388));
#6035=CARTESIAN_POINT('Ctrl Pts',(-3.13670437437368,13.3297114895754,-75.2385478005773));
#6036=CARTESIAN_POINT('Ctrl Pts',(-3.09432313847613,13.358719492578,-74.5376925790105));
#6037=CARTESIAN_POINT('Ctrl Pts',(-3.05194190257859,13.3877274955806,-73.8368373574438));
#6038=CARTESIAN_POINT('Ctrl Pts',(-3.00956066668104,13.0345004204293,-73.1201616695718));
#6039=CARTESIAN_POINT('Ctrl Pts',(-2.9671794307835,12.460995379122,-72.7162663088516));
#6040=CARTESIAN_POINT('Ctrl Pts',(-2.92479819488595,11.8874903378148,-72.3123709481315));
#6041=CARTESIAN_POINT('Ctrl Pts',(-2.8824169589884,11.0937073303517,-72.2212559145633));
#6042=CARTESIAN_POINT('Ctrl Pts',(-2.84003572309085,10.4436014127779,-72.4846981033798));
#6043=CARTESIAN_POINT('Ctrl Pts',(-2.79765448719331,9.7934954952042,-72.7481402921963));
#6044=CARTESIAN_POINT('Ctrl Pts',(-2.75527325129576,9.28706666751982,-73.3661397033976));
#6045=CARTESIAN_POINT('Ctrl Pts',(-2.71289201539822,9.15651609994332,-74.0553392717716));
#6046=CARTESIAN_POINT('Ctrl Pts',(-2.70494676993965,9.13204167671842,-74.1845440867022));
#6047=CARTESIAN_POINT('Ctrl Pts',(-2.69700152448108,9.12077761221848,-74.3162512533709));
#6048=CARTESIAN_POINT('Ctrl Pts',(-2.68905627902251,9.12198277768844,-74.4481636235208));
#6049=CARTESIAN_POINT('Origin',(-0.640671393088053,11.24,-74.45));
#6050=CARTESIAN_POINT('',(-1.8890562790225,9.12641869698703,-74.4497622467686));
#6051=CARTESIAN_POINT('',(-2.1109437209775,9.12388285721031,-74.4518981315221));
#6052=CARTESIAN_POINT('',(-0.640671393088053,9.123,-74.45));
#6053=CARTESIAN_POINT('Ctrl Pts',(-2.1109437209775,9.12388285721031,-74.4518981315221));
#6054=CARTESIAN_POINT('Ctrl Pts',(-2.14157529090564,9.12829814136415,-73.9421629889508));
#6055=CARTESIAN_POINT('Ctrl Pts',(-2.17220686083379,9.31324391775484,-73.4295543504085));
#6056=CARTESIAN_POINT('Ctrl Pts',(-2.20283843076193,9.6482049677585,-73.0489816508695));
#6057=CARTESIAN_POINT('Ctrl Pts',(-2.24521966665948,10.1116504689194,-72.5224287711717));
#6058=CARTESIAN_POINT('Ctrl Pts',(-2.28760090255703,10.862269364236,-72.2486315465543));
#6059=CARTESIAN_POINT('Ctrl Pts',(-2.32998213845457,11.5558976335318,-72.3531279197484));
#6060=CARTESIAN_POINT('Ctrl Pts',(-2.37236337435212,12.2495259028277,-72.4576242929426));
#6061=CARTESIAN_POINT('Ctrl Pts',(-2.41474461024967,12.8861635461029,-72.9404142639483));
#6062=CARTESIAN_POINT('Ctrl Pts',(-2.45712584614721,13.1739077448521,-73.5801352544485));
#6063=CARTESIAN_POINT('Ctrl Pts',(-2.49950708204476,13.4616519436013,-74.2198562449488));
#6064=CARTESIAN_POINT('Ctrl Pts',(-2.54188831794231,13.4005026978245,-75.0165082549437));
#6065=CARTESIAN_POINT('Ctrl Pts',(-2.58426955383985,13.0184973658324,-75.6048207493963));
#6066=CARTESIAN_POINT('Ctrl Pts',(-2.6266507897374,12.6364920338403,-76.1931332438488));
#6067=CARTESIAN_POINT('Ctrl Pts',(-2.66903202563494,11.9336306156329,-76.5731062227592));
#6068=CARTESIAN_POINT('Ctrl Pts',(-2.71141326153249,11.2321799921339,-76.570519432649));
#6069=CARTESIAN_POINT('Ctrl Pts',(-2.75379449743004,10.5307293686348,-76.5679326425388));
#6070=CARTESIAN_POINT('Ctrl Pts',(-2.79617573332758,9.83068953984416,-76.182786083408));
#6071=CARTESIAN_POINT('Ctrl Pts',(-2.83855696922513,9.45303367344059,-75.5916721128355));
#6072=CARTESIAN_POINT('Ctrl Pts',(-2.86268588647592,9.23802278579787,-75.2551330813592));
#6073=CARTESIAN_POINT('Ctrl Pts',(-2.88681480372671,9.12750842655616,-74.8518324178835));
#6074=CARTESIAN_POINT('Ctrl Pts',(-2.9109437209775,9.12616733250785,-74.4492138208584));
#6075=CARTESIAN_POINT('Ctrl Pts',(-2.68905627902251,9.12198277768844,-74.4481636235208));
#6076=CARTESIAN_POINT('Ctrl Pts',(-2.65462028858353,9.12720616151182,-75.0198933631432));
#6077=CARTESIAN_POINT('Ctrl Pts',(-2.62018429814455,9.36666366369752,-75.5954778441253));
#6078=CARTESIAN_POINT('Ctrl Pts',(-2.58574830770558,9.78001470939885,-75.9878898523801));
#6079=CARTESIAN_POINT('Ctrl Pts',(-2.54336707180803,10.2887361938995,-76.4708411390681));
#6080=CARTESIAN_POINT('Ctrl Pts',(-2.50098583591048,11.0608514703694,-76.6763439868973));
#6081=CARTESIAN_POINT('Ctrl Pts',(-2.45860460001294,11.7423402785948,-76.5101738991679));
#6082=CARTESIAN_POINT('Ctrl Pts',(-2.41622336411539,12.4238290868202,-76.3440038114386));
#6083=CARTESIAN_POINT('Ctrl Pts',(-2.37384212821785,13.0146914268011,-75.8061607881506));
#6084=CARTESIAN_POINT('Ctrl Pts',(-2.3314608923203,13.2440127768695,-75.1432496230849));
#6085=CARTESIAN_POINT('Ctrl Pts',(-2.28907965642275,13.473334126938,-74.4803384580193));
#6086=CARTESIAN_POINT('Ctrl Pts',(-2.24669842052521,13.341114487094,-73.6923591511759));
#6087=CARTESIAN_POINT('Ctrl Pts',(-2.20431718462766,12.907977488561,-73.1406057328481));
#6088=CARTESIAN_POINT('Ctrl Pts',(-2.16193594873011,12.474840490028,-72.5888523145203));
#6089=CARTESIAN_POINT('Ctrl Pts',(-2.11955471283257,11.7407861328058,-72.2733247847081));
#6090=CARTESIAN_POINT('Ctrl Pts',(-2.07717347693502,11.0423834803787,-72.3386947258129));
#6091=CARTESIAN_POINT('Ctrl Pts',(-2.03479224103747,10.3439808279515,-72.4040646669177));
#6092=CARTESIAN_POINT('Ctrl Pts',(-1.99241100513993,9.68122988031937,-72.8503320789395));
#6093=CARTESIAN_POINT('Ctrl Pts',(-1.95002976924238,9.35800658857588,-73.4728802279677));
#6094=CARTESIAN_POINT('Ctrl Pts',(-1.92970527250242,9.20300047324692,-73.7714316401063));
#6095=CARTESIAN_POINT('Ctrl Pts',(-1.90938077576246,9.12607934128281,-74.1105243106017));
#6096=CARTESIAN_POINT('Ctrl Pts',(-1.8890562790225,9.12641869698703,-74.4497622467686));
#6097=CARTESIAN_POINT('Origin',(-0.640671393088053,11.24,-74.45));
#6098=CARTESIAN_POINT('',(-1.08905627902251,9.12285746083691,-74.451940120461));
#6099=CARTESIAN_POINT('',(-1.3109437209775,9.11948842372454,-74.4498048276254));
#6100=CARTESIAN_POINT('',(-0.640671393088053,9.123,-74.45));
#6101=CARTESIAN_POINT('Ctrl Pts',(-1.3109437209775,9.11948842372454,-74.4498048276254));
#6102=CARTESIAN_POINT('Ctrl Pts',(-1.31157330628948,9.11947472629645,-74.439384212923));
#6103=CARTESIAN_POINT('Ctrl Pts',(-1.31220289160147,9.11954488391826,-74.4289637877628));
#6104=CARTESIAN_POINT('Ctrl Pts',(-1.31283247691346,9.11969945591748,-74.4185446149189));
#6105=CARTESIAN_POINT('Ctrl Pts',(-1.355213712811,9.13010464205776,-73.7171664001646));
#6106=CARTESIAN_POINT('Ctrl Pts',(-1.39759494870855,9.52303012240713,-73.0214630050377));
#6107=CARTESIAN_POINT('Ctrl Pts',(-1.4399761846061,10.1183168124074,-72.6504193085126));
#6108=CARTESIAN_POINT('Ctrl Pts',(-1.48235742050364,10.7136035024077,-72.2793756119876));
#6109=CARTESIAN_POINT('Ctrl Pts',(-1.52473865640119,11.5112514020589,-72.2329916140645));
#6110=CARTESIAN_POINT('Ctrl Pts',(-1.56711989229874,12.1455333631225,-72.5325347026033));
#6111=CARTESIAN_POINT('Ctrl Pts',(-1.60950112819628,12.7798153241861,-72.8320777911421));
#6112=CARTESIAN_POINT('Ctrl Pts',(-1.65188236409383,13.2507313466621,-73.4775479661427));
#6113=CARTESIAN_POINT('Ctrl Pts',(-1.69426359999138,13.3423631362229,-74.1729926319467));
#6114=CARTESIAN_POINT('Ctrl Pts',(-1.73664483588892,13.4339949257837,-74.8684372977508));
#6115=CARTESIAN_POINT('Ctrl Pts',(-1.77902607178647,13.1463424824292,-75.6138564543582));
#6116=CARTESIAN_POINT('Ctrl Pts',(-1.82140730768402,12.6112964659974,-76.0674701978534));
#6117=CARTESIAN_POINT('Ctrl Pts',(-1.86378854358156,12.0762504495656,-76.5210839413486));
#6118=CARTESIAN_POINT('Ctrl Pts',(-1.90616977947911,11.2938108600564,-76.6828922717316));
#6119=CARTESIAN_POINT('Ctrl Pts',(-1.94855101537665,10.6227317289751,-76.4787049365912));
#6120=CARTESIAN_POINT('Ctrl Pts',(-1.9909322512742,9.95165259789377,-76.2745176014508));
#6121=CARTESIAN_POINT('Ctrl Pts',(-2.03331348717175,9.39193392524031,-75.7043346007871));
#6122=CARTESIAN_POINT('Ctrl Pts',(-2.07569472306929,9.20021064241626,-75.0295888330663));
#6123=CARTESIAN_POINT('Ctrl Pts',(-2.0874443890387,9.14705776746977,-74.8425240338199));
#6124=CARTESIAN_POINT('Ctrl Pts',(-2.0991940550081,9.1221892413072,-74.6474224768994));
#6125=CARTESIAN_POINT('Ctrl Pts',(-2.1109437209775,9.12388285721031,-74.4518981315221));
#6126=CARTESIAN_POINT('Ctrl Pts',(-1.8890562790225,9.12641869698703,-74.4497622467686));
#6127=CARTESIAN_POINT('Ctrl Pts',(-1.86699953986492,9.12678697573681,-74.8179131912238));
#6128=CARTESIAN_POINT('Ctrl Pts',(-1.84494280070733,9.2181466777427,-75.1862352183448));
#6129=CARTESIAN_POINT('Ctrl Pts',(-1.82288606154974,9.3994440158198,-75.5030982473551));
#6130=CARTESIAN_POINT('Ctrl Pts',(-1.7805048256522,9.74780037066202,-76.1119392316796));
#6131=CARTESIAN_POINT('Ctrl Pts',(-1.73812358975465,10.4282087162013,-76.5307923142942));
#6132=CARTESIAN_POINT('Ctrl Pts',(-1.6957423538571,11.1286970608544,-76.567610423396));
#6133=CARTESIAN_POINT('Ctrl Pts',(-1.65336111795955,11.8291854055076,-76.6044285324977));
#6134=CARTESIAN_POINT('Ctrl Pts',(-1.61097988206201,12.5497537492746,-76.2592116680866));
#6135=CARTESIAN_POINT('Ctrl Pts',(-1.56859864616446,12.9600164600956,-75.6902441802012));
#6136=CARTESIAN_POINT('Ctrl Pts',(-1.52621741026692,13.3702791709165,-75.1212766923158));
#6137=CARTESIAN_POINT('Ctrl Pts',(-1.48383617436937,13.4702362487914,-74.3285585809562));
#6138=CARTESIAN_POINT('Ctrl Pts',(-1.44145493847182,13.2140566734789,-73.675556651902));
#6139=CARTESIAN_POINT('Ctrl Pts',(-1.39907370257427,12.9578770981663,-73.0225547228478));
#6140=CARTESIAN_POINT('Ctrl Pts',(-1.35669246667673,12.3455608696663,-72.5092689760991));
#6141=CARTESIAN_POINT('Ctrl Pts',(-1.31431123077918,11.6578592670449,-72.3710445212885));
#6142=CARTESIAN_POINT('Ctrl Pts',(-1.27192999488164,10.9701576644234,-72.2328200664778));
#6143=CARTESIAN_POINT('Ctrl Pts',(-1.22954875898409,10.2070706876806,-72.4696569036052));
#6144=CARTESIAN_POINT('Ctrl Pts',(-1.18716752308654,9.71847905985634,-72.9729636841882));
#6145=CARTESIAN_POINT('Ctrl Pts',(-1.1544637750652,9.34145424820781,-73.3613435362862));
#6146=CARTESIAN_POINT('Ctrl Pts',(-1.12176002704385,9.12787864119056,-73.9083938375834));
#6147=CARTESIAN_POINT('Ctrl Pts',(-1.08905627902251,9.12285746083691,-74.451940120461));
#6148=CARTESIAN_POINT('Origin',(-0.640671393088053,11.24,-74.45));
#6149=CARTESIAN_POINT('',(-0.289056279022503,9.11984222631188,-74.4491907909839));
#6150=CARTESIAN_POINT('',(-0.510943720977496,9.12446245508024,-74.4482116216472));
#6151=CARTESIAN_POINT('',(-0.640671393088053,9.123,-74.45));
#6152=CARTESIAN_POINT('Ctrl Pts',(-0.510943720977496,9.12446245508024,-74.4482116216472));
#6153=CARTESIAN_POINT('Ctrl Pts',(-0.523952557570871,9.12273131195036,-74.2315834158504));
#6154=CARTESIAN_POINT('Ctrl Pts',(-0.536961394164246,9.15333433881841,-74.0154326263911));
#6155=CARTESIAN_POINT('Ctrl Pts',(-0.549970230757621,9.21830132259905,-73.8101576004203));
#6156=CARTESIAN_POINT('Ctrl Pts',(-0.592351466655167,9.42995599635841,-73.1413960830397));
#6157=CARTESIAN_POINT('Ctrl Pts',(-0.634732702552714,10.0063423469686,-72.5880675894031));
#6158=CARTESIAN_POINT('Ctrl Pts',(-0.67711393845026,10.6831831960132,-72.4038771089579));
#6159=CARTESIAN_POINT('Ctrl Pts',(-0.719495174347807,11.3600240450578,-72.2196866285127));
#6160=CARTESIAN_POINT('Ctrl Pts',(-0.761876410245354,12.1373193925368,-72.4046341612589));
#6161=CARTESIAN_POINT('Ctrl Pts',(-0.804257646142901,12.6586738779137,-72.8739199682036));
#6162=CARTESIAN_POINT('Ctrl Pts',(-0.846638882040447,13.1800283632907,-73.3432057751484));
#6163=CARTESIAN_POINT('Ctrl Pts',(-0.889020117937994,13.4454419865657,-74.0968298562916));
#6164=CARTESIAN_POINT('Ctrl Pts',(-0.93140135383554,13.3332207426692,-74.7892502924782));
#6165=CARTESIAN_POINT('Ctrl Pts',(-0.973782589733086,13.2209994987728,-75.4816707286647));
#6166=CARTESIAN_POINT('Ctrl Pts',(-1.01616382563063,12.7311433877048,-76.1128875198946));
#6167=CARTESIAN_POINT('Ctrl Pts',(-1.05854506152818,12.0882548670505,-76.3934833467281));
#6168=CARTESIAN_POINT('Ctrl Pts',(-1.10092629742572,11.4453663463962,-76.6740791735616));
#6169=CARTESIAN_POINT('Ctrl Pts',(-1.14330753332327,10.6494454161555,-76.6040540359989));
#6170=CARTESIAN_POINT('Ctrl Pts',(-1.18568876922082,10.0654273970008,-76.2155149500268));
#6171=CARTESIAN_POINT('Ctrl Pts',(-1.22744041980638,9.49008513160847,-75.8327477226727));
#6172=CARTESIAN_POINT('Ctrl Pts',(-1.26919207039194,9.12039678391132,-75.1408594879892));
#6173=CARTESIAN_POINT('Ctrl Pts',(-1.3109437209775,9.11948842372454,-74.4498048276254));
#6174=CARTESIAN_POINT('Ctrl Pts',(-1.08905627902251,9.12285746083691,-74.451940120461));
#6175=CARTESIAN_POINT('Ctrl Pts',(-1.0793787911463,9.12137162465799,-74.6127829253673));
#6176=CARTESIAN_POINT('Ctrl Pts',(-1.0697013032701,9.13814784271833,-74.7733189011381));
#6177=CARTESIAN_POINT('Ctrl Pts',(-1.0600238153939,9.17435486643089,-74.9293458372615));
#6178=CARTESIAN_POINT('Ctrl Pts',(-1.01764257949636,9.33291857973542,-75.6126444857131));
#6179=CARTESIAN_POINT('Ctrl Pts',(-0.97526134359881,9.86414228525019,-76.2094650585777));
#6180=CARTESIAN_POINT('Ctrl Pts',(-0.932880107701263,10.5244561935998,-76.4461611434467));
#6181=CARTESIAN_POINT('Ctrl Pts',(-0.890498871803717,11.1847701019495,-76.6828572283156));
#6182=CARTESIAN_POINT('Ctrl Pts',(-0.848117635906172,11.9741742131339,-76.559428825189));
#6183=CARTESIAN_POINT('Ctrl Pts',(-0.805736400008625,12.5307212137026,-76.132468721266));
#6184=CARTESIAN_POINT('Ctrl Pts',(-0.763355164111079,13.0872682142712,-75.7055086173429));
#6185=CARTESIAN_POINT('Ctrl Pts',(-0.720973928213532,13.410958104224,-74.9750168126234));
#6186=CARTESIAN_POINT('Ctrl Pts',(-0.678592692315986,13.3533768019964,-74.2759289156097));
#6187=CARTESIAN_POINT('Ctrl Pts',(-0.636211456418439,13.2957954997689,-73.5768410185959));
#6188=CARTESIAN_POINT('Ctrl Pts',(-0.593830220520893,12.856943005361,-72.9091570292879));
#6189=CARTESIAN_POINT('Ctrl Pts',(-0.551448984623346,12.238036261101,-72.5790147326278));
#6190=CARTESIAN_POINT('Ctrl Pts',(-0.5090677487258,11.619129516841,-72.2488724359676));
#6191=CARTESIAN_POINT('Ctrl Pts',(-0.466686512828253,10.8201685227287,-72.2562718319552));
#6192=CARTESIAN_POINT('Ctrl Pts',(-0.424305276930707,10.2074824896503,-72.5978202461465));
#6193=CARTESIAN_POINT('Ctrl Pts',(-0.38192404103316,9.59479645657185,-72.9393686603377));
#6194=CARTESIAN_POINT('Ctrl Pts',(-0.339542805135614,9.16838538452719,-73.6150660927325));
#6195=CARTESIAN_POINT('Ctrl Pts',(-0.297161569238067,9.12376173710681,-74.315100537516));
#6196=CARTESIAN_POINT('Ctrl Pts',(-0.294459805832879,9.12091702210374,-74.3597270663378));
#6197=CARTESIAN_POINT('Ctrl Pts',(-0.291758042427691,9.1196238686733,-74.4044524993424));
#6198=CARTESIAN_POINT('Ctrl Pts',(-0.289056279022503,9.11984222631188,-74.4491907909839));
#6199=CARTESIAN_POINT('Origin',(-0.640671393088053,11.24,-74.45));
#6200=CARTESIAN_POINT('',(0.510943720977497,9.12529555374285,-74.4485158133944));
#6201=CARTESIAN_POINT('',(0.289056279022504,9.12588725522047,-74.4510902196151));
#6202=CARTESIAN_POINT('',(-0.640671393088053,9.123,-74.45));
#6203=CARTESIAN_POINT('Ctrl Pts',(0.289056279022504,9.12588725522047,-74.4510902196151));
#6204=CARTESIAN_POINT('Ctrl Pts',(0.263668191147741,9.12785918471865,-74.0276012103541));
#6205=CARTESIAN_POINT('Ctrl Pts',(0.238280103272978,9.2510510013502,-73.6030560385794));
#6206=CARTESIAN_POINT('Ctrl Pts',(0.212892015398216,9.48768681897314,-73.2558214719935));
#6207=CARTESIAN_POINT('Ctrl Pts',(0.170510779500669,9.882711385532,-72.6761704895778));
#6208=CARTESIAN_POINT('Ctrl Pts',(0.128129543603123,10.5938681885335,-72.3119594978664));
#6209=CARTESIAN_POINT('Ctrl Pts',(0.0857483077055771,11.2950868536532,-72.3301817827078));
#6210=CARTESIAN_POINT('Ctrl Pts',(0.0433670718080307,11.9963055187729,-72.3484040675491));
#6211=CARTESIAN_POINT('Ctrl Pts',(0.000985835910484343,12.6875860460108,
-72.7490596289432));
#6212=CARTESIAN_POINT('Ctrl Pts',(-0.0413953999870624,13.051971472126,-73.348445088309));
#6213=CARTESIAN_POINT('Ctrl Pts',(-0.0837766358846092,13.4163568982412,
-73.9478305476749));
#6214=CARTESIAN_POINT('Ctrl Pts',(-0.126157871782156,13.4538472232336,-74.7459459050123));
#6215=CARTESIAN_POINT('Ctrl Pts',(-0.168539107679703,13.147252870626,-75.3768496783275));
#6216=CARTESIAN_POINT('Ctrl Pts',(-0.210920343577249,12.8406585180185,-76.0077534516426));
#6217=CARTESIAN_POINT('Ctrl Pts',(-0.253301579474795,12.189979487811,-76.4714456409353));
#6218=CARTESIAN_POINT('Ctrl Pts',(-0.295682815372342,11.4935566722771,-76.555320130552));
#6219=CARTESIAN_POINT('Ctrl Pts',(-0.338064051269888,10.7971338567432,-76.6391946201687));
#6220=CARTESIAN_POINT('Ctrl Pts',(-0.380445287167435,10.054967255883,-76.3432514101094));
#6221=CARTESIAN_POINT('Ctrl Pts',(-0.422826523064981,9.60734545390711,-75.8031825345175));
#6222=CARTESIAN_POINT('Ctrl Pts',(-0.452198922369153,9.29712027933522,-75.4288867328568));
#6223=CARTESIAN_POINT('Ctrl Pts',(-0.481571321673324,9.12837116950667,-74.9373322371258));
#6224=CARTESIAN_POINT('Ctrl Pts',(-0.510943720977496,9.12446245508024,-74.4482116216472));
#6225=CARTESIAN_POINT('Ctrl Pts',(-0.289056279022503,9.11984222631188,-74.4491907909839));
#6226=CARTESIAN_POINT('Ctrl Pts',(-0.249376806530145,9.12304913773007,-75.1062401125996));
#6227=CARTESIAN_POINT('Ctrl Pts',(-0.209697334037786,9.45227923114671,-75.7660629592093));
#6228=CARTESIAN_POINT('Ctrl Pts',(-0.170017861545427,9.98066111411143,-76.156085524619));
#6229=CARTESIAN_POINT('Ctrl Pts',(-0.127636625647881,10.5450203613325,-76.5726646097662));
#6230=CARTESIAN_POINT('Ctrl Pts',(-0.0852553897503351,11.3365750785708,
-76.6814513228885));
#6231=CARTESIAN_POINT('Ctrl Pts',(-0.0428741538527889,11.9923918873382,
-76.4325661905895));
#6232=CARTESIAN_POINT('Ctrl Pts',(-0.000492917955242696,12.6482086961057,
-76.1836810582905));
#6233=CARTESIAN_POINT('Ctrl Pts',(0.0418883179423035,13.1682875964023,-75.5771240805702));
#6234=CARTESIAN_POINT('Ctrl Pts',(0.0842695538398497,13.3141687641989,-74.89100588682));
#6235=CARTESIAN_POINT('Ctrl Pts',(0.126650789737397,13.4600499319956,-74.2048876930697));
#6236=CARTESIAN_POINT('Ctrl Pts',(0.169032025634944,13.2317333672922,-73.4392082832895));
#6237=CARTESIAN_POINT('Ctrl Pts',(0.211413261532491,12.7339038259007,-72.9450370148673));
#6238=CARTESIAN_POINT('Ctrl Pts',(0.253794497430037,12.2360742845092,-72.4508657464451));
#6239=CARTESIAN_POINT('Ctrl Pts',(0.296175733327584,11.4687317664295,-72.228202619381));
#6240=CARTESIAN_POINT('Ctrl Pts',(0.33855696922513,10.7837081662828,-72.3791402657045));
#6241=CARTESIAN_POINT('Ctrl Pts',(0.380938205122676,10.0986845661362,-72.530077912028));
#6242=CARTESIAN_POINT('Ctrl Pts',(0.423319441020223,9.49597988392258,-73.0546163317392));
#6243=CARTESIAN_POINT('Ctrl Pts',(0.46570067691777,9.25193848553259,-73.7122509277999));
#6244=CARTESIAN_POINT('Ctrl Pts',(0.480781691604345,9.165098358403,-73.9462647971822));
#6245=CARTESIAN_POINT('Ctrl Pts',(0.495862706290921,9.12367338742815,-74.1971317538616));
#6246=CARTESIAN_POINT('Ctrl Pts',(0.510943720977497,9.12529555374285,-74.4485158133944));
#6247=CARTESIAN_POINT('Origin',(-0.640671393088053,11.24,-74.45));
#6248=CARTESIAN_POINT('',(1.3109437209775,9.12523973505605,-74.4515101780714));
#6249=CARTESIAN_POINT('',(1.0890562790225,9.12047002435541,-74.4512933989825));
#6250=CARTESIAN_POINT('',(-0.640671393088053,9.123,-74.45));
#6251=CARTESIAN_POINT('Ctrl Pts',(1.0890562790225,9.12047002435541,-74.4512933989825));
#6252=CARTESIAN_POINT('Ctrl Pts',(1.05128893986635,9.12496569103644,-73.8254173641687));
#6253=CARTESIAN_POINT('Ctrl Pts',(1.0135216007102,9.41940980952742,-73.19586554813));
#6254=CARTESIAN_POINT('Ctrl Pts',(0.975754261554052,9.90509952729843,-72.8023638676494));
#6255=CARTESIAN_POINT('Ctrl Pts',(0.933373025656506,10.4501241692717,-72.3607895359874));
#6256=CARTESIAN_POINT('Ctrl Pts',(0.89099178975896,11.2359762174889,-72.2164630474338));
#6257=CARTESIAN_POINT('Ctrl Pts',(0.848610553861414,11.9023370287694,-72.4355588054453));
#6258=CARTESIAN_POINT('Ctrl Pts',(0.806229317963867,12.5686978400498,-72.6546545634569));
#6259=CARTESIAN_POINT('Ctrl Pts',(0.76384808206632,13.1155674143934,-73.2371725680335));
#6260=CARTESIAN_POINT('Ctrl Pts',(0.721466846168774,13.2922022097989,-73.9160243847881));
#6261=CARTESIAN_POINT('Ctrl Pts',(0.679085610271227,13.4688370052043,-74.5948762015426));
#6262=CARTESIAN_POINT('Ctrl Pts',(0.636704374373681,13.2752370216717,-75.3700618304751));
#6263=CARTESIAN_POINT('Ctrl Pts',(0.594323138476134,12.8001692135835,-75.8861531570379));
#6264=CARTESIAN_POINT('Ctrl Pts',(0.551941902578588,12.3251014054954,-76.4022444836007));
#6265=CARTESIAN_POINT('Ctrl Pts',(0.509560666681042,11.5685657728518,-76.6592415077938));
#6266=CARTESIAN_POINT('Ctrl Pts',(0.467179430783496,10.8774391985256,-76.539309331334));
#6267=CARTESIAN_POINT('Ctrl Pts',(0.424798194885949,10.1863126241994,-76.4193771548742));
#6268=CARTESIAN_POINT('Ctrl Pts',(0.382416958988402,9.56059510819057,-75.9225157777616));
#6269=CARTESIAN_POINT('Ctrl Pts',(0.340035723090855,9.28718251524429,-75.2765396026453));
#6270=CARTESIAN_POINT('Ctrl Pts',(0.323042575068071,9.17755521049884,-75.0175294881343));
#6271=CARTESIAN_POINT('Ctrl Pts',(0.306049427045288,9.12456737284026,-74.7345464395516));
#6272=CARTESIAN_POINT('Ctrl Pts',(0.289056279022504,9.12588725522047,-74.4510902196151));
#6273=CARTESIAN_POINT('Ctrl Pts',(0.510943720977497,9.12529555374285,-74.4485158133944));
#6274=CARTESIAN_POINT('Ctrl Pts',(0.538243942188468,9.12823206034752,-74.9035807129906));
#6275=CARTESIAN_POINT('Ctrl Pts',(0.565544163399438,9.27223233546882,-75.3603401382117));
#6276=CARTESIAN_POINT('Ctrl Pts',(0.592844384610409,9.54324910789092,-75.7218877647745));
#6277=CARTESIAN_POINT('Ctrl Pts',(0.635225620507955,9.96397924320559,-76.2831592332783));
#6278=CARTESIAN_POINT('Ctrl Pts',(0.677606856405501,10.6908176284013,-76.6149713978755));
#6279=CARTESIAN_POINT('Ctrl Pts',(0.719988092303047,11.3905039679966,-76.565185822649));
#6280=CARTESIAN_POINT('Ctrl Pts',(0.762369328200594,12.0901903075919,-76.5154002474225));
#6281=CARTESIAN_POINT('Ctrl Pts',(0.804750564098139,12.7627246015868,-76.0840169323721));
#6282=CARTESIAN_POINT('Ctrl Pts',(0.847131799995686,13.0997447751556,-75.468828620342));
#6283=CARTESIAN_POINT('Ctrl Pts',(0.889513035893233,13.4367649487245,-74.8536403083119));
#6284=CARTESIAN_POINT('Ctrl Pts',(0.93189427179078,13.4382710018673,-74.0546469993021));
#6285=CARTESIAN_POINT('Ctrl Pts',(0.974275507688326,13.1035731847879,-73.4381917727142));
#6286=CARTESIAN_POINT('Ctrl Pts',(1.01665674358587,12.7688753677085,-72.8217365461263));
#6287=CARTESIAN_POINT('Ctrl Pts',(1.05903797948342,12.0979736804068,-72.3878194019604));
#6288=CARTESIAN_POINT('Ctrl Pts',(1.10141921538097,11.3984796645892,-72.3353962966152));
#6289=CARTESIAN_POINT('Ctrl Pts',(1.14380045127851,10.6989856487715,-72.2829731912701));
#6290=CARTESIAN_POINT('Ctrl Pts',(1.18618168717606,9.9708993044378,-72.6120441247459));
#6291=CARTESIAN_POINT('Ctrl Pts',(1.2285629230736,9.5480564972397,-73.1717239355307));
#6292=CARTESIAN_POINT('Ctrl Pts',(1.25602318904157,9.27408204363079,-73.5343598081184));
#6293=CARTESIAN_POINT('Ctrl Pts',(1.28348345500953,9.12825467209024,-73.993809703383));
#6294=CARTESIAN_POINT('Ctrl Pts',(1.3109437209775,9.12523973505605,-74.4515101780714));
#6295=CARTESIAN_POINT('Origin',(-0.640671393088053,11.24,-74.45));
#6296=CARTESIAN_POINT('',(2.1109437209775,9.11993509361513,-74.4506022268735));
#6297=CARTESIAN_POINT('',(1.88905627902251,9.12189282058979,-74.4481838323914));
#6298=CARTESIAN_POINT('',(-0.640671393088053,9.123,-74.45));
#6299=CARTESIAN_POINT('',(2.5,13.3491849229905,-74.6317359640506));
#6300=CARTESIAN_POINT('Ctrl Pts',(2.1109437209775,9.11993509361513,-74.4506022268735));
#6301=CARTESIAN_POINT('Ctrl Pts',(2.11348543962569,9.11973477790893,-74.4926938945399));
#6302=CARTESIAN_POINT('Ctrl Pts',(2.11602715827389,9.12087318688069,-74.5347761237074));
#6303=CARTESIAN_POINT('Ctrl Pts',(2.11856887692208,9.12338382206181,-74.5767775365112));
#6304=CARTESIAN_POINT('Ctrl Pts',(2.16095011281963,9.16524676465746,-75.2771193250619));
#6305=CARTESIAN_POINT('Ctrl Pts',(2.20333134871718,9.58863030853586,-75.9549917077399));
#6306=CARTESIAN_POINT('Ctrl Pts',(2.24571258461472,10.200283357993,-76.2985493464984));
#6307=CARTESIAN_POINT('Ctrl Pts',(2.28809382051227,10.8119364074501,-76.642106985257));
#6308=CARTESIAN_POINT('Ctrl Pts',(2.33047505640981,11.611858962486,-76.6513498800961));
#6309=CARTESIAN_POINT('Ctrl Pts',(2.37285629230736,12.2310478673177,-76.3242737118783));
#6310=CARTESIAN_POINT('Ctrl Pts',(2.41523752820491,12.8502367721493,-75.9971975436605));
#6311=CARTESIAN_POINT('Ctrl Pts',(2.45761876410245,13.2886920267767,-75.3338023123857));
#6312=CARTESIAN_POINT('Ctrl Pts',(2.5,13.3491849229905,-74.6317359640506));
#6313=CARTESIAN_POINT('',(2.5,11.0578343228288,-72.3369550161749));
#6314=CARTESIAN_POINT('Origin',(2.5,11.24,-74.45));
#6315=CARTESIAN_POINT('Ctrl Pts',(2.5,11.0578342562592,-72.336954418188));
#6316=CARTESIAN_POINT('Ctrl Pts',(2.45811168205769,11.7486838751132,-72.2777912002457));
#6317=CARTESIAN_POINT('Ctrl Pts',(2.41622336411539,12.472007686766,-72.5900270867973));
#6318=CARTESIAN_POINT('Ctrl Pts',(2.37433504617309,12.9023987987558,-73.1337288100397));
#6319=CARTESIAN_POINT('Ctrl Pts',(2.33195381027554,13.337854509118,-73.6838285066276));
#6320=CARTESIAN_POINT('Ctrl Pts',(2.28957257437799,13.4734428251441,-74.4708736087852));
#6321=CARTESIAN_POINT('Ctrl Pts',(2.24719133848045,13.2469408453447,-75.1346586574433));
#6322=CARTESIAN_POINT('Ctrl Pts',(2.2048101025829,13.0204388655453,-75.7984437061014));
#6323=CARTESIAN_POINT('Ctrl Pts',(2.16242886668535,12.4318465899204,-76.3389687012601));
#6324=CARTESIAN_POINT('Ctrl Pts',(2.12004763078781,11.7510643771736,-76.5080716942538));
#6325=CARTESIAN_POINT('Ctrl Pts',(2.07766639489026,11.0702821644268,-76.6771746872475));
#6326=CARTESIAN_POINT('Ctrl Pts',(2.03528515899272,10.297310014558,-76.4748556780762));
#6327=CARTESIAN_POINT('Ctrl Pts',(1.99290392309517,9.7865478403346,-75.9940421094321));
#6328=CARTESIAN_POINT('Ctrl Pts',(1.95828804173762,9.36937069930961,-75.6013262035646));
#6329=CARTESIAN_POINT('Ctrl Pts',(1.92367216038006,9.12711891295876,-75.0228211816626));
#6330=CARTESIAN_POINT('Ctrl Pts',(1.88905627902251,9.12189282058979,-74.4481838323914));
#6331=CARTESIAN_POINT('Origin',(5.,10.,-10.));
#6332=CARTESIAN_POINT('',(2.5,10.,-5.));
#6333=CARTESIAN_POINT('',(2.5,5.,-10.));
#6334=CARTESIAN_POINT('Origin',(2.5,10.,-10.));
#6335=CARTESIAN_POINT('',(5.,10.,-5.));
#6336=CARTESIAN_POINT('',(5.,10.,-5.));
#6337=CARTESIAN_POINT('',(5.,5.,-10.));
#6338=CARTESIAN_POINT('Origin',(5.,10.,-10.));
#6339=CARTESIAN_POINT('',(5.,5.,-10.));
#6340=CARTESIAN_POINT('Origin',(5.,5.,-5.));
#6341=CARTESIAN_POINT('',(2.5,176.25,-5.));
#6342=CARTESIAN_POINT('',(2.5,5.,-5.));
#6343=CARTESIAN_POINT('',(5.,176.25,-5.));
#6344=CARTESIAN_POINT('',(5.,176.25,-5.));
#6345=CARTESIAN_POINT('',(5.,58.75,-5.));
#6346=CARTESIAN_POINT('Origin',(5.,9.99999999999996,-110.));
#6347=CARTESIAN_POINT('',(2.5,4.99999999999998,-110.));
#6348=CARTESIAN_POINT('',(2.5,9.99999999999996,-115.));
#6349=CARTESIAN_POINT('Origin',(2.5,9.99999999999996,-110.));
#6350=CARTESIAN_POINT('',(5.,4.99999999999999,-110.));
#6351=CARTESIAN_POINT('',(5.,4.99999999999998,-110.));
#6352=CARTESIAN_POINT('',(5.,9.99999999999996,-115.));
#6353=CARTESIAN_POINT('Origin',(5.,9.99999999999996,-110.));
#6354=CARTESIAN_POINT('',(5.,9.99999999999996,-115.));
#6355=CARTESIAN_POINT('Origin',(2.5,93.125,-60.));
#6356=CARTESIAN_POINT('',(2.5,4.99999999999998,-115.));
#6357=CARTESIAN_POINT('',(2.5,176.25,-115.));
#6358=CARTESIAN_POINT('',(2.5,181.25,-115.));
#6359=CARTESIAN_POINT('',(2.5,181.25,-110.));
#6360=CARTESIAN_POINT('Origin',(2.5,176.25,-110.));
#6361=CARTESIAN_POINT('',(2.5,181.25,-10.));
#6362=CARTESIAN_POINT('',(2.5,181.25,-5.));
#6363=CARTESIAN_POINT('Origin',(2.5,176.25,-10.));
#6364=CARTESIAN_POINT('',(2.5,150.,-110.));
#6365=CARTESIAN_POINT('',(2.5,155.,-105.));
#6366=CARTESIAN_POINT('Ctrl Pts',(2.5,150.,-110.));
#6367=CARTESIAN_POINT('Ctrl Pts',(2.5,150.373999125427,-110.));
#6368=CARTESIAN_POINT('Ctrl Pts',(2.5,150.744073964986,-109.998114587568));
#6369=CARTESIAN_POINT('Ctrl Pts',(2.5,151.112785730734,-109.956038019099));
#6370=CARTESIAN_POINT('Ctrl Pts',(2.5,151.481497496482,-109.91396145063));
#6371=CARTESIAN_POINT('Ctrl Pts',(2.5,151.848846188418,-109.831693726124));
#6372=CARTESIAN_POINT('Ctrl Pts',(2.5,152.207662547458,-109.692724239506));
#6373=CARTESIAN_POINT('Ctrl Pts',(2.5,152.566478906498,-109.553754752889));
#6374=CARTESIAN_POINT('Ctrl Pts',(2.5,152.916762932641,-109.358083504159));
#6375=CARTESIAN_POINT('Ctrl Pts',(2.5,153.241064941652,-109.11101600583));
#6376=CARTESIAN_POINT('Ctrl Pts',(2.5,153.565366950663,-108.863948507501));
#6377=CARTESIAN_POINT('Ctrl Pts',(2.5,153.863686942541,-108.565484759573));
#6378=CARTESIAN_POINT('Ctrl Pts',(2.5,154.110900696762,-108.241043900616));
#6379=CARTESIAN_POINT('Ctrl Pts',(2.5,154.358114450982,-107.91660304166));
#6380=CARTESIAN_POINT('Ctrl Pts',(2.5,154.554221967546,-107.566185071676));
#6381=CARTESIAN_POINT('Ctrl Pts',(2.5,154.693253169268,-107.207360415361));
#6382=CARTESIAN_POINT('Ctrl Pts',(2.5,154.83228437099,-106.848535759045));
#6383=CARTESIAN_POINT('Ctrl Pts',(2.5,154.91423925787,-106.481304416399));
#6384=CARTESIAN_POINT('Ctrl Pts',(2.5,154.956168165123,-106.112670257995));
#6385=CARTESIAN_POINT('Ctrl Pts',(2.5,154.998097072375,-105.74403609959));
#6386=CARTESIAN_POINT('Ctrl Pts',(2.5,155.,-105.373999125427));
#6387=CARTESIAN_POINT('Ctrl Pts',(2.5,155.,-105.));
#6388=CARTESIAN_POINT('',(2.5,30.,-110.));
#6389=CARTESIAN_POINT('',(2.5,111.5625,-110.));
#6390=CARTESIAN_POINT('',(2.5,25.,-105.));
#6391=CARTESIAN_POINT('Ctrl Pts',(2.5,25.,-105.));
#6392=CARTESIAN_POINT('Ctrl Pts',(2.5,25.,-105.373999125427));
#6393=CARTESIAN_POINT('Ctrl Pts',(2.5,25.0018787134342,-105.744071274807));
#6394=CARTESIAN_POINT('Ctrl Pts',(2.5,25.0439513686339,-106.112781466597));
#6395=CARTESIAN_POINT('Ctrl Pts',(2.5,25.0860240238335,-106.481491658386));
#6396=CARTESIAN_POINT('Ctrl Pts',(2.5,25.1682906207986,-106.848839892584));
#6397=CARTESIAN_POINT('Ctrl Pts',(2.5,25.3072600268205,-107.207656479956));
#6398=CARTESIAN_POINT('Ctrl Pts',(2.5,25.4462294328425,-107.566473067328));
#6399=CARTESIAN_POINT('Ctrl Pts',(2.5,25.6419016479214,-107.916758007873));
#6400=CARTESIAN_POINT('Ctrl Pts',(2.5,25.8889700636773,-108.241061138233));
#6401=CARTESIAN_POINT('Ctrl Pts',(2.5,26.1360384794332,-108.565364268593));
#6402=CARTESIAN_POINT('Ctrl Pts',(2.5,26.4345030958661,-108.863685588767));
#6403=CARTESIAN_POINT('Ctrl Pts',(2.5,26.7589449153709,-109.110899768264));
#6404=CARTESIAN_POINT('Ctrl Pts',(2.5,27.0833867348757,-109.358113947761));
#6405=CARTESIAN_POINT('Ctrl Pts',(2.5,27.4338057574523,-109.554220986581));
#6406=CARTESIAN_POINT('Ctrl Pts',(2.5,27.7926315082747,-109.693252448403));
#6407=CARTESIAN_POINT('Ctrl Pts',(2.5,28.1514572590971,-109.832283910225));
#6408=CARTESIAN_POINT('Ctrl Pts',(2.5,28.5186897381652,-109.91423979505));
#6409=CARTESIAN_POINT('Ctrl Pts',(2.5,28.8873256420341,-109.956168817493));
#6410=CARTESIAN_POINT('Ctrl Pts',(2.5,29.255961545903,-109.998097839937));
#6411=CARTESIAN_POINT('Ctrl Pts',(2.5,29.6260008745726,-110.));
#6412=CARTESIAN_POINT('Ctrl Pts',(2.5,30.,-110.));
#6413=CARTESIAN_POINT('',(2.5,25.,-64.45));
#6414=CARTESIAN_POINT('',(2.5,25.,-59.725));
#6415=CARTESIAN_POINT('',(2.5,20.,-59.45));
#6416=CARTESIAN_POINT('Ctrl Pts',(2.5,20.,-59.45));
#6417=CARTESIAN_POINT('Ctrl Pts',(2.5,20.3739991254274,-59.45));
#6418=CARTESIAN_POINT('Ctrl Pts',(2.5,20.7440684203984,-59.4518717994301));
#6419=CARTESIAN_POINT('Ctrl Pts',(2.5,21.1127769507871,-59.4939404352176));
#6420=CARTESIAN_POINT('Ctrl Pts',(2.5,21.4814854811758,-59.5360090710051));
#6421=CARTESIAN_POINT('Ctrl Pts',(2.5,21.8488332469821,-59.6182745431501));
#6422=CARTESIAN_POINT('Ctrl Pts',(2.5,22.2076501188514,-59.7572439721667));
#6423=CARTESIAN_POINT('Ctrl Pts',(2.5,22.5664669907206,-59.8962134011833));
#6424=CARTESIAN_POINT('Ctrl Pts',(2.5,22.9167529686527,-60.0918867870717));
#6425=CARTESIAN_POINT('Ctrl Pts',(2.5,23.2410573711139,-60.3389563259198));
#6426=CARTESIAN_POINT('Ctrl Pts',(2.5,23.5653617735751,-60.586025864768));
#6427=CARTESIAN_POINT('Ctrl Pts',(2.5,23.8636846005653,-60.884491556576));
#6428=CARTESIAN_POINT('Ctrl Pts',(2.5,24.110899220666,-61.2089343731265));
#6429=CARTESIAN_POINT('Ctrl Pts',(2.5,24.3581138407666,-61.533377189677));
#6430=CARTESIAN_POINT('Ctrl Pts',(2.5,24.5542202539778,-61.8837971309699));
#6431=CARTESIAN_POINT('Ctrl Pts',(2.5,24.6932519600265,-62.242623937301));
#6432=CARTESIAN_POINT('Ctrl Pts',(2.5,24.8322836660752,-62.601450743632));
#6433=CARTESIAN_POINT('Ctrl Pts',(2.5,24.9142406649616,-62.9686844150012));
#6434=CARTESIAN_POINT('Ctrl Pts',(2.5,24.9561697484428,-63.3373219477364));
#6435=CARTESIAN_POINT('Ctrl Pts',(2.5,24.998098831924,-63.7059594804715));
#6436=CARTESIAN_POINT('Ctrl Pts',(2.5,25.,-64.0760008745727));
#6437=CARTESIAN_POINT('Ctrl Pts',(2.5,25.,-64.45));
#6438=CARTESIAN_POINT('',(2.5,15.,-54.45));
#6439=CARTESIAN_POINT('Ctrl Pts',(2.5,15.,-54.45));
#6440=CARTESIAN_POINT('Ctrl Pts',(2.5,15.,-54.8239991254274));
#6441=CARTESIAN_POINT('Ctrl Pts',(2.5,15.0019008154639,-55.1940410873686));
#6442=CARTESIAN_POINT('Ctrl Pts',(2.5,15.0438299061846,-55.5626790923788));
#6443=CARTESIAN_POINT('Ctrl Pts',(2.5,15.0857589969054,-55.9313170973889));
#6444=CARTESIAN_POINT('Ctrl Pts',(2.5,15.1677163628831,-56.2985511454679));
#6445=CARTESIAN_POINT('Ctrl Pts',(2.5,15.3067481398164,-56.6573782652068));
#6446=CARTESIAN_POINT('Ctrl Pts',(2.5,15.4457799167497,-57.0162053849457));
#6447=CARTESIAN_POINT('Ctrl Pts',(2.5,15.6418861046385,-57.3666255763445));
#6448=CARTESIAN_POINT('Ctrl Pts',(2.5,15.889100861984,-57.6910687047177));
#6449=CARTESIAN_POINT('Ctrl Pts',(2.5,16.1363156193296,-58.0155118330909));
#6450=CARTESIAN_POINT('Ctrl Pts',(2.5,16.4346389461318,-58.3139778984385));
#6451=CARTESIAN_POINT('Ctrl Pts',(2.5,16.7589437705446,-58.5610478256705));
#6452=CARTESIAN_POINT('Ctrl Pts',(2.5,17.0832485949574,-58.8081177529025));
#6453=CARTESIAN_POINT('Ctrl Pts',(2.5,17.4335349169809,-59.0037915420191));
#6454=CARTESIAN_POINT('Ctrl Pts',(2.5,17.7923518884219,-59.1427610015616));
#6455=CARTESIAN_POINT('Ctrl Pts',(2.5,18.1511688598628,-59.2817304611041));
#6456=CARTESIAN_POINT('Ctrl Pts',(2.5,18.5185164807212,-59.3639955910727));
#6457=CARTESIAN_POINT('Ctrl Pts',(2.5,18.8872244843987,-59.4060629757966));
#6458=CARTESIAN_POINT('Ctrl Pts',(2.5,19.2559324880761,-59.4481303605206));
#6459=CARTESIAN_POINT('Ctrl Pts',(2.5,19.6260008745726,-59.45));
#6460=CARTESIAN_POINT('Ctrl Pts',(2.5,20.,-59.45));
#6461=CARTESIAN_POINT('',(2.5,15.,-20.));
#6462=CARTESIAN_POINT('',(2.5,15.,-59.725));
#6463=CARTESIAN_POINT('',(2.5,20.,-15.));
#6464=CARTESIAN_POINT('Ctrl Pts',(2.5,20.,-15.));
#6465=CARTESIAN_POINT('Ctrl Pts',(2.5,19.6260008745727,-15.));
#6466=CARTESIAN_POINT('Ctrl Pts',(2.5,19.2558125499836,-15.002208903773));
#6467=CARTESIAN_POINT('Ctrl Pts',(2.5,18.8872043573865,-15.0440541970171));
#6468=CARTESIAN_POINT('Ctrl Pts',(2.5,18.5185961647894,-15.0858994902613));
#6469=CARTESIAN_POINT('Ctrl Pts',(2.5,18.1515681041843,-15.1673811729766));
#6470=CARTESIAN_POINT('Ctrl Pts',(2.5,17.7926089845238,-15.3067064317166));
#6471=CARTESIAN_POINT('Ctrl Pts',(2.5,17.3439100849481,-15.4808630051416));
#6472=CARTESIAN_POINT('Ctrl Pts',(2.5,16.9078189055983,-15.7454001661051));
#6473=CARTESIAN_POINT('Ctrl Pts',(2.5,16.5209270212908,-16.0834535327989));
#6474=CARTESIAN_POINT('Ctrl Pts',(2.5,16.2887918907063,-16.2862855528151));
#6475=CARTESIAN_POINT('Ctrl Pts',(2.5,16.074368506337,-16.5155834068943));
#6476=CARTESIAN_POINT('Ctrl Pts',(2.5,15.88894088814,-16.7590905434144));
#6477=CARTESIAN_POINT('Ctrl Pts',(2.5,15.6417040638773,-17.0837667254412));
#6478=CARTESIAN_POINT('Ctrl Pts',(2.5,15.4460152683654,-17.4337038540299));
#6479=CARTESIAN_POINT('Ctrl Pts',(2.5,15.3070627382365,-17.7924293190429));
#6480=CARTESIAN_POINT('Ctrl Pts',(2.5,15.1681102081077,-18.151154784056));
#6481=CARTESIAN_POINT('Ctrl Pts',(2.5,15.0858939433619,-18.5186685854934));
#6482=CARTESIAN_POINT('Ctrl Pts',(2.5,15.043866391335,-18.8873801081226));
#6483=CARTESIAN_POINT('Ctrl Pts',(2.5,15.0018388393081,-19.2560916307518));
#6484=CARTESIAN_POINT('Ctrl Pts',(2.5,15.,-19.6260008745726));
#6485=CARTESIAN_POINT('Ctrl Pts',(2.5,15.,-20.));
#6486=CARTESIAN_POINT('',(2.5,168.75,-15.));
#6487=CARTESIAN_POINT('',(2.5,54.0625,-15.));
#6488=CARTESIAN_POINT('',(2.5,173.75,-20.));
#6489=CARTESIAN_POINT('Ctrl Pts',(2.5,173.75,-20.));
#6490=CARTESIAN_POINT('Ctrl Pts',(2.5,173.75,-19.6260008745726));
#6491=CARTESIAN_POINT('Ctrl Pts',(2.5,173.748097375026,-19.2559628603467));
#6492=CARTESIAN_POINT('Ctrl Pts',(2.5,173.706168412155,-18.887327942089));
#6493=CARTESIAN_POINT('Ctrl Pts',(2.5,173.664239449284,-18.5186930238312));
#6494=CARTESIAN_POINT('Ctrl Pts',(2.5,173.582284148516,-18.1514612015416));
#6495=CARTESIAN_POINT('Ctrl Pts',(2.5,173.443252833833,-17.7926360728803));
#6496=CARTESIAN_POINT('Ctrl Pts',(2.5,173.30422151915,-17.4338109442189));
#6497=CARTESIAN_POINT('Ctrl Pts',(2.5,173.108114190553,-17.0833925091857));
#6498=CARTESIAN_POINT('Ctrl Pts',(2.5,172.860900256465,-16.758951243904));
#6499=CARTESIAN_POINT('Ctrl Pts',(2.5,172.613686322378,-16.4345099786222));
#6500=CARTESIAN_POINT('Ctrl Pts',(2.5,172.3153657828,-16.1360458830917));
#6501=CARTESIAN_POINT('Ctrl Pts',(2.5,171.991063311429,-15.8889780159239));
#6502=CARTESIAN_POINT('Ctrl Pts',(2.5,171.666760840059,-15.6419101487561));
#6503=CARTESIAN_POINT('Ctrl Pts',(2.5,171.316476436896,-15.446238509951));
#6504=CARTESIAN_POINT('Ctrl Pts',(2.5,170.957659986529,-15.307269069396));
#6505=CARTESIAN_POINT('Ctrl Pts',(2.5,170.598843536161,-15.168299628841));
#6506=CARTESIAN_POINT('Ctrl Pts',(2.5,170.231495038589,-15.0860323865361));
#6507=CARTESIAN_POINT('Ctrl Pts',(2.5,169.862783935906,-15.0439574793259));
#6508=CARTESIAN_POINT('Ctrl Pts',(2.5,169.494072833222,-15.0018825721156));
#6509=CARTESIAN_POINT('Ctrl Pts',(2.5,169.123999125427,-15.));
#6510=CARTESIAN_POINT('Ctrl Pts',(2.5,168.75,-15.));
#6511=CARTESIAN_POINT('',(2.5,173.75,-54.45));
#6512=CARTESIAN_POINT('',(2.5,173.75,-37.5));
#6513=CARTESIAN_POINT('',(2.5,168.75,-59.45));
#6514=CARTESIAN_POINT('Ctrl Pts',(2.5,168.75,-59.45));
#6515=CARTESIAN_POINT('Ctrl Pts',(2.5,169.123999125427,-59.45));
#6516=CARTESIAN_POINT('Ctrl Pts',(2.5,169.494036519585,-59.4480971885031));
#6517=CARTESIAN_POINT('Ctrl Pts',(2.5,169.862670982961,-59.4061682579859));
#6518=CARTESIAN_POINT('Ctrl Pts',(2.5,170.231305446337,-59.3642393274687));
#6519=CARTESIAN_POINT('Ctrl Pts',(2.5,170.598536978931,-59.2822842779312));
#6520=CARTESIAN_POINT('Ctrl Pts',(2.5,170.957361824106,-59.1432530309255));
#6521=CARTESIAN_POINT('Ctrl Pts',(2.5,171.316186669281,-59.0042217839197));
#6522=CARTESIAN_POINT('Ctrl Pts',(2.5,171.666604827037,-58.8081143394457));
#6523=CARTESIAN_POINT('Ctrl Pts',(2.5,171.99104584704,-58.5609005139504));
#6524=CARTESIAN_POINT('Ctrl Pts',(2.5,172.315486867044,-58.3136866884552));
#6525=CARTESIAN_POINT('Ctrl Pts',(2.5,172.613950749294,-58.0153664819386));
#6526=CARTESIAN_POINT('Ctrl Pts',(2.5,172.861018390472,-57.6910642917355));
#6527=CARTESIAN_POINT('Ctrl Pts',(2.5,173.108086031651,-57.3667621015323));
#6528=CARTESIAN_POINT('Ctrl Pts',(2.5,173.303757431758,-57.0164779276424));
#6529=CARTESIAN_POINT('Ctrl Pts',(2.5,173.442726898045,-56.65766153331));
#6530=CARTESIAN_POINT('Ctrl Pts',(2.5,173.581696364333,-56.2988451389776));
#6531=CARTESIAN_POINT('Ctrl Pts',(2.5,173.663963896802,-55.9314965242027));
#6532=CARTESIAN_POINT('Ctrl Pts',(2.5,173.706039805719,-55.5627850208151));
#6533=CARTESIAN_POINT('Ctrl Pts',(2.5,173.748115714635,-55.1940735174276));
#6534=CARTESIAN_POINT('Ctrl Pts',(2.5,173.75,-54.8239991254274));
#6535=CARTESIAN_POINT('Ctrl Pts',(2.5,173.75,-54.45));
#6536=CARTESIAN_POINT('',(2.5,160.,-59.45));
#6537=CARTESIAN_POINT('',(2.5,133.4375,-59.45));
#6538=CARTESIAN_POINT('',(2.5,155.,-64.45));
#6539=CARTESIAN_POINT('Ctrl Pts',(2.5,155.,-64.45));
#6540=CARTESIAN_POINT('Ctrl Pts',(2.5,155.,-64.0760008745727));
#6541=CARTESIAN_POINT('Ctrl Pts',(2.5,155.001902762117,-63.7059633100867));
#6542=CARTESIAN_POINT('Ctrl Pts',(2.5,155.043831701766,-63.3373287223283));
#6543=CARTESIAN_POINT('Ctrl Pts',(2.5,155.085760641415,-62.9686941345698));
#6544=CARTESIAN_POINT('Ctrl Pts',(2.5,155.167715758596,-62.6014625235388));
#6545=CARTESIAN_POINT('Ctrl Pts',(2.5,155.306747024092,-62.2426376010644));
#6546=CARTESIAN_POINT('Ctrl Pts',(2.5,155.445778289587,-61.8838126785899));
#6547=CARTESIAN_POINT('Ctrl Pts',(2.5,155.641885703398,-61.5333944446719));
#6548=CARTESIAN_POINT('Ctrl Pts',(2.5,155.88909955831,-61.2089533582156));
#6549=CARTESIAN_POINT('Ctrl Pts',(2.5,156.136313413222,-60.8845122717593));
#6550=CARTESIAN_POINT('Ctrl Pts',(2.5,156.434633709236,-60.5860483327646));
#6551=CARTESIAN_POINT('Ctrl Pts',(2.5,156.758935974992,-60.3389806313666));
#6552=CARTESIAN_POINT('Ctrl Pts',(2.5,157.083238240747,-60.0919129299685));
#6553=CARTESIAN_POINT('Ctrl Pts',(2.5,157.433522476245,-59.8962414661671));
#6554=CARTESIAN_POINT('Ctrl Pts',(2.5,157.792338885485,-59.7572720074769));
#6555=CARTESIAN_POINT('Ctrl Pts',(2.5,158.151155294725,-59.6183025487868));
#6556=CARTESIAN_POINT('Ctrl Pts',(2.5,158.518503877708,-59.5360350952078));
#6557=CARTESIAN_POINT('Ctrl Pts',(2.5,158.88721527267,-59.4939594580111));
#6558=CARTESIAN_POINT('Ctrl Pts',(2.5,159.255926667632,-59.4518838208145));
#6559=CARTESIAN_POINT('Ctrl Pts',(2.5,159.626000874573,-59.45));
#6560=CARTESIAN_POINT('Ctrl Pts',(2.5,160.,-59.45));
#6561=CARTESIAN_POINT('',(2.5,155.,-85.));
#6562=CARTESIAN_POINT('Ctrl Pts',(2.5,164.81782666323,-72.3368990220355));
#6563=CARTESIAN_POINT('Ctrl Pts',(2.5,164.809618306121,-72.3367423519463));
#6564=CARTESIAN_POINT('Ctrl Pts',(2.5,164.801410868083,-72.3366381323888));
#6565=CARTESIAN_POINT('Ctrl Pts',(2.5,164.793204768208,-72.3365865398157));
#6566=CARTESIAN_POINT('Ctrl Pts',(2.5,164.718767610582,-72.3361185459382));
#6567=CARTESIAN_POINT('Ctrl Pts',(2.5,164.644441797259,-72.339976570104));
#6568=CARTESIAN_POINT('Ctrl Pts',(2.5,164.57049077641,-72.3479049022414));
#6569=CARTESIAN_POINT('Ctrl Pts',(2.5,164.505204933655,-72.3549042355744));
#6570=CARTESIAN_POINT('Ctrl Pts',(2.5,164.440210609494,-72.365076763655));
#6571=CARTESIAN_POINT('Ctrl Pts',(2.5,164.375683114818,-72.3782784173463));
#6572=CARTESIAN_POINT('Ctrl Pts',(2.5,164.359368642246,-72.3816161886038));
#6573=CARTESIAN_POINT('Ctrl Pts',(2.5,164.343084000013,-72.3851477330318));
#6574=CARTESIAN_POINT('Ctrl Pts',(2.5,164.326832011825,-72.3888710073876));
#6575=CARTESIAN_POINT('Ctrl Pts',(2.5,164.310224197205,-72.3926758003497));
#6576=CARTESIAN_POINT('Ctrl Pts',(2.5,164.29365969161,-72.3966787287345));
#6577=CARTESIAN_POINT('Ctrl Pts',(2.5,164.277144865391,-72.4008761032606));
#6578=CARTESIAN_POINT('Ctrl Pts',(2.5,164.20084179122,-72.4202691368611));
#6579=CARTESIAN_POINT('Ctrl Pts',(2.5,164.125576407421,-72.4438139684307));
#6580=CARTESIAN_POINT('Ctrl Pts',(2.5,164.051641461868,-72.4712561543798));
#6581=CARTESIAN_POINT('Ctrl Pts',(2.5,163.993774430065,-72.4927344666338));
#6582=CARTESIAN_POINT('Ctrl Pts',(2.5,163.936722048855,-72.5166014006245));
#6583=CARTESIAN_POINT('Ctrl Pts',(2.5,163.880625290179,-72.5427571753818));
#6584=CARTESIAN_POINT('Ctrl Pts',(2.5,163.866426360084,-72.549377593854));
#6585=CARTESIAN_POINT('Ctrl Pts',(2.5,163.852286553602,-72.5561457870806));
#6586=CARTESIAN_POINT('Ctrl Pts',(2.5,163.838214975644,-72.5630569810014));
#6587=CARTESIAN_POINT('Ctrl Pts',(2.5,163.765801652293,-72.5986224678034));
#6588=CARTESIAN_POINT('Ctrl Pts',(2.5,163.695369819464,-72.6378834386952));
#6589=CARTESIAN_POINT('Ctrl Pts',(2.5,163.627211204727,-72.6805731358138));
#6590=CARTESIAN_POINT('Ctrl Pts',(2.5,163.555989513435,-72.7251813257144));
#6591=CARTESIAN_POINT('Ctrl Pts',(2.5,163.487248873772,-72.7735333792316));
#6592=CARTESIAN_POINT('Ctrl Pts',(2.5,163.421328700729,-72.8253832500929));
#6593=CARTESIAN_POINT('Ctrl Pts',(2.5,163.357453053237,-72.8756249882559));
#6594=CARTESIAN_POINT('Ctrl Pts',(2.5,163.2962247316,-72.9291516254133));
#6595=CARTESIAN_POINT('Ctrl Pts',(2.5,163.237973145442,-72.9857863055859));
#6596=CARTESIAN_POINT('Ctrl Pts',(2.5,163.217532245857,-73.0056598212578));
#6597=CARTESIAN_POINT('Ctrl Pts',(2.5,163.197458141232,-73.025916434605));
#6598=CARTESIAN_POINT('Ctrl Pts',(2.5,163.177766005204,-73.046549704478));
#6599=CARTESIAN_POINT('Ctrl Pts',(2.5,163.167767737843,-73.0570258127294));
#6600=CARTESIAN_POINT('Ctrl Pts',(2.5,163.157867946648,-73.0675990282055));
#6601=CARTESIAN_POINT('Ctrl Pts',(2.5,163.148068676967,-73.0782685646925));
#6602=CARTESIAN_POINT('Ctrl Pts',(2.5,163.140261645936,-73.0867689331036));
#6603=CARTESIAN_POINT('Ctrl Pts',(2.5,163.132520018072,-73.0953287652947));
#6604=CARTESIAN_POINT('Ctrl Pts',(2.5,163.124850530059,-73.1039409347689));
#6605=CARTESIAN_POINT('Ctrl Pts',(2.5,163.068964390387,-73.1666962197781));
#6606=CARTESIAN_POINT('Ctrl Pts',(2.5,163.016816735826,-73.2323244701044));
#6607=CARTESIAN_POINT('Ctrl Pts',(2.5,162.968728136952,-73.3005853157912));
#6608=CARTESIAN_POINT('Ctrl Pts',(2.5,162.950563815431,-73.3263692225246));
#6609=CARTESIAN_POINT('Ctrl Pts',(2.5,162.932978837513,-73.352529228848));
#6610=CARTESIAN_POINT('Ctrl Pts',(2.5,162.915991414507,-73.3790540783117));
#6611=CARTESIAN_POINT('Ctrl Pts',(2.5,162.872546362462,-73.4468909400314));
#6612=CARTESIAN_POINT('Ctrl Pts',(2.5,162.833006817518,-73.517111605811));
#6613=CARTESIAN_POINT('Ctrl Pts',(2.5,162.797319733877,-73.5893716489411));
#6614=CARTESIAN_POINT('Ctrl Pts',(2.5,162.760894154505,-73.663127015534));
#6615=CARTESIAN_POINT('Ctrl Pts',(2.5,162.728481804292,-73.739007745243));
#6616=CARTESIAN_POINT('Ctrl Pts',(2.5,162.700070171199,-73.8166789946639));
#6617=CARTESIAN_POINT('Ctrl Pts',(2.5,162.695085988363,-73.8303046707021));
#6618=CARTESIAN_POINT('Ctrl Pts',(2.5,162.690225041096,-73.8439855103066));
#6619=CARTESIAN_POINT('Ctrl Pts',(2.5,162.685487409181,-73.857719776297));
#6620=CARTESIAN_POINT('Ctrl Pts',(2.5,162.681307172721,-73.8698381680304));
#6621=CARTESIAN_POINT('Ctrl Pts',(2.5,162.677226189346,-73.881988748416));
#6622=CARTESIAN_POINT('Ctrl Pts',(2.5,162.673244232016,-73.8941697059694));
#6623=CARTESIAN_POINT('Ctrl Pts',(2.5,162.647139517323,-73.9740250121101));
#6624=CARTESIAN_POINT('Ctrl Pts',(2.5,162.625285539937,-74.0551881564232));
#6625=CARTESIAN_POINT('Ctrl Pts',(2.5,162.607605948298,-74.1372754930994));
#6626=CARTESIAN_POINT('Ctrl Pts',(2.5,162.589587386517,-74.2209366871776));
#6627=CARTESIAN_POINT('Ctrl Pts',(2.5,162.575904521965,-74.3055586498717));
#6628=CARTESIAN_POINT('Ctrl Pts',(2.5,162.566522032214,-74.390766627129));
#6629=CARTESIAN_POINT('Ctrl Pts',(2.5,162.557076350089,-74.4765484919624));
#6630=CARTESIAN_POINT('Ctrl Pts',(2.5,162.551988939008,-74.5629252312243));
#6631=CARTESIAN_POINT('Ctrl Pts',(2.5,162.551273248546,-74.6495326932556));
#6632=CARTESIAN_POINT('Ctrl Pts',(2.5,162.550971888784,-74.6860009788362));
#6633=CARTESIAN_POINT('Ctrl Pts',(2.5,162.551446273944,-74.7225103108141));
#6634=CARTESIAN_POINT('Ctrl Pts',(2.5,162.55270015958,-74.7590338292128));
#6635=CARTESIAN_POINT('Ctrl Pts',(2.5,162.553337317684,-74.7775931420264));
#6636=CARTESIAN_POINT('Ctrl Pts',(2.5,162.554176179571,-74.7961612405108));
#6637=CARTESIAN_POINT('Ctrl Pts',(2.5,162.555215331916,-74.8147036618038));
#6638=CARTESIAN_POINT('Ctrl Pts',(2.5,162.560189512156,-74.9034619137274));
#6639=CARTESIAN_POINT('Ctrl Pts',(2.5,162.569750573469,-74.9917482450715));
#6640=CARTESIAN_POINT('Ctrl Pts',(2.5,162.583852436761,-75.0791680942227));
#6641=CARTESIAN_POINT('Ctrl Pts',(2.5,162.597968333504,-75.1666749391308));
#6642=CARTESIAN_POINT('Ctrl Pts',(2.5,162.616633924382,-75.2533145858246));
#6643=CARTESIAN_POINT('Ctrl Pts',(2.5,162.639853633393,-75.3387036231807));
#6644=CARTESIAN_POINT('Ctrl Pts',(2.5,162.66256835757,-75.4222356101872));
#6645=CARTESIAN_POINT('Ctrl Pts',(2.5,162.689641304047,-75.5045717398937));
#6646=CARTESIAN_POINT('Ctrl Pts',(2.5,162.721125577791,-75.5853504023173));
#6647=CARTESIAN_POINT('Ctrl Pts',(2.5,162.740251149023,-75.6344205531753));
#6648=CARTESIAN_POINT('Ctrl Pts',(2.5,162.761005504573,-75.6829158673107));
#6649=CARTESIAN_POINT('Ctrl Pts',(2.5,162.783409624692,-75.7307525553712));
#6650=CARTESIAN_POINT('Ctrl Pts',(2.5,163.716968988191,-76.6707748237458));
#6651=CARTESIAN_POINT('Ctrl Pts',(2.5,163.725933320233,-76.67497352611));
#6652=CARTESIAN_POINT('Ctrl Pts',(2.5,163.734923060388,-76.6791145604126));
#6653=CARTESIAN_POINT('Ctrl Pts',(2.5,163.743937962961,-76.683197459925));
#6654=CARTESIAN_POINT('Ctrl Pts',(2.5,163.823913461617,-76.7194188080577));
#6655=CARTESIAN_POINT('Ctrl Pts',(2.5,163.905868296267,-76.7510690164461));
#6656=CARTESIAN_POINT('Ctrl Pts',(2.5,163.989406853444,-76.7782048818923));
#6657=CARTESIAN_POINT('Ctrl Pts',(2.5,164.074161272099,-76.8057356961452));
#6658=CARTESIAN_POINT('Ctrl Pts',(2.5,164.160546899561,-76.8286197656407));
#6659=CARTESIAN_POINT('Ctrl Pts',(2.5,164.248154127028,-76.8468635947122));
#6660=CARTESIAN_POINT('Ctrl Pts',(2.5,164.270069096691,-76.8514272930761));
#6661=CARTESIAN_POINT('Ctrl Pts',(2.5,164.292063864655,-76.8557008422991));
#6662=CARTESIAN_POINT('Ctrl Pts',(2.5,164.314106199095,-76.8596796259502));
#6663=CARTESIAN_POINT('Ctrl Pts',(2.5,164.400963957168,-76.8753580119546));
#6664=CARTESIAN_POINT('Ctrl Pts',(2.5,164.488638515498,-76.8864813065435));
#6665=CARTESIAN_POINT('Ctrl Pts',(2.5,164.576730306717,-76.8930792169696));
#6666=CARTESIAN_POINT('Ctrl Pts',(2.5,164.643108857718,-76.8980508463082));
#6667=CARTESIAN_POINT('Ctrl Pts',(2.5,164.709724508559,-76.9004519108886));
#6668=CARTESIAN_POINT('Ctrl Pts',(2.5,164.77640263353,-76.9002759130366));
#6669=CARTESIAN_POINT('Ctrl Pts',(2.5,164.802573787761,-76.9002068339056));
#6670=CARTESIAN_POINT('Ctrl Pts',(2.5,164.8287545075,-76.8997405673769));
#6671=CARTESIAN_POINT('Ctrl Pts',(2.5,164.854933954157,-76.8988760499448));
#6672=CARTESIAN_POINT('Ctrl Pts',(2.5,164.870042943452,-76.898377109505));
#6673=CARTESIAN_POINT('Ctrl Pts',(2.5,164.88514247322,-76.8977457917439));
#6674=CARTESIAN_POINT('Ctrl Pts',(2.5,164.900227250727,-76.8969825298151));
#6675=CARTESIAN_POINT('Ctrl Pts',(2.5,164.98661125239,-76.8926116586036));
#6676=CARTESIAN_POINT('Ctrl Pts',(2.5,165.072547564964,-76.8839168686071));
#6677=CARTESIAN_POINT('Ctrl Pts',(2.5,165.157663765702,-76.8709286531793));
#6678=CARTESIAN_POINT('Ctrl Pts',(2.5,165.241056708564,-76.8582033964403));
#6679=CARTESIAN_POINT('Ctrl Pts',(2.5,165.323663283665,-76.8413564597322));
#6680=CARTESIAN_POINT('Ctrl Pts',(2.5,165.405117054584,-76.8203702868316));
#6681=CARTESIAN_POINT('Ctrl Pts',(2.5,165.48476209607,-76.7998501243832));
#6682=CARTESIAN_POINT('Ctrl Pts',(2.5,165.563305673482,-76.7753722083156));
#6683=CARTESIAN_POINT('Ctrl Pts',(2.5,165.640378094333,-76.7468802072936));
#6684=CARTESIAN_POINT('Ctrl Pts',(2.5,165.669148405232,-76.736244447855));
#6685=CARTESIAN_POINT('Ctrl Pts',(2.5,165.697713388912,-76.7250489630919));
#6686=CARTESIAN_POINT('Ctrl Pts',(2.5,165.726052513674,-76.7132894771196));
#6687=CARTESIAN_POINT('Ctrl Pts',(2.5,165.73833815812,-76.7081914769261));
#6688=CARTESIAN_POINT('Ctrl Pts',(2.5,165.750581344221,-76.7029874683055));
#6689=CARTESIAN_POINT('Ctrl Pts',(2.5,165.762780351181,-76.6976770613506));
#6690=CARTESIAN_POINT('Ctrl Pts',(2.5,165.775962654813,-76.6919386109076));
#6691=CARTESIAN_POINT('Ctrl Pts',(2.5,165.789085907658,-76.686079119708));
#6692=CARTESIAN_POINT('Ctrl Pts',(2.5,165.802141882987,-76.6801014656963));
#6693=CARTESIAN_POINT('Ctrl Pts',(2.5,165.876186910114,-76.6462000877999));
#6694=CARTESIAN_POINT('Ctrl Pts',(2.5,165.948135588266,-76.6084731927113));
#6695=CARTESIAN_POINT('Ctrl Pts',(2.5,166.017650855185,-76.5669086539234));
#6696=CARTESIAN_POINT('Ctrl Pts',(2.5,166.043330448237,-76.5515543225827));
#6697=CARTESIAN_POINT('Ctrl Pts',(2.5,166.068677690125,-76.535675874293));
#6698=CARTESIAN_POINT('Ctrl Pts',(2.5,166.093674480629,-76.5192712531114));
#6699=CARTESIAN_POINT('Ctrl Pts',(2.5,166.162651180634,-76.4740039763485));
#6700=CARTESIAN_POINT('Ctrl Pts',(2.5,166.228962427497,-76.4247324190229));
#6701=CARTESIAN_POINT('Ctrl Pts',(2.5,166.292425665474,-76.3717851732753));
#6702=CARTESIAN_POINT('Ctrl Pts',(2.5,166.355651174883,-76.31903626397));
#6703=CARTESIAN_POINT('Ctrl Pts',(2.5,166.416050366324,-76.2626381826472));
#6704=CARTESIAN_POINT('Ctrl Pts',(2.5,166.473397883008,-76.2028925255524));
#6705=CARTESIAN_POINT('Ctrl Pts',(2.5,166.486926718769,-76.1887979451943));
#6706=CARTESIAN_POINT('Ctrl Pts',(2.5,166.500290040018,-76.1745118163306));
#6707=CARTESIAN_POINT('Ctrl Pts',(2.5,166.513459976744,-76.1600654991073));
#6708=CARTESIAN_POINT('Ctrl Pts',(2.5,166.568178068845,-76.1000443363019));
#6709=CARTESIAN_POINT('Ctrl Pts',(2.5,166.619627514366,-76.0371960279402));
#6710=CARTESIAN_POINT('Ctrl Pts',(2.5,166.667658177586,-75.971851528201));
#6711=CARTESIAN_POINT('Ctrl Pts',(2.5,166.7156817483,-75.9065166776378));
#6712=CARTESIAN_POINT('Ctrl Pts',(2.5,166.760287930731,-75.8386853945637));
#6713=CARTESIAN_POINT('Ctrl Pts',(2.5,166.801280317692,-75.7686652042878));
#6714=CARTESIAN_POINT('Ctrl Pts',(2.5,166.841619022552,-75.6997615858562));
#6715=CARTESIAN_POINT('Ctrl Pts',(2.5,166.878458495227,-75.6287373964534));
#6716=CARTESIAN_POINT('Ctrl Pts',(2.5,166.911562363944,-75.5558772358734));
#6717=CARTESIAN_POINT('Ctrl Pts',(2.5,166.92575327492,-75.5246436643148));
#6718=CARTESIAN_POINT('Ctrl Pts',(2.5,166.939257070621,-75.4930726784063));
#6719=CARTESIAN_POINT('Ctrl Pts',(2.5,166.952052136135,-75.4611868364385));
#6720=CARTESIAN_POINT('Ctrl Pts',(2.5,166.956851264193,-75.4492272072623));
#6721=CARTESIAN_POINT('Ctrl Pts',(2.5,166.96155073164,-75.4372228959468));
#6722=CARTESIAN_POINT('Ctrl Pts',(2.5,166.966144149202,-75.4251893416713));
#6723=CARTESIAN_POINT('Ctrl Pts',(2.5,166.994133321656,-75.3518650202288));
#6724=CARTESIAN_POINT('Ctrl Pts',(2.5,167.018241161772,-75.2773283104166));
#6725=CARTESIAN_POINT('Ctrl Pts',(2.5,167.038295730977,-75.2018622592987));
#6726=CARTESIAN_POINT('Ctrl Pts',(2.5,167.058030920045,-75.1275980468964));
#6727=CARTESIAN_POINT('Ctrl Pts',(2.5,167.073841071281,-75.0524330167213));
#6728=CARTESIAN_POINT('Ctrl Pts',(2.5,167.085512702609,-74.9766338149567));
#6729=CARTESIAN_POINT('Ctrl Pts',(2.5,167.096808124457,-74.9032778344896));
#6730=CARTESIAN_POINT('Ctrl Pts',(2.5,167.104227506289,-74.8293272452545));
#6731=CARTESIAN_POINT('Ctrl Pts',(2.5,167.107529660387,-74.7550316544999));
#6732=CARTESIAN_POINT('Ctrl Pts',(2.5,167.109352324872,-74.714023291264));
#6733=CARTESIAN_POINT('Ctrl Pts',(2.5,167.109919775382,-74.6729100168301));
#6734=CARTESIAN_POINT('Ctrl Pts',(2.5,167.10918492299,-74.6317359640506));
#6735=CARTESIAN_POINT('Ctrl Pts',(2.5,11.0578342562592,-72.336954418188));
#6736=CARTESIAN_POINT('Ctrl Pts',(2.5,11.049625077208,-72.3367983355399));
#6737=CARTESIAN_POINT('Ctrl Pts',(2.5,11.0414167898538,-72.3366947207882));
#6738=CARTESIAN_POINT('Ctrl Pts',(2.5,11.033209812843,-72.336643750708));
#6739=CARTESIAN_POINT('Ctrl Pts',(2.5,10.9587760658131,-72.3361814740325));
#6740=CARTESIAN_POINT('Ctrl Pts',(2.5,10.8844513437018,-72.3400453484635));
#6741=CARTESIAN_POINT('Ctrl Pts',(2.5,10.8104995474355,-72.3479793915541));
#6742=CARTESIAN_POINT('Ctrl Pts',(2.5,10.7451429423213,-72.3549912850767));
#6743=CARTESIAN_POINT('Ctrl Pts',(2.5,10.6800770236914,-72.3651830753891));
#6744=CARTESIAN_POINT('Ctrl Pts',(2.5,10.6154779613003,-72.3784100502647));
#6745=CARTESIAN_POINT('Ctrl Pts',(2.5,10.5991885666451,-72.381745383718));
#6746=CARTESIAN_POINT('Ctrl Pts',(2.5,10.5829288464385,-72.3852738531572));
#6747=CARTESIAN_POINT('Ctrl Pts',(2.5,10.5667016156861,-72.388993422152));
#6748=CARTESIAN_POINT('Ctrl Pts',(2.5,10.5501070221233,-72.3927971972163));
#6749=CARTESIAN_POINT('Ctrl Pts',(2.5,10.5335556475734,-72.3967987310048));
#6750=CARTESIAN_POINT('Ctrl Pts',(2.5,10.5170537825348,-72.4009943558965));
#6751=CARTESIAN_POINT('Ctrl Pts',(2.5,10.4407386183052,-72.4203976052809));
#6752=CARTESIAN_POINT('Ctrl Pts',(2.5,10.365459994377,-72.4439527931024));
#6753=CARTESIAN_POINT('Ctrl Pts',(2.5,10.2915112337431,-72.4714050980293));
#6754=CARTESIAN_POINT('Ctrl Pts',(2.5,10.2336301093753,-72.4928925477449));
#6755=CARTESIAN_POINT('Ctrl Pts',(2.5,10.1765633748372,-72.516768744716));
#6756=CARTESIAN_POINT('Ctrl Pts',(2.5,10.1204522935726,-72.5429337105369));
#6757=CARTESIAN_POINT('Ctrl Pts',(2.5,10.1062518470652,-72.5495554720345));
#6758=CARTESIAN_POINT('Ctrl Pts',(2.5,10.0921105106253,-72.5563249588615));
#6759=CARTESIAN_POINT('Ctrl Pts',(2.5,10.0780373834089,-72.5632373988344));
#6760=CARTESIAN_POINT('Ctrl Pts',(2.5,10.0056097352606,-72.5988124179828));
#6761=CARTESIAN_POINT('Ctrl Pts',(2.5,9.93516358378085,-72.6380822248611));
#6762=CARTESIAN_POINT('Ctrl Pts',(2.5,9.86699123039979,-72.6807796836386));
#6763=CARTESIAN_POINT('Ctrl Pts',(2.5,9.79574932487621,-72.7253996530758));
#6764=CARTESIAN_POINT('Ctrl Pts',(2.5,9.72698951119238,-72.7737629288156));
#6765=CARTESIAN_POINT('Ctrl Pts',(2.5,9.6610519253136,-72.8256229706325));
#6766=CARTESIAN_POINT('Ctrl Pts',(2.5,9.59716103233323,-72.8758732844335));
#6767=CARTESIAN_POINT('Ctrl Pts',(2.5,9.53591898249039,-72.9294073441065));
#6768=CARTESIAN_POINT('Ctrl Pts',(2.5,9.47765582386304,-72.9860478558721));
#6769=CARTESIAN_POINT('Ctrl Pts',(2.5,9.45721562156441,-73.005918792259));
#6770=CARTESIAN_POINT('Ctrl Pts',(2.5,9.43714230901871,-73.0261724521167));
#6771=CARTESIAN_POINT('Ctrl Pts',(2.5,9.41745107744626,-73.0468023793003));
#6772=CARTESIAN_POINT('Ctrl Pts',(2.5,9.40770751468526,-73.0570104249234));
#6773=CARTESIAN_POINT('Ctrl Pts',(2.5,9.39805751093549,-73.0673106065154));
#6774=CARTESIAN_POINT('Ctrl Pts',(2.5,9.38850296106587,-73.0777021939929));
#6775=CARTESIAN_POINT('Ctrl Pts',(2.5,9.37992695960635,-73.0870295061728));
#6776=CARTESIAN_POINT('Ctrl Pts',(2.5,9.37142959088123,-73.0964286712297));
#6777=CARTESIAN_POINT('Ctrl Pts',(2.5,9.36301933102893,-73.1058907500793));
#6778=CARTESIAN_POINT('Ctrl Pts',(2.5,9.30719067605937,-73.1687015483981));
#6779=CARTESIAN_POINT('Ctrl Pts',(2.5,9.25510618120517,-73.2343809732158));
#6780=CARTESIAN_POINT('Ctrl Pts',(2.5,9.20708726458325,-73.3026886280117));
#6781=CARTESIAN_POINT('Ctrl Pts',(2.5,9.18937425171841,-73.3278856639568));
#6782=CARTESIAN_POINT('Ctrl Pts',(2.5,9.17221464280596,-73.3534407898811));
#6783=CARTESIAN_POINT('Ctrl Pts',(2.5,9.15562543946498,-73.3793435088385));
#6784=CARTESIAN_POINT('Ctrl Pts',(2.5,9.11218401392989,-73.4471738327918));
#6785=CARTESIAN_POINT('Ctrl Pts',(2.5,9.07265111436578,-73.517385175873));
#6786=CARTESIAN_POINT('Ctrl Pts',(2.5,9.03697297312874,-73.5896337055214));
#6787=CARTESIAN_POINT('Ctrl Pts',(2.5,9.00055683947353,-73.6633766758905));
#6788=CARTESIAN_POINT('Ctrl Pts',(2.5,8.96815625926367,-73.7392426887654));
#6789=CARTESIAN_POINT('Ctrl Pts',(2.5,8.93975798017561,-73.8168975066784));
#6790=CARTESIAN_POINT('Ctrl Pts',(2.5,8.9347786346735,-73.8305134785158));
#6791=CARTESIAN_POINT('Ctrl Pts',(2.5,8.92992245008424,-73.8441845059115));
#6792=CARTESIAN_POINT('Ctrl Pts',(2.5,8.92518950209893,-73.8579088574901));
#6793=CARTESIAN_POINT('Ctrl Pts',(2.5,8.92100573585775,-73.8700407209704));
#6794=CARTESIAN_POINT('Ctrl Pts',(2.5,8.91692150099123,-73.8822048822061));
#6795=CARTESIAN_POINT('Ctrl Pts',(2.5,8.91293659645269,-73.8943994384835));
#6796=CARTESIAN_POINT('Ctrl Pts',(2.5,8.88684735372173,-73.9742374209601));
#6797=CARTESIAN_POINT('Ctrl Pts',(2.5,8.86501013465313,-74.0553817685633));
#6798=CARTESIAN_POINT('Ctrl Pts',(2.5,8.8473478102922,-74.1374494893365));
#6799=CARTESIAN_POINT('Ctrl Pts',(2.5,8.82934668670327,-74.2210914355556));
#6800=CARTESIAN_POINT('Ctrl Pts',(2.5,8.81568186757102,-74.3056933152164));
#6801=CARTESIAN_POINT('Ctrl Pts',(2.5,8.80631723138923,-74.390881021946));
#6802=CARTESIAN_POINT('Ctrl Pts',(2.5,8.79688889978978,-74.4766481496434));
#6803=CARTESIAN_POINT('Ctrl Pts',(2.5,8.79181922216201,-74.5630100387949));
#6804=CARTESIAN_POINT('Ctrl Pts',(2.5,8.79112083945098,-74.6496031141601));
#6805=CARTESIAN_POINT('Ctrl Pts',(2.5,8.79082674803249,-74.6860677630743));
#6806=CARTESIAN_POINT('Ctrl Pts',(2.5,8.7913084291038,-74.7225735460261));
#6807=CARTESIAN_POINT('Ctrl Pts',(2.5,8.7925695783857,-74.7590936411018));
#6808=CARTESIAN_POINT('Ctrl Pts',(2.5,8.79321087066088,-74.7776640476327));
#6809=CARTESIAN_POINT('Ctrl Pts',(2.5,8.79405413883773,-74.7962432907415));
#6810=CARTESIAN_POINT('Ctrl Pts',(2.5,8.79509795372114,-74.8147968629918));
#6811=CARTESIAN_POINT('Ctrl Pts',(2.5,8.80009049650028,-74.9035381758797));
#6812=CARTESIAN_POINT('Ctrl Pts',(2.5,8.80966853112777,-74.9918084760864));
#6813=CARTESIAN_POINT('Ctrl Pts',(2.5,8.82378515366358,-75.0792138412832));
#6814=CARTESIAN_POINT('Ctrl Pts',(2.5,8.83791697522188,-75.1667133137006));
#6815=CARTESIAN_POINT('Ctrl Pts',(2.5,8.85659701422628,-75.2533469957115));
#6816=CARTESIAN_POINT('Ctrl Pts',(2.5,8.87982886958988,-75.3387320192838));
#6817=CARTESIAN_POINT('Ctrl Pts',(2.5,8.90255909432079,-75.4222733785112));
#6818=CARTESIAN_POINT('Ctrl Pts',(2.5,8.92964672600932,-75.5046203665799));
#6819=CARTESIAN_POINT('Ctrl Pts',(2.5,8.96114411754145,-75.5854117217348));
#6820=CARTESIAN_POINT('Ctrl Pts',(2.5,8.98026611868153,-75.6344599860587));
#6821=CARTESIAN_POINT('Ctrl Pts',(2.5,9.001014363563,-75.6829347827929));
#6822=CARTESIAN_POINT('Ctrl Pts',(2.5,9.02340962469153,-75.7307525553712));
#6823=CARTESIAN_POINT('Ctrl Pts',(2.5,9.95699915505289,-76.670714571436));
#6824=CARTESIAN_POINT('Ctrl Pts',(2.5,9.96596468781609,-76.6749133054492));
#6825=CARTESIAN_POINT('Ctrl Pts',(2.5,9.97495566657352,-76.6790543731218));
#6826=CARTESIAN_POINT('Ctrl Pts',(2.5,9.98397184629392,-76.683137307714));
#6827=CARTESIAN_POINT('Ctrl Pts',(2.5,10.0639577683424,-76.7193585564191));
#6828=CARTESIAN_POINT('Ctrl Pts',(2.5,10.1459260132146,-76.7510089033843));
#6829=CARTESIAN_POINT('Ctrl Pts',(2.5,10.2294801799667,-76.7781451306403));
#6830=CARTESIAN_POINT('Ctrl Pts',(2.5,10.3142515503758,-76.8056766740886));
#6831=CARTESIAN_POINT('Ctrl Pts',(2.5,10.4006564380141,-76.8285615804704));
#6832=CARTESIAN_POINT('Ctrl Pts',(2.5,10.4882844048037,-76.8468063420704));
#6833=CARTESIAN_POINT('Ctrl Pts',(2.5,10.5102036344384,-76.8513700804954));
#6834=CARTESIAN_POINT('Ctrl Pts',(2.5,10.5322027502411,-76.8556437006345));
#6835=CARTESIAN_POINT('Ctrl Pts',(2.5,10.5542495033723,-76.8596225857473));
#6836=CARTESIAN_POINT('Ctrl Pts',(2.5,10.6411277359201,-76.8753019242899));
#6837=CARTESIAN_POINT('Ctrl Pts',(2.5,10.728823927413,-76.8864263215787));
#6838=CARTESIAN_POINT('Ctrl Pts',(2.5,10.8169377021176,-76.8930254727567));
#6839=CARTESIAN_POINT('Ctrl Pts',(2.5,10.8833334435161,-76.897998083867));
#6840=CARTESIAN_POINT('Ctrl Pts',(2.5,10.9499664885403,-76.9004001602447));
#6841=CARTESIAN_POINT('Ctrl Pts',(2.5,11.0166618564854,-76.9002251994237));
#6842=CARTESIAN_POINT('Ctrl Pts',(2.5,11.0428384625376,-76.9001565307796));
#6843=CARTESIAN_POINT('Ctrl Pts',(2.5,11.0690246097635,-76.8996907185549));
#6844=CARTESIAN_POINT('Ctrl Pts',(2.5,11.0952094393585,-76.8988266991176));
#6845=CARTESIAN_POINT('Ctrl Pts',(2.5,11.1103230601712,-76.8983279957709));
#6846=CARTESIAN_POINT('Ctrl Pts',(2.5,11.125427211777,-76.8976969024059));
#6847=CARTESIAN_POINT('Ctrl Pts',(2.5,11.1405165833513,-76.8969338525232));
#6848=CARTESIAN_POINT('Ctrl Pts',(2.5,11.2269210677309,-76.8925644901983));
#6849=CARTESIAN_POINT('Ctrl Pts',(2.5,11.3128771547449,-76.8838713838183));
#6850=CARTESIAN_POINT('Ctrl Pts',(2.5,11.398011662457,-76.870885015141));
#6851=CARTESIAN_POINT('Ctrl Pts',(2.5,11.481424435694,-76.8581612788469));
#6852=CARTESIAN_POINT('Ctrl Pts',(2.5,11.5640493981752,-76.841315832214));
#6853=CARTESIAN_POINT('Ctrl Pts',(2.5,11.645519353547,-76.8203311090991));
#6854=CARTESIAN_POINT('Ctrl Pts',(2.5,11.7251653547835,-76.7998161931952));
#6855=CARTESIAN_POINT('Ctrl Pts',(2.5,11.8037081977085,-76.7753449609463));
#6856=CARTESIAN_POINT('Ctrl Pts',(2.5,11.8807776496309,-76.7468611052089));
#6857=CARTESIAN_POINT('Ctrl Pts',(2.5,11.909525892686,-76.7362361327009));
#6858=CARTESIAN_POINT('Ctrl Pts',(2.5,11.938068796351,-76.725052453669));
#6859=CARTESIAN_POINT('Ctrl Pts',(2.5,11.9663858450801,-76.7133058040087));
#6860=CARTESIAN_POINT('Ctrl Pts',(2.5,11.9800087772133,-76.7076546567918));
#6861=CARTESIAN_POINT('Ctrl Pts',(2.5,11.9935794250348,-76.701873203022));
#6862=CARTESIAN_POINT('Ctrl Pts',(2.5,12.0070954366265,-76.6959609095186));
#6863=CARTESIAN_POINT('Ctrl Pts',(2.5,12.0186058385349,-76.6909259275667));
#6864=CARTESIAN_POINT('Ctrl Pts',(2.5,12.0300677104089,-76.685799948109));
#6865=CARTESIAN_POINT('Ctrl Pts',(2.5,12.0414796590197,-76.6805831120064));
#6866=CARTESIAN_POINT('Ctrl Pts',(2.5,12.1155465981576,-76.6467242947894));
#6867=CARTESIAN_POINT('Ctrl Pts',(2.5,12.1875157530753,-76.609040437314));
#6868=CARTESIAN_POINT('Ctrl Pts',(2.5,12.2570495698223,-76.5675196234025));
#6869=CARTESIAN_POINT('Ctrl Pts',(2.5,12.2830949491622,-76.5519671138551));
#6870=CARTESIAN_POINT('Ctrl Pts',(2.5,12.3087983557156,-76.5358758355647));
#6871=CARTESIAN_POINT('Ctrl Pts',(2.5,12.3341408898222,-76.5192436505972));
#6872=CARTESIAN_POINT('Ctrl Pts',(2.5,12.4031069080194,-76.4739815798707));
#6873=CARTESIAN_POINT('Ctrl Pts',(2.5,12.4694034040478,-76.4247158805913));
#6874=CARTESIAN_POINT('Ctrl Pts',(2.5,12.5328488617525,-76.3717750498434));
#6875=CARTESIAN_POINT('Ctrl Pts',(2.5,12.5960624495462,-76.3190276984423));
#6876=CARTESIAN_POINT('Ctrl Pts',(2.5,12.6564461924833,-76.2626310597496));
#6877=CARTESIAN_POINT('Ctrl Pts',(2.5,12.7137757069087,-76.2028867238135));
#6878=CARTESIAN_POINT('Ctrl Pts',(2.5,12.7273064140728,-76.1887860791043));
#6879=CARTESIAN_POINT('Ctrl Pts',(2.5,12.7406713138042,-76.1744937049144));
#6880=CARTESIAN_POINT('Ctrl Pts',(2.5,12.7538425314776,-76.1600409910589));
#6881=CARTESIAN_POINT('Ctrl Pts',(2.5,12.8085384112625,-76.100023465026));
#6882=CARTESIAN_POINT('Ctrl Pts',(2.5,12.8599638304622,-76.0371789950414));
#6883=CARTESIAN_POINT('Ctrl Pts',(2.5,12.9079696469816,-75.9718384790947));
#6884=CARTESIAN_POINT('Ctrl Pts',(2.5,12.9559743605799,-75.9064994643292));
#6885=CARTESIAN_POINT('Ctrl Pts',(2.5,13.0005600119605,-75.8386635402992));
#6886=CARTESIAN_POINT('Ctrl Pts',(2.5,13.0415311135385,-75.7686382931579));
#6887=CARTESIAN_POINT('Ctrl Pts',(2.5,13.0818536321822,-75.6997215634476));
#6888=CARTESIAN_POINT('Ctrl Pts',(2.5,13.1186753609908,-75.6286833588586));
#6889=CARTESIAN_POINT('Ctrl Pts',(2.5,13.1517607259483,-75.5558084348861));
#6890=CARTESIAN_POINT('Ctrl Pts',(2.5,13.1659300017676,-75.5245987172541));
#6891=CARTESIAN_POINT('Ctrl Pts',(2.5,13.1794133496699,-75.493052099751));
#6892=CARTESIAN_POINT('Ctrl Pts',(2.5,13.1921892811208,-75.4611910876436));
#6893=CARTESIAN_POINT('Ctrl Pts',(2.5,13.1969860677846,-75.4492287130363));
#6894=CARTESIAN_POINT('Ctrl Pts',(2.5,13.2016831790843,-75.4372216281793));
#6895=CARTESIAN_POINT('Ctrl Pts',(2.5,13.2062742291891,-75.4251852831493));
#6896=CARTESIAN_POINT('Ctrl Pts',(2.5,13.2342465735406,-75.3518502551645));
#6897=CARTESIAN_POINT('Ctrl Pts',(2.5,13.2583378195484,-75.2773023563272));
#6898=CARTESIAN_POINT('Ctrl Pts',(2.5,13.2783768457522,-75.2018247526112));
#6899=CARTESIAN_POINT('Ctrl Pts',(2.5,13.2980983633176,-75.1275430548707));
#6900=CARTESIAN_POINT('Ctrl Pts',(2.5,13.3138952137993,-75.0523600381523));
#6901=CARTESIAN_POINT('Ctrl Pts',(2.5,13.3255546419758,-74.9765425265399));
#6902=CARTESIAN_POINT('Ctrl Pts',(2.5,13.3368390734,-74.9031634982041));
#6903=CARTESIAN_POINT('Ctrl Pts',(2.5,13.3442479294241,-74.8291894709669));
#6904=CARTESIAN_POINT('Ctrl Pts',(2.5,13.3475406330951,-74.7548702783904));
#6905=CARTESIAN_POINT('Ctrl Pts',(2.5,13.3493551312041,-74.713915474112));
#6906=CARTESIAN_POINT('Ctrl Pts',(2.5,13.3499188122118,-74.6728560500336));
#6907=CARTESIAN_POINT('Ctrl Pts',(2.5,13.3491849229905,-74.6317359640506));
#6908=CARTESIAN_POINT('Origin',(5.,181.25,-115.));
#6909=CARTESIAN_POINT('',(5.,176.25,-115.));
#6910=CARTESIAN_POINT('',(5.,146.875,-115.));
#6911=CARTESIAN_POINT('',(5.,176.25,-115.));
#6912=CARTESIAN_POINT('Origin',(5.,176.25,-110.));
#6913=CARTESIAN_POINT('',(5.,181.25,-110.));
#6914=CARTESIAN_POINT('Origin',(5.,176.25,-110.));
#6915=CARTESIAN_POINT('',(5.,181.25,-110.));
#6916=CARTESIAN_POINT('Origin',(5.,181.25,-5.));
#6917=CARTESIAN_POINT('',(5.,181.25,-10.));
#6918=CARTESIAN_POINT('',(5.,181.25,-32.5));
#6919=CARTESIAN_POINT('',(5.,181.25,-10.));
#6920=CARTESIAN_POINT('Origin',(5.,176.25,-10.));
#6921=CARTESIAN_POINT('Origin',(5.,176.25,-10.));
#6922=CARTESIAN_POINT('Origin',(5.,4.99999999999998,-115.));
#6923=CARTESIAN_POINT('',(5.,4.99999999999999,-87.5));
#6924=CARTESIAN_POINT('Ctrl Pts',(2.5,20.,-15.));
#6925=CARTESIAN_POINT('Ctrl Pts',(5.55111512312578E-16,20.,-15.));
#6926=CARTESIAN_POINT('Ctrl Pts',(-2.5,20.,-15.));
#6927=CARTESIAN_POINT('Ctrl Pts',(-5.,20.,-15.));
#6928=CARTESIAN_POINT('Ctrl Pts',(2.5,19.6260008745727,-15.));
#6929=CARTESIAN_POINT('Ctrl Pts',(1.16573417585641E-14,19.6260008745727,
-15.));
#6930=CARTESIAN_POINT('Ctrl Pts',(-2.50000000000001,19.6260008745727,-15.));
#6931=CARTESIAN_POINT('Ctrl Pts',(-5.,19.6260008745727,-15.));
#6932=CARTESIAN_POINT('Ctrl Pts',(2.5,18.8856242253945,-15.004417807546));
#6933=CARTESIAN_POINT('Ctrl Pts',(-1.0547118733939E-14,18.8856242253945,
-15.004417807546));
#6934=CARTESIAN_POINT('Ctrl Pts',(-2.49999999999999,18.8856242253945,-15.004417807546));
#6935=CARTESIAN_POINT('Ctrl Pts',(-5.,18.8856242253945,-15.004417807546));
#6936=CARTESIAN_POINT('Ctrl Pts',(2.5,17.6927830284279,-15.2692332763707));
#6937=CARTESIAN_POINT('Ctrl Pts',(1.22124532708767E-14,17.6927830284279,
-15.2692332763707));
#6938=CARTESIAN_POINT('Ctrl Pts',(-2.50000000000001,17.6927830284279,-15.2692332763707));
#6939=CARTESIAN_POINT('Ctrl Pts',(-5.,17.6927830284279,-15.2692332763707));
#6940=CARTESIAN_POINT('Ctrl Pts',(2.5,16.6461641979885,-15.9041224626832));
#6941=CARTESIAN_POINT('Ctrl Pts',(-8.88178419700125E-15,16.6461641979885,
-15.9041224626832));
#6942=CARTESIAN_POINT('Ctrl Pts',(-2.49999999999999,16.6461641979885,-15.9041224626832));
#6943=CARTESIAN_POINT('Ctrl Pts',(-5.,16.6461641979885,-15.9041224626832));
#6944=CARTESIAN_POINT('Ctrl Pts',(2.5,15.7884706605113,-16.8213138789998));
#6945=CARTESIAN_POINT('Ctrl Pts',(7.21644966006352E-15,15.7884706605113,
-16.8213138789998));
#6946=CARTESIAN_POINT('Ctrl Pts',(-2.50000000000001,15.7884706605113,-16.8213138789998));
#6947=CARTESIAN_POINT('Ctrl Pts',(-5.,15.7884706605113,-16.8213138789998));
#6948=CARTESIAN_POINT('Ctrl Pts',(2.5,15.2503264728534,-17.7836409826185));
#6949=CARTESIAN_POINT('Ctrl Pts',(-4.9960036108132E-15,15.2503264728534,
-17.7836409826185));
#6950=CARTESIAN_POINT('Ctrl Pts',(-2.5,15.2503264728534,-17.7836409826185));
#6951=CARTESIAN_POINT('Ctrl Pts',(-5.,15.2503264728534,-17.7836409826185));
#6952=CARTESIAN_POINT('Ctrl Pts',(2.5,15.0036776786161,-18.8861823869309));
#6953=CARTESIAN_POINT('Ctrl Pts',(7.7715611723761E-15,15.0036776786161,
-18.8861823869309));
#6954=CARTESIAN_POINT('Ctrl Pts',(-2.50000000000001,15.0036776786161,-18.8861823869309));
#6955=CARTESIAN_POINT('Ctrl Pts',(-5.,15.0036776786161,-18.8861823869309));
#6956=CARTESIAN_POINT('Ctrl Pts',(2.5,15.,-19.6260008745726));
#6957=CARTESIAN_POINT('Ctrl Pts',(-4.9960036108132E-15,15.,-19.6260008745726));
#6958=CARTESIAN_POINT('Ctrl Pts',(-2.49999999999999,15.,-19.6260008745726));
#6959=CARTESIAN_POINT('Ctrl Pts',(-5.,15.,-19.6260008745726));
#6960=CARTESIAN_POINT('Ctrl Pts',(2.5,15.,-20.));
#6961=CARTESIAN_POINT('Ctrl Pts',(5.55111512312578E-16,15.,-20.));
#6962=CARTESIAN_POINT('Ctrl Pts',(-2.5,15.,-20.));
#6963=CARTESIAN_POINT('Ctrl Pts',(-5.,15.,-20.));
#6964=CARTESIAN_POINT('',(-5.,15.,-20.));
#6965=CARTESIAN_POINT('',(5.,15.,-20.));
#6966=CARTESIAN_POINT('',(-5.,20.,-15.));
#6967=CARTESIAN_POINT('Ctrl Pts',(-5.,15.,-20.));
#6968=CARTESIAN_POINT('Ctrl Pts',(-5.,15.,-19.6260008745726));
#6969=CARTESIAN_POINT('Ctrl Pts',(-5.,15.0018388393081,-19.2560916307518));
#6970=CARTESIAN_POINT('Ctrl Pts',(-5.,15.043866391335,-18.8873801081226));
#6971=CARTESIAN_POINT('Ctrl Pts',(-5.,15.0858939433619,-18.5186685854934));
#6972=CARTESIAN_POINT('Ctrl Pts',(-5.,15.1681102081077,-18.151154784056));
#6973=CARTESIAN_POINT('Ctrl Pts',(-5.,15.3070627382365,-17.7924293190429));
#6974=CARTESIAN_POINT('Ctrl Pts',(-5.,15.4460152683654,-17.4337038540299));
#6975=CARTESIAN_POINT('Ctrl Pts',(-5.,15.6417040638773,-17.0837667254412));
#6976=CARTESIAN_POINT('Ctrl Pts',(-5.,15.88894088814,-16.7590905434144));
#6977=CARTESIAN_POINT('Ctrl Pts',(-5.,16.074368506337,-16.5155834068943));
#6978=CARTESIAN_POINT('Ctrl Pts',(-5.,16.2887918907063,-16.2862855528151));
#6979=CARTESIAN_POINT('Ctrl Pts',(-5.,16.5209270212908,-16.0834535327989));
#6980=CARTESIAN_POINT('Ctrl Pts',(-5.,16.9078189055983,-15.7454001661051));
#6981=CARTESIAN_POINT('Ctrl Pts',(-5.,17.3439100849481,-15.4808630051416));
#6982=CARTESIAN_POINT('Ctrl Pts',(-5.,17.7926089845238,-15.3067064317166));
#6983=CARTESIAN_POINT('Ctrl Pts',(-5.,18.1515681041843,-15.1673811729766));
#6984=CARTESIAN_POINT('Ctrl Pts',(-5.,18.5185961647894,-15.0858994902613));
#6985=CARTESIAN_POINT('Ctrl Pts',(-5.,18.8872043573865,-15.0440541970171));
#6986=CARTESIAN_POINT('Ctrl Pts',(-5.,19.2558125499836,-15.002208903773));
#6987=CARTESIAN_POINT('Ctrl Pts',(-5.,19.6260008745727,-15.));
#6988=CARTESIAN_POINT('Ctrl Pts',(-5.,20.,-15.));
#6989=CARTESIAN_POINT('',(5.,20.,-15.));
#6990=CARTESIAN_POINT('Origin',(5.,15.,-59.45));
#6991=CARTESIAN_POINT('',(-5.,15.,-54.45));
#6992=CARTESIAN_POINT('',(5.,15.,-54.45));
#6993=CARTESIAN_POINT('',(-5.,15.,-59.725));
#6994=CARTESIAN_POINT('Ctrl Pts',(2.5,15.,-54.45));
#6995=CARTESIAN_POINT('Ctrl Pts',(5.55111512312578E-16,15.,-54.45));
#6996=CARTESIAN_POINT('Ctrl Pts',(-2.5,15.,-54.45));
#6997=CARTESIAN_POINT('Ctrl Pts',(-5.,15.,-54.45));
#6998=CARTESIAN_POINT('Ctrl Pts',(2.5,15.,-54.8239991254274));
#6999=CARTESIAN_POINT('Ctrl Pts',(-2.77555756156289E-15,15.,-54.8239991254274));
#7000=CARTESIAN_POINT('Ctrl Pts',(-2.5,15.,-54.8239991254274));
#7001=CARTESIAN_POINT('Ctrl Pts',(-5.,15.,-54.8239991254274));
#7002=CARTESIAN_POINT('Ctrl Pts',(2.5,15.0038016309277,-55.5640830493099));
#7003=CARTESIAN_POINT('Ctrl Pts',(4.9960036108132E-15,15.0038016309277,
-55.5640830493099));
#7004=CARTESIAN_POINT('Ctrl Pts',(-2.5,15.0038016309277,-55.5640830493099));
#7005=CARTESIAN_POINT('Ctrl Pts',(-5.,15.0038016309277,-55.5640830493099));
#7006=CARTESIAN_POINT('Ctrl Pts',(2.5,15.2496737288609,-56.6657851935469));
#7007=CARTESIAN_POINT('Ctrl Pts',(-2.77555756156289E-15,15.2496737288609,
-56.6657851935469));
#7008=CARTESIAN_POINT('Ctrl Pts',(-2.5,15.2496737288609,-56.6657851935469));
#7009=CARTESIAN_POINT('Ctrl Pts',(-5.,15.2496737288609,-56.6657851935469));
#7010=CARTESIAN_POINT('Ctrl Pts',(2.5,15.8379922925274,-57.7170457677434));
#7011=CARTESIAN_POINT('Ctrl Pts',(1.66533453693773E-15,15.8379922925274,
-57.7170457677434));
#7012=CARTESIAN_POINT('Ctrl Pts',(-2.5,15.8379922925274,-57.7170457677434));
#7013=CARTESIAN_POINT('Ctrl Pts',(-5.,15.8379922925274,-57.7170457677434));
#7014=CARTESIAN_POINT('Ctrl Pts',(2.5,16.732962272934,-58.612443963786));
#7015=CARTESIAN_POINT('Ctrl Pts',(0.,16.732962272934,-58.612443963786));
#7016=CARTESIAN_POINT('Ctrl Pts',(-2.5,16.732962272934,-58.612443963786));
#7017=CARTESIAN_POINT('Ctrl Pts',(-5.,16.732962272934,-58.612443963786));
#7018=CARTESIAN_POINT('Ctrl Pts',(2.5,17.7838212390044,-59.1994653311356));
#7019=CARTESIAN_POINT('Ctrl Pts',(-2.22044604925031E-15,17.7838212390044,
-59.1994653311356));
#7020=CARTESIAN_POINT('Ctrl Pts',(-2.5,17.7838212390044,-59.1994653311356));
#7021=CARTESIAN_POINT('Ctrl Pts',(-5.,17.7838212390044,-59.1994653311356));
#7022=CARTESIAN_POINT('Ctrl Pts',(2.5,18.8858641015796,-59.4462607210412));
#7023=CARTESIAN_POINT('Ctrl Pts',(5.55111512312578E-15,18.8858641015796,
-59.4462607210412));
#7024=CARTESIAN_POINT('Ctrl Pts',(-2.5,18.8858641015796,-59.4462607210412));
#7025=CARTESIAN_POINT('Ctrl Pts',(-5.,18.8858641015796,-59.4462607210412));
#7026=CARTESIAN_POINT('Ctrl Pts',(2.5,19.6260008745726,-59.45));
#7027=CARTESIAN_POINT('Ctrl Pts',(-4.9960036108132E-15,19.6260008745726,
-59.45));
#7028=CARTESIAN_POINT('Ctrl Pts',(-2.49999999999999,19.6260008745726,-59.45));
#7029=CARTESIAN_POINT('Ctrl Pts',(-5.,19.6260008745726,-59.45));
#7030=CARTESIAN_POINT('Ctrl Pts',(2.5,20.,-59.45));
#7031=CARTESIAN_POINT('Ctrl Pts',(5.55111512312578E-16,20.,-59.45));
#7032=CARTESIAN_POINT('Ctrl Pts',(-2.5,20.,-59.45));
#7033=CARTESIAN_POINT('Ctrl Pts',(-5.,20.,-59.45));
#7034=CARTESIAN_POINT('',(-5.,20.,-59.45));
#7035=CARTESIAN_POINT('',(5.,20.,-59.45));
#7036=CARTESIAN_POINT('Ctrl Pts',(-5.,20.,-59.45));
#7037=CARTESIAN_POINT('Ctrl Pts',(-5.,19.6260008745726,-59.45));
#7038=CARTESIAN_POINT('Ctrl Pts',(-5.,19.2559324880761,-59.4481303605206));
#7039=CARTESIAN_POINT('Ctrl Pts',(-5.,18.8872244843987,-59.4060629757966));
#7040=CARTESIAN_POINT('Ctrl Pts',(-5.,18.5185164807212,-59.3639955910727));
#7041=CARTESIAN_POINT('Ctrl Pts',(-5.,18.1511688598628,-59.2817304611041));
#7042=CARTESIAN_POINT('Ctrl Pts',(-5.,17.7923518884219,-59.1427610015616));
#7043=CARTESIAN_POINT('Ctrl Pts',(-5.,17.4335349169809,-59.0037915420191));
#7044=CARTESIAN_POINT('Ctrl Pts',(-5.,17.0832485949574,-58.8081177529025));
#7045=CARTESIAN_POINT('Ctrl Pts',(-5.,16.7589437705446,-58.5610478256705));
#7046=CARTESIAN_POINT('Ctrl Pts',(-5.,16.4346389461318,-58.3139778984385));
#7047=CARTESIAN_POINT('Ctrl Pts',(-5.,16.1363156193296,-58.0155118330909));
#7048=CARTESIAN_POINT('Ctrl Pts',(-5.,15.889100861984,-57.6910687047177));
#7049=CARTESIAN_POINT('Ctrl Pts',(-5.,15.6418861046385,-57.3666255763445));
#7050=CARTESIAN_POINT('Ctrl Pts',(-5.,15.4457799167497,-57.0162053849457));
#7051=CARTESIAN_POINT('Ctrl Pts',(-5.,15.3067481398164,-56.6573782652068));
#7052=CARTESIAN_POINT('Ctrl Pts',(-5.,15.1677163628831,-56.2985511454679));
#7053=CARTESIAN_POINT('Ctrl Pts',(-5.,15.0857589969054,-55.9313170973889));
#7054=CARTESIAN_POINT('Ctrl Pts',(-5.,15.0438299061846,-55.5626790923788));
#7055=CARTESIAN_POINT('Ctrl Pts',(-5.,15.0019008154639,-55.1940410873686));
#7056=CARTESIAN_POINT('Ctrl Pts',(-5.,15.,-54.8239991254274));
#7057=CARTESIAN_POINT('Ctrl Pts',(-5.,15.,-54.45));
#7058=CARTESIAN_POINT('Ctrl Pts',(2.5,25.,-64.45));
#7059=CARTESIAN_POINT('Ctrl Pts',(0.,25.,-64.45));
#7060=CARTESIAN_POINT('Ctrl Pts',(-2.5,25.,-64.45));
#7061=CARTESIAN_POINT('Ctrl Pts',(-5.,25.,-64.45));
#7062=CARTESIAN_POINT('Ctrl Pts',(2.5,25.,-64.0760008745727));
#7063=CARTESIAN_POINT('Ctrl Pts',(-3.33066907387547E-15,25.,-64.0760008745727));
#7064=CARTESIAN_POINT('Ctrl Pts',(-2.5,25.,-64.0760008745727));
#7065=CARTESIAN_POINT('Ctrl Pts',(-5.,25.,-64.0760008745727));
#7066=CARTESIAN_POINT('Ctrl Pts',(2.5,24.9961976638479,-63.3359180863704));
#7067=CARTESIAN_POINT('Ctrl Pts',(3.60822483003176E-15,24.9961976638479,
-63.3359180863704));
#7068=CARTESIAN_POINT('Ctrl Pts',(-2.5,24.9961976638479,-63.3359180863704));
#7069=CARTESIAN_POINT('Ctrl Pts',(-5.,24.9961976638479,-63.3359180863704));
#7070=CARTESIAN_POINT('Ctrl Pts',(2.5,24.7503266671889,-62.2342170722628));
#7071=CARTESIAN_POINT('Ctrl Pts',(-3.88578058618805E-15,24.7503266671889,
-62.2342170722628));
#7072=CARTESIAN_POINT('Ctrl Pts',(-2.5,24.7503266671889,-62.2342170722628));
#7073=CARTESIAN_POINT('Ctrl Pts',(-5.,24.7503266671889,-62.2342170722628));
#7074=CARTESIAN_POINT('Ctrl Pts',(2.5,24.1620074275555,-61.182957248384));
#7075=CARTESIAN_POINT('Ctrl Pts',(5.55111512312578E-16,24.1620074275555,
-61.182957248384));
#7076=CARTESIAN_POINT('Ctrl Pts',(-2.5,24.1620074275555,-61.182957248384));
#7077=CARTESIAN_POINT('Ctrl Pts',(-5.,24.1620074275555,-61.182957248384));
#7078=CARTESIAN_POINT('Ctrl Pts',(2.5,23.2670389465849,-60.28756017296));
#7079=CARTESIAN_POINT('Ctrl Pts',(5.55111512312578E-16,23.2670389465849,
-60.28756017296));
#7080=CARTESIAN_POINT('Ctrl Pts',(-2.5,23.2670389465849,-60.28756017296));
#7081=CARTESIAN_POINT('Ctrl Pts',(-5.,23.2670389465849,-60.28756017296));
#7082=CARTESIAN_POINT('Ctrl Pts',(2.5,22.2161810127884,-59.700540015295));
#7083=CARTESIAN_POINT('Ctrl Pts',(-1.66533453693773E-15,22.2161810127884,
-59.700540015295));
#7084=CARTESIAN_POINT('Ctrl Pts',(-2.5,22.2161810127884,-59.700540015295));
#7085=CARTESIAN_POINT('Ctrl Pts',(-5.,22.2161810127884,-59.700540015295));
#7086=CARTESIAN_POINT('Ctrl Pts',(2.5,21.1141377153695,-59.4537435988601));
#7087=CARTESIAN_POINT('Ctrl Pts',(5.27355936696949E-15,21.1141377153695,
-59.4537435988601));
#7088=CARTESIAN_POINT('Ctrl Pts',(-2.5,21.1141377153695,-59.4537435988601));
#7089=CARTESIAN_POINT('Ctrl Pts',(-5.,21.1141377153695,-59.4537435988601));
#7090=CARTESIAN_POINT('Ctrl Pts',(2.5,20.3739991254274,-59.45));
#7091=CARTESIAN_POINT('Ctrl Pts',(-5.55111512312578E-15,20.3739991254274,
-59.45));
#7092=CARTESIAN_POINT('Ctrl Pts',(-2.49999999999999,20.3739991254274,-59.45));
#7093=CARTESIAN_POINT('Ctrl Pts',(-5.,20.3739991254274,-59.45));
#7094=CARTESIAN_POINT('Ctrl Pts',(2.5,20.,-59.45));
#7095=CARTESIAN_POINT('Ctrl Pts',(0.,20.,-59.45));
#7096=CARTESIAN_POINT('Ctrl Pts',(-2.5,20.,-59.45));
#7097=CARTESIAN_POINT('Ctrl Pts',(-5.,20.,-59.45));
#7098=CARTESIAN_POINT('',(-5.,25.,-64.45));
#7099=CARTESIAN_POINT('',(0.,25.,-64.45));
#7100=CARTESIAN_POINT('Ctrl Pts',(-5.,25.,-64.45));
#7101=CARTESIAN_POINT('Ctrl Pts',(-5.,25.,-64.0760008745727));
#7102=CARTESIAN_POINT('Ctrl Pts',(-5.,24.998098831924,-63.7059594804715));
#7103=CARTESIAN_POINT('Ctrl Pts',(-5.,24.9561697484428,-63.3373219477364));
#7104=CARTESIAN_POINT('Ctrl Pts',(-5.,24.9142406649616,-62.9686844150012));
#7105=CARTESIAN_POINT('Ctrl Pts',(-5.,24.8322836660752,-62.601450743632));
#7106=CARTESIAN_POINT('Ctrl Pts',(-5.,24.6932519600265,-62.242623937301));
#7107=CARTESIAN_POINT('Ctrl Pts',(-5.,24.5542202539778,-61.8837971309699));
#7108=CARTESIAN_POINT('Ctrl Pts',(-5.,24.3581138407666,-61.533377189677));
#7109=CARTESIAN_POINT('Ctrl Pts',(-5.,24.110899220666,-61.2089343731265));
#7110=CARTESIAN_POINT('Ctrl Pts',(-5.,23.8636846005653,-60.884491556576));
#7111=CARTESIAN_POINT('Ctrl Pts',(-5.,23.5653617735751,-60.586025864768));
#7112=CARTESIAN_POINT('Ctrl Pts',(-5.,23.2410573711139,-60.3389563259199));
#7113=CARTESIAN_POINT('Ctrl Pts',(-5.,22.9167529686527,-60.0918867870717));
#7114=CARTESIAN_POINT('Ctrl Pts',(-5.,22.5664669907206,-59.8962134011833));
#7115=CARTESIAN_POINT('Ctrl Pts',(-5.,22.2076501188514,-59.7572439721667));
#7116=CARTESIAN_POINT('Ctrl Pts',(-5.,21.8488332469821,-59.6182745431501));
#7117=CARTESIAN_POINT('Ctrl Pts',(-5.,21.4814854811758,-59.5360090710051));
#7118=CARTESIAN_POINT('Ctrl Pts',(-5.,21.1127769507871,-59.4939404352176));
#7119=CARTESIAN_POINT('Ctrl Pts',(-5.,20.7440684203984,-59.4518717994301));
#7120=CARTESIAN_POINT('Ctrl Pts',(-5.,20.3739991254274,-59.45));
#7121=CARTESIAN_POINT('Ctrl Pts',(-5.,20.,-59.45));
#7122=CARTESIAN_POINT('Origin',(-5.,25.,-59.45));
#7123=CARTESIAN_POINT('',(-5.,25.,-105.));
#7124=CARTESIAN_POINT('',(0.,25.,-105.));
#7125=CARTESIAN_POINT('',(-5.,25.,-59.725));
#7126=CARTESIAN_POINT('Ctrl Pts',(-5.,30.,-110.));
#7127=CARTESIAN_POINT('Ctrl Pts',(-2.5,30.,-110.));
#7128=CARTESIAN_POINT('Ctrl Pts',(5.55111512312578E-16,30.,-110.));
#7129=CARTESIAN_POINT('Ctrl Pts',(2.5,30.,-110.));
#7130=CARTESIAN_POINT('Ctrl Pts',(-5.,29.6260008745726,-110.));
#7131=CARTESIAN_POINT('Ctrl Pts',(-2.5,29.6260008745726,-110.));
#7132=CARTESIAN_POINT('Ctrl Pts',(-2.77555756156289E-15,29.6260008745726,
-110.));
#7133=CARTESIAN_POINT('Ctrl Pts',(2.5,29.6260008745726,-110.));
#7134=CARTESIAN_POINT('Ctrl Pts',(-5.,28.8859222172333,-109.996195679874));
#7135=CARTESIAN_POINT('Ctrl Pts',(-2.5,28.8859222172333,-109.996195679874));
#7136=CARTESIAN_POINT('Ctrl Pts',(5.55111512312578E-15,28.8859222172333,
-109.996195679874));
#7137=CARTESIAN_POINT('Ctrl Pts',(2.5,28.8859222172333,-109.996195679874));
#7138=CARTESIAN_POINT('Ctrl Pts',(-5.,27.784224780029,-109.7503280254));
#7139=CARTESIAN_POINT('Ctrl Pts',(-2.5,27.784224780029,-109.7503280254));
#7140=CARTESIAN_POINT('Ctrl Pts',(-2.77555756156289E-15,27.784224780029,
-109.7503280254));
#7141=CARTESIAN_POINT('Ctrl Pts',(2.5,27.784224780029,-109.7503280254));
#7142=CARTESIAN_POINT('Ctrl Pts',(-5.,26.732967712299,-109.162006908941));
#7143=CARTESIAN_POINT('Ctrl Pts',(-2.5,26.732967712299,-109.162006908941));
#7144=CARTESIAN_POINT('Ctrl Pts',(2.22044604925031E-15,26.732967712299,
-109.162006908941));
#7145=CARTESIAN_POINT('Ctrl Pts',(2.5,26.732967712299,-109.162006908941));
#7146=CARTESIAN_POINT('Ctrl Pts',(-5.,25.8375738630004,-108.267042948419));
#7147=CARTESIAN_POINT('Ctrl Pts',(-2.5,25.8375738630004,-108.267042948419));
#7148=CARTESIAN_POINT('Ctrl Pts',(1.11022302462516E-15,25.8375738630004,
-108.267042948419));
#7149=CARTESIAN_POINT('Ctrl Pts',(2.5,25.8375738630004,-108.267042948419));
#7150=CARTESIAN_POINT('Ctrl Pts',(-5.,25.2505572177636,-107.216188126783));
#7151=CARTESIAN_POINT('Ctrl Pts',(-2.5,25.2505572177636,-107.216188126783));
#7152=CARTESIAN_POINT('Ctrl Pts',(-1.11022302462516E-15,25.2505572177636,
-107.216188126783));
#7153=CARTESIAN_POINT('Ctrl Pts',(2.5,25.2505572177636,-107.216188126783));
#7154=CARTESIAN_POINT('Ctrl Pts',(-5.,25.0037574268685,-106.114143424187));
#7155=CARTESIAN_POINT('Ctrl Pts',(-2.50000000000001,25.0037574268685,-106.114143424187));
#7156=CARTESIAN_POINT('Ctrl Pts',(6.10622663543836E-15,25.0037574268685,
-106.114143424187));
#7157=CARTESIAN_POINT('Ctrl Pts',(2.5,25.0037574268685,-106.114143424187));
#7158=CARTESIAN_POINT('Ctrl Pts',(-5.,25.,-105.373999125427));
#7159=CARTESIAN_POINT('Ctrl Pts',(-2.49999999999999,25.,-105.373999125427));
#7160=CARTESIAN_POINT('Ctrl Pts',(-4.9960036108132E-15,25.,-105.373999125427));
#7161=CARTESIAN_POINT('Ctrl Pts',(2.5,25.,-105.373999125427));
#7162=CARTESIAN_POINT('Ctrl Pts',(-5.,25.,-105.));
#7163=CARTESIAN_POINT('Ctrl Pts',(-2.5,25.,-105.));
#7164=CARTESIAN_POINT('Ctrl Pts',(5.55111512312578E-16,25.,-105.));
#7165=CARTESIAN_POINT('Ctrl Pts',(2.5,25.,-105.));
#7166=CARTESIAN_POINT('',(-5.,30.,-110.));
#7167=CARTESIAN_POINT('',(0.,30.,-110.));
#7168=CARTESIAN_POINT('Ctrl Pts',(-5.,30.,-110.));
#7169=CARTESIAN_POINT('Ctrl Pts',(-5.,29.6260008745726,-110.));
#7170=CARTESIAN_POINT('Ctrl Pts',(-5.,29.255961545903,-109.998097839937));
#7171=CARTESIAN_POINT('Ctrl Pts',(-5.,28.8873256420341,-109.956168817493));
#7172=CARTESIAN_POINT('Ctrl Pts',(-5.,28.5186897381652,-109.91423979505));
#7173=CARTESIAN_POINT('Ctrl Pts',(-5.,28.1514572590971,-109.832283910225));
#7174=CARTESIAN_POINT('Ctrl Pts',(-5.,27.7926315082747,-109.693252448403));
#7175=CARTESIAN_POINT('Ctrl Pts',(-5.,27.4338057574523,-109.554220986581));
#7176=CARTESIAN_POINT('Ctrl Pts',(-5.,27.0833867348757,-109.358113947761));
#7177=CARTESIAN_POINT('Ctrl Pts',(-5.,26.7589449153709,-109.110899768264));
#7178=CARTESIAN_POINT('Ctrl Pts',(-5.,26.4345030958661,-108.863685588767));
#7179=CARTESIAN_POINT('Ctrl Pts',(-5.,26.1360384794332,-108.565364268593));
#7180=CARTESIAN_POINT('Ctrl Pts',(-5.,25.8889700636773,-108.241061138233));
#7181=CARTESIAN_POINT('Ctrl Pts',(-5.,25.6419016479214,-107.916758007873));
#7182=CARTESIAN_POINT('Ctrl Pts',(-5.,25.4462294328425,-107.566473067328));
#7183=CARTESIAN_POINT('Ctrl Pts',(-5.,25.3072600268205,-107.207656479956));
#7184=CARTESIAN_POINT('Ctrl Pts',(-5.,25.1682906207986,-106.848839892584));
#7185=CARTESIAN_POINT('Ctrl Pts',(-5.,25.0860240238335,-106.481491658386));
#7186=CARTESIAN_POINT('Ctrl Pts',(-5.,25.0439513686339,-106.112781466597));
#7187=CARTESIAN_POINT('Ctrl Pts',(-5.,25.0018787134342,-105.744071274807));
#7188=CARTESIAN_POINT('Ctrl Pts',(-5.,25.,-105.373999125427));
#7189=CARTESIAN_POINT('Ctrl Pts',(-5.,25.,-105.));
#7190=CARTESIAN_POINT('Origin',(5.,130.,-110.));
#7191=CARTESIAN_POINT('',(-5.,150.,-110.));
#7192=CARTESIAN_POINT('',(0.,150.,-110.));
#7193=CARTESIAN_POINT('',(-5.,68.75,-110.));
#7194=CARTESIAN_POINT('Ctrl Pts',(-5.,155.,-105.));
#7195=CARTESIAN_POINT('Ctrl Pts',(-2.5,155.,-105.));
#7196=CARTESIAN_POINT('Ctrl Pts',(5.55111512312578E-16,155.,-105.));
#7197=CARTESIAN_POINT('Ctrl Pts',(2.5,155.,-105.));
#7198=CARTESIAN_POINT('Ctrl Pts',(-5.,155.,-105.373999125427));
#7199=CARTESIAN_POINT('Ctrl Pts',(-2.5,155.,-105.373999125427));
#7200=CARTESIAN_POINT('Ctrl Pts',(-2.77555756156289E-15,155.,-105.373999125427));
#7201=CARTESIAN_POINT('Ctrl Pts',(2.5,155.,-105.373999125427));
#7202=CARTESIAN_POINT('Ctrl Pts',(-5.,154.996194144751,-106.114073073753));
#7203=CARTESIAN_POINT('Ctrl Pts',(-2.5,154.996194144751,-106.114073073753));
#7204=CARTESIAN_POINT('Ctrl Pts',(4.9960036108132E-15,154.996194144751,
-106.114073073753));
#7205=CARTESIAN_POINT('Ctrl Pts',(2.5,154.996194144751,-106.114073073753));
#7206=CARTESIAN_POINT('Ctrl Pts',(-5.,154.75032948411,-107.215767101692));
#7207=CARTESIAN_POINT('Ctrl Pts',(-2.49999999999999,154.75032948411,-107.215767101692));
#7208=CARTESIAN_POINT('Ctrl Pts',(-3.88578058618805E-15,154.75032948411,
-107.215767101692));
#7209=CARTESIAN_POINT('Ctrl Pts',(2.5,154.75032948411,-107.215767101692));
#7210=CARTESIAN_POINT('Ctrl Pts',(-5.,154.162006934418,-108.267021011645));
#7211=CARTESIAN_POINT('Ctrl Pts',(-2.5,154.162006934418,-108.267021011645));
#7212=CARTESIAN_POINT('Ctrl Pts',(2.22044604925031E-15,154.162006934418,
-108.267021011645));
#7213=CARTESIAN_POINT('Ctrl Pts',(2.5,154.162006934418,-108.267021011645));
#7214=CARTESIAN_POINT('Ctrl Pts',(-5.,153.267046958785,-109.162412255429));
#7215=CARTESIAN_POINT('Ctrl Pts',(-2.5,153.267046958785,-109.162412255429));
#7216=CARTESIAN_POINT('Ctrl Pts',(5.55111512312578E-16,153.267046958785,
-109.162412255429));
#7217=CARTESIAN_POINT('Ctrl Pts',(2.5,153.267046958785,-109.162412255429));
#7218=CARTESIAN_POINT('Ctrl Pts',(-5.,152.216194880354,-109.749426001618));
#7219=CARTESIAN_POINT('Ctrl Pts',(-2.5,152.216194880354,-109.749426001618));
#7220=CARTESIAN_POINT('Ctrl Pts',(-2.77555756156289E-15,152.216194880354,
-109.749426001618));
#7221=CARTESIAN_POINT('Ctrl Pts',(2.5,152.216194880354,-109.749426001618));
#7222=CARTESIAN_POINT('Ctrl Pts',(-5.,151.114148804545,-109.996229175135));
#7223=CARTESIAN_POINT('Ctrl Pts',(-2.5,151.114148804545,-109.996229175135));
#7224=CARTESIAN_POINT('Ctrl Pts',(6.10622663543836E-15,151.114148804545,
-109.996229175135));
#7225=CARTESIAN_POINT('Ctrl Pts',(2.5,151.114148804545,-109.996229175135));
#7226=CARTESIAN_POINT('Ctrl Pts',(-5.,150.373999125427,-110.));
#7227=CARTESIAN_POINT('Ctrl Pts',(-2.49999999999999,150.373999125427,-110.));
#7228=CARTESIAN_POINT('Ctrl Pts',(-4.9960036108132E-15,150.373999125427,
-110.));
#7229=CARTESIAN_POINT('Ctrl Pts',(2.5,150.373999125427,-110.));
#7230=CARTESIAN_POINT('Ctrl Pts',(-5.,150.,-110.));
#7231=CARTESIAN_POINT('Ctrl Pts',(-2.5,150.,-110.));
#7232=CARTESIAN_POINT('Ctrl Pts',(5.55111512312578E-16,150.,-110.));
#7233=CARTESIAN_POINT('Ctrl Pts',(2.5,150.,-110.));
#7234=CARTESIAN_POINT('',(-5.,155.,-105.));
#7235=CARTESIAN_POINT('',(0.,155.,-105.));
#7236=CARTESIAN_POINT('Ctrl Pts',(-5.,155.,-105.));
#7237=CARTESIAN_POINT('Ctrl Pts',(-5.,155.,-105.373999125427));
#7238=CARTESIAN_POINT('Ctrl Pts',(-5.,154.998097072375,-105.74403609959));
#7239=CARTESIAN_POINT('Ctrl Pts',(-5.,154.956168165123,-106.112670257995));
#7240=CARTESIAN_POINT('Ctrl Pts',(-5.,154.91423925787,-106.481304416399));
#7241=CARTESIAN_POINT('Ctrl Pts',(-5.,154.83228437099,-106.848535759045));
#7242=CARTESIAN_POINT('Ctrl Pts',(-5.,154.693253169268,-107.207360415361));
#7243=CARTESIAN_POINT('Ctrl Pts',(-5.,154.554221967546,-107.566185071676));
#7244=CARTESIAN_POINT('Ctrl Pts',(-5.,154.358114450982,-107.91660304166));
#7245=CARTESIAN_POINT('Ctrl Pts',(-5.,154.110900696762,-108.241043900616));
#7246=CARTESIAN_POINT('Ctrl Pts',(-5.,153.863686942541,-108.565484759573));
#7247=CARTESIAN_POINT('Ctrl Pts',(-5.,153.565366950663,-108.863948507501));
#7248=CARTESIAN_POINT('Ctrl Pts',(-5.,153.241064941652,-109.11101600583));
#7249=CARTESIAN_POINT('Ctrl Pts',(-5.,152.916762932641,-109.358083504159));
#7250=CARTESIAN_POINT('Ctrl Pts',(-5.,152.566478906498,-109.553754752889));
#7251=CARTESIAN_POINT('Ctrl Pts',(-5.,152.207662547458,-109.692724239506));
#7252=CARTESIAN_POINT('Ctrl Pts',(-5.,151.848846188418,-109.831693726124));
#7253=CARTESIAN_POINT('Ctrl Pts',(-5.,151.481497496482,-109.91396145063));
#7254=CARTESIAN_POINT('Ctrl Pts',(-5.,151.112785730734,-109.956038019099));
#7255=CARTESIAN_POINT('Ctrl Pts',(-5.,150.744073964986,-109.998114587568));
#7256=CARTESIAN_POINT('Ctrl Pts',(-5.,150.373999125427,-110.));
#7257=CARTESIAN_POINT('Ctrl Pts',(-5.,150.,-110.));
#7258=CARTESIAN_POINT('Origin',(-0.640671393088053,11.24,-74.45));
#7259=CARTESIAN_POINT('Ctrl Pts',(1.88905627902251,9.12189282058979,-74.4481838323914));
#7260=CARTESIAN_POINT('Ctrl Pts',(1.88129092448251,9.12072045523284,-74.3192758695139));
#7261=CARTESIAN_POINT('Ctrl Pts',(1.87352556994252,9.13147607852913,-74.1905625418866));
#7262=CARTESIAN_POINT('Ctrl Pts',(1.86576021540253,9.15486074478094,-74.0641848959052));
#7263=CARTESIAN_POINT('Ctrl Pts',(1.82337897950498,9.28248802202875,-73.3744493791394));
#7264=CARTESIAN_POINT('Ctrl Pts',(1.78099774360743,9.78629477510245,-72.7542864737248));
#7265=CARTESIAN_POINT('Ctrl Pts',(1.73861650770989,10.4352788095947,-72.4880854517235));
#7266=CARTESIAN_POINT('Ctrl Pts',(1.69623527181234,11.084262844087,-72.2218844297223));
#7267=CARTESIAN_POINT('Ctrl Pts',(1.65385403591479,11.8784241599978,-72.3096452911345));
#7268=CARTESIAN_POINT('Ctrl Pts',(1.61147280001725,12.4536358579301,-72.7111090598645));
#7269=CARTESIAN_POINT('Ctrl Pts',(1.5690915641197,13.0288475558624,-73.1125728285945));
#7270=CARTESIAN_POINT('Ctrl Pts',(1.52671032822216,13.3851096358162,-73.8277395046424));
#7271=CARTESIAN_POINT('Ctrl Pts',(1.48432909232461,13.3590726307124,-74.5287101061015));
#7272=CARTESIAN_POINT('Ctrl Pts',(1.44194785642706,13.3330356256087,-75.2296807075607));
#7273=CARTESIAN_POINT('Ctrl Pts',(1.39956662052952,12.9246995354473,-75.9164552344311));
#7274=CARTESIAN_POINT('Ctrl Pts',(1.35718538463197,12.3212897192505,-76.2741378101917));
#7275=CARTESIAN_POINT('Ctrl Pts',(1.31480414873442,11.7178799030537,-76.6318203859525));
#7276=CARTESIAN_POINT('Ctrl Pts',(1.27242291283688,10.9193963608215,-76.6604110106035));
#7277=CARTESIAN_POINT('Ctrl Pts',(1.23004167693933,10.2919491889182,-76.346803141862));
#7278=CARTESIAN_POINT('Ctrl Pts',(1.18766044104179,9.66450201701494,-76.0331952731204));
#7279=CARTESIAN_POINT('Ctrl Pts',(1.14527920514424,9.20809121544058,-75.3773889109864));
#7280=CARTESIAN_POINT('Ctrl Pts',(1.10289796924669,9.13198443251812,-74.6800746425341));
#7281=CARTESIAN_POINT('Ctrl Pts',(1.0982840725053,9.12369895357237,-74.6041604799854));
#7282=CARTESIAN_POINT('Ctrl Pts',(1.0936701757639,9.11992080531288,-74.5277543692829));
#7283=CARTESIAN_POINT('Ctrl Pts',(1.0890562790225,9.12047002435541,-74.4512933989825));
#7284=CARTESIAN_POINT('Ctrl Pts',(1.3109437209775,9.12523973505605,-74.4515101780714));
#7285=CARTESIAN_POINT('Ctrl Pts',(1.32586469090708,9.12360152132282,-74.7002089717228));
#7286=CARTESIAN_POINT('Ctrl Pts',(1.34078566083666,9.16412816677019,-74.9483912552223));
#7287=CARTESIAN_POINT('Ctrl Pts',(1.35570663076624,9.24917238710515,-75.1802448098004));
#7288=CARTESIAN_POINT('Ctrl Pts',(1.39808786666379,9.49073035423122,-75.8387971851913));
#7289=CARTESIAN_POINT('Ctrl Pts',(1.44046910256134,10.0914455585459,-76.3656132478789));
#7290=CARTESIAN_POINT('Ctrl Pts',(1.48285033845888,10.7758987168755,-76.5191286460077));
#7291=CARTESIAN_POINT('Ctrl Pts',(1.52523157435643,11.4603518752052,-76.6726440441365));
#7292=CARTESIAN_POINT('Ctrl Pts',(1.56761281025398,12.2285429875498,-76.4528587777065));
#7293=CARTESIAN_POINT('Ctrl Pts',(1.60999404615152,12.7282252234336,-75.9605770891584));
#7294=CARTESIAN_POINT('Ctrl Pts',(1.65237528204907,13.2279074593173,-75.4682954006103));
#7295=CARTESIAN_POINT('Ctrl Pts',(1.69475651794662,13.4590808187402,-74.7035172899441));
#7296=CARTESIAN_POINT('Ctrl Pts',(1.73713775384416,13.3158026212014,-74.0168362312658));
#7297=CARTESIAN_POINT('Ctrl Pts',(1.77951898974171,13.1725244236627,-73.3301551725875));
#7298=CARTESIAN_POINT('Ctrl Pts',(1.82190022563926,12.6547946691624,-72.721571165897));
#7299=CARTESIAN_POINT('Ctrl Pts',(1.8642814615368,11.9998916722753,-72.4702501958696));
#7300=CARTESIAN_POINT('Ctrl Pts',(1.90666269743435,11.3449886753882,-72.2189292258422));
#7301=CARTESIAN_POINT('Ctrl Pts',(1.9490439333319,10.5529124361143,-72.3248712924779));
#7302=CARTESIAN_POINT('Ctrl Pts',(1.99142516922944,9.98704548713378,-72.7392479230075));
#7303=CARTESIAN_POINT('Ctrl Pts',(2.03126468647879,9.45511512697993,-73.1287732535009));
#7304=CARTESIAN_POINT('Ctrl Pts',(2.07110420372815,9.1230748907905,-73.7908471744244));
#7305=CARTESIAN_POINT('Ctrl Pts',(2.1109437209775,9.11993509361513,-74.4506022268735));
#7306=CARTESIAN_POINT('Ctrl Pts',(2.5,9.02340962469153,-75.7307525553712));
#7307=CARTESIAN_POINT('Ctrl Pts',(2.45761876410245,8.59709647411418,-74.9929350726153));
#7308=CARTESIAN_POINT('Ctrl Pts',(2.37285629230736,8.54734977143373,-73.0703808664087));
#7309=CARTESIAN_POINT('Ctrl Pts',(2.24571258461472,10.9452999575964,-71.4357064527271));
#7310=CARTESIAN_POINT('Ctrl Pts',(2.11856887692208,13.6128868466299,-72.571759808901));
#7311=CARTESIAN_POINT('Ctrl Pts',(1.99142516922944,14.1047707706167,-75.4269824752071));
#7312=CARTESIAN_POINT('Ctrl Pts',(1.8642814615368,11.9694903375515,-77.3878856224998));
#7313=CARTESIAN_POINT('Ctrl Pts',(1.73713775384416,9.16532117789535,-76.6539177479436));
#7314=CARTESIAN_POINT('Ctrl Pts',(1.60999404615152,8.2636296875413,-73.8993185868957));
#7315=CARTESIAN_POINT('Ctrl Pts',(1.48285033845888,10.0913273085172,-71.6495070074984));
#7316=CARTESIAN_POINT('Ctrl Pts',(1.35570663076624,12.9723659982646,-71.9678836799807));
#7317=CARTESIAN_POINT('Ctrl Pts',(1.22856292307361,14.264804720062,-74.5623475779723));
#7318=CARTESIAN_POINT('Ctrl Pts',(1.10141921538097,12.7834531978895,-77.0538111426224));
#7319=CARTESIAN_POINT('Ctrl Pts',(0.974275507688327,9.8867344428855,-77.1575315003551));
#7320=CARTESIAN_POINT('Ctrl Pts',(0.847131799995687,8.23097867713629,-74.7784134742852));
#7321=CARTESIAN_POINT('Ctrl Pts',(0.719988092303048,9.33453785068476,-72.0981327457841));
#7322=CARTESIAN_POINT('Ctrl Pts',(0.592844384610409,12.1854323855492,-71.5745486966148));
#7323=CARTESIAN_POINT('Ctrl Pts',(0.46570067691777,14.1693522395687,-73.6877930400953));
#7324=CARTESIAN_POINT('Ctrl Pts',(0.33855696922513,13.467015029587,-76.4999922041018));
#7325=CARTESIAN_POINT('Ctrl Pts',(0.21141326153249,10.7224738587307,-77.4323196229978));
#7326=CARTESIAN_POINT('Ctrl Pts',(0.0842695538398509,8.45251140103227,-75.6298182643653));
#7327=CARTESIAN_POINT('Ctrl Pts',(-0.0428741538527885,8.73871503603125,
-72.7454069872935));
#7328=CARTESIAN_POINT('Ctrl Pts',(-0.170017861545428,11.3186320162161,-71.4241314009244));
#7329=CARTESIAN_POINT('Ctrl Pts',(-0.297161569238066,13.8264423370415,-72.8776196916691));
#7330=CARTESIAN_POINT('Ctrl Pts',(-0.424305276930707,13.9624488065463,-75.7730027546603));
#7331=CARTESIAN_POINT('Ctrl Pts',(-0.551448984623346,11.6019315878436,-77.4551737578571));
#7332=CARTESIAN_POINT('Ctrl Pts',(-0.678592692315986,8.90951803347105,-76.3815583335514));
#7333=CARTESIAN_POINT('Ctrl Pts',(-0.805736400008624,8.35418908508046,-73.5366768617342));
#7334=CARTESIAN_POINT('Ctrl Pts',(-0.932880107701265,10.4451891666518,-71.5293255007851));
#7335=CARTESIAN_POINT('Ctrl Pts',(-1.0600238153939,13.2650419151819,-72.2002735647865));
#7336=CARTESIAN_POINT('Ctrl Pts',(-1.18716752308654,14.2279028631045,-74.9342522814517));
#7337=CARTESIAN_POINT('Ctrl Pts',(-1.31431123077918,12.4508150345727,-77.2241648731594));
#7338=CARTESIAN_POINT('Ctrl Pts',(-1.44145493847182,9.56339285967973,-76.9701294189875));
#7339=CARTESIAN_POINT('Ctrl Pts',(-1.56859864616446,8.21344291637859,-74.4050999886379));
#7340=CARTESIAN_POINT('Ctrl Pts',(-1.6957423538571,9.63888821117461,-71.8812444975773));
#7341=CARTESIAN_POINT('Ctrl Pts',(-1.82288606154974,12.532575442786,-71.7129737823912));
#7342=CARTESIAN_POINT('Ctrl Pts',(-1.95002976924238,14.2409528885184,-74.054594445596));
#7343=CARTESIAN_POINT('Ctrl Pts',(-2.07717347693502,13.1974145016682,-76.7588075408938));
#7344=CARTESIAN_POINT('Ctrl Pts',(-2.20431718462766,10.358899599717,-77.3458117814894));
#7345=CARTESIAN_POINT('Ctrl Pts',(-2.3314608923203,8.32836610610407,-75.2773160587227));
#7346=CARTESIAN_POINT('Ctrl Pts',(-2.45860460001294,8.96784167615658,-72.4501599193294));
#7347=CARTESIAN_POINT('Ctrl Pts',(-2.58574830770558,11.6909182543478,-71.4568851507598));
#7348=CARTESIAN_POINT('Ctrl Pts',(-2.71289201539822,14.0004964784166,-73.2083386119424));
#7349=CARTESIAN_POINT('Ctrl Pts',(-2.84003572309086,13.778660763931,-76.0984129798028));
#7350=CARTESIAN_POINT('Ctrl Pts',(-2.96717943078349,11.2288375745911,-77.4768695117024));
#7351=CARTESIAN_POINT('Ctrl Pts',(-3.09432313847614,8.68925047723049,-76.0796443940245));
#7352=CARTESIAN_POINT('Ctrl Pts',(-3.22146684616877,8.48873643715183,-73.1880123610206));
#7353=CARTESIAN_POINT('Ctrl Pts',(-3.34861055386141,10.811169586371,-71.4536410311627));
#7354=CARTESIAN_POINT('Ctrl Pts',(-3.47575426155405,13.5268463003424,-72.4669721175595));
#7355=CARTESIAN_POINT('Ctrl Pts',(-3.60289796924669,14.1454527868901,-75.2987690113884));
#7356=CARTESIAN_POINT('Ctrl Pts',(-3.73004167693933,12.0997186504526,-77.3522298901967));
#7357=CARTESIAN_POINT('Ctrl Pts',(-3.85718538463197,9.2656099090766,-76.7443112276636));
#7358=CARTESIAN_POINT('Ctrl Pts',(-3.98432909232461,8.24204566336503,-74.032465129316));
#7359=CARTESIAN_POINT('Ctrl Pts',(-4.11147280001725,9.9676452687689,-71.7035282968938));
#7360=CARTESIAN_POINT('Ctrl Pts',(-4.23861650770989,12.8600165444019,-71.8930963355901));
#7361=CARTESIAN_POINT('Ctrl Pts',(-4.36576021540254,14.2668007864785,-74.4274776866808));
#7362=CARTESIAN_POINT('Ctrl Pts',(-4.49290392309517,12.8979847560597,-76.9823175557706));
#7363=CARTESIAN_POINT('Ctrl Pts',(-4.62004763078781,10.0087363877118,-77.2153784552077));
#7364=CARTESIAN_POINT('Ctrl Pts',(-4.74719133848045,8.24864857573148,-74.9117607406093));
#7365=CARTESIAN_POINT('Ctrl Pts',(-4.87433504617309,9.23152224454335,-72.1862872734808));
#7366=CARTESIAN_POINT('Ctrl Pts',(-5.00147875386573,12.0564940622766,-71.5334693297703));
#7367=CARTESIAN_POINT('Ctrl Pts',(-5.12862246155836,14.132178783326,-73.5617342219539));
#7368=CARTESIAN_POINT('Ctrl Pts',(-5.21338493335346,13.7475020219713,-75.4460678440876));
#7369=CARTESIAN_POINT('Ctrl Pts',(-5.255766169251,13.1989087282169,-76.0981130405757));
#7370=CARTESIAN_POINT('Ctrl Pts',(2.58525538975033,9.1512676372256,-75.6568758129195));
#7371=CARTESIAN_POINT('Ctrl Pts',(2.54287415385279,8.74954520614119,-74.9616173334006));
#7372=CARTESIAN_POINT('Ctrl Pts',(2.4581116820577,8.70266800727421,-73.1499604596614));
#7373=CARTESIAN_POINT('Ctrl Pts',(2.33096797436505,10.9622989313965,-71.6095778122899));
#7374=CARTESIAN_POINT('Ctrl Pts',(2.20382426667242,13.4760132954506,-72.6801010074239));
#7375=CARTESIAN_POINT('Ctrl Pts',(2.07668055897978,13.9395242274678,-75.370627887119));
#7376=CARTESIAN_POINT('Ctrl Pts',(1.94953685128714,11.9274116631328,-77.2184216471394));
#7377=CARTESIAN_POINT('Ctrl Pts',(1.8223931435945,9.28499340682665,-76.5267907215974));
#7378=CARTESIAN_POINT('Ctrl Pts',(1.69524943590186,8.43531354801254,-73.9310831527819));
#7379=CARTESIAN_POINT('Ctrl Pts',(1.56810572820922,10.1575853817369,-71.8110458611023));
#7380=CARTESIAN_POINT('Ctrl Pts',(1.44096202051658,12.8724391574793,-72.1110578375027));
#7381=CARTESIAN_POINT('Ctrl Pts',(1.31381831282394,14.0903270519647,-74.5558671122116));
#7382=CARTESIAN_POINT('Ctrl Pts',(1.1866746051313,12.694423280355,-76.9036173488487));
#7383=CARTESIAN_POINT('Ctrl Pts',(1.05953089743866,9.96479390145346,-77.0013548786549));
#7384=CARTESIAN_POINT('Ctrl Pts',(0.932387189746022,8.40454592271292,-74.7594698324742));
#7385=CARTESIAN_POINT('Ctrl Pts',(0.805243482053383,9.44444927414137,-72.233793838703));
#7386=CARTESIAN_POINT('Ctrl Pts',(0.678099774360743,12.1308976789349,-71.7404113173699));
#7387=CARTESIAN_POINT('Ctrl Pts',(0.550956066668104,14.0003804892914,-73.731758884267));
#7388=CARTESIAN_POINT('Ctrl Pts',(0.423812358975465,13.3385556991043,-76.3817439558703));
#7389=CARTESIAN_POINT('Ctrl Pts',(0.296668651282824,10.7523259525565,-77.2602925926608));
#7390=CARTESIAN_POINT('Ctrl Pts',(0.169524943590185,8.61330013141544,-75.5617636431265));
#7391=CARTESIAN_POINT('Ctrl Pts',(0.0423812358975461,8.88299488486434,-72.8437318186254));
#7392=CARTESIAN_POINT('Ctrl Pts',(-0.0847624717950931,11.3140963413224,
-71.5986704360012));
#7393=CARTESIAN_POINT('Ctrl Pts',(-0.211906179487732,13.6772504157773,-72.9683181912252));
#7394=CARTESIAN_POINT('Ctrl Pts',(-0.339049887180373,13.8054117204395,-75.6966889238901));
#7395=CARTESIAN_POINT('Ctrl Pts',(-0.466193594873011,11.5810545444302,-77.2818284486474));
#7396=CARTESIAN_POINT('Ctrl Pts',(-0.593337302565652,9.04394557398829,-76.2701416223843));
#7397=CARTESIAN_POINT('Ctrl Pts',(-0.72048101025829,8.52064927196968,-73.5893594333816));
#7398=CARTESIAN_POINT('Ctrl Pts',(-0.84762471795093,10.4910356769608,-71.6977966991121));
#7399=CARTESIAN_POINT('Ctrl Pts',(-0.974768425643571,13.1482328567932,-72.3300429411927));
#7400=CARTESIAN_POINT('Ctrl Pts',(-1.10191213333621,14.0555537786833,-74.9063195001127));
#7401=CARTESIAN_POINT('Ctrl Pts',(-1.22905584102885,12.3809724485941,-77.0641446858145));
#7402=CARTESIAN_POINT('Ctrl Pts',(-1.35619954872149,9.6601034017581,-76.8247625788037));
#7403=CARTESIAN_POINT('Ctrl Pts',(-1.48334325641413,8.38802166482185,-74.4076899241892));
#7404=CARTESIAN_POINT('Ctrl Pts',(-1.61048696410677,9.73124400836858,-72.0294162016885));
#7405=CARTESIAN_POINT('Ctrl Pts',(-1.73763067179941,12.4580167290941,-71.8708517269746));
#7406=CARTESIAN_POINT('Ctrl Pts',(-1.86477437949205,14.067851048725,-74.0774023441118));
#7407=CARTESIAN_POINT('Ctrl Pts',(-1.99191808718468,13.0845063474704,-76.6256302309177));
#7408=CARTESIAN_POINT('Ctrl Pts',(-2.11906179487732,10.4097234899938,-77.1787747216979));
#7409=CARTESIAN_POINT('Ctrl Pts',(-2.24620550256996,8.49631582159833,-75.2295945725229));
#7410=CARTESIAN_POINT('Ctrl Pts',(-2.3733492102626,9.09890497530536,-72.5655152781493));
#7411=CARTESIAN_POINT('Ctrl Pts',(-2.50049291795524,11.6649082560827,-71.6295348744855));
#7412=CARTESIAN_POINT('Ctrl Pts',(-2.62763662564788,13.8412647154038,-73.2799604862795));
#7413=CARTESIAN_POINT('Ctrl Pts',(-2.75478033334052,13.6322249933032,-76.0033287415148));
#7414=CARTESIAN_POINT('Ctrl Pts',(-2.88192404103316,11.2294814488692,-77.3022727416914));
#7415=CARTESIAN_POINT('Ctrl Pts',(-3.0090677487258,8.8363835551715,-75.9856427707755));
#7416=CARTESIAN_POINT('Ctrl Pts',(-3.13621145641844,8.64743562443591,-73.2608067000919));
#7417=CARTESIAN_POINT('Ctrl Pts',(-3.26335516411108,10.8359055073655,-71.6264778831411));
#7418=CARTESIAN_POINT('Ctrl Pts',(-3.39049887180372,13.3949357650492,-72.5813577102576));
#7419=CARTESIAN_POINT('Ctrl Pts',(-3.51764257949636,13.977859611813,-75.2498100697159));
#7420=CARTESIAN_POINT('Ctrl Pts',(-3.64478628718899,12.0501281085059,-77.1848226191866));
#7421=CARTESIAN_POINT('Ctrl Pts',(-3.77192999488164,9.379497254165,-76.6119700982554));
#7422=CARTESIAN_POINT('Ctrl Pts',(-3.89907370257427,8.41497453981417,-74.0565494975078));
#7423=CARTESIAN_POINT('Ctrl Pts',(-4.02621741026692,10.0410376054792,-71.8619510787266));
#7424=CARTESIAN_POINT('Ctrl Pts',(-4.15336111795956,12.7665702775829,-72.0405843985242));
#7425=CARTESIAN_POINT('Ctrl Pts',(-4.2805048256522,14.092207980696,-74.4287768253267));
#7426=CARTESIAN_POINT('Ctrl Pts',(-4.40764853334483,12.8023483957818,-76.836247675926));
#7427=CARTESIAN_POINT('Ctrl Pts',(-4.53479224103747,10.0797584945144,-77.0558650885856));
#7428=CARTESIAN_POINT('Ctrl Pts',(-4.66193594873012,8.42119658106364,-74.8851253228893));
#7429=CARTESIAN_POINT('Ctrl Pts',(-4.78907965642275,9.34737584423961,-72.3168634112214));
#7430=CARTESIAN_POINT('Ctrl Pts',(-4.9162233641154,12.0093968136322,-71.7017015025453));
#7431=CARTESIAN_POINT('Ctrl Pts',(-5.04336707180803,13.9653512831941,-73.6129714276406));
#7432=CARTESIAN_POINT('Ctrl Pts',(-5.12812954360312,13.6028635589852,-75.3886123681852));
#7433=CARTESIAN_POINT('Ctrl Pts',(-5.17051077950067,13.0859143836075,-76.0030461034696));
#7434=CARTESIAN_POINT('Ctrl Pts',(2.67051077950067,9.27912564975967,-75.5829990704677));
#7435=CARTESIAN_POINT('Ctrl Pts',(2.62812954360312,8.90199393816819,-74.930299594186));
#7436=CARTESIAN_POINT('Ctrl Pts',(2.54336707180803,8.85798624311469,-73.2295400529142));
#7437=CARTESIAN_POINT('Ctrl Pts',(2.41622336411539,10.9792979051966,-71.7834491718526));
#7438=CARTESIAN_POINT('Ctrl Pts',(2.28907965642275,13.3391397442713,-72.788442205947));
#7439=CARTESIAN_POINT('Ctrl Pts',(2.16193594873011,13.774277684319,-75.3142732990309));
#7440=CARTESIAN_POINT('Ctrl Pts',(2.03479224103747,11.8853329887142,-77.048957671779));
#7441=CARTESIAN_POINT('Ctrl Pts',(1.90764853334483,9.40466563575794,-76.3996636952511));
#7442=CARTESIAN_POINT('Ctrl Pts',(1.78050482565219,8.6069974084838,-73.962847718668));
#7443=CARTESIAN_POINT('Ctrl Pts',(1.65336111795955,10.2238434549565,-71.9725847147062));
#7444=CARTESIAN_POINT('Ctrl Pts',(1.52621741026692,12.772512316694,-72.2542319950247));
#7445=CARTESIAN_POINT('Ctrl Pts',(1.39907370257427,13.9158493838673,-74.5493866464509));
#7446=CARTESIAN_POINT('Ctrl Pts',(1.27192999488163,12.6053933628205,-76.7534235550751));
#7447=CARTESIAN_POINT('Ctrl Pts',(1.144786287189,10.0428533600214,-76.8451782569547));
#7448=CARTESIAN_POINT('Ctrl Pts',(1.01764257949636,8.57811316828957,-74.7405261906633));
#7449=CARTESIAN_POINT('Ctrl Pts',(0.890498871803717,9.55436069759796,-72.3694549316219));
#7450=CARTESIAN_POINT('Ctrl Pts',(0.763355164111078,12.0763629723205,-71.9062739381251));
#7451=CARTESIAN_POINT('Ctrl Pts',(0.636211456418439,13.8314087390143,-73.7757247284385));
#7452=CARTESIAN_POINT('Ctrl Pts',(0.5090677487258,13.2100963686216,-76.263495707639));
#7453=CARTESIAN_POINT('Ctrl Pts',(0.381924041033159,10.7821780463823,-77.0882655623238));
#7454=CARTESIAN_POINT('Ctrl Pts',(0.25478033334052,8.7740888617986,-75.4937090218877));
#7455=CARTESIAN_POINT('Ctrl Pts',(0.127636625647881,9.02727473369743,-72.9420566499573));
#7456=CARTESIAN_POINT('Ctrl Pts',(0.000492917955241575,11.3095606664287,
-71.7732094710781));
#7457=CARTESIAN_POINT('Ctrl Pts',(-0.126650789737397,13.528058494513,-73.0590166907812));
#7458=CARTESIAN_POINT('Ctrl Pts',(-0.253794497430038,13.6483746343328,-75.62037509312));
#7459=CARTESIAN_POINT('Ctrl Pts',(-0.380938205122677,11.5601775010169,-77.1084831394377));
#7460=CARTESIAN_POINT('Ctrl Pts',(-0.508081912815317,9.1783731145055,-76.1587249112172));
#7461=CARTESIAN_POINT('Ctrl Pts',(-0.635225620507956,8.68710945885894,-73.6420420050289));
#7462=CARTESIAN_POINT('Ctrl Pts',(-0.762369328200596,10.5368821872698,-71.8662678974393));
#7463=CARTESIAN_POINT('Ctrl Pts',(-0.889513035893235,13.0314237984044,-72.4598123175989));
#7464=CARTESIAN_POINT('Ctrl Pts',(-1.01665674358587,13.883204694262,-74.8783867187738));
#7465=CARTESIAN_POINT('Ctrl Pts',(-1.14380045127851,12.3111298626155,-76.9041244984694));
#7466=CARTESIAN_POINT('Ctrl Pts',(-1.27094415897115,9.75681394383645,-76.6793957386199));
#7467=CARTESIAN_POINT('Ctrl Pts',(-1.39808786666379,8.56260041326514,-74.4102798597404));
#7468=CARTESIAN_POINT('Ctrl Pts',(-1.52523157435644,9.82359980556254,-72.1775879057996));
#7469=CARTESIAN_POINT('Ctrl Pts',(-1.65237528204907,12.3834580154021,-72.028729671558));
#7470=CARTESIAN_POINT('Ctrl Pts',(-1.77951898974171,13.8947492089315,-74.1002102426276));
#7471=CARTESIAN_POINT('Ctrl Pts',(-1.90666269743435,12.9715981932726,-76.4924529209417));
#7472=CARTESIAN_POINT('Ctrl Pts',(-2.03380640512699,10.4605473802705,-77.0117376619062));
#7473=CARTESIAN_POINT('Ctrl Pts',(-2.16095011281963,8.66426553709259,-75.1818730863232));
#7474=CARTESIAN_POINT('Ctrl Pts',(-2.28809382051227,9.22996827445414,-72.6808706369693));
#7475=CARTESIAN_POINT('Ctrl Pts',(-2.41523752820491,11.6388982578176,-71.8021845982112));
#7476=CARTESIAN_POINT('Ctrl Pts',(-2.54238123589755,13.682032952391,-73.3515823606168));
#7477=CARTESIAN_POINT('Ctrl Pts',(-2.66952494359019,13.4857892226754,-75.9082445032266));
#7478=CARTESIAN_POINT('Ctrl Pts',(-2.79666865128283,11.2301253231474,-77.1276759716805));
#7479=CARTESIAN_POINT('Ctrl Pts',(-2.92381235897547,8.98351663311249,-75.8916411475263));
#7480=CARTESIAN_POINT('Ctrl Pts',(-3.05095606666811,8.80613481171999,-73.3336010391633));
#7481=CARTESIAN_POINT('Ctrl Pts',(-3.17809977436074,10.86064142836,-71.7993147351197));
#7482=CARTESIAN_POINT('Ctrl Pts',(-3.30524348205339,13.263025229756,-72.6957433029556));
#7483=CARTESIAN_POINT('Ctrl Pts',(-3.43238718974602,13.8102664367359,-75.2008511280434));
#7484=CARTESIAN_POINT('Ctrl Pts',(-3.55953089743866,12.0005375665592,-77.0174153481766));
#7485=CARTESIAN_POINT('Ctrl Pts',(-3.6866746051313,9.49338459925343,-76.4796289688472));
#7486=CARTESIAN_POINT('Ctrl Pts',(-3.81381831282394,8.58790341626329,-74.0806338656996));
#7487=CARTESIAN_POINT('Ctrl Pts',(-3.94096202051658,10.1144299421896,-72.0203738605594));
#7488=CARTESIAN_POINT('Ctrl Pts',(-4.06810572820922,12.6731240107639,-72.1880724614582));
#7489=CARTESIAN_POINT('Ctrl Pts',(-4.19524943590187,13.9176151749134,-74.4300759639726));
#7490=CARTESIAN_POINT('Ctrl Pts',(-4.32239314359449,12.7067120355038,-76.6901777960814));
#7491=CARTESIAN_POINT('Ctrl Pts',(-4.44953685128714,10.1507806013169,-76.8963517219637));
#7492=CARTESIAN_POINT('Ctrl Pts',(-4.57668055897978,8.59374458639579,-74.8584899051692));
#7493=CARTESIAN_POINT('Ctrl Pts',(-4.70382426667242,9.46322944393587,-72.4474395489621));
#7494=CARTESIAN_POINT('Ctrl Pts',(-4.83096797436506,11.9622995649879,-71.8699336753202));
#7495=CARTESIAN_POINT('Ctrl Pts',(-4.9581116820577,13.7985237830621,-73.6642086333274));
#7496=CARTESIAN_POINT('Ctrl Pts',(-5.04287415385279,13.4582250959991,-75.3311568922827));
#7497=CARTESIAN_POINT('Ctrl Pts',(-5.08525538975034,12.9729200389981,-75.9079791663634));
#7498=CARTESIAN_POINT('Ctrl Pts',(2.755766169251,9.40698366229374,-75.5091223280159));
#7499=CARTESIAN_POINT('Ctrl Pts',(2.71338493335346,9.0544426701952,-74.8989818549713));
#7500=CARTESIAN_POINT('Ctrl Pts',(2.62862246155836,9.01330447895516,-73.3091196461668));
#7501=CARTESIAN_POINT('Ctrl Pts',(2.50147875386572,10.9962968789967,-71.9573205314154));
#7502=CARTESIAN_POINT('Ctrl Pts',(2.37433504617309,13.202266193092,-72.89678340447));
#7503=CARTESIAN_POINT('Ctrl Pts',(2.24719133848045,13.6090311411701,-75.2579187109428));
#7504=CARTESIAN_POINT('Ctrl Pts',(2.1200476307878,11.8432543142955,-76.8794936964187));
#7505=CARTESIAN_POINT('Ctrl Pts',(1.99290392309517,9.52433786468924,-76.2725366689049));
#7506=CARTESIAN_POINT('Ctrl Pts',(1.86576021540253,8.77868126895505,-73.9946122845541));
#7507=CARTESIAN_POINT('Ctrl Pts',(1.73861650770989,10.2901015281762,-72.1341235683101));
#7508=CARTESIAN_POINT('Ctrl Pts',(1.61147280001725,12.6725854759086,-72.3974061525466));
#7509=CARTESIAN_POINT('Ctrl Pts',(1.48432909232461,13.74137171577,-74.5429061806903));
#7510=CARTESIAN_POINT('Ctrl Pts',(1.35718538463197,12.516363445286,-76.6032297613014));
#7511=CARTESIAN_POINT('Ctrl Pts',(1.23004167693933,10.1209128185893,-76.6890016352545));
#7512=CARTESIAN_POINT('Ctrl Pts',(1.10289796924669,8.75168041386622,-74.7215825488523));
#7513=CARTESIAN_POINT('Ctrl Pts',(0.975754261554052,9.66427212105455,-72.505116024541));
#7514=CARTESIAN_POINT('Ctrl Pts',(0.848610553861413,12.0218282657061,-72.0721365588802));
#7515=CARTESIAN_POINT('Ctrl Pts',(0.721466846168773,13.662436988737,-73.8196905726102));
#7516=CARTESIAN_POINT('Ctrl Pts',(0.594323138476135,13.081637038139,-76.1452474594076));
#7517=CARTESIAN_POINT('Ctrl Pts',(0.467179430783493,10.8120301402081,-76.9162385319869));
#7518=CARTESIAN_POINT('Ctrl Pts',(0.340035723090855,8.93487759218177,-75.4256544006489));
#7519=CARTESIAN_POINT('Ctrl Pts',(0.212892015398215,9.17155458253053,-73.0403814812892));
#7520=CARTESIAN_POINT('Ctrl Pts',(0.0857483077055762,11.3050249915349,-71.947748506155));
#7521=CARTESIAN_POINT('Ctrl Pts',(-0.0413953999870627,13.3788665732488,
-73.1497151903373));
#7522=CARTESIAN_POINT('Ctrl Pts',(-0.168539107679704,13.491337548226,-75.5440612623499));
#7523=CARTESIAN_POINT('Ctrl Pts',(-0.295682815372342,11.5393004576035,-76.935137830228));
#7524=CARTESIAN_POINT('Ctrl Pts',(-0.422826523064982,9.31280065502274,-76.0473082000502));
#7525=CARTESIAN_POINT('Ctrl Pts',(-0.549970230757621,8.85356964574817,-73.6947245766763));
#7526=CARTESIAN_POINT('Ctrl Pts',(-0.677113938450261,10.5827286975789,-72.0347390957665));
#7527=CARTESIAN_POINT('Ctrl Pts',(-0.8042576461429,12.9146147400157,-72.5895816940051));
#7528=CARTESIAN_POINT('Ctrl Pts',(-0.931401353835541,13.7108556098407,-74.8504539374349));
#7529=CARTESIAN_POINT('Ctrl Pts',(-1.05854506152818,12.2412872766368,-76.7441043111244));
#7530=CARTESIAN_POINT('Ctrl Pts',(-1.18568876922082,9.85352448591483,-76.5340288984361));
#7531=CARTESIAN_POINT('Ctrl Pts',(-1.31283247691346,8.73717916170839,-74.4128697952916));
#7532=CARTESIAN_POINT('Ctrl Pts',(-1.4399761846061,9.91595560275651,-72.3257596099107));
#7533=CARTESIAN_POINT('Ctrl Pts',(-1.56711989229874,12.3088993017101,-72.1866076161414));
#7534=CARTESIAN_POINT('Ctrl Pts',(-1.69426359999138,13.7216473691381,-74.1230181411433));
#7535=CARTESIAN_POINT('Ctrl Pts',(-1.82140730768402,12.8586900390748,-76.3592756109656));
#7536=CARTESIAN_POINT('Ctrl Pts',(-1.94855101537665,10.5113712705472,-76.8447006021145));
#7537=CARTESIAN_POINT('Ctrl Pts',(-2.0756947230693,8.83221525258685,-75.1341516001234));
#7538=CARTESIAN_POINT('Ctrl Pts',(-2.20283843076193,9.36103157360292,-72.7962259957892));
#7539=CARTESIAN_POINT('Ctrl Pts',(-2.32998213845457,11.6128882595525,-71.9748343219369));
#7540=CARTESIAN_POINT('Ctrl Pts',(-2.45712584614721,13.5228011893781,-73.423204234954));
#7541=CARTESIAN_POINT('Ctrl Pts',(-2.58426955383986,13.3393534520476,-75.8131602649385));
#7542=CARTESIAN_POINT('Ctrl Pts',(-2.71141326153249,11.2307691974255,-76.9530792016696));
#7543=CARTESIAN_POINT('Ctrl Pts',(-2.83855696922513,9.13064971105349,-75.7976395242772));
#7544=CARTESIAN_POINT('Ctrl Pts',(-2.96570067691777,8.96483399900407,-73.4063953782346));
#7545=CARTESIAN_POINT('Ctrl Pts',(-3.09284438461041,10.8853773493545,-71.9721515870981));
#7546=CARTESIAN_POINT('Ctrl Pts',(-3.21998809230305,13.1311146944628,-72.8101288956537));
#7547=CARTESIAN_POINT('Ctrl Pts',(-3.34713179999569,13.6426732616587,-75.1518921863707));
#7548=CARTESIAN_POINT('Ctrl Pts',(-3.47427550768833,11.9509470246125,-76.8500080771666));
#7549=CARTESIAN_POINT('Ctrl Pts',(-3.60141921538097,9.60727194434185,-76.347287839439));
#7550=CARTESIAN_POINT('Ctrl Pts',(-3.72856292307361,8.76083229271243,-74.1047182338914));
#7551=CARTESIAN_POINT('Ctrl Pts',(-3.85570663076625,10.1878222788999,-72.1787966423922));
#7552=CARTESIAN_POINT('Ctrl Pts',(-3.98285033845889,12.5796777439449,-72.3355605243923));
#7553=CARTESIAN_POINT('Ctrl Pts',(-4.10999404615153,13.7430223691309,-74.4313751026185));
#7554=CARTESIAN_POINT('Ctrl Pts',(-4.23713775384417,12.6110756752259,-76.5441079162368));
#7555=CARTESIAN_POINT('Ctrl Pts',(-4.3642814615368,10.2218027081195,-76.7368383553417));
#7556=CARTESIAN_POINT('Ctrl Pts',(-4.49142516922945,8.76629259172793,-74.8318544874492));
#7557=CARTESIAN_POINT('Ctrl Pts',(-4.61856887692208,9.57908304363215,-72.5780156867026));
#7558=CARTESIAN_POINT('Ctrl Pts',(-4.74571258461473,11.9152023163435,-72.0381658480952));
#7559=CARTESIAN_POINT('Ctrl Pts',(-4.87285629230736,13.6316962829302,-73.7154458390142));
#7560=CARTESIAN_POINT('Ctrl Pts',(-4.95761876410246,13.313586633013,-75.2737014163803));
#7561=CARTESIAN_POINT('Ctrl Pts',(-5.,12.8599256943887,-75.8129122292573));
#7562=CARTESIAN_POINT('Ctrl Pts',(2.43329010977149,8.68545070163673,-74.4471950292665));
#7563=CARTESIAN_POINT('Ctrl Pts',(2.41314550395012,8.68444103813801,-74.0415208070994));
#7564=CARTESIAN_POINT('Ctrl Pts',(2.35061966223119,8.96673608789762,-72.7844866535398));
#7565=CARTESIAN_POINT('Ctrl Pts',(2.24571258461472,10.9452999575964,-71.4357064527271));
#7566=CARTESIAN_POINT('Ctrl Pts',(2.11856887692208,13.6128868466299,-72.571759808901));
#7567=CARTESIAN_POINT('Ctrl Pts',(1.99142516922944,14.1047707706167,-75.4269824752071));
#7568=CARTESIAN_POINT('Ctrl Pts',(1.8642814615368,11.9694903375515,-77.3878856224998));
#7569=CARTESIAN_POINT('Ctrl Pts',(1.74490310838415,9.33658696925859,-76.698745139486));
#7570=CARTESIAN_POINT('Ctrl Pts',(1.66790599112905,8.6849808300304,-75.1426888167482));
#7571=CARTESIAN_POINT('Ctrl Pts',(1.63329010977149,8.67866113401505,-74.4478037840914));
#7572=CARTESIAN_POINT('Ctrl Pts',(-5.,12.8599256943887,-75.8129122292573));
#7573=CARTESIAN_POINT('Ctrl Pts',(-5.,12.9133829629942,-75.7613296553749));
#7574=CARTESIAN_POINT('Ctrl Pts',(-5.,12.9637080057323,-75.7068962492455));
#7575=CARTESIAN_POINT('Ctrl Pts',(-5.,13.0109075090087,-75.6499792411892));
#7576=CARTESIAN_POINT('Ctrl Pts',(-5.,13.0594210118184,-75.5914777053979));
#7577=CARTESIAN_POINT('Ctrl Pts',(-5.,13.1046329755759,-75.5303518878238));
#7578=CARTESIAN_POINT('Ctrl Pts',(-5.,13.1465235199986,-75.4669529390627));
#7579=CARTESIAN_POINT('Ctrl Pts',(-5.,13.1873901075572,-75.4051036905896));
#7580=CARTESIAN_POINT('Ctrl Pts',(-5.,13.2250958603202,-75.3410902677507));
#7581=CARTESIAN_POINT('Ctrl Pts',(-5.,13.2595924435562,-75.275204200721));
#7582=CARTESIAN_POINT('Ctrl Pts',(-5.,13.2746846987219,-75.2463790463955));
#7583=CARTESIAN_POINT('Ctrl Pts',(-5.,13.2891622902094,-75.2171950755804));
#7584=CARTESIAN_POINT('Ctrl Pts',(-5.,13.3030191583312,-75.1876751430163));
#7585=CARTESIAN_POINT('Ctrl Pts',(-5.,13.3098155563243,-75.1731964593289));
#7586=CARTESIAN_POINT('Ctrl Pts',(-5.,13.3164626121447,-75.158636943421));
#7587=CARTESIAN_POINT('Ctrl Pts',(-5.,13.3229594947295,-75.1439992258235));
#7588=CARTESIAN_POINT('Ctrl Pts',(-5.,13.329010545848,-75.1303659830667));
#7589=CARTESIAN_POINT('Ctrl Pts',(-5.,13.3349318667189,-75.1166633393082));
#7590=CARTESIAN_POINT('Ctrl Pts',(-5.,13.3407146879602,-75.102913333832));
#7591=CARTESIAN_POINT('Ctrl Pts',(-5.,13.3717556892498,-75.0291061176121));
#7592=CARTESIAN_POINT('Ctrl Pts',(-5.,13.398866164923,-74.9538117172678));
#7593=CARTESIAN_POINT('Ctrl Pts',(-5.,13.4220250448048,-74.8774110741334));
#7594=CARTESIAN_POINT('Ctrl Pts',(-5.,13.4455646896052,-74.7997542957796));
#7595=CARTESIAN_POINT('Ctrl Pts',(-5.,13.4650222258535,-74.7209537862468));
#7596=CARTESIAN_POINT('Ctrl Pts',(-5.,13.4803350067466,-74.6413743139993));
#7597=CARTESIAN_POINT('Ctrl Pts',(-5.,13.4943247644866,-74.5686705023533));
#7598=CARTESIAN_POINT('Ctrl Pts',(-5.,13.5048548025542,-74.4953155721588));
#7599=CARTESIAN_POINT('Ctrl Pts',(-5.,13.5118432784972,-74.4215716885561));
#7600=CARTESIAN_POINT('Ctrl Pts',(-5.,13.514496131651,-74.3935782181943));
#7601=CARTESIAN_POINT('Ctrl Pts',(-5.,13.5166382926161,-74.365528593033));
#7602=CARTESIAN_POINT('Ctrl Pts',(-5.,13.5182639301294,-74.3374368685491));
#7603=CARTESIAN_POINT('Ctrl Pts',(-5.,13.5191323081686,-74.3224309176985));
#7604=CARTESIAN_POINT('Ctrl Pts',(-5.,13.5198532857028,-74.3074129524036));
#7605=CARTESIAN_POINT('Ctrl Pts',(-5.,13.5204258815917,-74.2923851083764));
#7606=CARTESIAN_POINT('Ctrl Pts',(-5.,13.520860742492,-74.2809721347422));
#7607=CARTESIAN_POINT('Ctrl Pts',(-5.,13.521209910725,-74.2695550649021));
#7608=CARTESIAN_POINT('Ctrl Pts',(-5.,13.5214729275068,-74.2581443678806));
#7609=CARTESIAN_POINT('Ctrl Pts',(-5.,13.523405960432,-74.1742818368161));
#7610=CARTESIAN_POINT('Ctrl Pts',(-5.,13.5206952378593,-74.0906235463102));
#7611=CARTESIAN_POINT('Ctrl Pts',(-5.,13.5132847629725,-74.0075564033142));
#7612=CARTESIAN_POINT('Ctrl Pts',(-5.,13.5058742880857,-73.9244892603181));
#7613=CARTESIAN_POINT('Ctrl Pts',(-5.,13.4937644619315,-73.8420122339347));
#7614=CARTESIAN_POINT('Ctrl Pts',(-5.,13.4768486990157,-73.7604960750955));
#7615=CARTESIAN_POINT('Ctrl Pts',(-5.,13.4604293129944,-73.6813719300234));
#7616=CARTESIAN_POINT('Ctrl Pts',(-5.,13.4394820675149,-73.6031521241446));
#7617=CARTESIAN_POINT('Ctrl Pts',(-5.,13.4142722355618,-73.5260628446071));
#7618=CARTESIAN_POINT('Ctrl Pts',(-5.,13.4038090886386,-73.4940675318456));
#7619=CARTESIAN_POINT('Ctrl Pts',(-5.,13.3926110438321,-73.4622670346482));
#7620=CARTESIAN_POINT('Ctrl Pts',(-5.,13.3806945233092,-73.4306780113251));
#7621=CARTESIAN_POINT('Ctrl Pts',(-5.,13.3741633561061,-73.4133648037733));
#7622=CARTESIAN_POINT('Ctrl Pts',(-5.,13.367414144931,-73.3961100372808));
#7623=CARTESIAN_POINT('Ctrl Pts',(-5.,13.3604619090876,-73.3789463488098));
#7624=CARTESIAN_POINT('Ctrl Pts',(-5.,13.3284372662847,-73.2998838709483));
#7625=CARTESIAN_POINT('Ctrl Pts',(-5.,13.2920735031324,-73.2226502384741));
#7626=CARTESIAN_POINT('Ctrl Pts',(-5.,13.2517322318728,-73.1474927382018));
#7627=CARTESIAN_POINT('Ctrl Pts',(-5.,13.2115513612031,-73.0726340710354));
#7628=CARTESIAN_POINT('Ctrl Pts',(-5.,13.1674239758398,-72.9998342830149));
#7629=CARTESIAN_POINT('Ctrl Pts',(-5.,13.1196505764508,-72.9293432532547));
#7630=CARTESIAN_POINT('Ctrl Pts',(-5.,13.0714024833482,-72.8581517992182));
#7631=CARTESIAN_POINT('Ctrl Pts',(-5.,13.0194350881132,-72.7893143614305));
#7632=CARTESIAN_POINT('Ctrl Pts',(-5.,12.9640075616597,-72.7231062745515));
#7633=CARTESIAN_POINT('Ctrl Pts',(-5.,12.9420484161875,-72.6968761123155));
#7634=CARTESIAN_POINT('Ctrl Pts',(-5.,12.9195456676008,-72.6710589112343));
#7635=CARTESIAN_POINT('Ctrl Pts',(-5.,12.8965135348958,-72.6456730239865));
#7636=CARTESIAN_POINT('Ctrl Pts',(-5.,12.8873948514185,-72.6356224622966));
#7637=CARTESIAN_POINT('Ctrl Pts',(-5.,12.8781924138277,-72.6256387009743));
#7638=CARTESIAN_POINT('Ctrl Pts',(-5.,12.8689094430055,-72.6157254554115));
#7639=CARTESIAN_POINT('Ctrl Pts',(-5.,12.8086574523992,-72.5513826076355));
#7640=CARTESIAN_POINT('Ctrl Pts',(-5.,12.7452115196024,-72.4902157373099));
#7641=CARTESIAN_POINT('Ctrl Pts',(-5.,12.67887547153,-72.4324955024537));
#7642=CARTESIAN_POINT('Ctrl Pts',(-5.,12.6235298558067,-72.3843382481307));
#7643=CARTESIAN_POINT('Ctrl Pts',(-5.,12.5661713545226,-72.3385801866008));
#7644=CARTESIAN_POINT('Ctrl Pts',(-5.,12.5069530390847,-72.2953925974896));
#7645=CARTESIAN_POINT('Ctrl Pts',(-5.,12.4877704192442,-72.2814028191986));
#7646=CARTESIAN_POINT('Ctrl Pts',(-5.,12.4683924978725,-72.2676828874132));
#7647=CARTESIAN_POINT('Ctrl Pts',(-5.,12.4488240698484,-72.2542390118583));
#7648=CARTESIAN_POINT('Ctrl Pts',(-5.,12.4317318906453,-72.2424963654952));
#7649=CARTESIAN_POINT('Ctrl Pts',(-5.,12.4144928778727,-72.2309635287019));
#7650=CARTESIAN_POINT('Ctrl Pts',(-5.,12.3971285719556,-72.219656300178));
#7651=CARTESIAN_POINT('Ctrl Pts',(-5.,12.3225688456088,-72.1711047560791));
#7652=CARTESIAN_POINT('Ctrl Pts',(-5.,12.245629021763,-72.1266586949194));
#7653=CARTESIAN_POINT('Ctrl Pts',(-5.,12.166588831123,-72.0866086287313));
#7654=CARTESIAN_POINT('Ctrl Pts',(-5.,12.0899342443619,-72.0477673601494));
#7655=CARTESIAN_POINT('Ctrl Pts',(-5.,12.0113034401513,-72.0130601411407));
#7656=CARTESIAN_POINT('Ctrl Pts',(-5.,11.9309209216671,-71.9827873843979));
#7657=CARTESIAN_POINT('Ctrl Pts',(-5.,11.9216584550829,-71.9792990587889));
#7658=CARTESIAN_POINT('Ctrl Pts',(-5.,11.9123727017653,-71.9758696590499));
#7659=CARTESIAN_POINT('Ctrl Pts',(-5.,11.9030641650161,-71.9724990284129));
#7660=CARTESIAN_POINT('Origin',(-0.640671393088053,165.,-74.45));
#7661=CARTESIAN_POINT('Ctrl Pts',(1.88905627902249,162.881823415511,-74.4481824985745));
#7662=CARTESIAN_POINT('Ctrl Pts',(1.88129092448249,162.880651521526,-74.3192693812742));
#7663=CARTESIAN_POINT('Ctrl Pts',(1.8735255699425,162.891407940424,-74.1905510531258));
#7664=CARTESIAN_POINT('Ctrl Pts',(1.86576021540251,162.914793663679,-74.064168783728));
#7665=CARTESIAN_POINT('Ctrl Pts',(1.82337897950496,163.042426709767,-73.3744080335868));
#7666=CARTESIAN_POINT('Ctrl Pts',(1.78099774360742,163.546247017984,-72.7542311275567));
#7667=CARTESIAN_POINT('Ctrl Pts',(1.73861650770987,164.195251623489,-72.4880227983283));
#7668=CARTESIAN_POINT('Ctrl Pts',(1.69623527181232,164.844256228994,-72.2218144690999));
#7669=CARTESIAN_POINT('Ctrl Pts',(1.65385403591478,165.638445131788,-72.3095747166734));
#7670=CARTESIAN_POINT('Ctrl Pts',(1.61147280001723,166.213676119921,-72.7110508833263));
#7671=CARTESIAN_POINT('Ctrl Pts',(1.56909156411968,166.788907108053,-73.1125270499792));
#7672=CARTESIAN_POINT('Ctrl Pts',(1.52671032822214,167.145180181525,-73.8277191357116));
#7673=CARTESIAN_POINT('Ctrl Pts',(1.48432909232459,167.119142136269,-74.5287132259414));
#7674=CARTESIAN_POINT('Ctrl Pts',(1.44194785642704,167.093104091012,-75.2297073161712));
#7675=CARTESIAN_POINT('Ctrl Pts',(1.3995666205295,166.684754927029,-75.9165034108984));
#7676=CARTESIAN_POINT('Ctrl Pts',(1.35718538463195,166.081325359533,-76.2741975103824));
#7677=CARTESIAN_POINT('Ctrl Pts',(1.31480414873441,165.477895792038,-76.6318916098664));
#7678=CARTESIAN_POINT('Ctrl Pts',(1.27242291283686,164.679385821031,-76.6604837141072));
#7679=CARTESIAN_POINT('Ctrl Pts',(1.23004167693931,164.05191797326,-76.3468656605719));
#7680=CARTESIAN_POINT('Ctrl Pts',(1.18766044104177,163.424450125488,-76.0332476070366));
#7681=CARTESIAN_POINT('Ctrl Pts',(1.14527920514422,162.968024400952,-75.3774193957253));
#7682=CARTESIAN_POINT('Ctrl Pts',(1.10289796924667,162.891915137086,-74.6800821304891));
#7683=CARTESIAN_POINT('Ctrl Pts',(1.09828407250528,162.883629388049,-74.604165464361));
#7684=CARTESIAN_POINT('Ctrl Pts',(1.09367017576388,162.87985111716,-74.5277568364778));
#7685=CARTESIAN_POINT('Ctrl Pts',(1.08905627902248,162.880400355238,-74.4512933493404));
#7686=CARTESIAN_POINT('Ctrl Pts',(1.31094372097752,162.885169189337,-74.4515108333385));
#7687=CARTESIAN_POINT('Ctrl Pts',(1.3258646909071,162.88353074716,-74.7002179428464));
#7688=CARTESIAN_POINT('Ctrl Pts',(1.34078566083668,162.924058693812,-74.9484084362162));
#7689=CARTESIAN_POINT('Ctrl Pts',(1.35570663076627,163.009105985834,-75.180269465905));
#7690=CARTESIAN_POINT('Ctrl Pts',(1.39808786666381,163.250672677722,-75.8388430734563));
#7691=CARTESIAN_POINT('Ctrl Pts',(1.44046910256136,163.851410890639,-76.3656744404375));
#7692=CARTESIAN_POINT('Ctrl Pts',(1.4828503384589,164.535885111083,-76.5191956406549));
#7693=CARTESIAN_POINT('Ctrl Pts',(1.52523157435645,165.220359331526,-76.6727168408724));
#7694=CARTESIAN_POINT('Ctrl Pts',(1.567612810254,165.988569559495,-76.452927874326));
#7695=CARTESIAN_POINT('Ctrl Pts',(1.60999404615155,166.488271011576,-75.9606287829116));
#7696=CARTESIAN_POINT('Ctrl Pts',(1.65237528204909,166.987972463658,-75.4683296914972));
#7697=CARTESIAN_POINT('Ctrl Pts',(1.69475651794664,167.219165139852,-74.7035204752147));
#7698=CARTESIAN_POINT('Ctrl Pts',(1.73713775384418,167.07587703571,-74.016818579261));
#7699=CARTESIAN_POINT('Ctrl Pts',(1.77951898974173,166.932588931569,-73.3301166833073));
#7700=CARTESIAN_POINT('Ctrl Pts',(1.82190022563928,166.414820047093,-72.7215221076823));
#7701=CARTESIAN_POINT('Ctrl Pts',(1.86428146153682,165.759905070153,-72.4701906591367));
#7702=CARTESIAN_POINT('Ctrl Pts',(1.90666269743437,165.104990093212,-72.2188592105911));
#7703=CARTESIAN_POINT('Ctrl Pts',(1.94904393333192,164.312929023808,-72.3247908891248));
#7704=CARTESIAN_POINT('Ctrl Pts',(1.99142516922946,163.747025196104,-72.7391827976094));
#7705=CARTESIAN_POINT('Ctrl Pts',(2.03126468647882,163.215060168944,-73.1287224897971));
#7706=CARTESIAN_POINT('Ctrl Pts',(2.07110420372817,162.882939272944,-73.7908334522584));
#7707=CARTESIAN_POINT('Ctrl Pts',(2.11094372097752,162.879815010497,-74.4506138092469));
#7708=CARTESIAN_POINT('Ctrl Pts',(2.5,162.783409624692,-75.7307525553712));
#7709=CARTESIAN_POINT('Ctrl Pts',(2.45761876410246,162.357096474114,-74.9929350726153));
#7710=CARTESIAN_POINT('Ctrl Pts',(2.37285629230736,162.308107975393,-73.0698132223166));
#7711=CARTESIAN_POINT('Ctrl Pts',(2.24571258461472,164.705048766676,-71.4357931772695));
#7712=CARTESIAN_POINT('Ctrl Pts',(2.11856887692208,167.373096848983,-72.5715659599182));
#7713=CARTESIAN_POINT('Ctrl Pts',(1.99142516922945,167.864802460995,-75.4270940055974));
#7714=CARTESIAN_POINT('Ctrl Pts',(1.8642814615368,165.729545045208,-77.3879353636467));
#7715=CARTESIAN_POINT('Ctrl Pts',(1.73713775384417,162.92523796276,-76.6540169717882));
#7716=CARTESIAN_POINT('Ctrl Pts',(1.60999404615153,162.023539153504,-73.8992855198014));
#7717=CARTESIAN_POINT('Ctrl Pts',(1.48285033845889,163.851285949491,-71.6494231493187));
#7718=CARTESIAN_POINT('Ctrl Pts',(1.35570663076625,166.732424718247,-71.9677975949325));
#7719=CARTESIAN_POINT('Ctrl Pts',(1.22856292307361,168.024903322055,-74.5623536735459));
#7720=CARTESIAN_POINT('Ctrl Pts',(1.10141921538097,166.543504370995,-77.0538954815311));
#7721=CARTESIAN_POINT('Ctrl Pts',(0.974275507688329,163.646689738338,-77.1576212068827));
#7722=CARTESIAN_POINT('Ctrl Pts',(0.84713179999569,161.990879835439,-74.7784239169106));
#7723=CARTESIAN_POINT('Ctrl Pts',(0.719988092303049,163.094475145533,-72.0980555979889));
#7724=CARTESIAN_POINT('Ctrl Pts',(0.592844384610411,165.945463497661,-71.5744540486494));
#7725=CARTESIAN_POINT('Ctrl Pts',(0.465700676917771,167.9294485508,-73.6877680275856));
#7726=CARTESIAN_POINT('Ctrl Pts',(0.338556969225131,167.22708826432,-76.5000595860048));
#7727=CARTESIAN_POINT('Ctrl Pts',(0.211413261532492,164.482456838519,-77.4324177013043));
#7728=CARTESIAN_POINT('Ctrl Pts',(0.0842695538398527,162.212419744044,-75.6298570523145));
#7729=CARTESIAN_POINT('Ctrl Pts',(-0.0428741538527867,162.498632787902,
-72.7453509402931));
#7730=CARTESIAN_POINT('Ctrl Pts',(-0.170017861545426,165.078634602141,-71.4240319022746));
#7731=CARTESIAN_POINT('Ctrl Pts',(-0.297161569238066,167.586527384459,-72.8775679894744));
#7732=CARTESIAN_POINT('Ctrl Pts',(-0.424305276930705,167.722538326389,-75.7730462572592));
#7733=CARTESIAN_POINT('Ctrl Pts',(-0.551448984623345,165.361943488864,-77.4552725744408));
#7734=CARTESIAN_POINT('Ctrl Pts',(-0.678592692315984,162.669441402413,-76.3816218470705));
#7735=CARTESIAN_POINT('Ctrl Pts',(-0.805736400008623,162.114094193626,-73.5366468298385));
#7736=CARTESIAN_POINT('Ctrl Pts',(-0.932880107701264,164.205163031629,-71.5292294629223));
#7737=CARTESIAN_POINT('Ctrl Pts',(-1.0600238153939,167.025108502755,-72.2001995891334));
#7738=CARTESIAN_POINT('Ctrl Pts',(-1.18716752308654,167.988001111545,-74.9342682046635));
#7739=CARTESIAN_POINT('Ctrl Pts',(-1.31431123077918,166.21085484868,-77.2242560934527));
#7740=CARTESIAN_POINT('Ctrl Pts',(-1.44145493847182,163.323337729362,-76.9702122860686));
#7741=CARTESIAN_POINT('Ctrl Pts',(-1.56859864616446,161.973343396908,-74.4050985122253));
#7742=CARTESIAN_POINT('Ctrl Pts',(-1.6957423538571,163.3988355633,-71.8811600315877));
#7743=CARTESIAN_POINT('Ctrl Pts',(-1.82288606154974,166.292617945347,-71.712883783264));
#7744=CARTESIAN_POINT('Ctrl Pts',(-1.95002976924238,168.001051566068,-74.0545814439048));
#7745=CARTESIAN_POINT('Ctrl Pts',(-2.07717347693502,166.957478865516,-76.7588834591471));
#7746=CARTESIAN_POINT('Ctrl Pts',(-2.20431718462766,164.118870627307,-77.345907002028));
#7747=CARTESIAN_POINT('Ctrl Pts',(-2.3314608923203,162.088270365548,-75.2773432621085));
#7748=CARTESIAN_POINT('Ctrl Pts',(-2.45860460001294,162.727766962884,-72.4500941613864));
#7749=CARTESIAN_POINT('Ctrl Pts',(-2.58574830770558,165.450933081456,-71.4567867290895));
#7750=CARTESIAN_POINT('Ctrl Pts',(-2.71289201539821,167.760587249327,-73.2082977871601));
#7751=CARTESIAN_POINT('Ctrl Pts',(-2.84003572309086,167.538744240175,-76.0984671759769));
#7752=CARTESIAN_POINT('Ctrl Pts',(-2.96717943078349,164.988837208033,-77.4769690551976));
#7753=CARTESIAN_POINT('Ctrl Pts',(-3.09432313847613,162.449166602082,-76.0796979533975));
#7754=CARTESIAN_POINT('Ctrl Pts',(-3.22146684616877,162.248645972856,-73.1879709159966));
#7755=CARTESIAN_POINT('Ctrl Pts',(-3.34861055386141,164.571155478543,-71.4535424047462));
#7756=CARTESIAN_POINT('Ctrl Pts',(-3.47575426155405,167.286921512873,-72.4669071037644));
#7757=CARTESIAN_POINT('Ctrl Pts',(-3.60289796924669,167.905548286805,-75.2987965521922));
#7758=CARTESIAN_POINT('Ctrl Pts',(-3.73004167693933,165.859747004725,-77.3523260244406));
#7759=CARTESIAN_POINT('Ctrl Pts',(-3.85718538463197,163.025544795807,-76.7443853356951));
#7760=CARTESIAN_POINT('Ctrl Pts',(-3.98432909232461,162.001947511763,-74.0324539145049));
#7761=CARTESIAN_POINT('Ctrl Pts',(-4.11147280001725,163.727602482025,-71.7034332812821));
#7762=CARTESIAN_POINT('Ctrl Pts',(-4.23861650770989,166.620071910417,-71.8930209872811));
#7763=CARTESIAN_POINT('Ctrl Pts',(-4.36576021540253,168.026895703522,-74.4274609355758));
#7764=CARTESIAN_POINT('Ctrl Pts',(-4.49290392309517,166.658049367515,-76.9824297854013));
#7765=CARTESIAN_POINT('Ctrl Pts',(-4.6200476307878,163.768673835251,-77.2154178798075));
#7766=CARTESIAN_POINT('Ctrl Pts',(-4.74719133848045,162.008597898031,-74.9118650242547));
#7767=CARTESIAN_POINT('Ctrl Pts',(-4.87433504617309,162.991349315935,-72.1860597342254));
#7768=CARTESIAN_POINT('Ctrl Pts',(-5.00147875386573,165.816726251547,-71.5335985821105));
#7769=CARTESIAN_POINT('Ctrl Pts',(-5.12862246155836,167.891531342413,-73.5610429092008));
#7770=CARTESIAN_POINT('Ctrl Pts',(-5.21338493335346,167.507502021971,-75.4460678440876));
#7771=CARTESIAN_POINT('Ctrl Pts',(-5.255766169251,166.958908728217,-76.0981130405757));
#7772=CARTESIAN_POINT('Ctrl Pts',(2.58525538975034,162.911267637226,-75.6568758129195));
#7773=CARTESIAN_POINT('Ctrl Pts',(2.54287415385279,162.509545206141,-74.9616173334006));
#7774=CARTESIAN_POINT('Ctrl Pts',(2.4581116820577,162.463382476291,-73.1494255585814));
#7775=CARTESIAN_POINT('Ctrl Pts',(2.33096797436506,164.722062229744,-71.6096595343619));
#7776=CARTESIAN_POINT('Ctrl Pts',(2.20382426667242,167.236211184386,-72.6799183400948));
#7777=CARTESIAN_POINT('Ctrl Pts',(2.07668055897978,167.699554089872,-75.3707329841808));
#7778=CARTESIAN_POINT('Ctrl Pts',(1.94953685128714,165.687463215126,-77.2184685191031));
#7779=CARTESIAN_POINT('Ctrl Pts',(1.8223931435945,163.044914991731,-76.5268842219833));
#7780=CARTESIAN_POINT('Ctrl Pts',(1.69524943590186,162.195228236186,-73.9310519930733));
#7781=CARTESIAN_POINT('Ctrl Pts',(1.56810572820922,163.917546408394,-71.8109668400547));
#7782=CARTESIAN_POINT('Ctrl Pts',(1.44096202051658,166.632494490359,-72.1109767180373));
#7783=CARTESIAN_POINT('Ctrl Pts',(1.31381831282394,167.850419966368,-74.5558728561786));
#7784=CARTESIAN_POINT('Ctrl Pts',(1.1866746051313,166.454471501678,-76.9036968228959));
#7785=CARTESIAN_POINT('Ctrl Pts',(1.05953089743866,163.724751775567,-77.0014394107045));
#7786=CARTESIAN_POINT('Ctrl Pts',(0.932387189746024,162.164452782431,-74.759479672745));
#7787=CARTESIAN_POINT('Ctrl Pts',(0.805243482053384,163.204390185966,-72.2337211409694));
#7788=CARTESIAN_POINT('Ctrl Pts',(0.678099774360745,165.890926996429,-71.7403221289161));
#7789=CARTESIAN_POINT('Ctrl Pts',(0.550956066668106,167.76047124507,-73.731735314536));
#7790=CARTESIAN_POINT('Ctrl Pts',(0.423812358975466,167.09862470949,-76.3818074510309));
#7791=CARTESIAN_POINT('Ctrl Pts',(0.296668651282826,164.51230991411,-77.2603850135858));
#7792=CARTESIAN_POINT('Ctrl Pts',(0.169524943590187,162.373213761412,-75.561800193698));
#7793=CARTESIAN_POINT('Ctrl Pts',(0.0423812358975479,162.642917380995,-72.8436790045445));
#7794=CARTESIAN_POINT('Ctrl Pts',(-0.0847624717950912,165.074098778086,
-71.5985766766617));
#7795=CARTESIAN_POINT('Ctrl Pts',(-0.211906179487731,167.437330557464,-72.9682694713315));
#7796=CARTESIAN_POINT('Ctrl Pts',(-0.339049887180371,167.565496076572,-75.6967299171595));
#7797=CARTESIAN_POINT('Ctrl Pts',(-0.46619359487301,165.341065758972,-77.281921565264));
#7798=CARTESIAN_POINT('Ctrl Pts',(-0.593337302565649,162.803873363186,-76.2702014722981));
#7799=CARTESIAN_POINT('Ctrl Pts',(-0.720481010258289,162.280559854072,-73.5893311337944));
#7800=CARTESIAN_POINT('Ctrl Pts',(-0.847624717950929,164.251011049466,-71.6977062009334));
#7801=CARTESIAN_POINT('Ctrl Pts',(-0.974768425643567,166.908295603443,-72.3299732326248));
#7802=CARTESIAN_POINT('Ctrl Pts',(-1.10191213333621,167.815646359929,-74.9063345048372));
#7803=CARTESIAN_POINT('Ctrl Pts',(-1.22905584102885,166.141009966133,-77.0642306443121));
#7804=CARTESIAN_POINT('Ctrl Pts',(-1.35619954872149,163.420051451483,-76.8248406659217));
#7805=CARTESIAN_POINT('Ctrl Pts',(-1.48334325641412,162.147927885863,-74.4076885329394));
#7806=CARTESIAN_POINT('Ctrl Pts',(-1.61048696410677,163.491194397344,-72.0293366078906));
#7807=CARTESIAN_POINT('Ctrl Pts',(-1.7376306717994,166.218056780009,-71.8707669192033));
#7808=CARTESIAN_POINT('Ctrl Pts',(-1.86477437949204,167.827944034328,-74.0773900923879));
#7809=CARTESIAN_POINT('Ctrl Pts',(-1.99191808718468,166.844566998664,-76.6257017700322));
#7810=CARTESIAN_POINT('Ctrl Pts',(-2.11906179487732,164.169696188779,-77.1788644496975));
#7811=CARTESIAN_POINT('Ctrl Pts',(-2.24620550256996,162.256225603577,-75.2296202067552));
#7812=CARTESIAN_POINT('Ctrl Pts',(-2.3733492102626,162.858834571666,-72.5654533132752));
#7813=CARTESIAN_POINT('Ctrl Pts',(-2.50049291795524,165.424922227929,-71.6294421300027));
#7814=CARTESIAN_POINT('Ctrl Pts',(-2.62763662564788,167.60135025044,-73.2799220163643));
#7815=CARTESIAN_POINT('Ctrl Pts',(-2.75478033334052,167.392303654446,-76.0033798115293));
#7816=CARTESIAN_POINT('Ctrl Pts',(-2.88192404103316,164.989481103455,-77.3023665432897));
#7817=CARTESIAN_POINT('Ctrl Pts',(-3.0090677487258,162.596304518134,-75.985693240721));
#7818=CARTESIAN_POINT('Ctrl Pts',(-3.13621145641844,162.407350378327,-73.2607676457119));
#7819=CARTESIAN_POINT('Ctrl Pts',(-3.26335516411108,164.595892213309,-71.6263849457224));
#7820=CARTESIAN_POINT('Ctrl Pts',(-3.39049887180372,167.155006639149,-72.5812964466072));
#7821=CARTESIAN_POINT('Ctrl Pts',(-3.51764257949636,167.737949603074,-75.249836021903));
#7822=CARTESIAN_POINT('Ctrl Pts',(-3.644786287189,165.810154827239,-77.1849132081871));
#7823=CARTESIAN_POINT('Ctrl Pts',(-3.77192999488163,163.139435896778,-76.6120399315657));
#7824=CARTESIAN_POINT('Ctrl Pts',(-3.89907370257428,162.174882049821,-74.0565389295927));
#7825=CARTESIAN_POINT('Ctrl Pts',(-4.02621741026691,163.800997286773,-71.8618615438331));
#7826=CARTESIAN_POINT('Ctrl Pts',(-4.15336111795956,166.52662244996,-72.0405133964784));
#7827=CARTESIAN_POINT('Ctrl Pts',(-4.2805048256522,167.852297422707,-74.4287610404637));
#7828=CARTESIAN_POINT('Ctrl Pts',(-4.40764853334483,166.5624092803,-76.8363534318944));
#7829=CARTESIAN_POINT('Ctrl Pts',(-4.53479224103747,163.839699550223,-77.0559022390843));
#7830=CARTESIAN_POINT('Ctrl Pts',(-4.66193594873011,162.181148826569,-74.885223591215));
#7831=CARTESIAN_POINT('Ctrl Pts',(-4.78907965642275,163.10721289055,-72.3166489969517));
#7832=CARTESIAN_POINT('Ctrl Pts',(-4.91622336411539,165.769615609694,-71.7018232993143));
#7833=CARTESIAN_POINT('Ctrl Pts',(-5.04336707180803,167.724741188156,-73.6123199913915));
#7834=CARTESIAN_POINT('Ctrl Pts',(-5.12812954360312,167.362863558985,-75.3886123681851));
#7835=CARTESIAN_POINT('Ctrl Pts',(-5.17051077950067,166.845914383608,-76.0030461034695));
#7836=CARTESIAN_POINT('Ctrl Pts',(2.67051077950067,163.03912564976,-75.5829990704677));
#7837=CARTESIAN_POINT('Ctrl Pts',(2.62812954360312,162.661993938168,-74.930299594186));
#7838=CARTESIAN_POINT('Ctrl Pts',(2.54336707180803,162.61865697719,-73.2290378948462));
#7839=CARTESIAN_POINT('Ctrl Pts',(2.41622336411539,164.739075692812,-71.7835258914543));
#7840=CARTESIAN_POINT('Ctrl Pts',(2.28907965642275,167.09932551979,-72.7882707202714));
#7841=CARTESIAN_POINT('Ctrl Pts',(2.16193594873011,167.53430571875,-75.3143719627641));
#7842=CARTESIAN_POINT('Ctrl Pts',(2.03479224103747,165.645381385045,-77.0490016745594));
#7843=CARTESIAN_POINT('Ctrl Pts',(1.90764853334484,163.164592020702,-76.3997514721783));
#7844=CARTESIAN_POINT('Ctrl Pts',(1.7805048256522,162.366917318868,-73.9628184663451));
#7845=CARTESIAN_POINT('Ctrl Pts',(1.65336111795955,163.983806867298,-71.9725105307906));
#7846=CARTESIAN_POINT('Ctrl Pts',(1.52621741026692,166.53256426247,-72.2541558411421));
#7847=CARTESIAN_POINT('Ctrl Pts',(1.39907370257428,167.675936610682,-74.5493920388112));
#7848=CARTESIAN_POINT('Ctrl Pts',(1.27192999488164,166.365438632362,-76.7534981642607));
#7849=CARTESIAN_POINT('Ctrl Pts',(1.144786287189,163.802813812796,-76.8452576145262));
#7850=CARTESIAN_POINT('Ctrl Pts',(1.01764257949636,162.338025729423,-74.7405354285795));
#7851=CARTESIAN_POINT('Ctrl Pts',(0.890498871803719,163.3143052264,-72.36938668395));
#7852=CARTESIAN_POINT('Ctrl Pts',(0.76335516411108,165.836390495196,-71.9061902091828));
#7853=CARTESIAN_POINT('Ctrl Pts',(0.636211456418441,167.59149393934,-73.7757026014865));
#7854=CARTESIAN_POINT('Ctrl Pts',(0.5090677487258,166.97016115466,-76.263555316057));
#7855=CARTESIAN_POINT('Ctrl Pts',(0.381924041033161,164.5421629897,-77.0883523258673));
#7856=CARTESIAN_POINT('Ctrl Pts',(0.254780333340522,162.53400777878,-75.4937433350814));
#7857=CARTESIAN_POINT('Ctrl Pts',(0.127636625647883,162.787201974089,-72.9420070687958));
#7858=CARTESIAN_POINT('Ctrl Pts',(0.000492917955243377,165.06956295403,
-71.7731214510487));
#7859=CARTESIAN_POINT('Ctrl Pts',(-0.126650789737397,167.28813373047,-73.0589709531886));
#7860=CARTESIAN_POINT('Ctrl Pts',(-0.253794497430036,167.408453826756,-75.6204135770598));
#7861=CARTESIAN_POINT('Ctrl Pts',(-0.380938205122676,165.320188029081,-77.1085705560873));
#7862=CARTESIAN_POINT('Ctrl Pts',(-0.508081912815315,162.938305323958,-76.1587810975256));
#7863=CARTESIAN_POINT('Ctrl Pts',(-0.635225620507953,162.447025514518,-73.6420154377504));
#7864=CARTESIAN_POINT('Ctrl Pts',(-0.762369328200595,164.296859067303,-71.8661829389445));
#7865=CARTESIAN_POINT('Ctrl Pts',(-0.889513035893232,166.79148270413,-72.4597468761163));
#7866=CARTESIAN_POINT('Ctrl Pts',(-1.01665674358587,167.643291608312,-74.8784008050109));
#7867=CARTESIAN_POINT('Ctrl Pts',(-1.14380045127851,166.071165083585,-76.9042051951716));
#7868=CARTESIAN_POINT('Ctrl Pts',(-1.27094415897115,163.516765173605,-76.6794690457747));
#7869=CARTESIAN_POINT('Ctrl Pts',(-1.39808786666379,162.322512374817,-74.4102785536535));
#7870=CARTESIAN_POINT('Ctrl Pts',(-1.52523157435643,163.583553231388,-72.1775131841935));
#7871=CARTESIAN_POINT('Ctrl Pts',(-1.65237528204907,166.143495614672,-72.0286500551427));
#7872=CARTESIAN_POINT('Ctrl Pts',(-1.77951898974171,167.654836502587,-74.1001987408709));
#7873=CARTESIAN_POINT('Ctrl Pts',(-1.90666269743435,166.731655131812,-76.4925200809174));
#7874=CARTESIAN_POINT('Ctrl Pts',(-2.03380640512699,164.220521750251,-77.011821897367));
#7875=CARTESIAN_POINT('Ctrl Pts',(-2.16095011281963,162.424180841606,-75.1818971514017));
#7876=CARTESIAN_POINT('Ctrl Pts',(-2.28809382051227,162.989902180447,-72.680812465164));
#7877=CARTESIAN_POINT('Ctrl Pts',(-2.41523752820491,165.398911374402,-71.8020975309159));
#7878=CARTESIAN_POINT('Ctrl Pts',(-2.54238123589755,167.442113251553,-73.3515462455685));
#7879=CARTESIAN_POINT('Ctrl Pts',(-2.66952494359018,167.245863068717,-75.9082924470817));
#7880=CARTESIAN_POINT('Ctrl Pts',(-2.79666865128283,164.990124998877,-77.1277640313818));
#7881=CARTESIAN_POINT('Ctrl Pts',(-2.92381235897546,162.743442434185,-75.8916885280446));
#7882=CARTESIAN_POINT('Ctrl Pts',(-3.0509560666681,162.5660547838,-73.3335643754272));
#7883=CARTESIAN_POINT('Ctrl Pts',(-3.17809977436074,164.620628948076,-71.7992274866986));
#7884=CARTESIAN_POINT('Ctrl Pts',(-3.30524348205338,167.023091765425,-72.6956857894499));
#7885=CARTESIAN_POINT('Ctrl Pts',(-3.43238718974602,167.570350919343,-75.2008754916138));
#7886=CARTESIAN_POINT('Ctrl Pts',(-3.55953089743866,165.760562649753,-77.0175003919336));
#7887=CARTESIAN_POINT('Ctrl Pts',(-3.6866746051313,163.253326997749,-76.4796945274365));
#7888=CARTESIAN_POINT('Ctrl Pts',(-3.81381831282394,162.34781658788,-74.0806239446806));
#7889=CARTESIAN_POINT('Ctrl Pts',(-3.94096202051658,163.874392091521,-72.0202898063842));
#7890=CARTESIAN_POINT('Ctrl Pts',(-4.06810572820922,166.433172989502,-72.1880058056756));
#7891=CARTESIAN_POINT('Ctrl Pts',(-4.19524943590186,167.677699141891,-74.4300611453518));
#7892=CARTESIAN_POINT('Ctrl Pts',(-4.3223931435945,166.466769193085,-76.6902770783875));
#7893=CARTESIAN_POINT('Ctrl Pts',(-4.44953685128714,163.910725265195,-76.896386598361));
#7894=CARTESIAN_POINT('Ctrl Pts',(-4.57668055897978,162.353699755107,-74.8585821581752));
#7895=CARTESIAN_POINT('Ctrl Pts',(-4.70382426667242,163.223076465165,-72.4472382596781));
#7896=CARTESIAN_POINT('Ctrl Pts',(-4.83096797436506,165.72250496784,-71.870048016518));
#7897=CARTESIAN_POINT('Ctrl Pts',(-4.95811168205769,167.5579510339,-73.6635970735821));
#7898=CARTESIAN_POINT('Ctrl Pts',(-5.04287415385279,167.218225095999,-75.3311568922827));
#7899=CARTESIAN_POINT('Ctrl Pts',(-5.08525538975034,166.732920038998,-75.9079791663634));
#7900=CARTESIAN_POINT('Ctrl Pts',(2.75576616925101,163.166983662294,-75.5091223280159));
#7901=CARTESIAN_POINT('Ctrl Pts',(2.71338493335346,162.814442670195,-74.8989818549713));
#7902=CARTESIAN_POINT('Ctrl Pts',(2.62862246155837,162.773931478088,-73.308650231111));
#7903=CARTESIAN_POINT('Ctrl Pts',(2.50147875386573,164.75608915588,-71.9573922485467));
#7904=CARTESIAN_POINT('Ctrl Pts',(2.37433504617309,166.962439855194,-72.896623100448));
#7905=CARTESIAN_POINT('Ctrl Pts',(2.24719133848045,167.369057347627,-75.2580109413475));
#7906=CARTESIAN_POINT('Ctrl Pts',(2.12004763078781,165.603299554963,-76.8795348300157));
#7907=CARTESIAN_POINT('Ctrl Pts',(1.99290392309517,163.284269049673,-76.2726187223733));
#7908=CARTESIAN_POINT('Ctrl Pts',(1.86576021540253,162.53860640155,-73.994584939617));
#7909=CARTESIAN_POINT('Ctrl Pts',(1.73861650770989,164.050067326201,-72.1340542215265));
#7910=CARTESIAN_POINT('Ctrl Pts',(1.61147280001725,166.432634034582,-72.3973349642469));
#7911=CARTESIAN_POINT('Ctrl Pts',(1.48432909232461,167.501453254996,-74.5429112214439));
#7912=CARTESIAN_POINT('Ctrl Pts',(1.35718538463197,166.276405763045,-76.6032995056256));
#7913=CARTESIAN_POINT('Ctrl Pts',(1.23004167693933,163.880875850024,-76.6890758183479));
#7914=CARTESIAN_POINT('Ctrl Pts',(1.10289796924669,162.511598676415,-74.721591184414));
#7915=CARTESIAN_POINT('Ctrl Pts',(0.975754261554054,163.424220266833,-72.5050522269306));
#7916=CARTESIAN_POINT('Ctrl Pts',(0.848610553861415,165.781853993964,-72.0720582894495));
#7917=CARTESIAN_POINT('Ctrl Pts',(0.721466846168775,167.422516633611,-73.8196698884369));
#7918=CARTESIAN_POINT('Ctrl Pts',(0.594323138476135,166.84169759983,-76.145303181083));
#7919=CARTESIAN_POINT('Ctrl Pts',(0.467179430783496,164.572016065291,-76.9163196381488));
#7920=CARTESIAN_POINT('Ctrl Pts',(0.340035723090857,162.694801796149,-75.4256864764648));
#7921=CARTESIAN_POINT('Ctrl Pts',(0.212892015398217,162.931486567183,-73.0403351330471));
#7922=CARTESIAN_POINT('Ctrl Pts',(0.085748307705578,165.065027129974,-71.9476662254357));
#7923=CARTESIAN_POINT('Ctrl Pts',(-0.041395399987062,167.138936903476,-73.1496724350458));
#7924=CARTESIAN_POINT('Ctrl Pts',(-0.168539107679702,167.25141157694,-75.5440972369601));
#7925=CARTESIAN_POINT('Ctrl Pts',(-0.295682815372341,165.299310299189,-76.9352195469106));
#7926=CARTESIAN_POINT('Ctrl Pts',(-0.42282652306498,163.07273728473,-76.0473607227532));
#7927=CARTESIAN_POINT('Ctrl Pts',(-0.549970230757619,162.613491174963,-73.6946997417063));
#7928=CARTESIAN_POINT('Ctrl Pts',(-0.67711393845026,164.34270708514,-72.0346596769556));
#7929=CARTESIAN_POINT('Ctrl Pts',(-0.804257646142898,166.674669804817,-72.5895205196077));
#7930=CARTESIAN_POINT('Ctrl Pts',(-0.931401353835539,167.470936856696,-74.8504671051846));
#7931=CARTESIAN_POINT('Ctrl Pts',(-1.05854506152818,166.001320201037,-76.744179746031));
#7932=CARTESIAN_POINT('Ctrl Pts',(-1.18568876922082,163.613478895726,-76.5340974256278));
#7933=CARTESIAN_POINT('Ctrl Pts',(-1.31283247691346,162.497096863771,-74.4128685743676));
#7934=CARTESIAN_POINT('Ctrl Pts',(-1.4399761846061,163.675912065432,-72.3256897604965));
#7935=CARTESIAN_POINT('Ctrl Pts',(-1.56711989229874,166.068934449335,-72.1865331910821));
#7936=CARTESIAN_POINT('Ctrl Pts',(-1.69426359999137,167.481728970846,-74.123007389354));
#7937=CARTESIAN_POINT('Ctrl Pts',(-1.82140730768401,166.61874326496,-76.3593383918026));
#7938=CARTESIAN_POINT('Ctrl Pts',(-1.94855101537665,164.271347311722,-76.8447793450364));
#7939=CARTESIAN_POINT('Ctrl Pts',(-2.07569472306929,162.592136079635,-75.1341740960484));
#7940=CARTESIAN_POINT('Ctrl Pts',(-2.20283843076193,163.120969789229,-72.7961716170528));
#7941=CARTESIAN_POINT('Ctrl Pts',(-2.32998213845457,165.372900520876,-71.9747529318291));
#7942=CARTESIAN_POINT('Ctrl Pts',(-2.45712584614721,167.282876252666,-73.4231704747727));
#7943=CARTESIAN_POINT('Ctrl Pts',(-2.58426955383985,167.099422482988,-75.813205082634));
#7944=CARTESIAN_POINT('Ctrl Pts',(-2.71141326153249,164.990768894299,-76.953161519474));
#7945=CARTESIAN_POINT('Ctrl Pts',(-2.83855696922513,162.890580350237,-75.7976838153681));
#7946=CARTESIAN_POINT('Ctrl Pts',(-2.96570067691777,162.724759189272,-73.4063611051425));
#7947=CARTESIAN_POINT('Ctrl Pts',(-3.09284438461041,164.645365682842,-71.9720700276749));
#7948=CARTESIAN_POINT('Ctrl Pts',(-3.21998809230305,166.8911768917,-72.8100751322927));
#7949=CARTESIAN_POINT('Ctrl Pts',(-3.34713179999569,167.402752235612,-75.1519149613245));
#7950=CARTESIAN_POINT('Ctrl Pts',(-3.47427550768833,165.710970472267,-76.85008757568));
#7951=CARTESIAN_POINT('Ctrl Pts',(-3.60141921538097,163.36721809872,-76.3473491233071));
#7952=CARTESIAN_POINT('Ctrl Pts',(-3.7285629230736,162.520751125938,-74.1047089597684));
#7953=CARTESIAN_POINT('Ctrl Pts',(-3.85570663076625,163.947786896269,-72.1787180689352));
#7954=CARTESIAN_POINT('Ctrl Pts',(-3.98285033845889,166.339723529044,-72.3354982148728));
#7955=CARTESIAN_POINT('Ctrl Pts',(-4.10999404615152,167.503100861076,-74.4313612502398));
#7956=CARTESIAN_POINT('Ctrl Pts',(-4.23713775384417,166.371129105871,-76.5442007248807));
#7957=CARTESIAN_POINT('Ctrl Pts',(-4.3642814615368,163.981750980167,-76.7368709576377));
#7958=CARTESIAN_POINT('Ctrl Pts',(-4.49142516922944,162.526250683645,-74.8319407251356));
#7959=CARTESIAN_POINT('Ctrl Pts',(-4.61856887692208,163.338940039779,-72.5778275224044));
#7960=CARTESIAN_POINT('Ctrl Pts',(-4.74571258461472,165.675394325987,-72.0382727337218));
#7961=CARTESIAN_POINT('Ctrl Pts',(-4.87285629230736,167.391160879644,-73.7148741557727));
#7962=CARTESIAN_POINT('Ctrl Pts',(-4.95761876410245,167.073586633013,-75.2737014163802));
#7963=CARTESIAN_POINT('Ctrl Pts',(-5.,166.619925694389,-75.8129122292573));
#7964=CARTESIAN_POINT('Ctrl Pts',(2.4332901097715,162.445657355398,-74.447037874473));
#7965=CARTESIAN_POINT('Ctrl Pts',(2.41314550395012,162.444740359091,-74.0412920652707));
#7966=CARTESIAN_POINT('Ctrl Pts',(2.35061966223119,162.727317755078,-72.7840334543819));
#7967=CARTESIAN_POINT('Ctrl Pts',(2.24571258461472,164.705048766676,-71.4357931772695));
#7968=CARTESIAN_POINT('Ctrl Pts',(2.11856887692208,167.373096848983,-72.5715659599182));
#7969=CARTESIAN_POINT('Ctrl Pts',(1.99142516922945,167.864802460995,-75.4270940055974));
#7970=CARTESIAN_POINT('Ctrl Pts',(1.8642814615368,165.729545045208,-77.3879353636467));
#7971=CARTESIAN_POINT('Ctrl Pts',(1.74490310838416,163.096512177815,-76.6988413411544));
#7972=CARTESIAN_POINT('Ctrl Pts',(1.66790599112905,162.444894360406,-75.1427149890014));
#7973=CARTESIAN_POINT('Ctrl Pts',(1.6332901097715,162.438577205342,-74.4478021711623));
#7974=CARTESIAN_POINT('Ctrl Pts',(-5.,166.619925694389,-75.8129122292573));
#7975=CARTESIAN_POINT('Ctrl Pts',(-5.,166.673365626811,-75.7613463835951));
#7976=CARTESIAN_POINT('Ctrl Pts',(-5.,166.723672426456,-75.7069284159152));
#7977=CARTESIAN_POINT('Ctrl Pts',(-5.,166.770853392726,-75.650025846078));
#7978=CARTESIAN_POINT('Ctrl Pts',(-5.,166.819349896757,-75.5915366728869));
#7979=CARTESIAN_POINT('Ctrl Pts',(-5.,166.864544270171,-75.5304219390822));
#7980=CARTESIAN_POINT('Ctrl Pts',(-5.,166.906417284344,-75.4670331613709));
#7981=CARTESIAN_POINT('Ctrl Pts',(-5.,166.94728141912,-75.4051716592354));
#7982=CARTESIAN_POINT('Ctrl Pts',(-5.,166.984982509405,-75.3411435625903));
#7983=CARTESIAN_POINT('Ctrl Pts',(-5.,167.019472775475,-75.2752410520225));
#7984=CARTESIAN_POINT('Ctrl Pts',(-5.,167.034562266881,-75.246408703649));
#7985=CARTESIAN_POINT('Ctrl Pts',(-5.,167.049036777516,-75.2172171995504));
#7986=CARTESIAN_POINT('Ctrl Pts',(-5.,167.062890292721,-75.1876894470387));
#7987=CARTESIAN_POINT('Ctrl Pts',(-5.,167.069665738071,-75.1732480817593));
#7988=CARTESIAN_POINT('Ctrl Pts',(-4.99999999999999,167.076292623667,-75.1587262743947));
#7989=CARTESIAN_POINT('Ctrl Pts',(-4.99999999999999,167.082770130834,-75.1441266392533));
#7990=CARTESIAN_POINT('Ctrl Pts',(-4.99999999999999,167.088843406628,-75.130438100065));
#7991=CARTESIAN_POINT('Ctrl Pts',(-5.,167.094785948311,-75.1166794787097));
#7992=CARTESIAN_POINT('Ctrl Pts',(-5.,167.100588891831,-75.1028730704715));
#7993=CARTESIAN_POINT('Ctrl Pts',(-5.,167.131610536042,-75.0290661339261));
#7994=CARTESIAN_POINT('Ctrl Pts',(-5.,167.158702563968,-74.9537716260002));
#7995=CARTESIAN_POINT('Ctrl Pts',(-5.,167.181844600716,-74.8773709515115));
#7996=CARTESIAN_POINT('Ctrl Pts',(-5.,167.20536989957,-74.7997049828824));
#7997=CARTESIAN_POINT('Ctrl Pts',(-5.,167.224813784219,-74.7208950921591));
#7998=CARTESIAN_POINT('Ctrl Pts',(-5.,167.240114325911,-74.6413066579687));
#7999=CARTESIAN_POINT('Ctrl Pts',(-5.,167.254096526759,-74.5685758034422));
#8000=CARTESIAN_POINT('Ctrl Pts',(-5.,167.26461839338,-74.4951938423359));
#8001=CARTESIAN_POINT('Ctrl Pts',(-5.,167.271598575476,-74.4214236036741));
#8002=CARTESIAN_POINT('Ctrl Pts',(-5.,167.27424692724,-74.3934344281863));
#8003=CARTESIAN_POINT('Ctrl Pts',(-5.,167.276385090378,-74.3653892524282));
#8004=CARTESIAN_POINT('Ctrl Pts',(-5.,167.278007269156,-74.3373021465666));
#8005=CARTESIAN_POINT('Ctrl Pts',(-5.,167.278866077977,-74.3224323587249));
#8006=CARTESIAN_POINT('Ctrl Pts',(-4.99999999999999,167.279580252583,-74.3075508170372));
#8007=CARTESIAN_POINT('Ctrl Pts',(-4.99999999999999,167.280148843553,-74.2926596028493));
#8008=CARTESIAN_POINT('Ctrl Pts',(-4.99999999999999,167.280583645862,-74.2812722705873));
#8009=CARTESIAN_POINT('Ctrl Pts',(-5.,167.280933217054,-74.2698805275654));
#8010=CARTESIAN_POINT('Ctrl Pts',(-5.,167.281197083016,-74.2584952055378));
#8011=CARTESIAN_POINT('Ctrl Pts',(-5.,167.28314350911,-74.1745105651915));
#8012=CARTESIAN_POINT('Ctrl Pts',(-5.,167.280436311895,-74.0907314511764));
#8013=CARTESIAN_POINT('Ctrl Pts',(-5.,167.273020077579,-74.0075470212869));
#8014=CARTESIAN_POINT('Ctrl Pts',(-5.,167.265603843262,-73.9243625913974));
#8015=CARTESIAN_POINT('Ctrl Pts',(-5.,167.25347897385,-73.8417718065753));
#8016=CARTESIAN_POINT('Ctrl Pts',(-5.,167.236539222273,-73.7601475703847));
#8017=CARTESIAN_POINT('Ctrl Pts',(-4.99999999999999,167.220115238798,-73.6810085641162));
#8018=CARTESIAN_POINT('Ctrl Pts',(-5.,167.199165262509,-73.602777176956));
#8019=CARTESIAN_POINT('Ctrl Pts',(-5.,167.173954153923,-73.5256791866095));
#8020=CARTESIAN_POINT('Ctrl Pts',(-5.,167.163495433064,-73.4936954141744));
#8021=CARTESIAN_POINT('Ctrl Pts',(-5.,167.15230276053,-73.461906767287));
#8022=CARTESIAN_POINT('Ctrl Pts',(-5.,167.14039250625,-73.4303298530686));
#8023=CARTESIAN_POINT('Ctrl Pts',(-5.,167.133862077093,-73.4130161336083));
#8024=CARTESIAN_POINT('Ctrl Pts',(-5.,167.127113694454,-73.3957609847656));
#8025=CARTESIAN_POINT('Ctrl Pts',(-5.,167.120162371546,-73.3785970408335));
#8026=CARTESIAN_POINT('Ctrl Pts',(-5.,167.088144166649,-73.2995388988193));
#8027=CARTESIAN_POINT('Ctrl Pts',(-5.,167.051789238228,-73.2223120323617));
#8028=CARTESIAN_POINT('Ctrl Pts',(-5.,167.011458589625,-73.1471631358711));
#8029=CARTESIAN_POINT('Ctrl Pts',(-5.,166.971285328067,-73.0723075017821));
#8030=CARTESIAN_POINT('Ctrl Pts',(-5.,166.927166743675,-72.9995128757614));
#8031=CARTESIAN_POINT('Ctrl Pts',(-5.,166.879402837941,-72.9290286449683));
#8032=CARTESIAN_POINT('Ctrl Pts',(-5.,166.831167229257,-72.857848331661));
#8033=CARTESIAN_POINT('Ctrl Pts',(-5.,166.77921347193,-72.7890234223443));
#8034=CARTESIAN_POINT('Ctrl Pts',(-5.,166.72380018587,-72.7228287239298));
#8035=CARTESIAN_POINT('Ctrl Pts',(-5.,166.701847848349,-72.6966052590342));
#8036=CARTESIAN_POINT('Ctrl Pts',(-5.,166.679352060151,-72.6707948465879));
#8037=CARTESIAN_POINT('Ctrl Pts',(-5.,166.656327004091,-72.6454158040544));
#8038=CARTESIAN_POINT('Ctrl Pts',(-5.,166.647212400398,-72.6353693609877));
#8039=CARTESIAN_POINT('Ctrl Pts',(-5.,166.638014081584,-72.6253897054328));
#8040=CARTESIAN_POINT('Ctrl Pts',(-5.,166.628735274144,-72.6154805589204));
#8041=CARTESIAN_POINT('Ctrl Pts',(-5.,166.568496934569,-72.551150036236));
#8042=CARTESIAN_POINT('Ctrl Pts',(-5.,166.505064709241,-72.4899961906718));
#8043=CARTESIAN_POINT('Ctrl Pts',(-5.,166.438741876086,-72.4322891483951));
#8044=CARTESIAN_POINT('Ctrl Pts',(-5.,166.383411056926,-72.38414618211));
#8045=CARTESIAN_POINT('Ctrl Pts',(-5.,166.326067284149,-72.3384021994061));
#8046=CARTESIAN_POINT('Ctrl Pts',(-5.,166.266863281895,-72.2952281446328));
#8047=CARTESIAN_POINT('Ctrl Pts',(-5.,166.247670331879,-72.2812318362122));
#8048=CARTESIAN_POINT('Ctrl Pts',(-5.,166.228281731783,-72.2675057383946));
#8049=CARTESIAN_POINT('Ctrl Pts',(-5.,166.20870227585,-72.2540560640793));
#8050=CARTESIAN_POINT('Ctrl Pts',(-5.,166.191624715077,-72.242325011323));
#8051=CARTESIAN_POINT('Ctrl Pts',(-5.,166.174400487221,-72.2308034641256));
#8052=CARTESIAN_POINT('Ctrl Pts',(-5.,166.157051077367,-72.2195071766636));
#8053=CARTESIAN_POINT('Ctrl Pts',(-5.,166.0825059839,-72.1709704937577));
#8054=CARTESIAN_POINT('Ctrl Pts',(-5.,166.005579722731,-72.1265383401312));
#8055=CARTESIAN_POINT('Ctrl Pts',(-5.,165.926551436601,-72.0865006651052));
#8056=CARTESIAN_POINT('Ctrl Pts',(-5.,165.849916666605,-72.0476756042686));
#8057=CARTESIAN_POINT('Ctrl Pts',(-5.,165.771304547049,-72.0129822765946));
#8058=CARTESIAN_POINT('Ctrl Pts',(-5.,165.690938968187,-71.9827204776305));
#8059=CARTESIAN_POINT('Ctrl Pts',(-5.,165.68167742682,-71.9792330280667));
#8060=CARTESIAN_POINT('Ctrl Pts',(-5.,165.672392570376,-71.9758044784446));
#8061=CARTESIAN_POINT('Ctrl Pts',(-5.,165.663084902615,-71.9724346724722));
#8062=CARTESIAN_POINT('Origin',(-5.,112.5,-60.));
#8063=CARTESIAN_POINT('',(-5.,-5.,5.));
#8064=CARTESIAN_POINT('',(-5.,230.,5.));
#8065=CARTESIAN_POINT('',(-5.,-5.,5.));
#8066=CARTESIAN_POINT('',(-5.,230.,-125.));
#8067=CARTESIAN_POINT('',(-5.,230.,5.));
#8068=CARTESIAN_POINT('',(-5.,-5.,-125.));
#8069=CARTESIAN_POINT('',(-5.,230.,-125.));
#8070=CARTESIAN_POINT('',(-5.,-5.,-125.));
#8071=CARTESIAN_POINT('Ctrl Pts',(-5.,200.369925694389,-113.862912229257));
#8072=CARTESIAN_POINT('Ctrl Pts',(-5.,200.42337182065,-113.811340406968));
#8073=CARTESIAN_POINT('Ctrl Pts',(-5.,200.47368676996,-113.756916936551));
#8074=CARTESIAN_POINT('Ctrl Pts',(-5.,200.520876959519,-113.700009205339));
#8075=CARTESIAN_POINT('Ctrl Pts',(-5.,200.569381996117,-113.641515869947));
#8076=CARTESIAN_POINT('Ctrl Pts',(-5.,200.614586166958,-113.580397437123));
#8077=CARTESIAN_POINT('Ctrl Pts',(-5.,200.656469325346,-113.517005257507));
#8078=CARTESIAN_POINT('Ctrl Pts',(-5.,200.697114697349,-113.455486527262));
#8079=CARTESIAN_POINT('Ctrl Pts',(-5.,200.734632614665,-113.391825629934));
#8080=CARTESIAN_POINT('Ctrl Pts',(-5.,200.768975357393,-113.326309795729));
#8081=CARTESIAN_POINT('Ctrl Pts',(-4.99999999999999,200.784000307336,-113.297646618264));
#8082=CARTESIAN_POINT('Ctrl Pts',(-5.,200.798417109308,-113.268628021233));
#8083=CARTESIAN_POINT('Ctrl Pts',(-5.,200.812219799142,-113.239276529223));
#8084=CARTESIAN_POINT('Ctrl Pts',(-5.,200.821446606353,-113.219655675508));
#8085=CARTESIAN_POINT('Ctrl Pts',(-5.,200.830398963571,-113.199886045226));
#8086=CARTESIAN_POINT('Ctrl Pts',(-5.,200.839074766437,-113.179974185001));
#8087=CARTESIAN_POINT('Ctrl Pts',(-5.,200.844409148664,-113.167731228937));
#8088=CARTESIAN_POINT('Ctrl Pts',(-5.,200.849635245611,-113.155442999449));
#8089=CARTESIAN_POINT('Ctrl Pts',(-5.,200.85475146787,-113.143114982193));
#8090=CARTESIAN_POINT('Ctrl Pts',(-5.,200.885463305549,-113.069111929606));
#8091=CARTESIAN_POINT('Ctrl Pts',(-5.,200.912237129289,-112.993636403825));
#8092=CARTESIAN_POINT('Ctrl Pts',(-5.,200.935049933501,-112.917068853111));
#8093=CARTESIAN_POINT('Ctrl Pts',(-5.,200.958226571349,-112.839280152638));
#8094=CARTESIAN_POINT('Ctrl Pts',(-5.,200.977315330955,-112.760363496422));
#8095=CARTESIAN_POINT('Ctrl Pts',(-5.,200.99225124713,-112.680683099102));
#8096=CARTESIAN_POINT('Ctrl Pts',(-5.,201.005578452729,-112.609584880228));
#8097=CARTESIAN_POINT('Ctrl Pts',(-5.,201.015598865584,-112.537877650258));
#8098=CARTESIAN_POINT('Ctrl Pts',(-5.,201.022234739858,-112.46580577106));
#8099=CARTESIAN_POINT('Ctrl Pts',(-5.,201.024812594038,-112.437807833272));
#8100=CARTESIAN_POINT('Ctrl Pts',(-5.,201.026879346386,-112.409754767544));
#8101=CARTESIAN_POINT('Ctrl Pts',(-5.,201.028429102701,-112.3816606306));
#8102=CARTESIAN_POINT('Ctrl Pts',(-5.,201.029286074696,-112.366125356868));
#8103=CARTESIAN_POINT('Ctrl Pts',(-5.,201.029984946922,-112.350577522828));
#8104=CARTESIAN_POINT('Ctrl Pts',(-5.,201.03052461881,-112.335019498512));
#8105=CARTESIAN_POINT('Ctrl Pts',(-5.,201.03097248813,-112.322108020358));
#8106=CARTESIAN_POINT('Ctrl Pts',(-5.,201.031310374264,-112.309198868615));
#8107=CARTESIAN_POINT('Ctrl Pts',(-5.,201.031538085714,-112.296295673064));
#8108=CARTESIAN_POINT('Ctrl Pts',(-5.,201.03301082386,-112.212843443043));
#8109=CARTESIAN_POINT('Ctrl Pts',(-5.,201.029879840854,-112.129612659785));
#8110=CARTESIAN_POINT('Ctrl Pts',(-5.,201.022087540222,-112.046984097947));
#8111=CARTESIAN_POINT('Ctrl Pts',(-5.,201.014886863987,-111.970629045736));
#8112=CARTESIAN_POINT('Ctrl Pts',(-5.,201.003705595001,-111.894787312222));
#8113=CARTESIAN_POINT('Ctrl Pts',(-5.,200.988460508111,-111.819747545622));
#8114=CARTESIAN_POINT('Ctrl Pts',(-5.,200.972375535595,-111.740573671957));
#8115=CARTESIAN_POINT('Ctrl Pts',(-5.,200.951767468271,-111.662291714738));
#8116=CARTESIAN_POINT('Ctrl Pts',(-5.,200.926900866695,-111.585128718457));
#8117=CARTESIAN_POINT('Ctrl Pts',(-5.,200.916804080293,-111.553797605952));
#8118=CARTESIAN_POINT('Ctrl Pts',(-5.,200.906004599842,-111.522651037103));
#8119=CARTESIAN_POINT('Ctrl Pts',(-5.,200.89451776512,-111.491704640733));
#8120=CARTESIAN_POINT('Ctrl Pts',(-5.,200.889887268895,-111.479229735765));
#8121=CARTESIAN_POINT('Ctrl Pts',(-5.,200.885145062585,-111.466787362961));
#8122=CARTESIAN_POINT('Ctrl Pts',(-5.,200.880292092283,-111.454378564407));
#8123=CARTESIAN_POINT('Ctrl Pts',(-5.,200.875615243334,-111.442420099206));
#8124=CARTESIAN_POINT('Ctrl Pts',(-5.,200.87083917346,-111.430502153876));
#8125=CARTESIAN_POINT('Ctrl Pts',(-5.,200.86596537509,-111.418625979046));
#8126=CARTESIAN_POINT('Ctrl Pts',(-5.,200.834085359928,-111.340942701056));
#8127=CARTESIAN_POINT('Ctrl Pts',(-5.,200.798026452427,-111.265041044069));
#8128=CARTESIAN_POINT('Ctrl Pts',(-5.,200.758128672602,-111.191158284245));
#8129=CARTESIAN_POINT('Ctrl Pts',(-5.,200.717730068215,-111.116348096857));
#8130=CARTESIAN_POINT('Ctrl Pts',(-5.,200.673395206681,-111.043607031334));
#8131=CARTESIAN_POINT('Ctrl Pts',(-5.,200.625420982865,-110.97318724356));
#8132=CARTESIAN_POINT('Ctrl Pts',(-5.,200.577001643361,-110.902114085082));
#8133=CARTESIAN_POINT('Ctrl Pts',(-5.,200.52487462151,-110.83340462432));
#8134=CARTESIAN_POINT('Ctrl Pts',(-5.,200.469295067529,-110.767336385735));
#8135=CARTESIAN_POINT('Ctrl Pts',(-5.,200.44782605199,-110.74181584915));
#8136=CARTESIAN_POINT('Ctrl Pts',(-5.,200.425841400597,-110.716689666888));
#8137=CARTESIAN_POINT('Ctrl Pts',(-5.,200.403354082146,-110.69197498217));
#8138=CARTESIAN_POINT('Ctrl Pts',(-5.,200.388976068715,-110.676172828188));
#8139=CARTESIAN_POINT('Ctrl Pts',(-5.,200.374388206668,-110.660534566772));
#8140=CARTESIAN_POINT('Ctrl Pts',(-5.,200.359617429536,-110.645089104847));
#8141=CARTESIAN_POINT('Ctrl Pts',(-5.,200.296438219599,-110.57902405811));
#8142=CARTESIAN_POINT('Ctrl Pts',(-5.,200.229856418781,-110.516413854061));
#8143=CARTESIAN_POINT('Ctrl Pts',(-5.,200.160201726972,-110.45756564979));
#8144=CARTESIAN_POINT('Ctrl Pts',(-5.,200.107960708116,-110.413429496587));
#8145=CARTESIAN_POINT('Ctrl Pts',(-5.,200.053989899294,-110.371409748429));
#8146=CARTESIAN_POINT('Ctrl Pts',(-5.,199.998410057557,-110.331647952319));
#8147=CARTESIAN_POINT('Ctrl Pts',(-5.,199.982076915358,-110.319963229052));
#8148=CARTESIAN_POINT('Ctrl Pts',(-5.,199.96560472717,-110.308473582102));
#8149=CARTESIAN_POINT('Ctrl Pts',(-5.,199.948996336885,-110.297182825538));
#8150=CARTESIAN_POINT('Ctrl Pts',(-5.,199.93484225033,-110.287560559747));
#8151=CARTESIAN_POINT('Ctrl Pts',(-5.,199.920590932103,-110.278083992412));
#8152=CARTESIAN_POINT('Ctrl Pts',(-5.,199.906253887891,-110.268761485281));
#8153=CARTESIAN_POINT('Ctrl Pts',(-5.,199.831684082627,-110.220273280115));
#8154=CARTESIAN_POINT('Ctrl Pts',(-5.,199.754727500387,-110.175901624971));
#8155=CARTESIAN_POINT('Ctrl Pts',(-5.,199.675660930701,-110.135938866563));
#8156=CARTESIAN_POINT('Ctrl Pts',(-5.,199.605669140531,-110.100562790274));
#8157=CARTESIAN_POINT('Ctrl Pts',(-5.,199.534023015581,-110.068641625271));
#8158=CARTESIAN_POINT('Ctrl Pts',(-5.,199.460892067888,-110.040403842279));
#8159=CARTESIAN_POINT('Ctrl Pts',(-5.,199.445056843054,-110.034289445343));
#8160=CARTESIAN_POINT('Ctrl Pts',(-5.,199.429151933358,-110.028347854641));
#8161=CARTESIAN_POINT('Ctrl Pts',(-5.,199.4131798954,-110.022578301536));
#8162=CARTESIAN_POINT('Ctrl Pts',(-5.,198.088262731431,-110.027005097582));
#8163=CARTESIAN_POINT('Ctrl Pts',(-5.,198.00701697383,-110.056422302534));
#8164=CARTESIAN_POINT('Ctrl Pts',(-5.,197.92764361342,-110.090201872901));
#8165=CARTESIAN_POINT('Ctrl Pts',(-5.,197.850342009811,-110.128029665875));
#8166=CARTESIAN_POINT('Ctrl Pts',(-5.,197.768425382686,-110.168115835727));
#8167=CARTESIAN_POINT('Ctrl Pts',(-5.,197.68883429539,-110.212748461482));
#8168=CARTESIAN_POINT('Ctrl Pts',(-5.,197.611838620098,-110.261605075093));
#8169=CARTESIAN_POINT('Ctrl Pts',(-5.,197.544467404218,-110.304354612002));
#8170=CARTESIAN_POINT('Ctrl Pts',(-5.,197.479083503137,-110.350339328188));
#8171=CARTESIAN_POINT('Ctrl Pts',(-5.,197.415895237472,-110.399367675096));
#8172=CARTESIAN_POINT('Ctrl Pts',(-5.,197.38561670366,-110.422861063369));
#8173=CARTESIAN_POINT('Ctrl Pts',(-5.,197.355842733354,-110.447053595417));
#8174=CARTESIAN_POINT('Ctrl Pts',(-5.,197.326598735716,-110.471925527371));
#8175=CARTESIAN_POINT('Ctrl Pts',(-5.,197.308333951572,-110.4874596713));
#8176=CARTESIAN_POINT('Ctrl Pts',(-5.,197.290275933454,-110.503258851967));
#8177=CARTESIAN_POINT('Ctrl Pts',(-5.,197.272431224345,-110.519318386063));
#8178=CARTESIAN_POINT('Ctrl Pts',(-5.,197.260650484546,-110.529920587046));
#8179=CARTESIAN_POINT('Ctrl Pts',(-5.,197.248961502628,-110.540637534563));
#8180=CARTESIAN_POINT('Ctrl Pts',(-5.,197.237381707992,-110.551453033244));
#8181=CARTESIAN_POINT('Ctrl Pts',(-5.,197.173971507212,-110.610677999187));
#8182=CARTESIAN_POINT('Ctrl Pts',(-5.,197.11372399442,-110.672950922693));
#8183=CARTESIAN_POINT('Ctrl Pts',(-5.,197.056870091466,-110.737992886831));
#8184=CARTESIAN_POINT('Ctrl Pts',(-5.,197.000347417291,-110.802655918844));
#8185=CARTESIAN_POINT('Ctrl Pts',(-5.,196.947178412471,-110.87005664846));
#8186=CARTESIAN_POINT('Ctrl Pts',(-5.,196.89763356937,-110.939947734013));
#8187=CARTESIAN_POINT('Ctrl Pts',(-5.,196.853110319825,-111.002755042468));
#8188=CARTESIAN_POINT('Ctrl Pts',(-5.,196.811514101061,-111.067574201399));
#8189=CARTESIAN_POINT('Ctrl Pts',(-5.,196.773076651777,-111.134236229621));
#8190=CARTESIAN_POINT('Ctrl Pts',(-5.,196.756083388011,-111.163707629255));
#8191=CARTESIAN_POINT('Ctrl Pts',(-5.,196.739707988863,-111.193539311781));
#8192=CARTESIAN_POINT('Ctrl Pts',(-5.,196.723972827845,-111.223716933137));
#8193=CARTESIAN_POINT('Ctrl Pts',(-5.,196.716389455667,-111.238260675901));
#8194=CARTESIAN_POINT('Ctrl Pts',(-4.99999999999999,196.708954810277,-111.252884768897));
#8195=CARTESIAN_POINT('Ctrl Pts',(-4.99999999999999,196.701671523761,-111.267587608189));
#8196=CARTESIAN_POINT('Ctrl Pts',(-4.99999999999999,196.695495156906,-111.280055898305));
#8197=CARTESIAN_POINT('Ctrl Pts',(-5.,196.689427271009,-111.292581786524));
#8198=CARTESIAN_POINT('Ctrl Pts',(-5.,196.683476541169,-111.305148890514));
#8199=CARTESIAN_POINT('Ctrl Pts',(-5.,196.647838956668,-111.38041045379));
#8200=CARTESIAN_POINT('Ctrl Pts',(-5.,196.616335354262,-111.457275163745));
#8201=CARTESIAN_POINT('Ctrl Pts',(-5.,196.589213147971,-111.535510474077));
#8202=CARTESIAN_POINT('Ctrl Pts',(-5.,196.562090941681,-111.613745784409));
#8203=CARTESIAN_POINT('Ctrl Pts',(-5.,196.539349650011,-111.693352440796));
#8204=CARTESIAN_POINT('Ctrl Pts',(-5.,196.52129147396,-111.77410776062));
#8205=CARTESIAN_POINT('Ctrl Pts',(-5.,196.503103166869,-111.855445020376));
#8206=CARTESIAN_POINT('Ctrl Pts',(-5.,196.489666449544,-111.93794877146));
#8207=CARTESIAN_POINT('Ctrl Pts',(-5.,196.480907129415,-112.021229421426));
#8208=CARTESIAN_POINT('Ctrl Pts',(-5.,196.477795630382,-112.050812500707));
#8209=CARTESIAN_POINT('Ctrl Pts',(-5.,196.475274799821,-112.080493489248));
#8210=CARTESIAN_POINT('Ctrl Pts',(-5.,196.47334279736,-112.110254385835));
#8211=CARTESIAN_POINT('Ctrl Pts',(-5.,196.472499968526,-112.12323746544));
#8212=CARTESIAN_POINT('Ctrl Pts',(-5.,196.471769209633,-112.136235747626));
#8213=CARTESIAN_POINT('Ctrl Pts',(-5.,196.471150411784,-112.149247713748));
#8214=CARTESIAN_POINT('Ctrl Pts',(-5.,196.470507982993,-112.162756586935));
#8215=CARTESIAN_POINT('Ctrl Pts',(-5.,196.469986633457,-112.176272426348));
#8216=CARTESIAN_POINT('Ctrl Pts',(-5.,196.469585921518,-112.189787780661));
#8217=CARTESIAN_POINT('Ctrl Pts',(-5.,196.467164813644,-112.271447765119));
#8218=CARTESIAN_POINT('Ctrl Pts',(-5.,196.469140059508,-112.353157623693));
#8219=CARTESIAN_POINT('Ctrl Pts',(-5.,196.475384074881,-112.434557062345));
#8220=CARTESIAN_POINT('Ctrl Pts',(-5.,196.481634871837,-112.516044908373));
#8221=CARTESIAN_POINT('Ctrl Pts',(-5.,196.492164106301,-112.597222678144));
#8222=CARTESIAN_POINT('Ctrl Pts',(-5.,196.506894373674,-112.677716299846));
#8223=CARTESIAN_POINT('Ctrl Pts',(-5.,196.521387953574,-112.756916541633));
#8224=CARTESIAN_POINT('Ctrl Pts',(-5.,196.539949121087,-112.835455310892));
#8225=CARTESIAN_POINT('Ctrl Pts',(-5.,196.562546478265,-112.912950211747));
#8226=CARTESIAN_POINT('Ctrl Pts',(-5.,196.571470152199,-112.943552871227));
#8227=CARTESIAN_POINT('Ctrl Pts',(-5.,196.58102368236,-112.973992385439));
#8228=CARTESIAN_POINT('Ctrl Pts',(-5.,196.591206754446,-113.004243612291));
#8229=CARTESIAN_POINT('Ctrl Pts',(-5.,196.595834354342,-113.017990993539));
#8230=CARTESIAN_POINT('Ctrl Pts',(-5.,196.600592037982,-113.031699380491));
#8231=CARTESIAN_POINT('Ctrl Pts',(-5.,196.60547480848,-113.045353089544));
#8232=CARTESIAN_POINT('Ctrl Pts',(-5.,196.632048087807,-113.119660048001));
#8233=CARTESIAN_POINT('Ctrl Pts',(-5.,196.662356275775,-113.192450892116));
#8234=CARTESIAN_POINT('Ctrl Pts',(-5.,196.696343924374,-113.263370758612));
#8235=CARTESIAN_POINT('Ctrl Pts',(-5.,196.721701259145,-113.316282297681));
#8236=CARTESIAN_POINT('Ctrl Pts',(-5.,196.749107587386,-113.36815197995));
#8237=CARTESIAN_POINT('Ctrl Pts',(-5.,196.778553459544,-113.41881947813));
#8238=CARTESIAN_POINT('Ctrl Pts',(-5.,196.788345804067,-113.435669160681));
#8239=CARTESIAN_POINT('Ctrl Pts',(-5.,196.798363794909,-113.452385784883));
#8240=CARTESIAN_POINT('Ctrl Pts',(-5.,196.808607341622,-113.468963117805));
#8241=CARTESIAN_POINT('Ctrl Pts',(-5.,196.816943764456,-113.48245411468));
#8242=CARTESIAN_POINT('Ctrl Pts',(-5.,196.825428686132,-113.495851250807));
#8243=CARTESIAN_POINT('Ctrl Pts',(-5.,196.834055556333,-113.509141665098));
#8244=CARTESIAN_POINT('Ctrl Pts',(-5.,196.875137107246,-113.57243122651));
#8245=CARTESIAN_POINT('Ctrl Pts',(-5.,196.919473110348,-113.633365833136));
#8246=CARTESIAN_POINT('Ctrl Pts',(-5.,196.967032563221,-113.691606261026));
#8247=CARTESIAN_POINT('Ctrl Pts',(-5.,197.007920403768,-113.74167675564));
#8248=CARTESIAN_POINT('Ctrl Pts',(-5.,197.051191431509,-113.789755668238));
#8249=CARTESIAN_POINT('Ctrl Pts',(-5.,197.096843597499,-113.835602077002));
#8250=CARTESIAN_POINT('Ctrl Pts',(-5.,197.106783379828,-113.845584151539));
#8251=CARTESIAN_POINT('Ctrl Pts',(-5.,197.116836099162,-113.85546029138));
#8252=CARTESIAN_POINT('Ctrl Pts',(-5.,197.126999633782,-113.865229612404));
#8253=CARTESIAN_POINT('Ctrl Pts',(-5.,200.369925694389,-8.86291222925734));
#8254=CARTESIAN_POINT('Ctrl Pts',(-5.,200.423379621352,-8.81133287982874));
#8255=CARTESIAN_POINT('Ctrl Pts',(-5.,200.473702773493,-8.75690247046532));
#8256=CARTESIAN_POINT('Ctrl Pts',(-5.,200.520901294652,-8.69998825867072));
#8257=CARTESIAN_POINT('Ctrl Pts',(-5.,200.569413979182,-8.64148936645425));
#8258=CARTESIAN_POINT('Ctrl Pts',(-5.,200.614626059204,-8.58036596002539));
#8259=CARTESIAN_POINT('Ctrl Pts',(-5.,200.656517097387,-8.51696922604878));
#8260=CARTESIAN_POINT('Ctrl Pts',(-5.,200.697163542225,-8.45545602508179));
#8261=CARTESIAN_POINT('Ctrl Pts',(-5.,200.734683515904,-8.39180174380691));
#8262=CARTESIAN_POINT('Ctrl Pts',(-5.,200.769029055527,-8.32629332498047));
#8263=CARTESIAN_POINT('Ctrl Pts',(-5.,200.784055229111,-8.29763339174391));
#8264=CARTESIAN_POINT('Ctrl Pts',(-5.,200.798473396631,-8.26861819215823));
#8265=CARTESIAN_POINT('Ctrl Pts',(-5.,200.812277574215,-8.23927022758264));
#8266=CARTESIAN_POINT('Ctrl Pts',(-5.,200.821511675095,-8.21963833977909));
#8267=CARTESIAN_POINT('Ctrl Pts',(-5.,200.83047100588,-8.1998575304133));
#8268=CARTESIAN_POINT('Ctrl Pts',(-5.,200.839153451974,-8.17993435261156));
#8269=CARTESIAN_POINT('Ctrl Pts',(-5.,200.844479288356,-8.16771342039817));
#8270=CARTESIAN_POINT('Ctrl Pts',(-5.,200.8496971837,-8.155447476206));
#8271=CARTESIAN_POINT('Ctrl Pts',(-5.,200.854805608755,-8.14314185302499));
#8272=CARTESIAN_POINT('Ctrl Pts',(-5.,200.885526345269,-8.06913904329311));
#8273=CARTESIAN_POINT('Ctrl Pts',(-5.,200.912308666511,-7.99366392849611));
#8274=CARTESIAN_POINT('Ctrl Pts',(-5.,200.935129257645,-7.91709674750125));
#8275=CARTESIAN_POINT('Ctrl Pts',(-5.,200.958312578513,-7.83931254311522));
#8276=CARTESIAN_POINT('Ctrl Pts',(-5.,200.977407721272,-7.76040045986407));
#8277=CARTESIAN_POINT('Ctrl Pts',(-5.,200.992349402451,-7.68072443732803));
#8278=CARTESIAN_POINT('Ctrl Pts',(-5.,201.005680341753,-7.60963764277304));
#8279=CARTESIAN_POINT('Ctrl Pts',(-5.,201.015704695668,-7.5379418084112));
#8280=CARTESIAN_POINT('Ctrl Pts',(-5.,201.02234451374,-7.46588102521487));
#8281=CARTESIAN_POINT('Ctrl Pts',(-5.,201.024924450941,-7.43788141840241));
#8282=CARTESIAN_POINT('Ctrl Pts',(-5.,201.026993068442,-7.40982661489523));
#8283=CARTESIAN_POINT('Ctrl Pts',(-5.,201.028544456345,-7.38173066453139));
#8284=CARTESIAN_POINT('Ctrl Pts',(-5.,201.029405525854,-7.36613652064045));
#8285=CARTESIAN_POINT('Ctrl Pts',(-5.,201.03010724375,-7.35052969939952));
#8286=CARTESIAN_POINT('Ctrl Pts',(-5.,201.030648494206,-7.33491259622226));
#8287=CARTESIAN_POINT('Ctrl Pts',(-5.,201.031093808087,-7.32206362261266));
#8288=CARTESIAN_POINT('Ctrl Pts',(-5.,201.031430157185,-7.30921718711413));
#8289=CARTESIAN_POINT('Ctrl Pts',(-5.,201.031657363814,-7.29637651912014));
#8290=CARTESIAN_POINT('Ctrl Pts',(-5.,201.033133854918,-7.21293206966277));
#8291=CARTESIAN_POINT('Ctrl Pts',(-5.,201.030005919067,-7.12970835011936));
#8292=CARTESIAN_POINT('Ctrl Pts',(-5.,201.022215644152,-7.04708579511043));
#8293=CARTESIAN_POINT('Ctrl Pts',(-5.,201.015018248254,-6.97075123119421));
#8294=CARTESIAN_POINT('Ctrl Pts',(-5.,201.003840944378,-6.89492888343815));
#8295=CARTESIAN_POINT('Ctrl Pts',(-5.,200.988600310366,-6.81990696454484));
#8296=CARTESIAN_POINT('Ctrl Pts',(-5.,200.972517634229,-6.74074009892994));
#8297=CARTESIAN_POINT('Ctrl Pts',(-5.,200.951911056523,-6.66246370497814));
#8298=CARTESIAN_POINT('Ctrl Pts',(-5.,200.92704531545,-6.58530500324862));
#8299=CARTESIAN_POINT('Ctrl Pts',(-5.,200.916951659114,-6.55398426294762));
#8300=CARTESIAN_POINT('Ctrl Pts',(-5.,200.90615559198,-6.52284775543971));
#8301=CARTESIAN_POINT('Ctrl Pts',(-5.,200.894672453139,-6.49191110761895));
#8302=CARTESIAN_POINT('Ctrl Pts',(-5.,200.890040781871,-6.47943295292578));
#8303=CARTESIAN_POINT('Ctrl Pts',(-5.,200.885297317847,-6.46698731696778));
#8304=CARTESIAN_POINT('Ctrl Pts',(-5.,200.880443008806,-6.45457524346755));
#8305=CARTESIAN_POINT('Ctrl Pts',(-5.,200.875762572081,-6.44260774734061));
#8306=CARTESIAN_POINT('Ctrl Pts',(-5.,200.870982728708,-6.43068076771887));
#8307=CARTESIAN_POINT('Ctrl Pts',(-5.,200.866104996856,-6.41879561387446));
#8308=CARTESIAN_POINT('Ctrl Pts',(-5.,200.834222474362,-6.34111018625649));
#8309=CARTESIAN_POINT('Ctrl Pts',(-5.,200.798160004997,-6.26520536109435));
#8310=CARTESIAN_POINT('Ctrl Pts',(-5.,200.758257866422,-6.1913186619331));
#8311=CARTESIAN_POINT('Ctrl Pts',(-5.,200.717856334319,-6.11650723691193));
#8312=CARTESIAN_POINT('Ctrl Pts',(-5.,200.673518016865,-6.04376399066516));
#8313=CARTESIAN_POINT('Ctrl Pts',(-5.,200.625540027139,-5.97334129140286));
#8314=CARTESIAN_POINT('Ctrl Pts',(-5.,200.577115596812,-5.90226330098889));
#8315=CARTESIAN_POINT('Ctrl Pts',(-5.,200.524982970627,-5.83354838938151));
#8316=CARTESIAN_POINT('Ctrl Pts',(-5.,200.469397539152,-5.76747430873838));
#8317=CARTESIAN_POINT('Ctrl Pts',(-5.,200.447925122121,-5.74195017090401));
#8318=CARTESIAN_POINT('Ctrl Pts',(-5.,200.425936974089,-5.7168203704759));
#8319=CARTESIAN_POINT('Ctrl Pts',(-5.,200.403446079599,-5.69210206629752));
#8320=CARTESIAN_POINT('Ctrl Pts',(-5.,200.389063894272,-5.67629552592963));
#8321=CARTESIAN_POINT('Ctrl Pts',(-5.,200.374471770414,-5.66065291808256));
#8322=CARTESIAN_POINT('Ctrl Pts',(-5.,200.3596966575,-5.64520316631198));
#8323=CARTESIAN_POINT('Ctrl Pts',(-5.,200.296510066196,-5.57913144445386));
#8324=CARTESIAN_POINT('Ctrl Pts',(-5.,200.229920744142,-5.51651438622162));
#8325=CARTESIAN_POINT('Ctrl Pts',(-5.,200.160258675046,-5.45765942348821));
#8326=CARTESIAN_POINT('Ctrl Pts',(-5.,200.108012123224,-5.41351820143814));
#8327=CARTESIAN_POINT('Ctrl Pts',(-5.,200.05403586208,-5.37149343795211));
#8328=CARTESIAN_POINT('Ctrl Pts',(-5.00000000000001,199.998450766604,-5.33172679413352));
#8329=CARTESIAN_POINT('Ctrl Pts',(-5.00000000000001,199.982117306458,-5.32004152335388));
#8330=CARTESIAN_POINT('Ctrl Pts',(-5.,199.965644838337,-5.30855131408344));
#8331=CARTESIAN_POINT('Ctrl Pts',(-5.,199.949036208499,-5.29725998242869));
#8332=CARTESIAN_POINT('Ctrl Pts',(-5.,199.934881805373,-5.28763715010514));
#8333=CARTESIAN_POINT('Ctrl Pts',(-5.,199.92063019562,-5.27816000746926));
#8334=CARTESIAN_POINT('Ctrl Pts',(-5.,199.906292889083,-5.26883691978357));
#8335=CARTESIAN_POINT('Ctrl Pts',(-5.,199.831716696527,-5.22034242880826));
#8336=CARTESIAN_POINT('Ctrl Pts',(-5.,199.754754183376,-5.1759648905442));
#8337=CARTESIAN_POINT('Ctrl Pts',(-5.,199.675682393924,-5.13599689635405));
#8338=CARTESIAN_POINT('Ctrl Pts',(-5.,199.605683659998,-5.10061501097792));
#8339=CARTESIAN_POINT('Ctrl Pts',(-5.,199.534031038579,-5.06868877306197));
#8340=CARTESIAN_POINT('Ctrl Pts',(-5.,199.460894236615,-5.04044684765591));
#8341=CARTESIAN_POINT('Ctrl Pts',(-5.,199.445058299831,-5.03433176833351));
#8342=CARTESIAN_POINT('Ctrl Pts',(-5.,199.429152713191,-5.02838952677207));
#8343=CARTESIAN_POINT('Ctrl Pts',(-5.,199.413180032328,-5.02261935333946));
#8344=CARTESIAN_POINT('Ctrl Pts',(-5.,198.088262731431,-5.02700509758157));
#8345=CARTESIAN_POINT('Ctrl Pts',(-5.,198.007008369426,-5.05642541798888));
#8346=CARTESIAN_POINT('Ctrl Pts',(-5.,197.927626502448,-5.09020687200406));
#8347=CARTESIAN_POINT('Ctrl Pts',(-5.,197.850316621919,-5.12803565655747));
#8348=CARTESIAN_POINT('Ctrl Pts',(-5.,197.76840092253,-5.1681181314304));
#8349=CARTESIAN_POINT('Ctrl Pts',(-5.,197.688810470371,-5.21274498459885));
#8350=CARTESIAN_POINT('Ctrl Pts',(-5.,197.611815208235,-5.26159426273394));
#8351=CARTESIAN_POINT('Ctrl Pts',(-5.,197.544444353866,-5.30433738110215));
#8352=CARTESIAN_POINT('Ctrl Pts',(-5.,197.479060644238,-5.3503144812856));
#8353=CARTESIAN_POINT('Ctrl Pts',(-5.,197.415872446146,-5.39933435345812));
#8354=CARTESIAN_POINT('Ctrl Pts',(-5.,197.385596180981,-5.42282194596789));
#8355=CARTESIAN_POINT('Ctrl Pts',(-5.,197.355824376367,-5.44700838182211));
#8356=CARTESIAN_POINT('Ctrl Pts',(-5.,197.326582440831,-5.47187395893315));
#8357=CARTESIAN_POINT('Ctrl Pts',(-5.,197.308321784541,-5.48740171893767));
#8358=CARTESIAN_POINT('Ctrl Pts',(-5.,197.290267789582,-5.50319433240005));
#8359=CARTESIAN_POINT('Ctrl Pts',(-5.,197.272426995604,-5.51924712840408));
#8360=CARTESIAN_POINT('Ctrl Pts',(-5.,197.260644592137,-5.52984870362141));
#8361=CARTESIAN_POINT('Ctrl Pts',(-5.,197.248953964674,-5.54056503418725));
#8362=CARTESIAN_POINT('Ctrl Pts',(-5.,197.237372548906,-5.5513799249071));
#8363=CARTESIAN_POINT('Ctrl Pts',(-5.,197.173960755436,-5.6105947592971));
#8364=CARTESIAN_POINT('Ctrl Pts',(-5.00000000000001,197.113711637148,-5.67285711546087));
#8365=CARTESIAN_POINT('Ctrl Pts',(-5.,197.056856186205,-5.73788851023814));
#8366=CARTESIAN_POINT('Ctrl Pts',(-5.,197.000333707374,-5.80253905075231));
#8367=CARTESIAN_POINT('Ctrl Pts',(-5.,196.94716474904,-5.86992711810937));
#8368=CARTESIAN_POINT('Ctrl Pts',(-5.,196.897619848458,-5.93980582220323));
#8369=CARTESIAN_POINT('Ctrl Pts',(-5.,196.853095039064,-6.00260413129032));
#8370=CARTESIAN_POINT('Ctrl Pts',(-5.,196.811497374505,-6.06741465341926));
#8371=CARTESIAN_POINT('Ctrl Pts',(-5.,196.77305864815,-6.13406872753475));
#8372=CARTESIAN_POINT('Ctrl Pts',(-5.,196.756064329238,-6.16353746127457));
#8373=CARTESIAN_POINT('Ctrl Pts',(-5.,196.739687943631,-6.19336663233139));
#8374=CARTESIAN_POINT('Ctrl Pts',(-5.,196.723951871754,-6.22354192410084));
#8375=CARTESIAN_POINT('Ctrl Pts',(-5.,196.716366875599,-6.23808681648699));
#8376=CARTESIAN_POINT('Ctrl Pts',(-5.,196.708930670282,-6.25271212648611));
#8377=CARTESIAN_POINT('Ctrl Pts',(-5.,196.701645889932,-6.26741625255026));
#8378=CARTESIAN_POINT('Ctrl Pts',(-5.,196.695470562028,-6.27988097977957));
#8379=CARTESIAN_POINT('Ctrl Pts',(-5.,196.689403682618,-6.29240331017737));
#8380=CARTESIAN_POINT('Ctrl Pts',(-5.,196.683453922807,-6.30496687302496));
#8381=CARTESIAN_POINT('Ctrl Pts',(-5.,196.647815740681,-6.38022075807897));
#8382=CARTESIAN_POINT('Ctrl Pts',(-5.,196.616311736878,-6.4570789190297));
#8383=CARTESIAN_POINT('Ctrl Pts',(-5.,196.589189388294,-6.53530922030697));
#8384=CARTESIAN_POINT('Ctrl Pts',(-5.,196.562067039709,-6.61353952158423));
#8385=CARTESIAN_POINT('Ctrl Pts',(-5.,196.539325864732,-6.69314270806268));
#8386=CARTESIAN_POINT('Ctrl Pts',(-5.,196.5212681305,-6.77389652855249));
#8387=CARTESIAN_POINT('Ctrl Pts',(-5.,196.503080141634,-6.85523284512256));
#8388=CARTESIAN_POINT('Ctrl Pts',(-5.,196.489644138829,-6.93773766992848));
#8389=CARTESIAN_POINT('Ctrl Pts',(-5.,196.480885862607,-7.02102106368297));
#8390=CARTESIAN_POINT('Ctrl Pts',(-5.,196.477774929025,-7.05060326682724));
#8391=CARTESIAN_POINT('Ctrl Pts',(-5.,196.475254631599,-7.08028357775932));
#8392=CARTESIAN_POINT('Ctrl Pts',(-5.,196.473323127326,-7.11004398325659));
#8393=CARTESIAN_POINT('Ctrl Pts',(-5.,196.472480627323,-7.12302513068351));
#8394=CARTESIAN_POINT('Ctrl Pts',(-5.,196.471750160952,-7.1360215121574));
#8395=CARTESIAN_POINT('Ctrl Pts',(-5.,196.471131619131,-7.14903160864489));
#8396=CARTESIAN_POINT('Ctrl Pts',(-5.,196.470489193785,-7.16254405912954));
#8397=CARTESIAN_POINT('Ctrl Pts',(-5.,196.469967906653,-7.17606352791195));
#8398=CARTESIAN_POINT('Ctrl Pts',(-5.,196.469567316076,-7.18958254357722));
#8399=CARTESIAN_POINT('Ctrl Pts',(-5.,196.467147462442,-7.27124706864783));
#8400=CARTESIAN_POINT('Ctrl Pts',(-5.00000000000001,196.469124210924,-7.35296280279442));
#8401=CARTESIAN_POINT('Ctrl Pts',(-5.,196.475369910216,-7.43436910723995));
#8402=CARTESIAN_POINT('Ctrl Pts',(-5.,196.481622384427,-7.51586371582164));
#8403=CARTESIAN_POINT('Ctrl Pts',(-5.,196.492153466381,-7.59704924212611));
#8404=CARTESIAN_POINT('Ctrl Pts',(-5.,196.50688568647,-7.67755127891326));
#8405=CARTESIAN_POINT('Ctrl Pts',(-5.,196.521380850057,-7.75675795552087));
#8406=CARTESIAN_POINT('Ctrl Pts',(-5.,196.539943513916,-7.83530382850923));
#8407=CARTESIAN_POINT('Ctrl Pts',(-5.,196.562542219475,-7.91280620746608));
#8408=CARTESIAN_POINT('Ctrl Pts',(-5.,196.571466269245,-7.94341128284359));
#8409=CARTESIAN_POINT('Ctrl Pts',(-5.,196.581020130003,-7.97385327701108));
#8410=CARTESIAN_POINT('Ctrl Pts',(-5.,196.59120348349,-8.00410703078087));
#8411=CARTESIAN_POINT('Ctrl Pts',(-5.,196.595831732462,-8.01785710878596));
#8412=CARTESIAN_POINT('Ctrl Pts',(-5.,196.600590085634,-8.03156819724921));
#8413=CARTESIAN_POINT('Ctrl Pts',(-5.,196.605473543421,-8.04522460258515));
#8414=CARTESIAN_POINT('Ctrl Pts',(-5.,196.63204792316,-8.11953885226311));
#8415=CARTESIAN_POINT('Ctrl Pts',(-5.,196.662357001993,-8.19233716305288));
#8416=CARTESIAN_POINT('Ctrl Pts',(-5.,196.696345274544,-8.26326438960963));
#8417=CARTESIAN_POINT('Ctrl Pts',(-5.,196.721704135315,-8.31618363286864));
#8418=CARTESIAN_POINT('Ctrl Pts',(-5.,196.749112012191,-8.36806087301641));
#8419=CARTESIAN_POINT('Ctrl Pts',(-5.,196.778559428734,-8.41873564335145));
#8420=CARTESIAN_POINT('Ctrl Pts',(-5.,196.788340607852,-8.43556764641441));
#8421=CARTESIAN_POINT('Ctrl Pts',(-5.,196.798346894952,-8.45226687670928));
#8422=CARTESIAN_POINT('Ctrl Pts',(-5.,196.808578198841,-8.46882711844317));
#8423=CARTESIAN_POINT('Ctrl Pts',(-5.,196.816913611877,-8.48231869843426));
#8424=CARTESIAN_POINT('Ctrl Pts',(-5.,196.825397509822,-8.49571645550765));
#8425=CARTESIAN_POINT('Ctrl Pts',(-5.,196.834023317426,-8.50900748469169));
#8426=CARTESIAN_POINT('Ctrl Pts',(-5.,196.8751020462,-8.57230342265319));
#8427=CARTESIAN_POINT('Ctrl Pts',(-5.,196.919434784816,-8.6332441652853));
#8428=CARTESIAN_POINT('Ctrl Pts',(-5.,196.966990466812,-8.69149026360489));
#8429=CARTESIAN_POINT('Ctrl Pts',(-5.,197.007896552466,-8.74159195044463));
#8430=CARTESIAN_POINT('Ctrl Pts',(-5.,197.051187954876,-8.7896996193894));
#8431=CARTESIAN_POINT('Ctrl Pts',(-5.,197.096862580743,-8.83557181620012));
#8432=CARTESIAN_POINT('Ctrl Pts',(-5.,197.106802498903,-8.84555473064034));
#8433=CARTESIAN_POINT('Ctrl Pts',(-5.,197.116855344968,-8.85543167083297));
#8434=CARTESIAN_POINT('Ctrl Pts',(-5.,197.127018997401,-8.86520175379488));
#8435=CARTESIAN_POINT('',(-5.,155.,-64.45));
#8436=CARTESIAN_POINT('',(-5.,155.,-85.));
#8437=CARTESIAN_POINT('',(-5.,160.,-59.45));
#8438=CARTESIAN_POINT('Ctrl Pts',(-5.,160.,-59.45));
#8439=CARTESIAN_POINT('Ctrl Pts',(-5.,159.626000874573,-59.45));
#8440=CARTESIAN_POINT('Ctrl Pts',(-5.,159.255926667632,-59.4518838208145));
#8441=CARTESIAN_POINT('Ctrl Pts',(-5.,158.88721527267,-59.4939594580111));
#8442=CARTESIAN_POINT('Ctrl Pts',(-5.,158.518503877708,-59.5360350952078));
#8443=CARTESIAN_POINT('Ctrl Pts',(-5.,158.151155294725,-59.6183025487868));
#8444=CARTESIAN_POINT('Ctrl Pts',(-5.,157.792338885485,-59.7572720074769));
#8445=CARTESIAN_POINT('Ctrl Pts',(-5.,157.433522476245,-59.8962414661671));
#8446=CARTESIAN_POINT('Ctrl Pts',(-5.,157.083238240747,-60.0919129299685));
#8447=CARTESIAN_POINT('Ctrl Pts',(-5.,156.758935974992,-60.3389806313666));
#8448=CARTESIAN_POINT('Ctrl Pts',(-5.,156.434633709236,-60.5860483327646));
#8449=CARTESIAN_POINT('Ctrl Pts',(-5.,156.136313413222,-60.8845122717593));
#8450=CARTESIAN_POINT('Ctrl Pts',(-5.,155.88909955831,-61.2089533582156));
#8451=CARTESIAN_POINT('Ctrl Pts',(-5.,155.641885703398,-61.5333944446719));
#8452=CARTESIAN_POINT('Ctrl Pts',(-5.,155.445778289587,-61.8838126785899));
#8453=CARTESIAN_POINT('Ctrl Pts',(-5.,155.306747024092,-62.2426376010644));
#8454=CARTESIAN_POINT('Ctrl Pts',(-5.,155.167715758596,-62.6014625235388));
#8455=CARTESIAN_POINT('Ctrl Pts',(-5.,155.085760641415,-62.9686941345698));
#8456=CARTESIAN_POINT('Ctrl Pts',(-5.,155.043831701766,-63.3373287223283));
#8457=CARTESIAN_POINT('Ctrl Pts',(-5.,155.001902762117,-63.7059633100867));
#8458=CARTESIAN_POINT('Ctrl Pts',(-5.,155.,-64.0760008745727));
#8459=CARTESIAN_POINT('Ctrl Pts',(-5.,155.,-64.45));
#8460=CARTESIAN_POINT('',(-5.,168.75,-59.45));
#8461=CARTESIAN_POINT('',(-5.,143.125,-59.45));
#8462=CARTESIAN_POINT('',(-5.,173.75,-54.45));
#8463=CARTESIAN_POINT('Ctrl Pts',(-5.,173.75,-54.45));
#8464=CARTESIAN_POINT('Ctrl Pts',(-5.,173.75,-54.8239991254274));
#8465=CARTESIAN_POINT('Ctrl Pts',(-5.,173.748115714635,-55.1940735174276));
#8466=CARTESIAN_POINT('Ctrl Pts',(-5.,173.706039805719,-55.5627850208151));
#8467=CARTESIAN_POINT('Ctrl Pts',(-5.,173.663963896802,-55.9314965242027));
#8468=CARTESIAN_POINT('Ctrl Pts',(-5.,173.581696364333,-56.2988451389776));
#8469=CARTESIAN_POINT('Ctrl Pts',(-5.,173.442726898045,-56.65766153331));
#8470=CARTESIAN_POINT('Ctrl Pts',(-5.,173.303757431758,-57.0164779276424));
#8471=CARTESIAN_POINT('Ctrl Pts',(-5.,173.108086031651,-57.3667621015323));
#8472=CARTESIAN_POINT('Ctrl Pts',(-5.,172.861018390472,-57.6910642917355));
#8473=CARTESIAN_POINT('Ctrl Pts',(-5.,172.613950749294,-58.0153664819386));
#8474=CARTESIAN_POINT('Ctrl Pts',(-5.,172.315486867044,-58.3136866884552));
#8475=CARTESIAN_POINT('Ctrl Pts',(-5.,171.99104584704,-58.5609005139504));
#8476=CARTESIAN_POINT('Ctrl Pts',(-5.,171.666604827037,-58.8081143394457));
#8477=CARTESIAN_POINT('Ctrl Pts',(-5.,171.316186669281,-59.0042217839197));
#8478=CARTESIAN_POINT('Ctrl Pts',(-5.,170.957361824106,-59.1432530309255));
#8479=CARTESIAN_POINT('Ctrl Pts',(-5.,170.598536978931,-59.2822842779312));
#8480=CARTESIAN_POINT('Ctrl Pts',(-5.,170.231305446337,-59.3642393274687));
#8481=CARTESIAN_POINT('Ctrl Pts',(-5.,169.862670982961,-59.4061682579859));
#8482=CARTESIAN_POINT('Ctrl Pts',(-5.,169.494036519585,-59.4480971885031));
#8483=CARTESIAN_POINT('Ctrl Pts',(-5.,169.123999125427,-59.45));
#8484=CARTESIAN_POINT('Ctrl Pts',(-5.,168.75,-59.45));
#8485=CARTESIAN_POINT('',(-5.,173.75,-20.));
#8486=CARTESIAN_POINT('',(-5.,173.75,-37.5));
#8487=CARTESIAN_POINT('',(-5.,168.75,-15.));
#8488=CARTESIAN_POINT('Ctrl Pts',(-5.,168.75,-15.));
#8489=CARTESIAN_POINT('Ctrl Pts',(-5.,169.123999125427,-15.));
#8490=CARTESIAN_POINT('Ctrl Pts',(-5.,169.494072833222,-15.0018825721156));
#8491=CARTESIAN_POINT('Ctrl Pts',(-5.,169.862783935906,-15.0439574793259));
#8492=CARTESIAN_POINT('Ctrl Pts',(-5.,170.231495038589,-15.0860323865361));
#8493=CARTESIAN_POINT('Ctrl Pts',(-5.,170.598843536161,-15.168299628841));
#8494=CARTESIAN_POINT('Ctrl Pts',(-5.,170.957659986529,-15.307269069396));
#8495=CARTESIAN_POINT('Ctrl Pts',(-5.,171.316476436896,-15.446238509951));
#8496=CARTESIAN_POINT('Ctrl Pts',(-4.99999999999999,171.666760840059,-15.6419101487561));
#8497=CARTESIAN_POINT('Ctrl Pts',(-4.99999999999999,171.991063311429,-15.8889780159239));
#8498=CARTESIAN_POINT('Ctrl Pts',(-4.99999999999999,172.3153657828,-16.1360458830917));
#8499=CARTESIAN_POINT('Ctrl Pts',(-5.,172.613686322378,-16.4345099786222));
#8500=CARTESIAN_POINT('Ctrl Pts',(-5.,172.860900256465,-16.758951243904));
#8501=CARTESIAN_POINT('Ctrl Pts',(-5.,173.108114190553,-17.0833925091857));
#8502=CARTESIAN_POINT('Ctrl Pts',(-5.,173.30422151915,-17.4338109442189));
#8503=CARTESIAN_POINT('Ctrl Pts',(-5.,173.443252833833,-17.7926360728803));
#8504=CARTESIAN_POINT('Ctrl Pts',(-5.,173.582284148516,-18.1514612015416));
#8505=CARTESIAN_POINT('Ctrl Pts',(-5.,173.664239449284,-18.5186930238312));
#8506=CARTESIAN_POINT('Ctrl Pts',(-5.,173.706168412155,-18.887327942089));
#8507=CARTESIAN_POINT('Ctrl Pts',(-5.,173.748097375026,-19.2559628603467));
#8508=CARTESIAN_POINT('Ctrl Pts',(-5.,173.75,-19.6260008745726));
#8509=CARTESIAN_POINT('Ctrl Pts',(-5.,173.75,-20.));
#8510=CARTESIAN_POINT('',(-5.,63.75,-15.));
#8511=CARTESIAN_POINT('Ctrl Pts',(-5.,164.338262731431,-71.9770050975816));
#8512=CARTESIAN_POINT('Ctrl Pts',(-5.,164.257024246718,-72.0064196691896));
#8513=CARTESIAN_POINT('Ctrl Pts',(-5.,164.177659563087,-72.0401985824494));
#8514=CARTESIAN_POINT('Ctrl Pts',(-5.,164.100367347545,-72.0780269843439));
#8515=CARTESIAN_POINT('Ctrl Pts',(-5.,164.018085822884,-72.1182972568612));
#8516=CARTESIAN_POINT('Ctrl Pts',(-5.,163.938151949505,-72.1631570962887));
#8517=CARTESIAN_POINT('Ctrl Pts',(-5.,163.860838579069,-72.2122788394768));
#8518=CARTESIAN_POINT('Ctrl Pts',(-5.,163.793189379939,-72.2552603647663));
#8519=CARTESIAN_POINT('Ctrl Pts',(-5.,163.72754670902,-72.3015061231373));
#8520=CARTESIAN_POINT('Ctrl Pts',(-5.,163.664121403457,-72.3508214868308));
#8521=CARTESIAN_POINT('Ctrl Pts',(-5.,163.634402734985,-72.3739287770707));
#8522=CARTESIAN_POINT('Ctrl Pts',(-5.,163.605171301405,-72.3977102793878));
#8523=CARTESIAN_POINT('Ctrl Pts',(-5.,163.576451144988,-72.4221472258555));
#8524=CARTESIAN_POINT('Ctrl Pts',(-5.,163.55871586991,-72.4372375325157));
#8525=CARTESIAN_POINT('Ctrl Pts',(-5.,163.541175591597,-72.452577794377));
#8526=CARTESIAN_POINT('Ctrl Pts',(-5.,163.523836287108,-72.4681637053732));
#8527=CARTESIAN_POINT('Ctrl Pts',(-5.,163.511695799799,-72.4790765164822));
#8528=CARTESIAN_POINT('Ctrl Pts',(-5.,163.499652089467,-72.4901115306388));
#8529=CARTESIAN_POINT('Ctrl Pts',(-5.,163.487724035349,-72.5012512340777));
#8530=CARTESIAN_POINT('Ctrl Pts',(-5.,163.424301844618,-72.5604817162045));
#8531=CARTESIAN_POINT('Ctrl Pts',(-5.,163.364041830742,-72.6227608499441));
#8532=CARTESIAN_POINT('Ctrl Pts',(-5.,163.307174263092,-72.6878087818306));
#8533=CARTESIAN_POINT('Ctrl Pts',(-5.,163.25063542918,-72.7524806918346));
#8534=CARTESIAN_POINT('Ctrl Pts',(-5.,163.197449420479,-72.8198903109677));
#8535=CARTESIAN_POINT('Ctrl Pts',(-5.,163.147886110389,-72.8897893541114));
#8536=CARTESIAN_POINT('Ctrl Pts',(-5.,163.102864280028,-72.9532835569229));
#8537=CARTESIAN_POINT('Ctrl Pts',(-5.,163.060831897903,-73.0188326099041));
#8538=CARTESIAN_POINT('Ctrl Pts',(-5.,163.022028033919,-73.0862612995984));
#8539=CARTESIAN_POINT('Ctrl Pts',(-5.,163.005624330253,-73.1147656837176));
#8540=CARTESIAN_POINT('Ctrl Pts',(-5.,162.989798034833,-73.1436060486198));
#8541=CARTESIAN_POINT('Ctrl Pts',(-5.,162.974569322768,-73.1727693873597));
#8542=CARTESIAN_POINT('Ctrl Pts',(-5.,162.964695919817,-73.1916771842587));
#8543=CARTESIAN_POINT('Ctrl Pts',(-5.,162.955073735152,-73.2107207437989));
#8544=CARTESIAN_POINT('Ctrl Pts',(-5.,162.945708569304,-73.2298965239827));
#8545=CARTESIAN_POINT('Ctrl Pts',(-5.,162.939807888438,-73.2419785480548));
#8546=CARTESIAN_POINT('Ctrl Pts',(-5.,162.934013115921,-73.2541051822862));
#8547=CARTESIAN_POINT('Ctrl Pts',(-5.,162.928326777545,-73.2662721347685));
#8548=CARTESIAN_POINT('Ctrl Pts',(-5.,162.893249340027,-73.3413266755351));
#8549=CARTESIAN_POINT('Ctrl Pts',(-5.,162.86227443385,-73.4179544253317));
#8550=CARTESIAN_POINT('Ctrl Pts',(-5.,162.835647677995,-73.4959260771092));
#8551=CARTESIAN_POINT('Ctrl Pts',(-5.,162.809020922141,-73.5738977288867));
#8552=CARTESIAN_POINT('Ctrl Pts',(-5.,162.786741847868,-73.6532140109661));
#8553=CARTESIAN_POINT('Ctrl Pts',(-5.,162.769110092298,-73.7336547622071));
#8554=CARTESIAN_POINT('Ctrl Pts',(-5.,162.751263390151,-73.8150761568148));
#8555=CARTESIAN_POINT('Ctrl Pts',(-5.,162.738178729755,-73.8976508215437));
#8556=CARTESIAN_POINT('Ctrl Pts',(-5.,162.729780807253,-73.9809888335223));
#8557=CARTESIAN_POINT('Ctrl Pts',(-5.,162.726293201427,-74.0155985999328));
#8558=CARTESIAN_POINT('Ctrl Pts',(-5.,162.723614513427,-74.0503398630001));
#8559=CARTESIAN_POINT('Ctrl Pts',(-5.,162.721741813396,-74.085183751034));
#8560=CARTESIAN_POINT('Ctrl Pts',(-5.,162.721007392823,-74.0988485493377));
#8561=CARTESIAN_POINT('Ctrl Pts',(-5.,162.72039694604,-74.1125311400316));
#8562=CARTESIAN_POINT('Ctrl Pts',(-5.,162.719910770685,-74.1262120645725));
#8563=CARTESIAN_POINT('Ctrl Pts',(-5.,162.717011479924,-74.20779780872));
#8564=CARTESIAN_POINT('Ctrl Pts',(-5.,162.718518774803,-74.2894550242013));
#8565=CARTESIAN_POINT('Ctrl Pts',(-5.,162.724299360661,-74.370824707765));
#8566=CARTESIAN_POINT('Ctrl Pts',(-5.,162.730093664054,-74.4523874844634));
#8567=CARTESIAN_POINT('Ctrl Pts',(-5.,162.740181951469,-74.533662386178));
#8568=CARTESIAN_POINT('Ctrl Pts',(-5.,162.754481035566,-74.6142761015007));
#8569=CARTESIAN_POINT('Ctrl Pts',(-5.,162.768563728883,-74.6936698740179));
#8570=CARTESIAN_POINT('Ctrl Pts',(-5.,162.786731216373,-74.772423199013));
#8571=CARTESIAN_POINT('Ctrl Pts',(-5.,162.808946855258,-74.850154053926));
#8572=CARTESIAN_POINT('Ctrl Pts',(-5.,162.818252641858,-74.8827143035658));
#8573=CARTESIAN_POINT('Ctrl Pts',(-5.,162.828269215101,-74.9150947618021));
#8574=CARTESIAN_POINT('Ctrl Pts',(-5.,162.838995866305,-74.947265440211));
#8575=CARTESIAN_POINT('Ctrl Pts',(-5.,162.844524296387,-74.9638459500917));
#8576=CARTESIAN_POINT('Ctrl Pts',(-5.,162.850242205788,-74.9803727102784));
#8577=CARTESIAN_POINT('Ctrl Pts',(-5.,162.856141658345,-74.9968203808515));
#8578=CARTESIAN_POINT('Ctrl Pts',(-5.,162.88313748591,-75.0720847336712));
#8579=CARTESIAN_POINT('Ctrl Pts',(-5.,162.913962837156,-75.1457936296084));
#8580=CARTESIAN_POINT('Ctrl Pts',(-5.,162.948557712127,-75.2175779883233));
#8581=CARTESIAN_POINT('Ctrl Pts',(-5.,162.974503868356,-75.2714162573594));
#8582=CARTESIAN_POINT('Ctrl Pts',(-5.,163.002571332032,-75.3241715407627));
#8583=CARTESIAN_POINT('Ctrl Pts',(-5.,163.032749263235,-75.3756741501747));
#8584=CARTESIAN_POINT('Ctrl Pts',(-5.,163.042247839153,-75.391884719487));
#8585=CARTESIAN_POINT('Ctrl Pts',(-5.,163.051955582817,-75.4079710829741));
#8586=CARTESIAN_POINT('Ctrl Pts',(-5.,163.061872385394,-75.4239276445928));
#8587=CARTESIAN_POINT('Ctrl Pts',(-5.,163.071433459478,-75.4393118237756));
#8588=CARTESIAN_POINT('Ctrl Pts',(-5.,163.081184826368,-75.4545687207736));
#8589=CARTESIAN_POINT('Ctrl Pts',(-5.,163.091121496057,-75.4696870438105));
#8590=CARTESIAN_POINT('Ctrl Pts',(-5.,163.13250476385,-75.5326503534893));
#8591=CARTESIAN_POINT('Ctrl Pts',(-5.,163.177122636085,-75.5932503628498));
#8592=CARTESIAN_POINT('Ctrl Pts',(-5.,163.22494337771,-75.6511474017839));
#8593=CARTESIAN_POINT('Ctrl Pts',(-5.,163.267244679515,-75.702362001022));
#8594=CARTESIAN_POINT('Ctrl Pts',(-5.,163.312052800018,-75.7514614249259));
#8595=CARTESIAN_POINT('Ctrl Pts',(-5.,163.359364845155,-75.7981823038068));
#8596=CARTESIAN_POINT('Ctrl Pts',(-5.,163.36520391608,-75.8039484152626));
#8597=CARTESIAN_POINT('Ctrl Pts',(-5.,163.371081146103,-75.8096782599452));
#8598=CARTESIAN_POINT('Ctrl Pts',(-5.,163.37699611411,-75.8153716662847));
#8599=CARTESIAN_POINT('Ctrl Pts',(-5.,10.5782627314314,-71.9770050975816));
#8600=CARTESIAN_POINT('Ctrl Pts',(-5.,10.4970050923062,-72.006426604558));
#8601=CARTESIAN_POINT('Ctrl Pts',(-5.,10.4176214474025,-72.0402097149449));
#8602=CARTESIAN_POINT('Ctrl Pts',(-5.,10.3403107618954,-72.0780403373843));
#8603=CARTESIAN_POINT('Ctrl Pts',(-5.,10.2580312534147,-72.1183023658402));
#8604=CARTESIAN_POINT('Ctrl Pts',(-5.,10.1780987164573,-72.1631493056224));
#8605=CARTESIAN_POINT('Ctrl Pts',(-5.,10.1007861681484,-72.2122546618462));
#8606=CARTESIAN_POINT('Ctrl Pts',(-5.,10.033137688378,-72.255221848542));
#8607=CARTESIAN_POINT('Ctrl Pts',(-5.,9.96749534281734,-72.3014505963522));
#8608=CARTESIAN_POINT('Ctrl Pts',(-5.,9.90407007686887,-72.3507470466836));
#8609=CARTESIAN_POINT('Ctrl Pts',(-5.,9.87435864385765,-72.373839865607));
#8610=CARTESIAN_POINT('Ctrl Pts',(-5.,9.8451341464678,-72.3976061516226));
#8611=CARTESIAN_POINT('Ctrl Pts',(-5.,9.81642062035868,-72.4220272298583));
#8612=CARTESIAN_POINT('Ctrl Pts',(-5.,9.79868900711691,-72.4371081054211));
#8613=CARTESIAN_POINT('Ctrl Pts',(-5.,9.78115228347322,-72.4524386997619));
#8614=CARTESIAN_POINT('Ctrl Pts',(-5.,9.76381642506639,-72.4680147284639));
#8615=CARTESIAN_POINT('Ctrl Pts',(-5.,9.75167460583851,-72.4789239848936));
#8616=CARTESIAN_POINT('Ctrl Pts',(-5.,9.73962957091614,-72.4899554127874));
#8617=CARTESIAN_POINT('Ctrl Pts',(-5.,9.72770020378519,-72.5010915087344));
#8618=CARTESIAN_POINT('Ctrl Pts',(-5.,9.66427451288171,-72.5602995598956));
#8619=CARTESIAN_POINT('Ctrl Pts',(-5.00000000000001,9.60401095961368,-72.6225553052954));
#8620=CARTESIAN_POINT('Ctrl Pts',(-5.,9.54713997472524,-72.6875798650469));
#8621=CARTESIAN_POINT('Ctrl Pts',(-5.,9.49060163286406,-72.7522240908471));
#8622=CARTESIAN_POINT('Ctrl Pts',(-5.,9.43741577590372,-72.8196056634267));
#8623=CARTESIAN_POINT('Ctrl Pts',(-5.,9.38785238158842,-72.8894773113411));
#8624=CARTESIAN_POINT('Ctrl Pts',(-5.,9.34282714115628,-72.9529513286112));
#8625=CARTESIAN_POINT('Ctrl Pts',(-5.,9.30079159629131,-73.018481036628));
#8626=CARTESIAN_POINT('Ctrl Pts',(-5.,9.26198494476504,-73.0858919653436));
#8627=CARTESIAN_POINT('Ctrl Pts',(-5.,9.24557878081826,-73.1143910680699));
#8628=CARTESIAN_POINT('Ctrl Pts',(-5.,9.22975018249127,-73.1432264875999));
#8629=CARTESIAN_POINT('Ctrl Pts',(-5.,9.21451933978562,-73.1723852722054));
#8630=CARTESIAN_POINT('Ctrl Pts',(-5.,9.2046426703337,-73.1912937254495));
#8631=CARTESIAN_POINT('Ctrl Pts',(-5.,9.19501738753981,-73.2103381577212));
#8632=CARTESIAN_POINT('Ctrl Pts',(-5.,9.18564929950846,-73.2295150403966));
#8633=CARTESIAN_POINT('Ctrl Pts',(-5.,9.17975012334076,-73.2415909099733));
#8634=CARTESIAN_POINT('Ctrl Pts',(-5.,9.17395681521308,-73.2537114116003));
#8635=CARTESIAN_POINT('Ctrl Pts',(-5.,9.16827188849654,-73.265872283868));
#8636=CARTESIAN_POINT('Ctrl Pts',(-5.,9.13319361824017,-73.3409097267817));
#8637=CARTESIAN_POINT('Ctrl Pts',(-5.,9.10221825194703,-73.4175229199301));
#8638=CARTESIAN_POINT('Ctrl Pts',(-5.,9.07559154476933,-73.4954834725272));
#8639=CARTESIAN_POINT('Ctrl Pts',(-5.,9.04896483759162,-73.5734440251242));
#8640=CARTESIAN_POINT('Ctrl Pts',(-5.,9.02668632054613,-73.6527526636974));
#8641=CARTESIAN_POINT('Ctrl Pts',(-5.,9.00905577231762,-73.7331901898348));
#8642=CARTESIAN_POINT('Ctrl Pts',(-5.,8.99120983129352,-73.8146104229987));
#8643=CARTESIAN_POINT('Ctrl Pts',(-5.,8.97812684452319,-73.8971885164456));
#8644=CARTESIAN_POINT('Ctrl Pts',(-5.,8.96973135366468,-73.9805337447314));
#8645=CARTESIAN_POINT('Ctrl Pts',(-5.,8.96624493461226,-74.0151447516067));
#8646=CARTESIAN_POINT('Ctrl Pts',(-5.,8.96356748208493,-74.0498878951811));
#8647=CARTESIAN_POINT('Ctrl Pts',(-5.,8.96169605573392,-74.0847342511549));
#8648=CARTESIAN_POINT('Ctrl Pts',(-5.,8.96096210814729,-74.0984005110409));
#8649=CARTESIAN_POINT('Ctrl Pts',(-5.,8.96035214924679,-74.112084655461));
#8650=CARTESIAN_POINT('Ctrl Pts',(-5.,8.95986647536454,-74.1257672200643));
#8651=CARTESIAN_POINT('Ctrl Pts',(-5.,8.9569701488268,-74.2073634854034));
#8652=CARTESIAN_POINT('Ctrl Pts',(-5.,8.95848097525177,-74.2890342979951));
#8653=CARTESIAN_POINT('Ctrl Pts',(-5.,8.96426550645952,-74.3704198586126));
#8654=CARTESIAN_POINT('Ctrl Pts',(-5.,8.97006375663142,-74.4519984384306));
#8655=CARTESIAN_POINT('Ctrl Pts',(-5.,8.98015639520364,-74.5332914365966));
#8656=CARTESIAN_POINT('Ctrl Pts',(-5.,8.99446008502063,-74.6139247629823));
#8657=CARTESIAN_POINT('Ctrl Pts',(-5.,9.00854656567711,-74.693333629291));
#8658=CARTESIAN_POINT('Ctrl Pts',(-5.,9.02671765389139,-74.7721035864379));
#8659=CARTESIAN_POINT('Ctrl Pts',(-5.,9.0489365677476,-74.8498519254321));
#8660=CARTESIAN_POINT('Ctrl Pts',(-5.,9.05824381292496,-74.8824198024146));
#8661=CARTESIAN_POINT('Ctrl Pts',(-5.,9.06826180069729,-74.9148080340234));
#8662=CARTESIAN_POINT('Ctrl Pts',(-5.,9.07898981148457,-74.9469865797141));
#8663=CARTESIAN_POINT('Ctrl Pts',(-5.,9.08451965049772,-74.963573268605));
#8664=CARTESIAN_POINT('Ctrl Pts',(-5.,9.09023900447228,-74.9801062242531));
#8665=CARTESIAN_POINT('Ctrl Pts',(-5.,9.09613993209643,-74.9965600845596));
#8666=CARTESIAN_POINT('Ctrl Pts',(-5.,9.12314032333502,-75.0718466655782));
#8667=CARTESIAN_POINT('Ctrl Pts',(-5.,9.15397025533044,-75.1455779369113));
#8668=CARTESIAN_POINT('Ctrl Pts',(-5.,9.18856958099405,-75.2173840625857));
#8669=CARTESIAN_POINT('Ctrl Pts',(-5.,9.21451907524175,-75.2712386568415));
#8670=CARTESIAN_POINT('Ctrl Pts',(-5.,9.24258980381446,-75.3240099233161));
#8671=CARTESIAN_POINT('Ctrl Pts',(-5.,9.27277086321116,-75.3755278457023));
#8672=CARTESIAN_POINT('Ctrl Pts',(-5.,9.28226936211725,-75.3917414226678));
#8673=CARTESIAN_POINT('Ctrl Pts',(-5.00000000000001,9.29197696846894,-75.4078307551081));
#8674=CARTESIAN_POINT('Ctrl Pts',(-5.00000000000001,9.30189357143312,-75.4237902383768));
#8675=CARTESIAN_POINT('Ctrl Pts',(-5.00000000000001,9.31145605421651,-75.4391798112517));
#8676=CARTESIAN_POINT('Ctrl Pts',(-5.00000000000001,9.32120884053045,-75.4544420217139));
#8677=CARTESIAN_POINT('Ctrl Pts',(-5.00000000000001,9.33114693149971,-75.4695655554355));
#8678=CARTESIAN_POINT('Ctrl Pts',(-5.,9.37252810281371,-75.5325383679948));
#8679=CARTESIAN_POINT('Ctrl Pts',(-5.00000000000001,9.41714269357613,-75.5931470792046));
#8680=CARTESIAN_POINT('Ctrl Pts',(-5.00000000000001,9.46495884887767,-75.6510514880916));
#8681=CARTESIAN_POINT('Ctrl Pts',(-5.00000000000001,9.50726922083293,-75.7022885033306));
#8682=CARTESIAN_POINT('Ctrl Pts',(-5.,9.55208694492997,-75.7514079891569));
#8683=CARTESIAN_POINT('Ctrl Pts',(-5.,9.59940902908544,-75.7981459485013));
#8684=CARTESIAN_POINT('Ctrl Pts',(-5.,9.60524828070368,-75.8039131227415));
#8685=CARTESIAN_POINT('Ctrl Pts',(-5.,9.61112568422859,-75.8096439978898));
#8686=CARTESIAN_POINT('Ctrl Pts',(-5.,9.617040818634,-75.8153384029214));
#8687=CARTESIAN_POINT('Ctrl Pts',(-5.,155.,-64.45));
#8688=CARTESIAN_POINT('Ctrl Pts',(-2.5,155.,-64.45));
#8689=CARTESIAN_POINT('Ctrl Pts',(5.55111512312578E-16,155.,-64.45));
#8690=CARTESIAN_POINT('Ctrl Pts',(2.5,155.,-64.45));
#8691=CARTESIAN_POINT('Ctrl Pts',(-5.,155.,-64.0760008745727));
#8692=CARTESIAN_POINT('Ctrl Pts',(-2.5,155.,-64.0760008745727));
#8693=CARTESIAN_POINT('Ctrl Pts',(-2.77555756156289E-15,155.,-64.0760008745727));
#8694=CARTESIAN_POINT('Ctrl Pts',(2.5,155.,-64.0760008745727));
#8695=CARTESIAN_POINT('Ctrl Pts',(-5.,155.003805524234,-63.3359257456008));
#8696=CARTESIAN_POINT('Ctrl Pts',(-2.5,155.003805524234,-63.3359257456008));
#8697=CARTESIAN_POINT('Ctrl Pts',(4.9960036108132E-15,155.003805524234,
-63.3359257456008));
#8698=CARTESIAN_POINT('Ctrl Pts',(2.5,155.003805524234,-63.3359257456008));
#8699=CARTESIAN_POINT('Ctrl Pts',(-5.,155.249670875777,-62.2342309125079));
#8700=CARTESIAN_POINT('Ctrl Pts',(-2.49999999999999,155.249670875777,-62.2342309125079));
#8701=CARTESIAN_POINT('Ctrl Pts',(-2.77555756156289E-15,155.249670875777,
-62.2342309125079));
#8702=CARTESIAN_POINT('Ctrl Pts',(2.5,155.249670875777,-62.2342309125079));
#8703=CARTESIAN_POINT('Ctrl Pts',(-5.,155.837993117208,-61.182976210754));
#8704=CARTESIAN_POINT('Ctrl Pts',(-2.5,155.837993117208,-61.182976210754));
#8705=CARTESIAN_POINT('Ctrl Pts',(1.66533453693773E-15,155.837993117208,
-61.182976210754));
#8706=CARTESIAN_POINT('Ctrl Pts',(2.5,155.837993117208,-61.182976210754));
#8707=CARTESIAN_POINT('Ctrl Pts',(-5.,156.73295400525,-60.2875843937699));
#8708=CARTESIAN_POINT('Ctrl Pts',(-2.5,156.73295400525,-60.2875843937699));
#8709=CARTESIAN_POINT('Ctrl Pts',(-5.55111512312578E-16,156.73295400525,
-60.2875843937699));
#8710=CARTESIAN_POINT('Ctrl Pts',(2.5,156.73295400525,-60.2875843937699));
#8711=CARTESIAN_POINT('Ctrl Pts',(-5.,157.783806711742,-59.7005700023657));
#8712=CARTESIAN_POINT('Ctrl Pts',(-2.5,157.783806711742,-59.7005700023657));
#8713=CARTESIAN_POINT('Ctrl Pts',(-1.66533453693773E-15,157.783806711742,
-59.7005700023657));
#8714=CARTESIAN_POINT('Ctrl Pts',(2.5,157.783806711742,-59.7005700023657));
#8715=CARTESIAN_POINT('Ctrl Pts',(-5.,158.885852460692,-59.4537676416289));
#8716=CARTESIAN_POINT('Ctrl Pts',(-2.5,158.885852460692,-59.4537676416289));
#8717=CARTESIAN_POINT('Ctrl Pts',(5.55111512312578E-15,158.885852460692,
-59.4537676416289));
#8718=CARTESIAN_POINT('Ctrl Pts',(2.5,158.885852460692,-59.4537676416289));
#8719=CARTESIAN_POINT('Ctrl Pts',(-5.,159.626000874573,-59.45));
#8720=CARTESIAN_POINT('Ctrl Pts',(-2.49999999999999,159.626000874573,-59.45));
#8721=CARTESIAN_POINT('Ctrl Pts',(-4.9960036108132E-15,159.626000874573,
-59.45));
#8722=CARTESIAN_POINT('Ctrl Pts',(2.5,159.626000874573,-59.45));
#8723=CARTESIAN_POINT('Ctrl Pts',(-5.,160.,-59.45));
#8724=CARTESIAN_POINT('Ctrl Pts',(-2.5,160.,-59.45));
#8725=CARTESIAN_POINT('Ctrl Pts',(5.55111512312578E-16,160.,-59.45));
#8726=CARTESIAN_POINT('Ctrl Pts',(2.5,160.,-59.45));
#8727=CARTESIAN_POINT('',(0.,160.,-59.45));
#8728=CARTESIAN_POINT('',(0.,155.,-64.45));
#8729=CARTESIAN_POINT('Origin',(5.,173.75,-59.45));
#8730=CARTESIAN_POINT('',(5.,168.75,-59.45));
#8731=CARTESIAN_POINT('Ctrl Pts',(2.5,168.75,-59.45));
#8732=CARTESIAN_POINT('Ctrl Pts',(5.55111512312578E-16,168.75,-59.45));
#8733=CARTESIAN_POINT('Ctrl Pts',(-2.5,168.75,-59.45));
#8734=CARTESIAN_POINT('Ctrl Pts',(-5.,168.75,-59.45));
#8735=CARTESIAN_POINT('Ctrl Pts',(2.5,169.123999125427,-59.45));
#8736=CARTESIAN_POINT('Ctrl Pts',(-2.77555756156289E-15,169.123999125427,
-59.45));
#8737=CARTESIAN_POINT('Ctrl Pts',(-2.5,169.123999125427,-59.45));
#8738=CARTESIAN_POINT('Ctrl Pts',(-5.,169.123999125427,-59.45));
#8739=CARTESIAN_POINT('Ctrl Pts',(2.5,169.864073913743,-59.4461943770062));
#8740=CARTESIAN_POINT('Ctrl Pts',(6.10622663543836E-15,169.864073913743,
-59.4461943770062));
#8741=CARTESIAN_POINT('Ctrl Pts',(-2.5,169.864073913743,-59.4461943770062));
#8742=CARTESIAN_POINT('Ctrl Pts',(-5.,169.864073913743,-59.4461943770062));
#8743=CARTESIAN_POINT('Ctrl Pts',(2.5,170.965768511526,-59.2003292283937));
#8744=CARTESIAN_POINT('Ctrl Pts',(-2.77555756156289E-15,170.965768511526,
-59.2003292283937));
#8745=CARTESIAN_POINT('Ctrl Pts',(-2.5,170.965768511526,-59.2003292283937));
#8746=CARTESIAN_POINT('Ctrl Pts',(-5.,170.965768511526,-59.2003292283937));
#8747=CARTESIAN_POINT('Ctrl Pts',(2.5,172.017022984793,-58.6120068949717));
#8748=CARTESIAN_POINT('Ctrl Pts',(3.33066907387547E-15,172.017022984793,
-58.6120068949717));
#8749=CARTESIAN_POINT('Ctrl Pts',(-2.5,172.017022984793,-58.6120068949717));
#8750=CARTESIAN_POINT('Ctrl Pts',(-5.,172.017022984793,-58.6120068949717));
#8751=CARTESIAN_POINT('Ctrl Pts',(2.5,172.912414631544,-57.7170462754221));
#8752=CARTESIAN_POINT('Ctrl Pts',(5.55111512312578E-16,172.912414631544,
-57.7170462754221));
#8753=CARTESIAN_POINT('Ctrl Pts',(-2.5,172.912414631544,-57.7170462754221));
#8754=CARTESIAN_POINT('Ctrl Pts',(-5.,172.912414631544,-57.7170462754221));
#8755=CARTESIAN_POINT('Ctrl Pts',(2.5,173.499428831864,-56.6661937537525));
#8756=CARTESIAN_POINT('Ctrl Pts',(-1.11022302462516E-15,173.499428831864,
-56.6661937537525));
#8757=CARTESIAN_POINT('Ctrl Pts',(-2.5,173.499428831864,-56.6661937537525));
#8758=CARTESIAN_POINT('Ctrl Pts',(-5.,173.499428831864,-56.6661937537525));
#8759=CARTESIAN_POINT('Ctrl Pts',(2.5,173.746231429271,-55.5641479094278));
#8760=CARTESIAN_POINT('Ctrl Pts',(6.10622663543836E-15,173.746231429271,
-55.5641479094278));
#8761=CARTESIAN_POINT('Ctrl Pts',(-2.5,173.746231429271,-55.5641479094278));
#8762=CARTESIAN_POINT('Ctrl Pts',(-5.,173.746231429271,-55.5641479094278));
#8763=CARTESIAN_POINT('Ctrl Pts',(2.5,173.75,-54.8239991254274));
#8764=CARTESIAN_POINT('Ctrl Pts',(-4.9960036108132E-15,173.75,-54.8239991254274));
#8765=CARTESIAN_POINT('Ctrl Pts',(-2.49999999999999,173.75,-54.8239991254274));
#8766=CARTESIAN_POINT('Ctrl Pts',(-5.,173.75,-54.8239991254274));
#8767=CARTESIAN_POINT('Ctrl Pts',(2.5,173.75,-54.45));
#8768=CARTESIAN_POINT('Ctrl Pts',(5.55111512312578E-16,173.75,-54.45));
#8769=CARTESIAN_POINT('Ctrl Pts',(-2.5,173.75,-54.45));
#8770=CARTESIAN_POINT('Ctrl Pts',(-5.,173.75,-54.45));
#8771=CARTESIAN_POINT('',(5.,173.75,-54.45));
#8772=CARTESIAN_POINT('Origin',(5.,173.75,-15.));
#8773=CARTESIAN_POINT('',(5.,173.75,-20.));
#8774=CARTESIAN_POINT('Ctrl Pts',(2.5,173.75,-20.));
#8775=CARTESIAN_POINT('Ctrl Pts',(5.55111512312578E-16,173.75,-20.));
#8776=CARTESIAN_POINT('Ctrl Pts',(-2.5,173.75,-20.));
#8777=CARTESIAN_POINT('Ctrl Pts',(-5.,173.75,-20.));
#8778=CARTESIAN_POINT('Ctrl Pts',(2.5,173.75,-19.6260008745726));
#8779=CARTESIAN_POINT('Ctrl Pts',(-2.77555756156289E-15,173.75,-19.6260008745726));
#8780=CARTESIAN_POINT('Ctrl Pts',(-2.5,173.75,-19.6260008745726));
#8781=CARTESIAN_POINT('Ctrl Pts',(-5.,173.75,-19.6260008745726));
#8782=CARTESIAN_POINT('Ctrl Pts',(2.5,173.746194750053,-18.8859248461208));
#8783=CARTESIAN_POINT('Ctrl Pts',(4.44089209850063E-15,173.746194750053,
-18.8859248461208));
#8784=CARTESIAN_POINT('Ctrl Pts',(-2.5,173.746194750053,-18.8859248461208));
#8785=CARTESIAN_POINT('Ctrl Pts',(-5.,173.746194750053,-18.8859248461208));
#8786=CARTESIAN_POINT('Ctrl Pts',(2.5,173.500328847747,-17.7842293792521));
#8787=CARTESIAN_POINT('Ctrl Pts',(-4.9960036108132E-15,173.500328847747,
-17.7842293792521));
#8788=CARTESIAN_POINT('Ctrl Pts',(-2.49999999999999,173.500328847747,-17.7842293792521));
#8789=CARTESIAN_POINT('Ctrl Pts',(-5.,173.500328847747,-17.7842293792521));
#8790=CARTESIAN_POINT('Ctrl Pts',(2.5,172.912006861956,-16.7329740741526));
#8791=CARTESIAN_POINT('Ctrl Pts',(5.55111512312578E-16,172.912006861956,
-16.7329740741526));
#8792=CARTESIAN_POINT('Ctrl Pts',(-2.5,172.912006861956,-16.7329740741526));
#8793=CARTESIAN_POINT('Ctrl Pts',(-5.,172.912006861956,-16.7329740741526));
#8794=CARTESIAN_POINT('Ctrl Pts',(2.5,172.017045243222,-15.8375817875613));
#8795=CARTESIAN_POINT('Ctrl Pts',(-1.94289029309402E-15,172.017045243222,
-15.8375817875613));
#8796=CARTESIAN_POINT('Ctrl Pts',(-2.49999999999999,172.017045243222,-15.8375817875613));
#8797=CARTESIAN_POINT('Ctrl Pts',(-4.99999999999999,172.017045243222,-15.8375817875613));
#8798=CARTESIAN_POINT('Ctrl Pts',(2.5,170.966192033734,-15.2505668711459));
#8799=CARTESIAN_POINT('Ctrl Pts',(-2.77555756156289E-15,170.966192033734,
-15.2505668711459));
#8800=CARTESIAN_POINT('Ctrl Pts',(-2.5,170.966192033734,-15.2505668711459));
#8801=CARTESIAN_POINT('Ctrl Pts',(-5.,170.966192033734,-15.2505668711459));
#8802=CARTESIAN_POINT('Ctrl Pts',(2.5,169.864146541017,-15.0037651442312));
#8803=CARTESIAN_POINT('Ctrl Pts',(4.44089209850063E-15,169.864146541017,
-15.0037651442312));
#8804=CARTESIAN_POINT('Ctrl Pts',(-2.5,169.864146541017,-15.0037651442312));
#8805=CARTESIAN_POINT('Ctrl Pts',(-5.,169.864146541017,-15.0037651442312));
#8806=CARTESIAN_POINT('Ctrl Pts',(2.5,169.123999125427,-15.));
#8807=CARTESIAN_POINT('Ctrl Pts',(-4.9960036108132E-15,169.123999125427,
-15.));
#8808=CARTESIAN_POINT('Ctrl Pts',(-2.49999999999999,169.123999125427,-15.));
#8809=CARTESIAN_POINT('Ctrl Pts',(-5.,169.123999125427,-15.));
#8810=CARTESIAN_POINT('Ctrl Pts',(2.5,168.75,-15.));
#8811=CARTESIAN_POINT('Ctrl Pts',(5.55111512312578E-16,168.75,-15.));
#8812=CARTESIAN_POINT('Ctrl Pts',(-2.5,168.75,-15.));
#8813=CARTESIAN_POINT('Ctrl Pts',(-5.,168.75,-15.));
#8814=CARTESIAN_POINT('',(5.,168.75,-15.));
#8815=CARTESIAN_POINT('Origin',(5.,15.,-15.));
#8816=CARTESIAN_POINT('Origin',(-5.,155.,-110.));
#8817=CARTESIAN_POINT('Origin',(6.7667098902285,11.24,-74.45));
#8818=CARTESIAN_POINT('Ctrl Pts',(2.3667098902285,8.67629373625636,-74.4507282478961));
#8819=CARTESIAN_POINT('Ctrl Pts',(2.32687037297915,8.68009056231633,-73.6529139190016));
#8820=CARTESIAN_POINT('Ctrl Pts',(2.24464961983225,9.50875214431089,-72.0005984375826));
#8821=CARTESIAN_POINT('Ctrl Pts',(2.12004763078781,12.3247832695017,-71.6239476275714));
#8822=CARTESIAN_POINT('Ctrl Pts',(1.99290392309517,14.2029904091154,-73.8317535658723));
#8823=CARTESIAN_POINT('Ctrl Pts',(1.86576021540253,13.3643454396457,-76.6061965937023));
#8824=CARTESIAN_POINT('Ctrl Pts',(1.73861650770989,10.5775208091275,-77.4035281223668));
#8825=CARTESIAN_POINT('Ctrl Pts',(1.63893306598521,8.86893364812714,-75.9051289567524));
#8826=CARTESIAN_POINT('Ctrl Pts',(1.58163086015808,8.68072739470307,-74.7525672969345));
#8827=CARTESIAN_POINT('Ctrl Pts',(1.5667098902285,8.68270841839559,-74.4518261954948));
#8828=CARTESIAN_POINT('Ctrl Pts',(2.5,13.3491849229905,-74.6317359640506));
#8829=CARTESIAN_POINT('Ctrl Pts',(2.45761876410245,13.2886920267767,-75.3338023123857));
#8830=CARTESIAN_POINT('Ctrl Pts',(2.37285629230736,12.4117815175219,-76.6605927749353));
#8831=CARTESIAN_POINT('Ctrl Pts',(2.24571258461472,10.0120138524143,-76.6328640904178));
#8832=CARTESIAN_POINT('Ctrl Pts',(2.11856887692208,8.74186322077905,-74.599246942384));
#8833=CARTESIAN_POINT('Ctrl Pts',(1.99142516922944,9.76083619684036,-72.4308133591136));
#8834=CARTESIAN_POINT('Ctrl Pts',(1.8642814615368,12.1370649146622,-72.1129871592065));
#8835=CARTESIAN_POINT('Ctrl Pts',(1.73713775384417,13.690254178163,-73.938739179278));
#8836=CARTESIAN_POINT('Ctrl Pts',(1.60999404615152,12.9967340998945,-76.2330735112765));
#8837=CARTESIAN_POINT('Ctrl Pts',(1.48285033845889,10.6921607628605,-76.8924293105666));
#8838=CARTESIAN_POINT('Ctrl Pts',(1.35570663076625,8.89001514991657,-75.3119811225036));
#8839=CARTESIAN_POINT('Ctrl Pts',(1.22856292307361,9.2428129601041,-72.9411150582216));
#8840=CARTESIAN_POINT('Ctrl Pts',(1.10141921538097,11.4270719931052,-71.9539022577944));
#8841=CARTESIAN_POINT('Ctrl Pts',(0.974275507688329,13.4397770550101,-73.2556536902923));
#8842=CARTESIAN_POINT('Ctrl Pts',(0.847131799995687,13.4352588955817,-75.6526336173217));
#8843=CARTESIAN_POINT('Ctrl Pts',(0.719988092303049,11.417656013597,-76.9467835624729));
#8844=CARTESIAN_POINT('Ctrl Pts',(0.59284438461041,9.23714085800987,-75.951347068681));
#8845=CARTESIAN_POINT('Ctrl Pts',(0.465700676917771,8.89327520170896,-73.5791547514504));
#8846=CARTESIAN_POINT('Ctrl Pts',(0.338556969225132,10.7013892483498,-72.0055394923168));
#8847=CARTESIAN_POINT('Ctrl Pts',(0.211413261532491,13.0034168025889,-72.6735288735093));
#8848=CARTESIAN_POINT('Ctrl Pts',(0.0842695538398518,13.6883664966989,-74.9705671028499));
#8849=CARTESIAN_POINT('Ctrl Pts',(-0.0428741538527873,12.1281297958091,
-76.7902380360109));
#8850=CARTESIAN_POINT('Ctrl Pts',(-0.170017861545427,9.75346564409423,-76.4638778966439));
#8851=CARTESIAN_POINT('Ctrl Pts',(-0.297161569238066,8.74197431248253,-74.2907635251273));
#8852=CARTESIAN_POINT('Ctrl Pts',(-0.424305276930705,10.0212075286165,-72.2636712279429));
#8853=CARTESIAN_POINT('Ctrl Pts',(-0.551448984623345,12.4180905109532,-72.2414730399799));
#8854=CARTESIAN_POINT('Ctrl Pts',(-0.678592692315984,13.7346479941767,-74.2445250079039));
#8855=CARTESIAN_POINT('Ctrl Pts',(-0.805736400008624,12.7635783243185,-76.4360004220624));
#8856=CARTESIAN_POINT('Ctrl Pts',(-0.932880107701263,10.3953659907649,-76.8062856314422));
#8857=CARTESIAN_POINT('Ctrl Pts',(-1.0600238153939,8.80169487422066,-75.0158239128485));
#8858=CARTESIAN_POINT('Ctrl Pts',(-1.18716752308654,9.44398371093776,-72.7064937407326));
#8859=CARTESIAN_POINT('Ctrl Pts',(-1.31431123077918,11.7332446411663,-71.9959832293505));
#8860=CARTESIAN_POINT('Ctrl Pts',(-1.44145493847182,13.5701933266663,-73.5358404695965));
#8861=CARTESIAN_POINT('Ctrl Pts',(-1.56859864616446,13.2703220930417,-75.9139948036755));
#8862=CARTESIAN_POINT('Ctrl Pts',(-1.6957423538571,11.1086170617405,-76.9496453969088));
#8863=CARTESIAN_POINT('Ctrl Pts',(-1.82288606154974,9.06739202512277,-75.6930861490651));
#8864=CARTESIAN_POINT('Ctrl Pts',(-1.95002976924238,9.01847893268721,-73.2965994909613));
#8865=CARTESIAN_POINT('Ctrl Pts',(-2.07717347693502,11.0067317755837,-71.9577972548959));
#8866=CARTESIAN_POINT('Ctrl Pts',(-2.20431718462766,13.2088948472501,-72.9043798443325));
#8867=CARTESIAN_POINT('Ctrl Pts',(-2.3314608923203,13.6055537667819,-75.2683177648627));
#8868=CARTESIAN_POINT('Ctrl Pts',(-2.45860460001294,11.8329667468393,-76.8818468347265));
#8869=CARTESIAN_POINT('Ctrl Pts',(-2.58574830770557,9.5166209174296,-76.2653382912389));
#8870=CARTESIAN_POINT('Ctrl Pts',(-2.71289201539822,8.78063783983543,-73.9841391145989));
#8871=CARTESIAN_POINT('Ctrl Pts',(-2.84003572309085,10.2999243228886,-72.130140880995));
#8872=CARTESIAN_POINT('Ctrl Pts',(-2.9671794307835,12.6812733452779,-72.4034859816997));
#8873=CARTESIAN_POINT('Ctrl Pts',(-3.09432313847613,13.740954570732,-74.5535130453158));
#8874=CARTESIAN_POINT('Ctrl Pts',(-3.22146684616877,12.507225327262,-76.6086173111002));
#8875=CARTESIAN_POINT('Ctrl Pts',(-3.34861055386141,10.1114329042612,-76.6842390368324));
#8876=CARTESIAN_POINT('Ctrl Pts',(-3.47575426155405,8.75055192291225,-74.7110327345111));
#8877=CARTESIAN_POINT('Ctrl Pts',(-3.60289796924669,9.67253048715308,-72.4984548269542));
#8878=CARTESIAN_POINT('Ctrl Pts',(-3.73004167693933,12.031898962259,-72.0754730507248));
#8879=CARTESIAN_POINT('Ctrl Pts',(-3.85718538463197,13.6650881890533,-73.8299619813571));
#8880=CARTESIAN_POINT('Ctrl Pts',(-3.98432909232461,13.0744311609805,-76.1530420298622));
#8881=CARTESIAN_POINT('Ctrl Pts',(-4.11147280001725,10.8015879668908,-76.9143934629842));
#8882=CARTESIAN_POINT('Ctrl Pts',(-4.23861650770989,8.9307488056868,-75.4158921722572));
#8883=CARTESIAN_POINT('Ctrl Pts',(-4.36576021540253,9.1775774927387,-73.0315927080385));
#8884=CARTESIAN_POINT('Ctrl Pts',(-4.49290392309517,11.3155716415893,-71.948116291392));
#8885=CARTESIAN_POINT('Ctrl Pts',(-4.6200476307878,13.3844763731671,-73.1586535847886));
#8886=CARTESIAN_POINT('Ctrl Pts',(-4.74719133848045,13.48644232545,-75.5538736910259));
#8887=CARTESIAN_POINT('Ctrl Pts',(-4.87433504617308,11.5292416670658,-76.9358200408599));
#8888=CARTESIAN_POINT('Ctrl Pts',(-5.00147875386573,9.30508598922038,-76.0402683379815));
#8889=CARTESIAN_POINT('Ctrl Pts',(-5.12862246155837,8.85876348660555,-73.6822077047279));
#8890=CARTESIAN_POINT('Ctrl Pts',(-5.21338493335346,10.0120557057029,-72.5870994771432));
#8891=CARTESIAN_POINT('Ctrl Pts',(-5.255766169251,10.6927742978283,-72.404949137336));
#8892=CARTESIAN_POINT('Ctrl Pts',(2.58525538975034,13.4963064661939,-74.6444125554653));
#8893=CARTESIAN_POINT('Ctrl Pts',(2.54287415385279,13.4315940214015,-75.3954499937567));
#8894=CARTESIAN_POINT('Ctrl Pts',(2.4581116820577,12.4935165533056,-76.8147877992302));
#8895=CARTESIAN_POINT('Ctrl Pts',(2.33096797436506,9.92635838660092,-76.7851249614703));
#8896=CARTESIAN_POINT('Ctrl Pts',(2.20382426667242,8.56761119854714,-74.6096573337359));
#8897=CARTESIAN_POINT('Ctrl Pts',(2.07668055897978,9.65766038755053,-72.2899694476172));
#8898=CARTESIAN_POINT('Ctrl Pts',(1.94953685128714,12.1996376996087,-71.9499739819949));
#8899=CARTESIAN_POINT('Ctrl Pts',(1.8223931435945,13.8611662551471,-73.9030773081427));
#8900=CARTESIAN_POINT('Ctrl Pts',(1.69524943590186,13.1192712131449,-76.357447872085));
#8901=CARTESIAN_POINT('Ctrl Pts',(1.56810572820922,10.6539474449495,-77.0627955811667));
#8902=CARTESIAN_POINT('Ctrl Pts',(1.44096202051658,8.72609713880225,-75.3721067148937));
#8903=CARTESIAN_POINT('Ctrl Pts',(1.31381831282394,9.10350358226221,-72.8358661164474));
#8904=CARTESIAN_POINT('Ctrl Pts',(1.1866746051313,11.4401207874597,-71.7797924640931));
#8905=CARTESIAN_POINT('Ctrl Pts',(1.05953089743866,13.5932176526119,-73.1723446971887));
#8906=CARTESIAN_POINT('Ctrl Pts',(0.932387189746022,13.5883843389359,-75.736520673293));
#8907=CARTESIAN_POINT('Ctrl Pts',(0.805243482053384,11.4300480170648,-77.1209411940546));
#8908=CARTESIAN_POINT('Ctrl Pts',(0.678099774360744,9.0974358351943,-76.0560702227395));
#8909=CARTESIAN_POINT('Ctrl Pts',(0.550956066668106,8.7295845883185,-73.5184108614948));
#8910=CARTESIAN_POINT('Ctrl Pts',(0.423812358975466,10.6638196430938,-71.835031540041));
#8911=CARTESIAN_POINT('Ctrl Pts',(0.296668651282826,13.1264200530292,-72.549615047492));
#8912=CARTESIAN_POINT('Ctrl Pts',(0.169524943590187,13.8591469026252,-75.006878113173));
#8913=CARTESIAN_POINT('Ctrl Pts',(0.0423812358975471,12.1900793312434,-76.953476179603));
#8914=CARTESIAN_POINT('Ctrl Pts',(-0.0847624717950918,9.64977571815085,
-76.6043515083921));
#8915=CARTESIAN_POINT('Ctrl Pts',(-0.211906179487731,8.56773003920743,-74.2796563359653));
#8916=CARTESIAN_POINT('Ctrl Pts',(-0.339049887180371,9.93619334741309,-72.1111686856627));
#8917=CARTESIAN_POINT('Ctrl Pts',(-0.466193594873011,12.5002656166613,-72.087422112049));
#8918=CARTESIAN_POINT('Ctrl Pts',(-0.593337302565649,13.9086566639012,-74.2301925529364));
#8919=CARTESIAN_POINT('Ctrl Pts',(-0.72048101025829,12.8698521705904,-76.5745295020456));
#8920=CARTESIAN_POINT('Ctrl Pts',(-0.847624717950928,10.3364504080077,-76.970643139666));
#8921=CARTESIAN_POINT('Ctrl Pts',(-0.97476842564357,8.63161627703592,-75.0552917121544));
#8922=CARTESIAN_POINT('Ctrl Pts',(-1.10191213333621,9.31870655520567,-72.5848793063355));
#8923=CARTESIAN_POINT('Ctrl Pts',(-1.22905584102885,11.7676498334252,-71.8248087010246));
#8924=CARTESIAN_POINT('Ctrl Pts',(-1.35619954872149,13.7327308237082,-73.4720752874254));
#8925=CARTESIAN_POINT('Ctrl Pts',(-1.48334325641413,13.4119427334475,-76.0161125328564));
#8926=CARTESIAN_POINT('Ctrl Pts',(-1.61048696410676,11.0994527346032,-77.1240026494409));
#8927=CARTESIAN_POINT('Ctrl Pts',(-1.73763067179941,8.91584654679328,-75.7797948821835));
#8928=CARTESIAN_POINT('Ctrl Pts',(-1.86477437949204,8.86352162945628,-73.2161465818913));
#8929=CARTESIAN_POINT('Ctrl Pts',(-1.99191808718468,10.9904606649844,-71.7839591481283));
#8930=CARTESIAN_POINT('Ctrl Pts',(-2.11906179487732,13.3462307655829,-72.7965685187206));
#8931=CARTESIAN_POINT('Ctrl Pts',(-2.24620550256996,13.7705577533485,-75.3253977160254));
#8932=CARTESIAN_POINT('Ctrl Pts',(-2.3733492102626,11.8743278346759,-77.0514749480604));
#8933=CARTESIAN_POINT('Ctrl Pts',(-2.50049291795524,9.39641040985935,-76.3919632106246));
#8934=CARTESIAN_POINT('Ctrl Pts',(-2.62763662564788,8.60909045565138,-73.9516440158376));
#8935=CARTESIAN_POINT('Ctrl Pts',(-2.75478033334052,10.2343514170532,-71.9683242238199));
#8936=CARTESIAN_POINT('Ctrl Pts',(-2.88192404103316,12.7818061892329,-72.2607359092533));
#8937=CARTESIAN_POINT('Ctrl Pts',(-3.0090677487258,13.9154031417971,-74.5607333695286));
#8938=CARTESIAN_POINT('Ctrl Pts',(-3.13621145641844,12.5956178355249,-76.7591869015296));
#8939=CARTESIAN_POINT('Ctrl Pts',(-3.26335516411108,10.0327121951741,-76.840083453982));
#8940=CARTESIAN_POINT('Ctrl Pts',(-3.39049887180372,8.57690596193762,-74.7292404972867));
#8941=CARTESIAN_POINT('Ctrl Pts',(-3.51764257949636,9.56319510781262,-72.3623290968867));
#8942=CARTESIAN_POINT('Ctrl Pts',(-3.644786287189,12.0871361281039,-71.9098431596008));
#8943=CARTESIAN_POINT('Ctrl Pts',(-3.77192999488163,13.8342448679622,-73.7867125966524));
#8944=CARTESIAN_POINT('Ctrl Pts',(-3.89907370257428,13.2023878613922,-76.2718339711675));
#8945=CARTESIAN_POINT('Ctrl Pts',(-4.02621741026692,10.771007502292,-77.0862917946015));
#8946=CARTESIAN_POINT('Ctrl Pts',(-4.15336111795955,8.76967208090634,-75.4832658507818));
#8947=CARTESIAN_POINT('Ctrl Pts',(-4.28050482565219,9.03371775872567,-72.9326548352091));
#8948=CARTESIAN_POINT('Ctrl Pts',(-4.40764853334483,11.3208429748004,-71.7736029103633));
#8949=CARTESIAN_POINT('Ctrl Pts',(-4.53479224103747,13.5340595936541,-73.0685785632268));
#8950=CARTESIAN_POINT('Ctrl Pts',(-4.66193594873011,13.6431379560868,-75.6308719661203));
#8951=CARTESIAN_POINT('Ctrl Pts',(-4.78907965642275,11.5494170817265,-77.1092129361678));
#8952=CARTESIAN_POINT('Ctrl Pts',(-4.91622336411539,9.17012032920221,-76.1511939990941));
#8953=CARTESIAN_POINT('Ctrl Pts',(-5.04336707180803,8.69266558463205,-73.6286520462795));
#8954=CARTESIAN_POINT('Ctrl Pts',(-5.12812954360312,9.92640315927344,-72.4571569591735));
#8955=CARTESIAN_POINT('Ctrl Pts',(-5.17051077950067,10.654603775696,-72.2623011240846));
#8956=CARTESIAN_POINT('Ctrl Pts',(2.67051077950067,13.6434280093973,-74.6570891468799));
#8957=CARTESIAN_POINT('Ctrl Pts',(2.62812954360312,13.5744960160263,-75.4570976751276));
#8958=CARTESIAN_POINT('Ctrl Pts',(2.54336707180803,12.5752515890893,-76.9689828235249));
#8959=CARTESIAN_POINT('Ctrl Pts',(2.41622336411539,9.84070292078756,-76.937385832523));
#8960=CARTESIAN_POINT('Ctrl Pts',(2.28907965642275,8.39335917631524,-74.6200677250878));
#8961=CARTESIAN_POINT('Ctrl Pts',(2.16193594873011,9.55448457826069,-72.149125536121));
#8962=CARTESIAN_POINT('Ctrl Pts',(2.03479224103747,12.2622104845552,-71.7869608047831));
#8963=CARTESIAN_POINT('Ctrl Pts',(1.90764853334483,14.0320783321313,-73.8674154370075));
#8964=CARTESIAN_POINT('Ctrl Pts',(1.78050482565219,13.2418083263953,-76.4818222328936));
#8965=CARTESIAN_POINT('Ctrl Pts',(1.65336111795955,10.6157341270385,-77.2331618517667));
#8966=CARTESIAN_POINT('Ctrl Pts',(1.52621741026692,8.56217912768795,-75.4322323072836));
#8967=CARTESIAN_POINT('Ctrl Pts',(1.39907370257428,8.96419420442031,-72.7306171746733));
#8968=CARTESIAN_POINT('Ctrl Pts',(1.27192999488164,11.4531695818143,-71.6056826703917));
#8969=CARTESIAN_POINT('Ctrl Pts',(1.144786287189,13.7466582502138,-73.0890357040853));
#8970=CARTESIAN_POINT('Ctrl Pts',(1.01764257949636,13.7415097822901,-75.8204077292642));
#8971=CARTESIAN_POINT('Ctrl Pts',(0.890498871803718,11.4424400205325,-77.2950988256364));
#8972=CARTESIAN_POINT('Ctrl Pts',(0.76335516411108,8.95773081237875,-76.160793376798));
#8973=CARTESIAN_POINT('Ctrl Pts',(0.636211456418439,8.56589397492801,-73.4576669715393));
#8974=CARTESIAN_POINT('Ctrl Pts',(0.509067748725801,10.6262500378377,-71.6645235877652));
#8975=CARTESIAN_POINT('Ctrl Pts',(0.38192404103316,13.2494233034696,-72.4257012214748));
#8976=CARTESIAN_POINT('Ctrl Pts',(0.254780333340521,14.0299273085514,-75.0431891234963));
#8977=CARTESIAN_POINT('Ctrl Pts',(0.127636625647882,12.2520288666778,-77.1167143231948));
#8978=CARTESIAN_POINT('Ctrl Pts',(0.000492917955242759,9.54608579220751,
-76.7448251201405));
#8979=CARTESIAN_POINT('Ctrl Pts',(-0.126650789737397,8.39348576593231,-74.2685491468031));
#8980=CARTESIAN_POINT('Ctrl Pts',(-0.253794497430036,9.85117916620968,-71.9586661433826));
#8981=CARTESIAN_POINT('Ctrl Pts',(-0.380938205122676,12.5824407223694,-71.9333711841182));
#8982=CARTESIAN_POINT('Ctrl Pts',(-0.508081912815315,14.0826653336257,-74.2158600979689));
#8983=CARTESIAN_POINT('Ctrl Pts',(-0.635225620507955,12.9761260168623,-76.713058582029));
#8984=CARTESIAN_POINT('Ctrl Pts',(-0.762369328200594,10.2775348252505,-77.1350006478895));
#8985=CARTESIAN_POINT('Ctrl Pts',(-0.889513035893234,8.46153767985119,-75.0947595114604));
#8986=CARTESIAN_POINT('Ctrl Pts',(-1.01665674358587,9.19342939947356,-72.4632648719384));
#8987=CARTESIAN_POINT('Ctrl Pts',(-1.14380045127851,11.8020550256842,-71.6536341726988));
#8988=CARTESIAN_POINT('Ctrl Pts',(-1.27094415897115,13.8952683207501,-73.4083101052541));
#8989=CARTESIAN_POINT('Ctrl Pts',(-1.39808786666379,13.5535633738533,-76.1182302620375));
#8990=CARTESIAN_POINT('Ctrl Pts',(-1.52523157435643,11.0902884074659,-77.2983599019726));
#8991=CARTESIAN_POINT('Ctrl Pts',(-1.65237528204907,8.76430106846378,-75.8665036153022));
#8992=CARTESIAN_POINT('Ctrl Pts',(-1.77951898974171,8.70856432622537,-73.1356936728211));
#8993=CARTESIAN_POINT('Ctrl Pts',(-1.90666269743435,10.974189554385,-71.6101210413607));
#8994=CARTESIAN_POINT('Ctrl Pts',(-2.03380640512699,13.4835666839158,-72.6887571931089));
#8995=CARTESIAN_POINT('Ctrl Pts',(-2.16095011281963,13.9355617399151,-75.382477667188));
#8996=CARTESIAN_POINT('Ctrl Pts',(-2.28809382051227,11.9156889225124,-77.2211030613945));
#8997=CARTESIAN_POINT('Ctrl Pts',(-2.41523752820491,9.2761999022891,-76.5185881300103));
#8998=CARTESIAN_POINT('Ctrl Pts',(-2.54238123589755,8.43754307146732,-73.9191489170765));
#8999=CARTESIAN_POINT('Ctrl Pts',(-2.66952494359018,10.1687785112179,-71.8065075666447));
#9000=CARTESIAN_POINT('Ctrl Pts',(-2.79666865128283,12.8823390331878,-72.117985836807));
#9001=CARTESIAN_POINT('Ctrl Pts',(-2.92381235897546,14.0898517128622,-74.5679536937411));
#9002=CARTESIAN_POINT('Ctrl Pts',(-3.0509560666681,12.6840103437877,-76.9097564919591));
#9003=CARTESIAN_POINT('Ctrl Pts',(-3.17809977436074,9.95399148608697,-76.9959278711314));
#9004=CARTESIAN_POINT('Ctrl Pts',(-3.30524348205338,8.40326000096299,-74.7474482600625));
#9005=CARTESIAN_POINT('Ctrl Pts',(-3.43238718974602,9.45385972847217,-72.226203366819));
#9006=CARTESIAN_POINT('Ctrl Pts',(-3.55953089743866,12.1423732939488,-71.7442132684767));
#9007=CARTESIAN_POINT('Ctrl Pts',(-3.6866746051313,14.0034015468711,-73.7434632119479));
#9008=CARTESIAN_POINT('Ctrl Pts',(-3.81381831282394,13.3303445618039,-76.3906259124725));
#9009=CARTESIAN_POINT('Ctrl Pts',(-3.94096202051658,10.7404270376931,-77.258190126219));
#9010=CARTESIAN_POINT('Ctrl Pts',(-4.06810572820922,8.60859535612587,-75.5506395293065));
#9011=CARTESIAN_POINT('Ctrl Pts',(-4.19524943590186,8.88985802471264,-72.8337169623798));
#9012=CARTESIAN_POINT('Ctrl Pts',(-4.3223931435945,11.3261143080116,-71.5990895293346));
#9013=CARTESIAN_POINT('Ctrl Pts',(-4.44953685128714,13.6836428141411,-72.978503541665));
#9014=CARTESIAN_POINT('Ctrl Pts',(-4.57668055897978,13.7998335867236,-75.7078702412147));
#9015=CARTESIAN_POINT('Ctrl Pts',(-4.70382426667242,11.5695924963872,-77.2826058314758));
#9016=CARTESIAN_POINT('Ctrl Pts',(-4.83096797436506,9.03515466918404,-76.2621196602067));
#9017=CARTESIAN_POINT('Ctrl Pts',(-4.9581116820577,8.52656768265855,-73.5750963878311));
#9018=CARTESIAN_POINT('Ctrl Pts',(-5.04287415385279,9.84075061284397,-72.3272144412038));
#9019=CARTESIAN_POINT('Ctrl Pts',(-5.08525538975034,10.6164332535637,-72.1196531108331));
#9020=CARTESIAN_POINT('Ctrl Pts',(2.755766169251,13.7905495526008,-74.6697657382945));
#9021=CARTESIAN_POINT('Ctrl Pts',(2.71338493335346,13.7173980106511,-75.5187453564986));
#9022=CARTESIAN_POINT('Ctrl Pts',(2.62862246155837,12.656986624873,-77.1231778478197));
#9023=CARTESIAN_POINT('Ctrl Pts',(2.50147875386573,9.75504745497425,-77.0896467035756));
#9024=CARTESIAN_POINT('Ctrl Pts',(2.37433504617309,8.21910715408332,-74.6304781164398));
#9025=CARTESIAN_POINT('Ctrl Pts',(2.24719133848045,9.45130876897085,-72.0082816246248));
#9026=CARTESIAN_POINT('Ctrl Pts',(2.12004763078781,12.3247832695017,-71.6239476275714));
#9027=CARTESIAN_POINT('Ctrl Pts',(1.99290392309517,14.2029904091154,-73.8317535658723));
#9028=CARTESIAN_POINT('Ctrl Pts',(1.86576021540253,13.3643454396457,-76.6061965937023));
#9029=CARTESIAN_POINT('Ctrl Pts',(1.73861650770989,10.5775208091275,-77.4035281223668));
#9030=CARTESIAN_POINT('Ctrl Pts',(1.61147280001725,8.39826111657364,-75.4923578996736));
#9031=CARTESIAN_POINT('Ctrl Pts',(1.48432909232461,8.82488482657841,-72.6253682328991));
#9032=CARTESIAN_POINT('Ctrl Pts',(1.35718538463197,11.4662183761688,-71.4315728766904));
#9033=CARTESIAN_POINT('Ctrl Pts',(1.23004167693933,13.9000988478157,-73.0057267109818));
#9034=CARTESIAN_POINT('Ctrl Pts',(1.10289796924669,13.8946352256443,-75.9042947852355));
#9035=CARTESIAN_POINT('Ctrl Pts',(0.975754261554052,11.4548320240002,-77.4692564572181));
#9036=CARTESIAN_POINT('Ctrl Pts',(0.848610553861414,8.81802578956317,-76.2655165308565));
#9037=CARTESIAN_POINT('Ctrl Pts',(0.721466846168775,8.40220336153753,-73.3969230815838));
#9038=CARTESIAN_POINT('Ctrl Pts',(0.594323138476135,10.5886804325817,-71.4940156354894));
#9039=CARTESIAN_POINT('Ctrl Pts',(0.467179430783496,13.37242655391,-72.3017873954576));
#9040=CARTESIAN_POINT('Ctrl Pts',(0.340035723090855,14.2007077144777,-75.0795001338194));
#9041=CARTESIAN_POINT('Ctrl Pts',(0.212892015398217,12.3139784021121,-77.2799524667869));
#9042=CARTESIAN_POINT('Ctrl Pts',(0.0857483077055773,9.44239586626416,-76.8852987318887));
#9043=CARTESIAN_POINT('Ctrl Pts',(-0.0413953999870618,8.21924149265719,
-74.257441957641));
#9044=CARTESIAN_POINT('Ctrl Pts',(-0.168539107679702,9.76616498500626,-71.8061636011025));
#9045=CARTESIAN_POINT('Ctrl Pts',(-0.295682815372341,12.6646158280776,-71.7793202561873));
#9046=CARTESIAN_POINT('Ctrl Pts',(-0.422826523064981,14.2566740033502,-74.2015276430014));
#9047=CARTESIAN_POINT('Ctrl Pts',(-0.54997023075762,13.0823998631343,-76.8515876620122));
#9048=CARTESIAN_POINT('Ctrl Pts',(-0.677113938450259,10.2186192424932,-77.2993581561133));
#9049=CARTESIAN_POINT('Ctrl Pts',(-0.8042576461429,8.29145908266647,-75.1342273107663));
#9050=CARTESIAN_POINT('Ctrl Pts',(-0.931401353835539,9.06815224374146,-72.3416504375414));
#9051=CARTESIAN_POINT('Ctrl Pts',(-1.05854506152818,11.8364602179432,-71.4824596443729));
#9052=CARTESIAN_POINT('Ctrl Pts',(-1.18568876922082,14.057805817792,-73.344544923083));
#9053=CARTESIAN_POINT('Ctrl Pts',(-1.31283247691346,13.6951840142591,-76.2203479912184));
#9054=CARTESIAN_POINT('Ctrl Pts',(-1.4399761846061,11.0811240803286,-77.4727171545047));
#9055=CARTESIAN_POINT('Ctrl Pts',(-1.56711989229874,8.6127555901343,-75.9532123484207));
#9056=CARTESIAN_POINT('Ctrl Pts',(-1.69426359999137,8.55360702299443,-73.0552407637511));
#9057=CARTESIAN_POINT('Ctrl Pts',(-1.82140730768401,10.9579184437857,-71.4362829345931));
#9058=CARTESIAN_POINT('Ctrl Pts',(-1.94855101537665,13.6209026022486,-72.580945867497));
#9059=CARTESIAN_POINT('Ctrl Pts',(-2.07569472306929,14.1005657264817,-75.4395576183507));
#9060=CARTESIAN_POINT('Ctrl Pts',(-2.20283843076193,11.9570500103489,-77.3907311747283));
#9061=CARTESIAN_POINT('Ctrl Pts',(-2.32998213845458,9.15598939471885,-76.6452130493961));
#9062=CARTESIAN_POINT('Ctrl Pts',(-2.45712584614721,8.26599568728328,-73.8866538183151));
#9063=CARTESIAN_POINT('Ctrl Pts',(-2.58426955383985,10.1032056053825,-71.6446909094696));
#9064=CARTESIAN_POINT('Ctrl Pts',(-2.71141326153249,12.9828718771428,-71.9752357643605));
#9065=CARTESIAN_POINT('Ctrl Pts',(-2.83855696922513,14.2643002839272,-74.575174017954));
#9066=CARTESIAN_POINT('Ctrl Pts',(-2.96570067691777,12.7724028520505,-77.0603260823885));
#9067=CARTESIAN_POINT('Ctrl Pts',(-3.09284438461041,9.87527077699984,-77.1517722882811));
#9068=CARTESIAN_POINT('Ctrl Pts',(-3.21998809230305,8.22961403998837,-74.765656022838));
#9069=CARTESIAN_POINT('Ctrl Pts',(-3.34713179999569,9.34452434913172,-72.0900776367515));
#9070=CARTESIAN_POINT('Ctrl Pts',(-3.47427550768833,12.1976104597936,-71.5785833773527));
#9071=CARTESIAN_POINT('Ctrl Pts',(-3.60141921538096,14.1725582257801,-73.7002138272433));
#9072=CARTESIAN_POINT('Ctrl Pts',(-3.72856292307361,13.4583012622155,-76.5094178537777));
#9073=CARTESIAN_POINT('Ctrl Pts',(-3.85570663076625,10.7098465730943,-77.4300884578363));
#9074=CARTESIAN_POINT('Ctrl Pts',(-3.98285033845889,8.4475186313454,-75.6180132078311));
#9075=CARTESIAN_POINT('Ctrl Pts',(-4.10999404615152,8.74599829069961,-72.7347790895505));
#9076=CARTESIAN_POINT('Ctrl Pts',(-4.23713775384417,11.3313856412227,-71.4245761483059));
#9077=CARTESIAN_POINT('Ctrl Pts',(-4.3642814615368,13.8332260346282,-72.8884285201033));
#9078=CARTESIAN_POINT('Ctrl Pts',(-4.49142516922944,13.9565292173604,-75.7848685163091));
#9079=CARTESIAN_POINT('Ctrl Pts',(-4.61856887692208,11.5897679110479,-77.4559987267837));
#9080=CARTESIAN_POINT('Ctrl Pts',(-4.74571258461472,8.90018900916588,-76.3730453213193));
#9081=CARTESIAN_POINT('Ctrl Pts',(-4.87285629230736,8.36046978068504,-73.5215407293828));
#9082=CARTESIAN_POINT('Ctrl Pts',(-4.95761876410245,9.75509806641449,-72.1972719232341));
#9083=CARTESIAN_POINT('Ctrl Pts',(-5.,10.5782627314314,-71.9770050975816));
#9084=CARTESIAN_POINT('Origin',(5.,112.5,-60.));
#9085=CARTESIAN_POINT('',(5.,225.,2.46519032881566E-31));
#9086=CARTESIAN_POINT('',(5.,0.,0.));
#9087=CARTESIAN_POINT('',(5.,225.,2.46519032881566E-31));
#9088=CARTESIAN_POINT('',(5.,0.,-120.));
#9089=CARTESIAN_POINT('',(5.,0.,0.));
#9090=CARTESIAN_POINT('',(5.,225.,-120.));
#9091=CARTESIAN_POINT('',(5.,0.,-120.));
#9092=CARTESIAN_POINT('',(5.,225.,-120.));
#9093=CARTESIAN_POINT('Ctrl Pts',(5.,198.088262731432,-114.972994902418));
#9094=CARTESIAN_POINT('Ctrl Pts',(5.,198.007016986476,-114.943577702045));
#9095=CARTESIAN_POINT('Ctrl Pts',(5.,197.927643638551,-114.909798134439));
#9096=CARTESIAN_POINT('Ctrl Pts',(5.,197.850342047077,-114.8719703429));
#9097=CARTESIAN_POINT('Ctrl Pts',(5.,197.768425418556,-114.831884167595));
#9098=CARTESIAN_POINT('Ctrl Pts',(5.,197.688834330279,-114.787251533317));
#9099=CARTESIAN_POINT('Ctrl Pts',(5.,197.611838654322,-114.738394908865));
#9100=CARTESIAN_POINT('Ctrl Pts',(5.,197.544467437859,-114.69564536247));
#9101=CARTESIAN_POINT('Ctrl Pts',(5.,197.479083536439,-114.649660635023));
#9102=CARTESIAN_POINT('Ctrl Pts',(5.,197.41589527061,-114.60063227557));
#9103=CARTESIAN_POINT('Ctrl Pts',(5.,197.385616733449,-114.577138878748));
#9104=CARTESIAN_POINT('Ctrl Pts',(5.,197.355842759944,-114.552946337706));
#9105=CARTESIAN_POINT('Ctrl Pts',(5.,197.326598759258,-114.528074396373));
#9106=CARTESIAN_POINT('Ctrl Pts',(5.,197.308333969001,-114.512540243006));
#9107=CARTESIAN_POINT('Ctrl Pts',(5.,197.290275944924,-114.49674105263));
#9108=CARTESIAN_POINT('Ctrl Pts',(5.,197.272431230016,-114.480681508571));
#9109=CARTESIAN_POINT('Ctrl Pts',(5.,197.260650492644,-114.470079306639));
#9110=CARTESIAN_POINT('Ctrl Pts',(5.,197.248961513125,-114.459362358185));
#9111=CARTESIAN_POINT('Ctrl Pts',(5.,197.237381720852,-114.448546858579));
#9112=CARTESIAN_POINT('Ctrl Pts',(5.,197.173971522404,-114.389321877662));
#9113=CARTESIAN_POINT('Ctrl Pts',(5.,197.113724011953,-114.327048938519));
#9114=CARTESIAN_POINT('Ctrl Pts',(5.,197.056870111252,-114.262006958713));
#9115=CARTESIAN_POINT('Ctrl Pts',(5.,197.000347436783,-114.197343908228));
#9116=CARTESIAN_POINT('Ctrl Pts',(5.,196.947178431883,-114.129943159864));
#9117=CARTESIAN_POINT('Ctrl Pts',(5.,196.897633588849,-114.060052055943));
#9118=CARTESIAN_POINT('Ctrl Pts',(5.,196.853110341495,-113.997244733986));
#9119=CARTESIAN_POINT('Ctrl Pts',(5.,196.811514124762,-113.932425562052));
#9120=CARTESIAN_POINT('Ctrl Pts',(5.,196.773076677272,-113.865763521793));
#9121=CARTESIAN_POINT('Ctrl Pts',(5.,196.75608341498,-113.836292118019));
#9122=CARTESIAN_POINT('Ctrl Pts',(5.,196.739708017211,-113.806460431572));
#9123=CARTESIAN_POINT('Ctrl Pts',(5.,196.723972857467,-113.776282806553));
#9124=CARTESIAN_POINT('Ctrl Pts',(5.,196.716389487694,-113.761739065458));
#9125=CARTESIAN_POINT('Ctrl Pts',(5.,196.708954844613,-113.747114974229));
#9126=CARTESIAN_POINT('Ctrl Pts',(5.,196.701671560309,-113.732412136805));
#9127=CARTESIAN_POINT('Ctrl Pts',(5.,196.695495191833,-113.719943841214));
#9128=CARTESIAN_POINT('Ctrl Pts',(5.,196.689427304366,-113.707417947524));
#9129=CARTESIAN_POINT('Ctrl Pts',(5.,196.683476573013,-113.694850838087));
#9130=CARTESIAN_POINT('Ctrl Pts',(5.,196.647838989384,-113.619589263159));
#9131=CARTESIAN_POINT('Ctrl Pts',(5.,196.616335387569,-113.542724543169));
#9132=CARTESIAN_POINT('Ctrl Pts',(5.,196.5892131815,-113.464489225018));
#9133=CARTESIAN_POINT('Ctrl Pts',(5.,196.562090975431,-113.386253906868));
#9134=CARTESIAN_POINT('Ctrl Pts',(5.,196.539349683613,-113.306647244878));
#9135=CARTESIAN_POINT('Ctrl Pts',(5.,196.521291506951,-113.225891922292));
#9136=CARTESIAN_POINT('Ctrl Pts',(5.,196.503103199433,-113.144554660596));
#9137=CARTESIAN_POINT('Ctrl Pts',(5.,196.489666481112,-113.062050910481));
#9138=CARTESIAN_POINT('Ctrl Pts',(5.,196.480907159512,-112.978770263904));
#9139=CARTESIAN_POINT('Ctrl Pts',(5.,196.477795659698,-112.949187183356));
#9140=CARTESIAN_POINT('Ctrl Pts',(5.,196.475274828393,-112.919506193837));
#9141=CARTESIAN_POINT('Ctrl Pts',(5.,196.473342825232,-112.889745296544));
#9142=CARTESIAN_POINT('Ctrl Pts',(5.,196.472499995967,-112.876762214701));
#9143=CARTESIAN_POINT('Ctrl Pts',(5.,196.471769236685,-112.863763930323));
#9144=CARTESIAN_POINT('Ctrl Pts',(5.,196.471150438488,-112.850751962056));
#9145=CARTESIAN_POINT('Ctrl Pts',(5.,196.470508009646,-112.837243093152));
#9146=CARTESIAN_POINT('Ctrl Pts',(5.,196.469986659987,-112.823727258092));
#9147=CARTESIAN_POINT('Ctrl Pts',(5.,196.469585947854,-112.810211908181));
#9148=CARTESIAN_POINT('Ctrl Pts',(5.,196.467164838202,-112.728551929726));
#9149=CARTESIAN_POINT('Ctrl Pts',(5.,196.46914008193,-112.646842079101));
#9150=CARTESIAN_POINT('Ctrl Pts',(5.,196.475384094905,-112.565442649852));
#9151=CARTESIAN_POINT('Ctrl Pts',(5.,196.481634889467,-112.483954813146));
#9152=CARTESIAN_POINT('Ctrl Pts',(5.,196.492164121284,-112.402777054156));
#9153=CARTESIAN_POINT('Ctrl Pts',(5.,196.506894385849,-112.322283444221));
#9154=CARTESIAN_POINT('Ctrl Pts',(5.,196.521387963456,-112.243083211442));
#9155=CARTESIAN_POINT('Ctrl Pts',(5.,196.539949128784,-112.164544452188));
#9156=CARTESIAN_POINT('Ctrl Pts',(5.,196.562546483969,-112.087049561917));
#9157=CARTESIAN_POINT('Ctrl Pts',(5.,196.571470157389,-112.056446905685));
#9158=CARTESIAN_POINT('Ctrl Pts',(5.,196.581023687103,-112.026007394821));
#9159=CARTESIAN_POINT('Ctrl Pts',(5.,196.591206758816,-111.995756171393));
#9160=CARTESIAN_POINT('Ctrl Pts',(5.,196.595834357877,-111.98200879368));
#9161=CARTESIAN_POINT('Ctrl Pts',(5.,196.600592040658,-111.968300410273));
#9162=CARTESIAN_POINT('Ctrl Pts',(5.,196.605474810276,-111.954646704761));
#9163=CARTESIAN_POINT('Ctrl Pts',(5.,196.63204808799,-111.880339756702));
#9164=CARTESIAN_POINT('Ctrl Pts',(5.,196.662356274625,-111.807548923282));
#9165=CARTESIAN_POINT('Ctrl Pts',(5.,196.696343922252,-111.736629067378));
#9166=CARTESIAN_POINT('Ctrl Pts',(5.,196.721701254885,-111.683717539161));
#9167=CARTESIAN_POINT('Ctrl Pts',(5.,196.74910758096,-111.63184786757));
#9168=CARTESIAN_POINT('Ctrl Pts',(5.,196.778553450963,-111.581180379699));
#9169=CARTESIAN_POINT('Ctrl Pts',(5.,196.788345810518,-111.564330673477));
#9170=CARTESIAN_POINT('Ctrl Pts',(5.,196.798363817119,-111.547614025993));
#9171=CARTESIAN_POINT('Ctrl Pts',(5.,196.808607380319,-111.531036670197));
#9172=CARTESIAN_POINT('Ctrl Pts',(5.,196.816943804716,-111.51754567389));
#9173=CARTESIAN_POINT('Ctrl Pts',(5.,196.825428727983,-111.504148538389));
#9174=CARTESIAN_POINT('Ctrl Pts',(5.,196.834055599835,-111.490858124721));
#9175=CARTESIAN_POINT('Ctrl Pts',(5.,196.875137154542,-111.427568572546));
#9176=CARTESIAN_POINT('Ctrl Pts',(5.,196.91947316205,-111.366633974853));
#9177=CARTESIAN_POINT('Ctrl Pts',(5.,196.967032620032,-111.308393555275));
#9178=CARTESIAN_POINT('Ctrl Pts',(5.,197.007920435653,-111.258323103709));
#9179=CARTESIAN_POINT('Ctrl Pts',(5.,197.051191435572,-111.210244230845));
#9180=CARTESIAN_POINT('Ctrl Pts',(5.,197.096843570906,-111.164397857769));
#9181=CARTESIAN_POINT('Ctrl Pts',(5.,197.106783353045,-111.15441578449));
#9182=CARTESIAN_POINT('Ctrl Pts',(5.,197.116836072201,-111.144539645853));
#9183=CARTESIAN_POINT('Ctrl Pts',(5.,197.126999606656,-111.13477032598));
#9184=CARTESIAN_POINT('Ctrl Pts',(5.,200.369925694389,-111.137087770743));
#9185=CARTESIAN_POINT('Ctrl Pts',(5.,200.423371832107,-111.188659604087));
#9186=CARTESIAN_POINT('Ctrl Pts',(5.,200.473686793458,-111.243083084679));
#9187=CARTESIAN_POINT('Ctrl Pts',(5.,200.520876995247,-111.299990825373));
#9188=CARTESIAN_POINT('Ctrl Pts',(5.,200.569382043086,-111.358484168911));
#9189=CARTESIAN_POINT('Ctrl Pts',(5.,200.61458622555,-111.419602609007));
#9190=CARTESIAN_POINT('Ctrl Pts',(5.,200.656469395518,-111.48299479526));
#9191=CARTESIAN_POINT('Ctrl Pts',(5.,200.697114769089,-111.544513517308));
#9192=CARTESIAN_POINT('Ctrl Pts',(5.,200.734632689421,-111.608174404822));
#9193=CARTESIAN_POINT('Ctrl Pts',(5.,200.768975436261,-111.673690228018));
#9194=CARTESIAN_POINT('Ctrl Pts',(5.,200.784000388004,-111.702353400666));
#9195=CARTESIAN_POINT('Ctrl Pts',(5.,200.798417191985,-111.731371992651));
#9196=CARTESIAN_POINT('Ctrl Pts',(5.,200.812219884011,-111.76072347942));
#9197=CARTESIAN_POINT('Ctrl Pts',(5.,200.821446701924,-111.780344349276));
#9198=CARTESIAN_POINT('Ctrl Pts',(5.,200.830399069375,-111.800113995908));
#9199=CARTESIAN_POINT('Ctrl Pts',(5.,200.839074881991,-111.820025872685));
#9200=CARTESIAN_POINT('Ctrl Pts',(5.,200.844409251653,-111.832268796326));
#9201=CARTESIAN_POINT('Ctrl Pts',(5.,200.849635336541,-111.844556993007));
#9202=CARTESIAN_POINT('Ctrl Pts',(5.,200.854751547337,-111.856884977293));
#9203=CARTESIAN_POINT('Ctrl Pts',(5.,200.885463398144,-111.930888029408));
#9204=CARTESIAN_POINT('Ctrl Pts',(5.,200.912237234432,-112.006363554448));
#9205=CARTESIAN_POINT('Ctrl Pts',(5.,200.935050050162,-112.082931104455));
#9206=CARTESIAN_POINT('Ctrl Pts',(5.,200.958226697924,-112.160719798211));
#9207=CARTESIAN_POINT('Ctrl Pts',(5.,200.977315467014,-112.239636447573));
#9208=CARTESIAN_POINT('Ctrl Pts',(5.,200.99225139178,-112.319316838302));
#9209=CARTESIAN_POINT('Ctrl Pts',(5.,201.00557860295,-112.390415040119));
#9210=CARTESIAN_POINT('Ctrl Pts',(5.,201.015599021704,-112.462122253049));
#9211=CARTESIAN_POINT('Ctrl Pts',(5.,201.022234901909,-112.534194115623));
#9212=CARTESIAN_POINT('Ctrl Pts',(5.,201.024812759208,-112.562192055798));
#9213=CARTESIAN_POINT('Ctrl Pts',(5.,201.026879514357,-112.590245124011));
#9214=CARTESIAN_POINT('Ctrl Pts',(5.,201.028429273132,-112.618339263547));
#9215=CARTESIAN_POINT('Ctrl Pts',(5.,201.029286251172,-112.633874623628));
#9216=CARTESIAN_POINT('Ctrl Pts',(5.,201.02998512761,-112.649422544187));
#9217=CARTESIAN_POINT('Ctrl Pts',(5.,201.030524801854,-112.664980655155));
#9218=CARTESIAN_POINT('Ctrl Pts',(5.,201.030972667434,-112.67789204098));
#9219=CARTESIAN_POINT('Ctrl Pts',(5.,201.031310551335,-112.690801100082));
#9220=CARTESIAN_POINT('Ctrl Pts',(5.,201.03153826208,-112.703704203269));
#9221=CARTESIAN_POINT('Ctrl Pts',(5.,201.033011006005,-112.787156421647));
#9222=CARTESIAN_POINT('Ctrl Pts',(5.,201.029880027759,-112.870387194282));
#9223=CARTESIAN_POINT('Ctrl Pts',(5.,201.022087730413,-112.953015747013));
#9224=CARTESIAN_POINT('Ctrl Pts',(5.,201.014887059278,-113.029370768913));
#9225=CARTESIAN_POINT('Ctrl Pts',(5.,201.003705796414,-113.105212473705));
#9226=CARTESIAN_POINT('Ctrl Pts',(5.,200.988460716384,-113.180252213806));
#9227=CARTESIAN_POINT('Ctrl Pts',(5.,200.972375747582,-113.259426076848));
#9228=CARTESIAN_POINT('Ctrl Pts',(5.,200.951767682815,-113.337708025527));
#9229=CARTESIAN_POINT('Ctrl Pts',(5.,200.926901082887,-113.414871015103));
#9230=CARTESIAN_POINT('Ctrl Pts',(5.,200.91680430111,-113.446202112607));
#9231=CARTESIAN_POINT('Ctrl Pts',(5.,200.906004825687,-113.477348666901));
#9232=CARTESIAN_POINT('Ctrl Pts',(5.,200.894517996392,-113.508295049167));
#9233=CARTESIAN_POINT('Ctrl Pts',(5.,200.889887498556,-113.520769958685));
#9234=CARTESIAN_POINT('Ctrl Pts',(5.,200.885145290515,-113.533212336058));
#9235=CARTESIAN_POINT('Ctrl Pts',(5.,200.880292318368,-113.5456211392));
#9236=CARTESIAN_POINT('Ctrl Pts',(5.,200.875615464353,-113.557579617227));
#9237=CARTESIAN_POINT('Ctrl Pts',(5.,200.870839389147,-113.569497575389));
#9238=CARTESIAN_POINT('Ctrl Pts',(5.,200.865965585216,-113.581373762972));
#9239=CARTESIAN_POINT('Ctrl Pts',(5.,200.834085566881,-113.65905704348));
#9240=CARTESIAN_POINT('Ctrl Pts',(5.,200.798026654686,-113.73495870447));
#9241=CARTESIAN_POINT('Ctrl Pts',(5.,200.75812886901,-113.808841469431));
#9242=CARTESIAN_POINT('Ctrl Pts',(5.,200.717730260832,-113.883651658072));
#9243=CARTESIAN_POINT('Ctrl Pts',(5.,200.673395394735,-113.95639272623));
#9244=CARTESIAN_POINT('Ctrl Pts',(5.,200.625421165891,-114.026812517723));
#9245=CARTESIAN_POINT('Ctrl Pts',(5.,200.577001819457,-114.097885682677));
#9246=CARTESIAN_POINT('Ctrl Pts',(5.,200.524874789918,-114.166595150839));
#9247=CARTESIAN_POINT('Ctrl Pts',(5.,200.469295227831,-114.232663397424));
#9248=CARTESIAN_POINT('Ctrl Pts',(5.,200.447826207478,-114.258183939102));
#9249=CARTESIAN_POINT('Ctrl Pts',(5.,200.425841551126,-114.283310126484));
#9250=CARTESIAN_POINT('Ctrl Pts',(5.,200.403354227596,-114.308024816328));
#9251=CARTESIAN_POINT('Ctrl Pts',(5.,200.388976208315,-114.323826976447));
#9252=CARTESIAN_POINT('Ctrl Pts',(5.,200.37438834029,-114.339465243946));
#9253=CARTESIAN_POINT('Ctrl Pts',(5.,200.359617557074,-114.354910711878));
#9254=CARTESIAN_POINT('Ctrl Pts',(5.,200.296438336863,-114.420975767835));
#9255=CARTESIAN_POINT('Ctrl Pts',(5.,200.229856525537,-114.483585981413));
#9256=CARTESIAN_POINT('Ctrl Pts',(5.,200.160201823387,-114.542434195131));
#9257=CARTESIAN_POINT('Ctrl Pts',(5.,200.107960796775,-114.58657035542));
#9258=CARTESIAN_POINT('Ctrl Pts',(5.,200.05398998029,-114.628590110619));
#9259=CARTESIAN_POINT('Ctrl Pts',(5.,199.99841013115,-114.668351913564));
#9260=CARTESIAN_POINT('Ctrl Pts',(5.,199.98207698871,-114.680036637456));
#9261=CARTESIAN_POINT('Ctrl Pts',(5.,199.965604800335,-114.69152628506));
#9262=CARTESIAN_POINT('Ctrl Pts',(5.,199.948996409923,-114.702817042303));
#9263=CARTESIAN_POINT('Ctrl Pts',(5.,199.93484232274,-114.712439309026));
#9264=CARTESIAN_POINT('Ctrl Pts',(5.,199.920591003917,-114.721915877304));
#9265=CARTESIAN_POINT('Ctrl Pts',(5.,199.906253959145,-114.731238385382));
#9266=CARTESIAN_POINT('Ctrl Pts',(5.,199.831684144791,-114.779726599499));
#9267=CARTESIAN_POINT('Ctrl Pts',(5.,199.754727554064,-114.824098263071));
#9268=CARTESIAN_POINT('Ctrl Pts',(5.,199.675660976857,-114.864061029039));
#9269=CARTESIAN_POINT('Ctrl Pts',(5.,199.605669176854,-114.899437113624));
#9270=CARTESIAN_POINT('Ctrl Pts',(5.,199.534023042677,-114.93135828593));
#9271=CARTESIAN_POINT('Ctrl Pts',(5.,199.460892086638,-114.959596074958));
#9272=CARTESIAN_POINT('Ctrl Pts',(5.,199.445056860769,-114.965710472902));
#9273=CARTESIAN_POINT('Ctrl Pts',(5.,199.429151950087,-114.97165206457));
#9274=CARTESIAN_POINT('Ctrl Pts',(5.,199.413179911189,-114.9774216186));
#9275=CARTESIAN_POINT('Ctrl Pts',(5.,198.088262731432,-9.97299490241847));
#9276=CARTESIAN_POINT('Ctrl Pts',(5.,198.007008386046,-9.94357458802886));
#9277=CARTESIAN_POINT('Ctrl Pts',(5.,197.927626535521,-9.90979313766106));
#9278=CARTESIAN_POINT('Ctrl Pts',(5.,197.850316671018,-9.87196435504752));
#9279=CARTESIAN_POINT('Ctrl Pts',(5.,197.768400969878,-9.83188187306426));
#9280=CARTESIAN_POINT('Ctrl Pts',(5.,197.688810516551,-9.78725500879071));
#9281=CARTESIAN_POINT('Ctrl Pts',(5.,197.61181525369,-9.73840571655785));
#9282=CARTESIAN_POINT('Ctrl Pts',(5.,197.544444398686,-9.69566258585409));
#9283=CARTESIAN_POINT('Ctrl Pts',(5.,197.479060688762,-9.64968547104213));
#9284=CARTESIAN_POINT('Ctrl Pts',(5.,197.415872490619,-9.60066558260788));
#9285=CARTESIAN_POINT('Ctrl Pts',(5.,197.385596221092,-9.57717797894073));
#9286=CARTESIAN_POINT('Ctrl Pts',(5.,197.355824412315,-9.55299153135388));
#9287=CARTESIAN_POINT('Ctrl Pts',(5.,197.326582472819,-9.52812594201631));
#9288=CARTESIAN_POINT('Ctrl Pts',(5.,197.3083218086,-9.51259816973638));
#9289=CARTESIAN_POINT('Ctrl Pts',(5.,197.290267805913,-9.49680554364768));
#9290=CARTESIAN_POINT('Ctrl Pts',(5.,197.272427004415,-9.48075273469052));
#9291=CARTESIAN_POINT('Ctrl Pts',(5.,197.260644604082,-9.47015115820616));
#9292=CARTESIAN_POINT('Ctrl Pts',(5.,197.248953979719,-9.45943482638967));
#9293=CARTESIAN_POINT('Ctrl Pts',(5.,197.237372567006,-9.44861993443608));
#9294=CARTESIAN_POINT('Ctrl Pts',(5.,197.173960776629,-9.38940508056055));
#9295=CARTESIAN_POINT('Ctrl Pts',(5.,197.113711661471,-9.32714270409694));
#9296=CARTESIAN_POINT('Ctrl Pts',(5.,197.056856213554,-9.26211128905144));
#9297=CARTESIAN_POINT('Ctrl Pts',(5.,197.000333734371,-9.19746072454339));
#9298=CARTESIAN_POINT('Ctrl Pts',(5.,196.94716477598,-9.13007263289659));
#9299=CARTESIAN_POINT('Ctrl Pts',(5.,196.897619875549,-9.06019390509763));
#9300=CARTESIAN_POINT('Ctrl Pts',(5.,196.853095069331,-8.99739557899524));
#9301=CARTESIAN_POINT('Ctrl Pts',(5.,196.811497407715,-8.93258504059693));
#9302=CARTESIAN_POINT('Ctrl Pts',(5.,196.77305868396,-8.86593095158154));
#9303=CARTESIAN_POINT('Ctrl Pts',(5.,196.756064367228,-8.83646221303995));
#9304=CARTESIAN_POINT('Ctrl Pts',(5.,196.739687983657,-8.80663303749308));
#9305=CARTESIAN_POINT('Ctrl Pts',(5.,196.723951913662,-8.77645774159858));
#9306=CARTESIAN_POINT('Ctrl Pts',(5.,196.716366920686,-8.76191285157926));
#9307=CARTESIAN_POINT('Ctrl Pts',(5.,196.708930718421,-8.74728754407997));
#9308=CARTESIAN_POINT('Ctrl Pts',(5.,196.701645940994,-8.73258342065328));
#9309=CARTESIAN_POINT('Ctrl Pts',(5.,196.695470610997,-8.72011868643211));
#9310=CARTESIAN_POINT('Ctrl Pts',(5.,196.68940372956,-8.70759634905221));
#9311=CARTESIAN_POINT('Ctrl Pts',(5.,196.683453967794,-8.69503277925504));
#9312=CARTESIAN_POINT('Ctrl Pts',(5.,196.647815786942,-8.61977887998059));
#9313=CARTESIAN_POINT('Ctrl Pts',(5.,196.616311784008,-8.54292070705243));
#9314=CARTESIAN_POINT('Ctrl Pts',(5.,196.58918943576,-8.46469039683988));
#9315=CARTESIAN_POINT('Ctrl Pts',(5.,196.562067087512,-8.38646008662733));
#9316=CARTESIAN_POINT('Ctrl Pts',(5.,196.539325912338,-8.30685689425425));
#9317=CARTESIAN_POINT('Ctrl Pts',(5.,196.521268177245,-8.22610307175044));
#9318=CARTESIAN_POINT('Ctrl Pts',(5.,196.503080187715,-8.14476675406885));
#9319=CARTESIAN_POINT('Ctrl Pts',(5.,196.489644183464,-8.06226193211759));
#9320=CARTESIAN_POINT('Ctrl Pts',(5.,196.480885905145,-7.97897854448913));
#9321=CARTESIAN_POINT('Ctrl Pts',(5.,196.477774970411,-7.94939633963573));
#9322=CARTESIAN_POINT('Ctrl Pts',(5.,196.475254671905,-7.91971602738159));
#9323=CARTESIAN_POINT('Ctrl Pts',(5.,196.47332316663,-7.88995562092561));
#9324=CARTESIAN_POINT('Ctrl Pts',(5.,196.472480665932,-7.87697446910393));
#9325=CARTESIAN_POINT('Ctrl Pts',(5.,196.47175019895,-7.86397808329507));
#9326=CARTESIAN_POINT('Ctrl Pts',(5.,196.471131656601,-7.85096798253185));
#9327=CARTESIAN_POINT('Ctrl Pts',(5.,196.470489231301,-7.83745554009706));
#9328=CARTESIAN_POINT('Ctrl Pts',(5.,196.469967944083,-7.82393607947043));
#9329=CARTESIAN_POINT('Ctrl Pts',(5.,196.469567353288,-7.81041707202187));
#9330=CARTESIAN_POINT('Ctrl Pts',(5.,196.46714749715,-7.72875255657563));
#9331=CARTESIAN_POINT('Ctrl Pts',(5.,196.46912424264,-7.6470368346549));
#9332=CARTESIAN_POINT('Ctrl Pts',(5.,196.475369938583,-7.565630544347));
#9333=CARTESIAN_POINT('Ctrl Pts',(5.,196.481622409466,-7.48413594961221));
#9334=CARTESIAN_POINT('Ctrl Pts',(5.,196.492153487768,-7.40295043907432));
#9335=CARTESIAN_POINT('Ctrl Pts',(5.,196.506885704011,-7.32244841930251));
#9336=CARTESIAN_POINT('Ctrl Pts',(5.,196.521380864501,-7.24324175567985));
#9337=CARTESIAN_POINT('Ctrl Pts',(5.,196.539943525461,-7.16469589694923));
#9338=CARTESIAN_POINT('Ctrl Pts',(5.,196.56254222844,-7.08719353293403));
#9339=CARTESIAN_POINT('Ctrl Pts',(5.,196.571466277436,-7.05658846261585));
#9340=CARTESIAN_POINT('Ctrl Pts',(5.,196.581020137506,-7.02614647362319));
#9341=CARTESIAN_POINT('Ctrl Pts',(5.,196.591203490395,-6.99589272510902));
#9342=CARTESIAN_POINT('Ctrl Pts',(5.,196.595831737967,-6.98214265284754));
#9343=CARTESIAN_POINT('Ctrl Pts',(5.,196.600590089692,-6.96843157013381));
#9344=CARTESIAN_POINT('Ctrl Pts',(5.,196.60547354599,-6.95477517053188));
#9345=CARTESIAN_POINT('Ctrl Pts',(5.,196.632047923611,-6.88046093531934));
#9346=CARTESIAN_POINT('Ctrl Pts',(5.,196.662357000768,-6.80766263928274));
#9347=CARTESIAN_POINT('Ctrl Pts',(5.,196.6963452722,-6.7367354272037));
#9348=CARTESIAN_POINT('Ctrl Pts',(5.,196.721704129894,-6.68381619942318));
#9349=CARTESIAN_POINT('Ctrl Pts',(5.,196.749112003642,-6.63193897441678));
#9350=CARTESIAN_POINT('Ctrl Pts',(5.,196.778559417059,-6.58126421860494));
#9351=CARTESIAN_POINT('Ctrl Pts',(5.,196.788340619418,-6.56443217858622));
#9352=CARTESIAN_POINT('Ctrl Pts',(5.,196.798346930876,-6.54773291192631));
#9353=CARTESIAN_POINT('Ctrl Pts',(5.,196.808578260242,-6.53117263445413));
#9354=CARTESIAN_POINT('Ctrl Pts',(5.,196.816913675281,-6.51768105570105));
#9355=CARTESIAN_POINT('Ctrl Pts',(5.,196.825397575253,-6.50428329994001));
#9356=CARTESIAN_POINT('Ctrl Pts',(5.,196.83402338496,-6.49099227205157));
#9357=CARTESIAN_POINT('Ctrl Pts',(5.,196.875102119657,-6.42769634656616));
#9358=CARTESIAN_POINT('Ctrl Pts',(5.,196.919434865099,-6.36675561587817));
#9359=CARTESIAN_POINT('Ctrl Pts',(5.,196.966990554954,-6.30850952852194));
#9360=CARTESIAN_POINT('Ctrl Pts',(5.,197.007896602884,-6.25840790559471));
#9361=CARTESIAN_POINT('Ctrl Pts',(5.,197.05118796315,-6.21030029550527));
#9362=CARTESIAN_POINT('Ctrl Pts',(5.,197.09686254254,-6.16442815140046));
#9363=CARTESIAN_POINT('Ctrl Pts',(5.,197.106802460427,-6.15444523854586));
#9364=CARTESIAN_POINT('Ctrl Pts',(5.,197.116855306238,-6.14456829985701));
#9365=CARTESIAN_POINT('Ctrl Pts',(5.,197.127018958435,-6.13479821831935));
#9366=CARTESIAN_POINT('Ctrl Pts',(5.,200.369925694389,-6.13708777074261));
#9367=CARTESIAN_POINT('Ctrl Pts',(5.,200.423379636446,-6.18866713473606));
#9368=CARTESIAN_POINT('Ctrl Pts',(5.,200.473702804467,-6.2430975575473));
#9369=CARTESIAN_POINT('Ctrl Pts',(5.,200.520901341758,-6.30001178192564));
#9370=CARTESIAN_POINT('Ctrl Pts',(5.,200.569414041079,-6.35851068491883));
#9371=CARTESIAN_POINT('Ctrl Pts',(5.,200.614626136402,-6.41963410101824));
#9372=CARTESIAN_POINT('Ctrl Pts',(5.,200.656517189826,-6.48303084387887));
#9373=CARTESIAN_POINT('Ctrl Pts',(5.,200.697163636749,-6.54454403424199));
#9374=CARTESIAN_POINT('Ctrl Pts',(5.,200.734683614412,-6.60819830283563));
#9375=CARTESIAN_POINT('Ctrl Pts',(5.,200.769029159439,-6.67370670746151));
#9376=CARTESIAN_POINT('Ctrl Pts',(5.,200.784055335389,-6.70236663448534));
#9377=CARTESIAN_POINT('Ctrl Pts',(5.,200.798473505546,-6.73138182756706));
#9378=CARTESIAN_POINT('Ctrl Pts',(5.,200.812277686,-6.76072978539255));
#9379=CARTESIAN_POINT('Ctrl Pts',(5.,200.821511801009,-6.7803616946365));
#9380=CARTESIAN_POINT('Ctrl Pts',(5.,200.830471145301,-6.80014252572629));
#9381=CARTESIAN_POINT('Ctrl Pts',(5.,200.839153604261,-6.82006572552309));
#9382=CARTESIAN_POINT('Ctrl Pts',(5.,200.84447942412,-6.83228661520796));
#9383=CARTESIAN_POINT('Ctrl Pts',(5.,200.849697303606,-6.84455251636718));
#9384=CARTESIAN_POINT('Ctrl Pts',(5.,200.854805713584,-6.85685809630657));
#9385=CARTESIAN_POINT('Ctrl Pts',(5.,200.88552646724,-6.93086090570622));
#9386=CARTESIAN_POINT('Ctrl Pts',(5.,200.912308804837,-7.00633601987462));
#9387=CARTESIAN_POINT('Ctrl Pts',(5.,200.935129410932,-7.08290320035294));
#9388=CARTESIAN_POINT('Ctrl Pts',(5.,200.958312744601,-7.16068739616526));
#9389=CARTESIAN_POINT('Ctrl Pts',(5.,200.977407899569,-7.23959947072496));
#9390=CARTESIAN_POINT('Ctrl Pts',(5.,200.992349591744,-7.3192754849888));
#9391=CARTESIAN_POINT('Ctrl Pts',(5.,201.005680538162,-7.39036225779587));
#9392=CARTESIAN_POINT('Ctrl Pts',(5.,201.015704899564,-7.46205807049698));
#9393=CARTESIAN_POINT('Ctrl Pts',(5.,201.022344725091,-7.5341188326453));
#9394=CARTESIAN_POINT('Ctrl Pts',(5.,201.024924666247,-7.56211844276221));
#9395=CARTESIAN_POINT('Ctrl Pts',(5.,201.026993287278,-7.59017324971155));
#9396=CARTESIAN_POINT('Ctrl Pts',(5.,201.028544678258,-7.61826920366889));
#9397=CARTESIAN_POINT('Ctrl Pts',(5.,201.029405755664,-7.63386346163847));
#9398=CARTESIAN_POINT('Ctrl Pts',(5.,201.030107479025,-7.64947039718694));
#9399=CARTESIAN_POINT('Ctrl Pts',(5.,201.030648732486,-7.66508761485126));
#9400=CARTESIAN_POINT('Ctrl Pts',(5.,201.031094041408,-7.67793646820819));
#9401=CARTESIAN_POINT('Ctrl Pts',(5.,201.031430387501,-7.69078278304528));
#9402=CARTESIAN_POINT('Ctrl Pts',(5.,201.031657593106,-7.70362333074377));
#9403=CARTESIAN_POINT('Ctrl Pts',(5.,201.033134091129,-7.78706776542317));
#9404=CARTESIAN_POINT('Ctrl Pts',(5.,201.030006160808,-7.87029147161709));
#9405=CARTESIAN_POINT('Ctrl Pts',(5.,201.022215889414,-7.95291401536828));
#9406=CARTESIAN_POINT('Ctrl Pts',(5.,201.015018499503,-8.02924853990305));
#9407=CARTESIAN_POINT('Ctrl Pts',(5.,201.003841202919,-8.10507085045125));
#9408=CARTESIAN_POINT('Ctrl Pts',(5.,200.988600577119,-8.18009273515806));
#9409=CARTESIAN_POINT('Ctrl Pts',(5.,200.972517904984,-8.25925958765411));
#9410=CARTESIAN_POINT('Ctrl Pts',(5.,200.951911329685,-8.33753597133223));
#9411=CARTESIAN_POINT('Ctrl Pts',(5.,200.927045589779,-8.41469466527865));
#9412=CARTESIAN_POINT('Ctrl Pts',(5.,200.916951939449,-8.44601538525643));
#9413=CARTESIAN_POINT('Ctrl Pts',(5.,200.906155878886,-8.47715187305373));
#9414=CARTESIAN_POINT('Ctrl Pts',(5.,200.894672747179,-8.50808850178013));
#9415=CARTESIAN_POINT('Ctrl Pts',(5.,200.890041073359,-8.52056666340027));
#9416=CARTESIAN_POINT('Ctrl Pts',(5.,200.885297606613,-8.53301230630928));
#9417=CARTESIAN_POINT('Ctrl Pts',(5.,200.880443294683,-8.54542438678117));
#9418=CARTESIAN_POINT('Ctrl Pts',(5.,200.87576285087,-8.55739190063176));
#9419=CARTESIAN_POINT('Ctrl Pts',(5.,200.870983000047,-8.569318897984));
#9420=CARTESIAN_POINT('Ctrl Pts',(5.,200.86610526043,-8.5812040694511));
#9421=CARTESIAN_POINT('Ctrl Pts',(5.,200.834222732429,-8.65888950203242));
#9422=CARTESIAN_POINT('Ctrl Pts',(5.,200.798160255483,-8.73479433414345));
#9423=CARTESIAN_POINT('Ctrl Pts',(5.,200.75825810777,-8.80868104174315));
#9424=CARTESIAN_POINT('Ctrl Pts',(5.,200.717856569345,-8.88349246988079));
#9425=CARTESIAN_POINT('Ctrl Pts',(5.,200.673518244544,-8.95623572107187));
#9426=CARTESIAN_POINT('Ctrl Pts',(5.,200.625540246884,-9.02665842667916));
#9427=CARTESIAN_POINT('Ctrl Pts',(5.,200.577115806002,-9.09773642723639));
#9428=CARTESIAN_POINT('Ctrl Pts',(5.,200.524983168273,-9.16645135016609));
#9429=CARTESIAN_POINT('Ctrl Pts',(5.,200.469397724748,-9.23252544285257));
#9430=CARTESIAN_POINT('Ctrl Pts',(5.,200.447925300948,-9.25804958785087));
#9431=CARTESIAN_POINT('Ctrl Pts',(5.,200.425937145971,-9.28317939547314));
#9432=CARTESIAN_POINT('Ctrl Pts',(5.,200.403446244391,-9.30789770684469));
#9433=CARTESIAN_POINT('Ctrl Pts',(5.,200.38906405072,-9.32370425599988));
#9434=CARTESIAN_POINT('Ctrl Pts',(5.,200.374471918342,-9.33934687255206));
#9435=CARTESIAN_POINT('Ctrl Pts',(5.,200.359696796764,-9.35479663291235));
#9436=CARTESIAN_POINT('Ctrl Pts',(5.,200.296510190454,-9.42086836845258));
#9437=CARTESIAN_POINT('Ctrl Pts',(5.,200.22992085316,-9.48348544065262));
#9438=CARTESIAN_POINT('Ctrl Pts',(5.,200.160258769162,-9.54234041708717));
#9439=CARTESIAN_POINT('Ctrl Pts',(5.,200.108012206164,-9.58648164941308));
#9440=CARTESIAN_POINT('Ctrl Pts',(5.,200.054035934031,-9.62850642302566));
#9441=CARTESIAN_POINT('Ctrl Pts',(5.,199.998450827993,-9.66827307659172));
#9442=CARTESIAN_POINT('Ctrl Pts',(5.,199.982117367254,-9.67995834843917));
#9443=CARTESIAN_POINT('Ctrl Pts',(5.,199.965644898621,-9.6914485588046));
#9444=CARTESIAN_POINT('Ctrl Pts',(5.,199.949036268353,-9.70273989157757));
#9445=CARTESIAN_POINT('Ctrl Pts',(5.,199.934881864829,-9.71236272487663));
#9446=CARTESIAN_POINT('Ctrl Pts',(5.,199.920630254732,-9.72183986850798));
#9447=CARTESIAN_POINT('Ctrl Pts',(5.,199.906292947915,-9.73116295720214));
#9448=CARTESIAN_POINT('Ctrl Pts',(5.,199.831716742676,-9.77965746072215));
#9449=CARTESIAN_POINT('Ctrl Pts',(5.,199.75475421781,-9.8240350106621));
#9450=CARTESIAN_POINT('Ctrl Pts',(5.,199.675682418123,-9.86400301516849));
#9451=CARTESIAN_POINT('Ctrl Pts',(5.,199.605683669961,-9.89938491229282));
#9452=CARTESIAN_POINT('Ctrl Pts',(5.,199.534031035221,-9.93131116038149));
#9453=CARTESIAN_POINT('Ctrl Pts',(5.,199.460894221246,-9.95955309398934));
#9454=CARTESIAN_POINT('Ctrl Pts',(5.,199.445058283077,-9.96566817461825));
#9455=CARTESIAN_POINT('Ctrl Pts',(5.,199.429152695124,-9.97161041742025));
#9456=CARTESIAN_POINT('Ctrl Pts',(5.,199.413180013018,-9.97738059202958));
#9457=CARTESIAN_POINT('Origin',(6.7667098902285,165.,-74.45));
#9458=CARTESIAN_POINT('Ctrl Pts',(2.3667098902285,162.436148524739,-74.4507422539783));
#9459=CARTESIAN_POINT('Ctrl Pts',(2.32687037297915,162.439926565298,-73.6528973253573));
#9460=CARTESIAN_POINT('Ctrl Pts',(2.24464961983225,163.268789447253,-72.0004894006258));
#9461=CARTESIAN_POINT('Ctrl Pts',(2.12004763078781,166.084766639725,-71.6238755229414));
#9462=CARTESIAN_POINT('Ctrl Pts',(1.99290392309517,167.963115734094,-73.8317198029602));
#9463=CARTESIAN_POINT('Ctrl Pts',(1.86576021540253,167.124400687722,-76.6062756749721));
#9464=CARTESIAN_POINT('Ctrl Pts',(1.73861650770989,164.337506710017,-77.4036206268265));
#9465=CARTESIAN_POINT('Ctrl Pts',(1.63893306598521,162.628854106686,-75.9051779319005));
#9466=CARTESIAN_POINT('Ctrl Pts',(1.58163086015808,162.440641810454,-74.752578145341));
#9467=CARTESIAN_POINT('Ctrl Pts',(1.5667098902285,162.442623110393,-74.4518269878822));
#9468=CARTESIAN_POINT('Ctrl Pts',(2.5,167.10918492299,-74.6317359640506));
#9469=CARTESIAN_POINT('Ctrl Pts',(2.45761876410245,167.048692026777,-75.3338023123858));
#9470=CARTESIAN_POINT('Ctrl Pts',(2.37285629230736,166.170996452606,-76.6606184153039));
#9471=CARTESIAN_POINT('Ctrl Pts',(2.24571258461472,163.772226802755,-76.6329243594953));
#9472=CARTESIAN_POINT('Ctrl Pts',(2.11856887692208,162.501628196391,-74.5992789829649));
#9473=CARTESIAN_POINT('Ctrl Pts',(1.99142516922944,163.520867954404,-72.4307225676585));
#9474=CARTESIAN_POINT('Ctrl Pts',(1.8642814615368,165.897051162616,-72.1129275320574));
#9475=CARTESIAN_POINT('Ctrl Pts',(1.73713775384416,167.450357816046,-73.9387112589323));
#9476=CARTESIAN_POINT('Ctrl Pts',(1.60999404615152,166.756779787464,-76.2331389077797));
#9477=CARTESIAN_POINT('Ctrl Pts',(1.48285033845888,164.452149103557,-76.8925058074187));
#9478=CARTESIAN_POINT('Ctrl Pts',(1.35570663076625,162.649934464805,-75.3120117064751));
#9479=CARTESIAN_POINT('Ctrl Pts',(1.22856292307361,163.002748952228,-72.941064162111));
#9480=CARTESIAN_POINT('Ctrl Pts',(1.10141921538097,165.187077252229,-71.953820766433));
#9481=CARTESIAN_POINT('Ctrl Pts',(0.974275507688327,167.199849929327,-73.2556140122647));
#9482=CARTESIAN_POINT('Ctrl Pts',(0.847131799995688,167.195330917383,-75.6526733992841));
#9483=CARTESIAN_POINT('Ctrl Pts',(0.719988092303049,165.177661984501,-76.9468656452063));
#9484=CARTESIAN_POINT('Ctrl Pts',(0.592844384610409,162.997074866993,-75.9513965431404));
#9485=CARTESIAN_POINT('Ctrl Pts',(0.465700676917769,162.653197987061,-73.5791260571596));
#9486=CARTESIAN_POINT('Ctrl Pts',(0.33855696922513,164.46137150246,-72.0054590432595));
#9487=CARTESIAN_POINT('Ctrl Pts',(0.211413261532491,166.763474857228,-72.6734703897468));
#9488=CARTESIAN_POINT('Ctrl Pts',(0.0842695538398516,167.448447085079,-74.9705842423665));
#9489=CARTESIAN_POINT('Ctrl Pts',(-0.0428741538527886,165.888159032473,
-76.7903150673195));
#9490=CARTESIAN_POINT('Ctrl Pts',(-0.170017861545428,163.513416710872,-76.4639441883619));
#9491=CARTESIAN_POINT('Ctrl Pts',(-0.297161569238067,162.501892085756,-74.2907582829992));
#9492=CARTESIAN_POINT('Ctrl Pts',(-0.424305276930706,163.781167409451,-72.26359926104));
#9493=CARTESIAN_POINT('Ctrl Pts',(-0.551448984623346,166.178129290196,-72.2414003419509));
#9494=CARTESIAN_POINT('Ctrl Pts',(-0.678592692315986,167.494730110208,-74.2445182443764));
#9495=CARTESIAN_POINT('Ctrl Pts',(-0.805736400008625,166.523628475846,-76.436065795022));
#9496=CARTESIAN_POINT('Ctrl Pts',(-0.932880107701264,164.155338188005,-76.8063631931035));
#9497=CARTESIAN_POINT('Ctrl Pts',(-1.0600238153939,162.561614612759,-75.0158425380139));
#9498=CARTESIAN_POINT('Ctrl Pts',(-1.18716752308654,163.203924591627,-72.706436349898));
#9499=CARTESIAN_POINT('Ctrl Pts',(-1.31431123077918,165.493260877257,-71.9959024507));
#9500=CARTESIAN_POINT('Ctrl Pts',(-1.44145493847182,167.330270029431,-73.5358103782879));
#9501=CARTESIAN_POINT('Ctrl Pts',(-1.56859864616446,167.030388924968,-75.9140429938657));
#9502=CARTESIAN_POINT('Ctrl Pts',(-1.6957423538571,164.868612737028,-76.949727677501));
#9503=CARTESIAN_POINT('Ctrl Pts',(-1.82288606154974,162.827320509566,-75.6931270676414));
#9504=CARTESIAN_POINT('Ctrl Pts',(-1.95002976924238,162.778405807109,-73.2965615245379));
#9505=CARTESIAN_POINT('Ctrl Pts',(-2.07717347693502,164.766724097054,-71.9577152193666));
#9506=CARTESIAN_POINT('Ctrl Pts',(-2.20431718462766,166.968959657303,-72.9043289671261));
#9507=CARTESIAN_POINT('Ctrl Pts',(-2.3314608923203,167.365631633272,-75.268344701684));
#9508=CARTESIAN_POINT('Ctrl Pts',(-2.45860460001294,165.592986265921,-76.8819268829618));
#9509=CARTESIAN_POINT('Ctrl Pts',(-2.58574830770558,163.276564188244,-76.2653980478423));
#9510=CARTESIAN_POINT('Ctrl Pts',(-2.71289201539821,162.540556886917,-73.9841237773898));
#9511=CARTESIAN_POINT('Ctrl Pts',(-2.84003572309085,164.059893375256,-72.1300645233231));
#9512=CARTESIAN_POINT('Ctrl Pts',(-2.96717943078349,166.441320793777,-72.4034186071383));
#9513=CARTESIAN_POINT('Ctrl Pts',(-3.09432313847613,167.501036882509,-74.5535164715043));
#9514=CARTESIAN_POINT('Ctrl Pts',(-3.22146684616877,166.267267063082,-76.6086883293059));
#9515=CARTESIAN_POINT('Ctrl Pts',(-3.34861055386142,163.871395712422,-76.6843126527518));
#9516=CARTESIAN_POINT('Ctrl Pts',(-3.47575426155405,162.510470058568,-74.7110411876742));
#9517=CARTESIAN_POINT('Ctrl Pts',(-3.60289796924669,163.432478740706,-72.4983908578241));
#9518=CARTESIAN_POINT('Ctrl Pts',(-3.73004167693933,165.791925306277,-72.0753943677875));
#9519=CARTESIAN_POINT('Ctrl Pts',(-3.85718538463197,167.425167510252,-73.8299425739418));
#9520=CARTESIAN_POINT('Ctrl Pts',(-3.98432909232461,166.83449245154,-76.153096167553));
#9521=CARTESIAN_POINT('Ctrl Pts',(-4.11147280001725,164.561571941057,-76.9144782488274));
#9522=CARTESIAN_POINT('Ctrl Pts',(-4.23861650770989,162.690675519797,-75.4159170094492));
#9523=CARTESIAN_POINT('Ctrl Pts',(-4.36576021540252,162.937505123423,-73.0315591411081));
#9524=CARTESIAN_POINT('Ctrl Pts',(-4.49290392309517,165.075581036968,-71.9480093704714));
#9525=CARTESIAN_POINT('Ctrl Pts',(-4.6200476307878,167.144537485544,-73.1586567141687));
#9526=CARTESIAN_POINT('Ctrl Pts',(-4.74719133848044,167.246526177022,-75.5538265683659));
#9527=CARTESIAN_POINT('Ctrl Pts',(-4.87433504617309,165.289251155946,-76.936057049347));
#9528=CARTESIAN_POINT('Ctrl Pts',(-5.00147875386572,163.064989463064,-76.040069182488));
#9529=CARTESIAN_POINT('Ctrl Pts',(-5.12862246155837,162.618875319119,-73.6829851864575));
#9530=CARTESIAN_POINT('Ctrl Pts',(-5.21338493335346,163.772055705703,-72.5870994771432));
#9531=CARTESIAN_POINT('Ctrl Pts',(-5.255766169251,164.452774297828,-72.4049491373361));
#9532=CARTESIAN_POINT('Ctrl Pts',(2.58525538975033,167.256306466194,-74.6444125554653));
#9533=CARTESIAN_POINT('Ctrl Pts',(2.54287415385279,167.191594021401,-75.3954499937567));
#9534=CARTESIAN_POINT('Ctrl Pts',(2.45811168205769,166.252676727918,-76.814815228086));
#9535=CARTESIAN_POINT('Ctrl Pts',(2.33096797436506,163.686586190823,-76.7851894344845));
#9536=CARTESIAN_POINT('Ctrl Pts',(2.20382426667241,162.327359780551,-74.6096916092368));
#9537=CARTESIAN_POINT('Ctrl Pts',(2.07668055897978,163.417694360293,-72.2898723232045));
#9538=CARTESIAN_POINT('Ctrl Pts',(1.94953685128714,165.959622988319,-71.9499101956854));
#9539=CARTESIAN_POINT('Ctrl Pts',(1.8223931435945,167.621277122061,-73.9030474402749));
#9540=CARTESIAN_POINT('Ctrl Pts',(1.69524943590186,166.87932008755,-76.3575178301772));
#9541=CARTESIAN_POINT('Ctrl Pts',(1.56810572820922,164.413934972377,-77.0628774138879));
#9542=CARTESIAN_POINT('Ctrl Pts',(1.44096202051658,162.486010825678,-75.3721394321826));
#9543=CARTESIAN_POINT('Ctrl Pts',(1.31381831282394,162.863435109658,-72.8358116701909));
#9544=CARTESIAN_POINT('Ctrl Pts',(1.1866746051313,165.200126413422,-71.7797052884815));
#9545=CARTESIAN_POINT('Ctrl Pts',(1.05953089743866,167.353295610116,-73.1723022515079));
#9546=CARTESIAN_POINT('Ctrl Pts',(0.932387189746022,167.348461384459,-75.7365632301584));
#9547=CARTESIAN_POINT('Ctrl Pts',(0.805243482053383,165.190054404456,-77.1210290022881));
#9548=CARTESIAN_POINT('Ctrl Pts',(0.678099774360744,162.85736524112,-76.0561231481807));
#9549=CARTESIAN_POINT('Ctrl Pts',(0.550956066668104,162.489501987733,-73.5183801656971));
#9550=CARTESIAN_POINT('Ctrl Pts',(0.423812358975465,164.423800659379,-71.8349454794371));
#9551=CARTESIAN_POINT('Ctrl Pts',(0.296668651282825,166.886482157142,-72.5495524843237));
#9552=CARTESIAN_POINT('Ctrl Pts',(0.169524943590186,167.61923311227,-75.0068964482189));
#9553=CARTESIAN_POINT('Ctrl Pts',(0.042381235897546,165.950110607247,-76.9535585840606));
#9554=CARTESIAN_POINT('Ctrl Pts',(-0.084762471795093,163.4097233717,-76.6044224241428));
#9555=CARTESIAN_POINT('Ctrl Pts',(-0.211906179487732,162.327642076937,-74.2796507281841));
#9556=CARTESIAN_POINT('Ctrl Pts',(-0.339049887180371,163.696150429823,-72.1110916988673));
#9557=CARTESIAN_POINT('Ctrl Pts',(-0.466193594873011,166.260307100865,-72.0873443431293));
#9558=CARTESIAN_POINT('Ctrl Pts',(-0.593337302565651,167.668744507755,-74.230185317634));
#9559=CARTESIAN_POINT('Ctrl Pts',(-0.72048101025829,166.629905820327,-76.5745994349518));
#9560=CARTESIAN_POINT('Ctrl Pts',(-0.84762471795093,164.096420665927,-76.97072611147));
#9561=CARTESIAN_POINT('Ctrl Pts',(-0.974768425643567,162.391530417113,-75.0553116364771));
#9562=CARTESIAN_POINT('Ctrl Pts',(-1.10191213333621,163.078643312158,-72.5848179123299));
#9563=CARTESIAN_POINT('Ctrl Pts',(-1.22905584102885,165.527667202029,-71.8247222878375));
#9564=CARTESIAN_POINT('Ctrl Pts',(-1.35619954872149,167.492812876706,-73.4720430971639));
#9565=CARTESIAN_POINT('Ctrl Pts',(-1.48334325641413,167.172014227087,-76.016164084447));
#9566=CARTESIAN_POINT('Ctrl Pts',(-1.61048696410676,164.85944810823,-77.1240906693343));
#9567=CARTESIAN_POINT('Ctrl Pts',(-1.73763067179941,162.675770042826,-75.779838654945));
#9568=CARTESIAN_POINT('Ctrl Pts',(-1.86477437949204,162.623443403165,-73.2161059672037));
#9569=CARTESIAN_POINT('Ctrl Pts',(-1.99191808718468,164.750452450856,-71.7838713903915));
#9570=CARTESIAN_POINT('Ctrl Pts',(-2.11906179487732,167.106300096318,-72.796514092687));
#9571=CARTESIAN_POINT('Ctrl Pts',(-2.24620550256996,167.530641051244,-75.3254265317652));
#9572=CARTESIAN_POINT('Ctrl Pts',(-2.3733492102626,165.634348715268,-77.0515605798839));
#9573=CARTESIAN_POINT('Ctrl Pts',(-2.50049291795524,163.156349723655,-76.392027135418));
#9574=CARTESIAN_POINT('Ctrl Pts',(-2.62763662564788,162.36900385604,-73.9516276088154));
#9575=CARTESIAN_POINT('Ctrl Pts',(-2.75478033334052,163.994318310736,-71.968242539987));
#9576=CARTESIAN_POINT('Ctrl Pts',(-2.88192404103316,166.541856947397,-72.2606638351279));
#9577=CARTESIAN_POINT('Ctrl Pts',(-3.0090677487258,167.675491195051,-74.5607370347033));
#9578=CARTESIAN_POINT('Ctrl Pts',(-3.13621145641844,166.355662482535,-76.7592628734536));
#9579=CARTESIAN_POINT('Ctrl Pts',(-3.26335516411108,163.792672409101,-76.8401622048176));
#9580=CARTESIAN_POINT('Ctrl Pts',(-3.39049887180372,162.336818387327,-74.7292495400815));
#9581=CARTESIAN_POINT('Ctrl Pts',(-3.51764257949636,163.323139751906,-72.362260665731));
#9582=CARTESIAN_POINT('Ctrl Pts',(-3.64478628718899,165.84716430969,-71.9097589883087));
#9583=CARTESIAN_POINT('Ctrl Pts',(-3.77192999488163,167.594329722036,-73.7866918355157));
#9584=CARTESIAN_POINT('Ctrl Pts',(-3.89907370257428,166.96245342714,-76.2718918851134));
#9585=CARTESIAN_POINT('Ctrl Pts',(-4.02621741026691,164.530990358611,-77.0863824944943));
#9586=CARTESIAN_POINT('Ctrl Pts',(-4.15336111795955,162.529593683121,-75.4832924204373));
#9587=CARTESIAN_POINT('Ctrl Pts',(-4.28050482565219,162.793640341448,-72.9326189268915));
#9588=CARTESIAN_POINT('Ctrl Pts',(-4.40764853334483,165.080853025533,-71.7734885314097));
#9589=CARTESIAN_POINT('Ctrl Pts',(-4.53479224103747,167.29412496879,-73.0685819108899));
#9590=CARTESIAN_POINT('Ctrl Pts',(-4.66193594873011,167.40322765654,-75.6308215565231));
#9591=CARTESIAN_POINT('Ctrl Pts',(-4.78907965642275,165.309427232482,-77.1094664766593));
#9592=CARTESIAN_POINT('Ctrl Pts',(-4.91622336411539,162.930017070077,-76.1509809519483));
#9593=CARTESIAN_POINT('Ctrl Pts',(-5.04336707180803,162.452785217776,-73.6294837595327));
#9594=CARTESIAN_POINT('Ctrl Pts',(-5.12812954360312,163.686403159273,-72.4571569591735));
#9595=CARTESIAN_POINT('Ctrl Pts',(-5.17051077950067,164.414603775696,-72.2623011240846));
#9596=CARTESIAN_POINT('Ctrl Pts',(2.67051077950067,167.403428009397,-74.6570891468799));
#9597=CARTESIAN_POINT('Ctrl Pts',(2.62812954360312,167.334496016026,-75.4570976751277));
#9598=CARTESIAN_POINT('Ctrl Pts',(2.54336707180803,166.334357003229,-76.9690120408683));
#9599=CARTESIAN_POINT('Ctrl Pts',(2.41622336411539,163.600945578892,-76.9374545094736));
#9600=CARTESIAN_POINT('Ctrl Pts',(2.28907965642275,162.153091364711,-74.6201042355089));
#9601=CARTESIAN_POINT('Ctrl Pts',(2.16193594873011,163.314520766182,-72.1490220787505));
#9602=CARTESIAN_POINT('Ctrl Pts',(2.03479224103747,166.022194814022,-71.7868928593134));
#9603=CARTESIAN_POINT('Ctrl Pts',(1.90764853334483,167.792196428078,-73.8673836216175));
#9604=CARTESIAN_POINT('Ctrl Pts',(1.78050482565219,167.001860387636,-76.4818967525746));
#9605=CARTESIAN_POINT('Ctrl Pts',(1.65336111795955,164.375720841197,-77.2332490203573));
#9606=CARTESIAN_POINT('Ctrl Pts',(1.52621741026691,162.322087186552,-75.4322671578902));
#9607=CARTESIAN_POINT('Ctrl Pts',(1.39907370257427,162.724121267088,-72.7305591782707));
#9608=CARTESIAN_POINT('Ctrl Pts',(1.27192999488164,165.213175574615,-71.6055898105299));
#9609=CARTESIAN_POINT('Ctrl Pts',(1.144786287189,167.506741290905,-73.0889904907511));
#9610=CARTESIAN_POINT('Ctrl Pts',(1.01764257949636,167.501591851535,-75.8204530610328));
#9611=CARTESIAN_POINT('Ctrl Pts',(0.890498871803718,165.202446824411,-77.2951923593699));
#9612=CARTESIAN_POINT('Ctrl Pts',(0.763355164111078,162.717655615246,-76.1608497532211));
#9613=CARTESIAN_POINT('Ctrl Pts',(0.636211456418439,162.325805988405,-73.4576342742346));
#9614=CARTESIAN_POINT('Ctrl Pts',(0.509067748725799,164.386229816297,-71.6644319156147));
#9615=CARTESIAN_POINT('Ctrl Pts',(0.38192404103316,167.009489457055,-72.4256345789006));
#9616=CARTESIAN_POINT('Ctrl Pts',(0.254780333340521,167.790019139461,-75.0432086540713));
#9617=CARTESIAN_POINT('Ctrl Pts',(0.127636625647881,166.01206218202,-77.1168021008017));
#9618=CARTESIAN_POINT('Ctrl Pts',(0.000492917955241685,163.306030032527,
-76.7449006599237));
#9619=CARTESIAN_POINT('Ctrl Pts',(-0.126650789737398,162.153392068117,-74.2685431733689));
#9620=CARTESIAN_POINT('Ctrl Pts',(-0.253794497430037,163.611133450196,-71.9585841366945));
#9621=CARTESIAN_POINT('Ctrl Pts',(-0.380938205122677,166.342484911534,-71.9332883443078));
#9622=CARTESIAN_POINT('Ctrl Pts',(-0.508081912815316,167.842758905302,-74.2158523908916));
#9623=CARTESIAN_POINT('Ctrl Pts',(-0.635225620507956,166.736183164808,-76.7131330748817));
#9624=CARTESIAN_POINT('Ctrl Pts',(-0.762369328200594,164.03750314385,-77.1350890298363));
#9625=CARTESIAN_POINT('Ctrl Pts',(-0.889513035893234,162.221446221467,-75.0947807349404));
#9626=CARTESIAN_POINT('Ctrl Pts',(-1.01665674358587,162.953362032688,-72.4631994747618));
#9627=CARTESIAN_POINT('Ctrl Pts',(-1.14380045127851,165.562073526801,-71.653542124975));
#9628=CARTESIAN_POINT('Ctrl Pts',(-1.27094415897115,167.65535572398,-73.4082758160399));
#9629=CARTESIAN_POINT('Ctrl Pts',(-1.39808786666379,167.313639529207,-76.1182851750285));
#9630=CARTESIAN_POINT('Ctrl Pts',(-1.52523157435643,164.850283479432,-77.2984536611676));
#9631=CARTESIAN_POINT('Ctrl Pts',(-1.65237528204907,162.524219576087,-75.8665502422486));
#9632=CARTESIAN_POINT('Ctrl Pts',(-1.77951898974171,162.46848099922,-73.1356504098695));
#9633=CARTESIAN_POINT('Ctrl Pts',(-1.90666269743435,164.734180804657,-71.6100275614164));
#9634=CARTESIAN_POINT('Ctrl Pts',(-2.03380640512699,167.243640535333,-72.6886992182478));
#9635=CARTESIAN_POINT('Ctrl Pts',(-2.16095011281963,167.695650469215,-75.3825083618464));
#9636=CARTESIAN_POINT('Ctrl Pts',(-2.28809382051227,165.675711164616,-77.221194276806));
#9637=CARTESIAN_POINT('Ctrl Pts',(-2.41523752820491,163.036135259065,-76.5186562229939));
#9638=CARTESIAN_POINT('Ctrl Pts',(-2.54238123589755,162.197450825164,-73.919131440241));
#9639=CARTESIAN_POINT('Ctrl Pts',(-2.66952494359019,163.928743246217,-71.8064205566508));
#9640=CARTESIAN_POINT('Ctrl Pts',(-2.79666865128282,166.642393101018,-72.1179090631176));
#9641=CARTESIAN_POINT('Ctrl Pts',(-2.92381235897547,167.849945507592,-74.5679575979022));
#9642=CARTESIAN_POINT('Ctrl Pts',(-3.0509560666681,166.444057901988,-76.9098374176014));
#9643=CARTESIAN_POINT('Ctrl Pts',(-3.17809977436074,163.713949105779,-76.9960117568832));
#9644=CARTESIAN_POINT('Ctrl Pts',(-3.30524348205338,162.163166716085,-74.747457892489));
#9645=CARTESIAN_POINT('Ctrl Pts',(-3.43238718974602,163.213800763107,-72.2261304736377));
#9646=CARTESIAN_POINT('Ctrl Pts',(-3.55953089743866,165.902403313104,-71.7441236088299));
#9647=CARTESIAN_POINT('Ctrl Pts',(-3.6866746051313,167.763491933821,-73.7434410970896));
#9648=CARTESIAN_POINT('Ctrl Pts',(-3.81381831282394,167.090414402739,-76.3906876026738));
#9649=CARTESIAN_POINT('Ctrl Pts',(-3.94096202051658,164.500408776166,-77.2582867401612));
#9650=CARTESIAN_POINT('Ctrl Pts',(-4.06810572820922,162.368511846445,-75.5506678314255));
#9651=CARTESIAN_POINT('Ctrl Pts',(-4.19524943590186,162.649775559473,-72.833678712675));
#9652=CARTESIAN_POINT('Ctrl Pts',(-4.3223931435945,165.086125014098,-71.598967692348));
#9653=CARTESIAN_POINT('Ctrl Pts',(-4.44953685128713,167.443712452037,-72.9785071076112));
#9654=CARTESIAN_POINT('Ctrl Pts',(-4.57668055897978,167.559929136058,-75.7078165446803));
#9655=CARTESIAN_POINT('Ctrl Pts',(-4.70382426667241,165.329603309019,-77.2828759039716));
#9656=CARTESIAN_POINT('Ctrl Pts',(-4.83096797436506,162.79504467709,-76.2618927214085));
#9657=CARTESIAN_POINT('Ctrl Pts',(-4.95811168205769,162.286695116432,-73.5759823326079));
#9658=CARTESIAN_POINT('Ctrl Pts',(-5.04287415385279,163.600750612844,-72.3272144412038));
#9659=CARTESIAN_POINT('Ctrl Pts',(-5.08525538975033,164.376433253564,-72.1196531108331));
#9660=CARTESIAN_POINT('Ctrl Pts',(2.755766169251,167.550549552601,-74.6697657382946));
#9661=CARTESIAN_POINT('Ctrl Pts',(2.71338493335346,167.477398010651,-75.5187453564986));
#9662=CARTESIAN_POINT('Ctrl Pts',(2.62862246155836,166.416037278541,-77.1232088536504));
#9663=CARTESIAN_POINT('Ctrl Pts',(2.50147875386573,163.51530496696,-77.0897195844629));
#9664=CARTESIAN_POINT('Ctrl Pts',(2.37433504617308,161.978822948871,-74.6305168617808));
#9665=CARTESIAN_POINT('Ctrl Pts',(2.24719133848045,163.211347172071,-72.0081718342965));
#9666=CARTESIAN_POINT('Ctrl Pts',(2.12004763078781,166.084766639725,-71.6238755229414));
#9667=CARTESIAN_POINT('Ctrl Pts',(1.99290392309517,167.963115734094,-73.8317198029602));
#9668=CARTESIAN_POINT('Ctrl Pts',(1.86576021540253,167.124400687722,-76.6062756749721));
#9669=CARTESIAN_POINT('Ctrl Pts',(1.73861650770989,164.337506710017,-77.4036206268265));
#9670=CARTESIAN_POINT('Ctrl Pts',(1.61147280001725,162.158163547426,-75.4923948835977));
#9671=CARTESIAN_POINT('Ctrl Pts',(1.48432909232461,162.584807424518,-72.6253066863506));
#9672=CARTESIAN_POINT('Ctrl Pts',(1.35718538463197,165.226224735808,-71.4314743325784));
#9673=CARTESIAN_POINT('Ctrl Pts',(1.23004167693933,167.660186971694,-73.0056787299942));
#9674=CARTESIAN_POINT('Ctrl Pts',(1.10289796924669,167.654722318611,-75.9043428919071));
#9675=CARTESIAN_POINT('Ctrl Pts',(0.975754261554052,165.214839244366,-77.4693557164517));
#9676=CARTESIAN_POINT('Ctrl Pts',(0.848610553861412,162.577945989373,-76.2655763582614));
#9677=CARTESIAN_POINT('Ctrl Pts',(0.721466846168773,162.162109989077,-73.3968883827721));
#9678=CARTESIAN_POINT('Ctrl Pts',(0.594323138476134,164.348658973216,-71.4939183517922));
#9679=CARTESIAN_POINT('Ctrl Pts',(0.467179430783495,167.132496756969,-72.3017166734775));
#9680=CARTESIAN_POINT('Ctrl Pts',(0.340035723090855,167.960805166652,-75.0795208599236));
#9681=CARTESIAN_POINT('Ctrl Pts',(0.212892015398215,166.074013756793,-77.2800456175428));
#9682=CARTESIAN_POINT('Ctrl Pts',(0.0857483077055762,163.202336693355,-76.8853788957045));
#9683=CARTESIAN_POINT('Ctrl Pts',(-0.0413953999870631,161.979142059298,
-74.2574356185537));
#9684=CARTESIAN_POINT('Ctrl Pts',(-0.168539107679702,163.526116470568,-71.8060765745217));
#9685=CARTESIAN_POINT('Ctrl Pts',(-0.295682815372342,166.424662722202,-71.7792323454862));
#9686=CARTESIAN_POINT('Ctrl Pts',(-0.422826523064982,168.016773302849,-74.2015194641491));
#9687=CARTESIAN_POINT('Ctrl Pts',(-0.549970230757621,166.842460509289,-76.8516667148116));
#9688=CARTESIAN_POINT('Ctrl Pts',(-0.67711393845026,163.978585621773,-77.2994519482028));
#9689=CARTESIAN_POINT('Ctrl Pts',(-0.804257646142899,162.051362025821,-75.1342498334037));
#9690=CARTESIAN_POINT('Ctrl Pts',(-0.931401353835539,162.828080753219,-72.3415810371936));
#9691=CARTESIAN_POINT('Ctrl Pts',(-1.05854506152818,165.596479851572,-71.4823619621124));
#9692=CARTESIAN_POINT('Ctrl Pts',(-1.18568876922082,167.817898571254,-73.3445085349159));
#9693=CARTESIAN_POINT('Ctrl Pts',(-1.31283247691346,167.455264831326,-76.2204062656099));
#9694=CARTESIAN_POINT('Ctrl Pts',(-1.4399761846061,164.841118850634,-77.4728166530007));
#9695=CARTESIAN_POINT('Ctrl Pts',(-1.56711989229874,162.372669109347,-75.9532618295522));
#9696=CARTESIAN_POINT('Ctrl Pts',(-1.69426359999138,162.313518595276,-73.0551948525352));
#9697=CARTESIAN_POINT('Ctrl Pts',(-1.82140730768401,164.717909158459,-71.4361837324414));
#9698=CARTESIAN_POINT('Ctrl Pts',(-1.94855101537665,167.380980974349,-72.5808843438086));
#9699=CARTESIAN_POINT('Ctrl Pts',(-2.07569472306929,167.860659887187,-75.4395901919277));
#9700=CARTESIAN_POINT('Ctrl Pts',(-2.20283843076193,165.717073613963,-77.390827973728));
#9701=CARTESIAN_POINT('Ctrl Pts',(-2.32998213845457,162.915920794476,-76.6452853105698));
#9702=CARTESIAN_POINT('Ctrl Pts',(-2.45712584614721,162.025897794287,-73.8866352716665));
#9703=CARTESIAN_POINT('Ctrl Pts',(-2.58426955383985,163.863168181698,-71.6445985733148));
#9704=CARTESIAN_POINT('Ctrl Pts',(-2.71141326153249,166.742929254638,-71.9751542911072));
#9705=CARTESIAN_POINT('Ctrl Pts',(-2.83855696922513,168.024399820134,-74.5751781611011));
#9706=CARTESIAN_POINT('Ctrl Pts',(-2.96570067691777,166.532453321441,-77.0604119617491));
#9707=CARTESIAN_POINT('Ctrl Pts',(-3.09284438461041,163.635225802457,-77.1518613089489));
#9708=CARTESIAN_POINT('Ctrl Pts',(-3.21998809230305,161.989515044844,-74.7656662448964));
#9709=CARTESIAN_POINT('Ctrl Pts',(-3.34713179999569,163.104461774307,-72.0900002815445));
#9710=CARTESIAN_POINT('Ctrl Pts',(-3.47427550768832,165.957642316518,-71.578488229351));
#9711=CARTESIAN_POINT('Ctrl Pts',(-3.60141921538096,167.932654145605,-73.7001903586636));
#9712=CARTESIAN_POINT('Ctrl Pts',(-3.72856292307361,167.218375378338,-76.5094833202342));
#9713=CARTESIAN_POINT('Ctrl Pts',(-3.85570663076625,164.46982719372,-77.4301909858281));
#9714=CARTESIAN_POINT('Ctrl Pts',(-3.98285033845888,162.207430009769,-75.6180432424138));
#9715=CARTESIAN_POINT('Ctrl Pts',(-4.10999404615152,162.505910777498,-72.7347384984585));
#9716=CARTESIAN_POINT('Ctrl Pts',(-4.23713775384416,165.091397002663,-71.4244468532862));
#9717=CARTESIAN_POINT('Ctrl Pts',(-4.3642814615368,167.593299935283,-72.8884323043325));
#9718=CARTESIAN_POINT('Ctrl Pts',(-4.49142516922944,167.716630615576,-75.7848115328374));
#9719=CARTESIAN_POINT('Ctrl Pts',(-4.61856887692208,165.349779385555,-77.456285331284));
#9720=CARTESIAN_POINT('Ctrl Pts',(-4.74571258461472,162.660072284102,-76.3728044908688));
#9721=CARTESIAN_POINT('Ctrl Pts',(-4.87285629230736,162.120605015089,-73.5224809056831));
#9722=CARTESIAN_POINT('Ctrl Pts',(-4.95761876410245,163.515098066415,-72.1972719232341));
#9723=CARTESIAN_POINT('Ctrl Pts',(-5.,164.338262731431,-71.9770050975816));
#9724=CARTESIAN_POINT('Origin',(6.7667098902285,198.75,-7.5));
#9725=CARTESIAN_POINT('Ctrl Pts',(4.7667098902285,196.18756439213,-7.49821562944245));
#9726=CARTESIAN_POINT('Ctrl Pts',(4.76090945370101,196.186629777507,-7.38191934284443));
#9727=CARTESIAN_POINT('Ctrl Pts',(4.71290421812309,196.246574976022,-6.42038095022907));
#9728=CARTESIAN_POINT('Ctrl Pts',(4.62269418349477,197.46330447667,-4.76464266467729));
#9729=CARTESIAN_POINT('Ctrl Pts',(4.49607978634352,200.342103435423,-4.93066882493571));
#9730=CARTESIAN_POINT('Ctrl Pts',(4.36946538919228,201.771976279473,-7.43454541666191));
#9731=CARTESIAN_POINT('Ctrl Pts',(4.24285099204102,200.45177821643,-9.99814663074569));
#9732=CARTESIAN_POINT('Ctrl Pts',(4.11623659488978,197.582891216039,-10.2882737700375));
#9733=CARTESIAN_POINT('Ctrl Pts',(4.02418956095227,196.269391088533,-8.65454636475981));
#9734=CARTESIAN_POINT('Ctrl Pts',(3.97434732606518,196.187220596142,-7.65545808725169));
#9735=CARTESIAN_POINT('Ctrl Pts',(3.9667098902285,196.188591598781,-7.50214075589611));
#9736=CARTESIAN_POINT('Ctrl Pts',(4.8332901097715,196.192649631056,-7.50254486052515));
#9737=CARTESIAN_POINT('Ctrl Pts',(4.80445047508017,196.19690599748,-6.92172087416145));
#9738=CARTESIAN_POINT('Ctrl Pts',(4.73340604133842,196.678789630692,-5.48263233326743));
#9739=CARTESIAN_POINT('Ctrl Pts',(4.62015680854626,199.06179941096,-4.49393594400289));
#9740=CARTESIAN_POINT('Ctrl Pts',(4.49354241139501,201.440239330284,-6.12211923859693));
#9741=CARTESIAN_POINT('Ctrl Pts',(4.36692801424376,201.371469205928,-9.00521249412607));
#9742=CARTESIAN_POINT('Ctrl Pts',(4.24031361709252,198.916589938206,-10.5180299033018));
#9743=CARTESIAN_POINT('Ctrl Pts',(4.12910098226843,196.627375377628,-9.43461479306655));
#9744=CARTESIAN_POINT('Ctrl Pts',(4.06009314649475,196.196112855722,-8.03867603849489));
#9745=CARTESIAN_POINT('Ctrl Pts',(4.0332901097715,196.19284840042,-7.49833240901224));
#9746=CARTESIAN_POINT('Ctrl Pts',(5.,200.369925694389,-6.13708777074261));
#9747=CARTESIAN_POINT('Ctrl Pts',(4.95779520094958,200.821698002255,-6.6740538011411));
#9748=CARTESIAN_POINT('Ctrl Pts',(4.87338560284875,201.141118195982,-8.22393789035502));
#9749=CARTESIAN_POINT('Ctrl Pts',(4.7467712056975,199.444353532203,-9.90266200997574));
#9750=CARTESIAN_POINT('Ctrl Pts',(4.62015680854626,197.114790669889,-9.39001126566085));
#9751=CARTESIAN_POINT('Ctrl Pts',(4.49354241139501,196.273740465872,-7.15975512055452));
#9752=CARTESIAN_POINT('Ctrl Pts',(4.36692801424377,197.685963116059,-5.2379877035632));
#9753=CARTESIAN_POINT('Ctrl Pts',(4.24031361709251,200.066594911246,-5.37528355562065));
#9754=CARTESIAN_POINT('Ctrl Pts',(4.11369921994128,201.249032727986,-7.44587212776299));
#9755=CARTESIAN_POINT('Ctrl Pts',(3.98708482279002,200.157290814133,-9.56585016300338));
#9756=CARTESIAN_POINT('Ctrl Pts',(3.86047042563878,197.784855743888,-9.80577170748801));
#9757=CARTESIAN_POINT('Ctrl Pts',(3.73385602848753,196.290739783888,-7.94739488711432));
#9758=CARTESIAN_POINT('Ctrl Pts',(3.60724163133628,197.034630136458,-5.68185871369153));
#9759=CARTESIAN_POINT('Ctrl Pts',(3.48062723418504,199.339565729411,-5.07089920681749));
#9760=CARTESIAN_POINT('Ctrl Pts',(3.35401283703379,201.107976159151,-6.670499083953));
#9761=CARTESIAN_POINT('Ctrl Pts',(3.22739843988254,200.730549759215,-9.02497425237087));
#9762=CARTESIAN_POINT('Ctrl Pts',(3.1007840427313,198.55075671147,-9.99167102842305));
#9763=CARTESIAN_POINT('Ctrl Pts',(2.97416964558005,196.552281790809,-8.69086427079356));
#9764=CARTESIAN_POINT('Ctrl Pts',(2.8475552484288,196.553803881938,-6.30633101454199));
#9765=CARTESIAN_POINT('Ctrl Pts',(2.72094085127755,198.553937883842,-5.00807653937072));
#9766=CARTESIAN_POINT('Ctrl Pts',(2.59432645412631,200.732494958067,-5.97755567994393));
#9767=CARTESIAN_POINT('Ctrl Pts',(2.46771205697506,201.106915343183,-8.33251007475801));
#9768=CARTESIAN_POINT('Ctrl Pts',(2.34109765982382,199.336463964574,-9.92985245698021));
#9769=CARTESIAN_POINT('Ctrl Pts',(2.21448326267256,197.03231077174,-9.31594787071892));
#9770=CARTESIAN_POINT('Ctrl Pts',(2.08786886552132,196.29131220417,-7.04947000638292));
#9771=CARTESIAN_POINT('Ctrl Pts',(1.96125446837007,197.787801733069,-5.19298950020278));
#9772=CARTESIAN_POINT('Ctrl Pts',(1.83464007121883,200.159923854226,-5.43596567919142));
#9773=CARTESIAN_POINT('Ctrl Pts',(1.70802567406758,201.248968129688,-7.55728209788497));
#9774=CARTESIAN_POINT('Ctrl Pts',(1.58141127691633,200.063867858366,-9.62646989222925));
#9775=CARTESIAN_POINT('Ctrl Pts',(1.45479687976509,197.683103909009,-9.76049898981673));
#9776=CARTESIAN_POINT('Ctrl Pts',(1.32818248261384,196.273251072302,-7.83739843070391));
#9777=CARTESIAN_POINT('Ctrl Pts',(1.20156808546259,197.117322565684,-5.60725401932534));
#9778=CARTESIAN_POINT('Ctrl Pts',(1.07495368831134,199.447185110081,-5.09957173109022));
#9779=CARTESIAN_POINT('Ctrl Pts',(0.948339291160098,201.142585895109,-6.77635942179699));
#9780=CARTESIAN_POINT('Ctrl Pts',(0.821724894008851,200.660653523553,-9.11168423235659));
#9781=CARTESIAN_POINT('Ctrl Pts',(0.695110496857605,198.439962566119,-9.98032250755583));
#9782=CARTESIAN_POINT('Ctrl Pts',(0.568496099706356,196.50141603909,-8.591784375521));
#9783=CARTESIAN_POINT('Ctrl Pts',(0.44188170255511,196.609156094063,-6.20968595981153));
#9784=CARTESIAN_POINT('Ctrl Pts',(0.315267305403863,198.665135678908,-5.00181646012536));
#9785=CARTESIAN_POINT('Ctrl Pts',(0.188652908252616,200.798344633241,-6.06737750423617));
#9786=CARTESIAN_POINT('Ctrl Pts',(0.0620385111013682,201.067491488411,-8.43667291678472));
#9787=CARTESIAN_POINT('Ctrl Pts',(-0.0645758860498783,199.227643607747,
-9.95356465899584));
#9788=CARTESIAN_POINT('Ctrl Pts',(-0.191190283201126,196.953124074833,-9.237630530766));
#9789=CARTESIAN_POINT('Ctrl Pts',(-0.317804680352372,196.313821709306,-6.94039452482236));
#9790=CARTESIAN_POINT('Ctrl Pts',(-0.444419077503619,197.891523037782,-5.15241821074616));
#9791=CARTESIAN_POINT('Ctrl Pts',(-0.571033474654865,200.250467103591,-5.50081981228895));
#9792=CARTESIAN_POINT('Ctrl Pts',(-0.697647871806113,201.24393593957,-7.66854222383282));
#9793=CARTESIAN_POINT('Ctrl Pts',(-0.82426226895736,199.967839690041,-9.68288557676661));
#9794=CARTESIAN_POINT('Ctrl Pts',(-0.950876666108606,197.583468606179,-9.71073007378221));
#9795=CARTESIAN_POINT('Ctrl Pts',(-1.07749106325985,196.260680091684,-7.72673629166166));
#9796=CARTESIAN_POINT('Ctrl Pts',(-1.2041054604111,197.203255919927,-5.53640490358798));
#9797=CARTESIAN_POINT('Ctrl Pts',(-1.33071985756235,199.553420573791,-5.13301070270496));
#9798=CARTESIAN_POINT('Ctrl Pts',(-1.4573342547136,201.172445644504,-6.88365589861823));
#9799=CARTESIAN_POINT('Ctrl Pts',(-1.58394865186484,200.586964188381,-9.19519483319822));
#9800=CARTESIAN_POINT('Ctrl Pts',(-1.71056304901609,198.329783905051,-9.96404979362825));
#9801=CARTESIAN_POINT('Ctrl Pts',(-1.83717744616734,196.455014317358,-8.49053706052475));
#9802=CARTESIAN_POINT('Ctrl Pts',(-1.96379184331858,196.668758429756,-6.11560248547484));
#9803=CARTESIAN_POINT('Ctrl Pts',(-2.09040624046983,198.776501953946,-5.00051593351178));
#9804=CARTESIAN_POINT('Ctrl Pts',(-2.21702063762108,200.860127813783,-6.16004344825823));
#9805=CARTESIAN_POINT('Ctrl Pts',(-2.34363503477232,201.02346681499,-8.5389762238152));
#9806=CARTESIAN_POINT('Ctrl Pts',(-2.47024943192357,199.117875004157,-9.97240590020433));
#9807=CARTESIAN_POINT('Ctrl Pts',(-2.59686382907482,196.877504642137,-9.15586354486667));
#9808=CARTESIAN_POINT('Ctrl Pts',(-2.72347822622607,196.341167655615,-6.83243000655528));
#9809=CARTESIAN_POINT('Ctrl Pts',(-2.85009262337731,197.996948645615,-5.11650747345574));
#9810=CARTESIAN_POINT('Ctrl Pts',(-2.97670702052856,200.338031528778,-5.56964284376333));
#9811=CARTESIAN_POINT('Ctrl Pts',(-3.10332141767981,201.233952661214,-7.77946773101784));
#9812=CARTESIAN_POINT('Ctrl Pts',(-3.22993581483105,199.869393756069,-9.73496770834298));
#9813=CARTESIAN_POINT('Ctrl Pts',(-3.3565502119823,197.486149250236,-9.65657220705186));
#9814=CARTESIAN_POINT('Ctrl Pts',(-3.48316460913354,196.253050888317,-7.61562418770918));
#9815=CARTESIAN_POINT('Ctrl Pts',(-3.60977900628479,197.292260302599,-5.46945369137557));
#9816=CARTESIAN_POINT('Ctrl Pts',(-3.73639340343604,199.658060336508,-5.17114945992737));
#9817=CARTESIAN_POINT('Ctrl Pts',(-3.86300780058729,201.197497661707,-6.9921745362194));
#9818=CARTESIAN_POINT('Ctrl Pts',(-3.98962219773853,200.509625022918,-9.27534300186936));
#9819=CARTESIAN_POINT('Ctrl Pts',(-4.11623659488978,198.220445619836,-9.94287919484483));
#9820=CARTESIAN_POINT('Ctrl Pts',(-4.24285099204103,196.413156098508,-8.38733585050045));
#9821=CARTESIAN_POINT('Ctrl Pts',(-4.36946538919228,196.73251858249,-6.02424150617359));
#9822=CARTESIAN_POINT('Ctrl Pts',(-4.49607978634352,198.887762060248,-5.00423083116821));
#9823=CARTESIAN_POINT('Ctrl Pts',(-4.62269418349477,200.917832098589,-6.255259821511));
#9824=CARTESIAN_POINT('Ctrl Pts',(-4.74930858064601,200.974701749607,-8.63944283912989));
#9825=CARTESIAN_POINT('Ctrl Pts',(-4.87592297779727,199.007843490503,-9.98587386486349));
#9826=CARTESIAN_POINT('Ctrl Pts',(-5.00253737494851,196.804640447452,-9.07177853820941));
#9827=CARTESIAN_POINT('Ctrl Pts',(-5.12915177209976,196.375318886042,-6.7238415733503));
#9828=CARTESIAN_POINT('Ctrl Pts',(-5.21356137020059,197.524889597628,-5.63634116910946));
#9829=CARTESIAN_POINT('Ctrl Pts',(-5.255766169251,198.202774297828,-5.454949137336));
#9830=CARTESIAN_POINT('Ctrl Pts',(5.08525538975034,200.482920038998,-6.04202083363649));
#9831=CARTESIAN_POINT('Ctrl Pts',(5.04305059069992,200.966204727967,-6.61644174538697));
#9832=CARTESIAN_POINT('Ctrl Pts',(4.95864099259909,201.307905372933,-8.27443458149456));
#9833=CARTESIAN_POINT('Ctrl Pts',(4.83202659544784,199.492786631678,-10.0702544002165));
#9834=CARTESIAN_POINT('Ctrl Pts',(4.70541219829659,197.000730248973,-9.52184483371119));
#9835=CARTESIAN_POINT('Ctrl Pts',(4.57879780114534,196.101014442629,-7.13602208928476));
#9836=CARTESIAN_POINT('Ctrl Pts',(4.4521834039941,197.611743569596,-5.08020602393456));
#9837=CARTESIAN_POINT('Ctrl Pts',(4.32556900684285,200.158431085972,-5.22707864539234));
#9838=CARTESIAN_POINT('Ctrl Pts',(4.19895460969161,201.423347245149,-7.44209655739596));
#9839=CARTESIAN_POINT('Ctrl Pts',(4.07234021254036,200.255453281565,-9.70994898558416));
#9840=CARTESIAN_POINT('Ctrl Pts',(3.94572581538911,197.717534234605,-9.96660572833782));
#9841=CARTESIAN_POINT('Ctrl Pts',(3.81911141823787,196.119199510587,-7.97860193088564));
#9842=CARTESIAN_POINT('Ctrl Pts',(3.69249702108662,196.914978294299,-5.55503827756577));
#9843=CARTESIAN_POINT('Ctrl Pts',(3.56588262393537,199.380689586777,-4.90146263755599));
#9844=CARTESIAN_POINT('Ctrl Pts',(3.43926822678412,201.272451586407,-6.61263907674015));
#9845=CARTESIAN_POINT('Ctrl Pts',(3.31265382963288,200.868698640231,-9.13134546852585));
#9846=CARTESIAN_POINT('Ctrl Pts',(3.18603943248163,198.536858935243,-10.1654720464661));
#9847=CARTESIAN_POINT('Ctrl Pts',(3.05942503533038,196.398984803457,-8.7739303819511));
#9848=CARTESIAN_POINT('Ctrl Pts',(2.93281063817914,196.400613064696,-6.22306926669789));
#9849=CARTESIAN_POINT('Ctrl Pts',(2.80619624102789,198.540262003279,-4.83425791347578));
#9850=CARTESIAN_POINT('Ctrl Pts',(2.67958184387664,200.87077952214,-5.87136093363864));
#9851=CARTESIAN_POINT('Ctrl Pts',(2.55296744672539,201.27131677556,-8.39057997920106));
#9852=CARTESIAN_POINT('Ctrl Pts',(2.42635304957415,199.377371465173,-10.0993414568924));
#9853=CARTESIAN_POINT('Ctrl Pts',(2.2997386524229,196.91249714741,-9.44261530997707));
#9854=CARTESIAN_POINT('Ctrl Pts',(2.17312425527166,196.119811858782,-7.01804428017093));
#9855=CARTESIAN_POINT('Ctrl Pts',(2.04650985812041,197.720685714765,-5.03206907012717));
#9856=CARTESIAN_POINT('Ctrl Pts',(1.91989546096916,200.258269983564,-5.29199351667873));
#9857=CARTESIAN_POINT('Ctrl Pts',(1.79328106381791,201.423278140939,-7.56127768430648));
#9858=CARTESIAN_POINT('Ctrl Pts',(1.66666666666667,200.155513813531,-9.77479711034569));
#9859=CARTESIAN_POINT('Ctrl Pts',(1.54005226951542,197.608684924864,-9.91817511207917));
#9860=CARTESIAN_POINT('Ctrl Pts',(1.41343787236417,196.100490912489,-7.86093291421861));
#9861=CARTESIAN_POINT('Ctrl Pts',(1.28682347521293,197.003438751576,-5.4752296972597));
#9862=CARTESIAN_POINT('Ctrl Pts',(1.16020907806168,199.495815720027,-4.93213515053173));
#9863=CARTESIAN_POINT('Ctrl Pts',(1.03359468091043,201.309475448176,-6.72588346901098));
#9864=CARTESIAN_POINT('Ctrl Pts',(0.906980283759185,200.793926946783,-9.22410371195571));
#9865=CARTESIAN_POINT('Ctrl Pts',(0.780365886607939,198.418336588602,-10.1533319345511));
#9866=CARTESIAN_POINT('Ctrl Pts',(0.653751489456691,196.344571023394,-8.66793938707127));
#9867=CARTESIAN_POINT('Ctrl Pts',(0.527137092305445,196.459826248318,-6.11968294929295));
#9868=CARTESIAN_POINT('Ctrl Pts',(0.400522695154197,198.65921615533,-4.82756117620718));
#9869=CARTESIAN_POINT('Ctrl Pts',(0.273908298002951,200.941222396196,-5.9674480812125));
#9870=CARTESIAN_POINT('Ctrl Pts',(0.147293900851703,201.229142996735,-8.50200847057713));
#9871=CARTESIAN_POINT('Ctrl Pts',(0.0206795037004564,199.260960584323,-10.1247076512703));
#9872=CARTESIAN_POINT('Ctrl Pts',(-0.105934893450791,196.82778695708,-9.35883511667834));
#9873=CARTESIAN_POINT('Ctrl Pts',(-0.232549290602038,196.143891464813,-6.90136047892349));
#9874=CARTESIAN_POINT('Ctrl Pts',(-0.359163687753284,197.831641870366,-4.98866781984089));
#9875=CARTESIAN_POINT('Ctrl Pts',(-0.485778084904531,200.355128877625,-5.36137140681642));
#9876=CARTESIAN_POINT('Ctrl Pts',(-0.612392482055779,201.417894941496,-7.68029851499295));
#9877=CARTESIAN_POINT('Ctrl Pts',(-0.739006879207025,200.052787412083,-9.83514794655208));
#9878=CARTESIAN_POINT('Ctrl Pts',(-0.865621276358273,197.502099781196,-9.86493467505532));
#9879=CARTESIAN_POINT('Ctrl Pts',(-0.992235673509518,196.08704307084,-7.74255178169569));
#9880=CARTESIAN_POINT('Ctrl Pts',(-1.11885007066077,197.095366197447,-5.39943865768804));
#9881=CARTESIAN_POINT('Ctrl Pts',(-1.24546446781201,199.609461404241,-4.96790658387301));
#9882=CARTESIAN_POINT('Ctrl Pts',(-1.37207886496326,201.341417998545,-6.8406641749665));
#9883=CARTESIAN_POINT('Ctrl Pts',(-1.49869326211451,200.715097574533,-9.31343941060443));
#9884=CARTESIAN_POINT('Ctrl Pts',(-1.62530765926575,198.300472657993,-10.1359241533475));
#9885=CARTESIAN_POINT('Ctrl Pts',(-1.751922056417,196.294932651887,-8.55962978888445));
#9886=CARTESIAN_POINT('Ctrl Pts',(-1.87853645356825,196.523586013504,-6.01903688967345));
#9887=CARTESIAN_POINT('Ctrl Pts',(-2.0051508507195,198.778350539303,-4.82616993422753));
#9888=CARTESIAN_POINT('Ctrl Pts',(-2.13176524787074,201.007315126255,-6.06657773381616));
#9889=CARTESIAN_POINT('Ctrl Pts',(-2.25837964502199,201.182047479301,-8.6114477191939));
#9890=CARTESIAN_POINT('Ctrl Pts',(-2.38499404217324,199.143535313847,-10.1448631217113));
#9891=CARTESIAN_POINT('Ctrl Pts',(-2.51160843932448,196.74689285761,-9.27136465498726));
#9892=CARTESIAN_POINT('Ctrl Pts',(-2.63822283647573,196.173144867304,-6.78586513376423));
#9893=CARTESIAN_POINT('Ctrl Pts',(-2.76483723362698,197.944421208992,-4.95025220825984));
#9894=CARTESIAN_POINT('Ctrl Pts',(-2.89145163077823,200.448801166197,-5.4349950370852));
#9895=CARTESIAN_POINT('Ctrl Pts',(-3.01806602792947,201.407215301573,-7.79896138632265));
#9896=CARTESIAN_POINT('Ctrl Pts',(-3.14468042508072,199.947474599076,-9.8908629523669));
#9897=CARTESIAN_POINT('Ctrl Pts',(-3.27129482223196,197.397992128185,-9.80699914575819));
#9898=CARTESIAN_POINT('Ctrl Pts',(-3.39790921938321,196.078881709215,-7.62368929795248));
#9899=CARTESIAN_POINT('Ctrl Pts',(-3.52452361653446,197.190578884562,-5.3278174113062));
#9900=CARTESIAN_POINT('Ctrl Pts',(-3.65113801368571,199.721400082859,-5.00870562600323));
#9901=CARTESIAN_POINT('Ctrl Pts',(-3.77775241083695,201.368217463965,-6.95675229083209));
#9902=CARTESIAN_POINT('Ctrl Pts',(-3.9043668079882,200.632363786129,-9.39917813804132));
#9903=CARTESIAN_POINT('Ctrl Pts',(-4.03098120513945,198.183507721802,-10.1132768461306));
#9904=CARTESIAN_POINT('Ctrl Pts',(-4.15759560229069,196.250154705285,-8.44923000603055));
#9905=CARTESIAN_POINT('Ctrl Pts',(-4.28420999944194,196.59179361509,-5.92130322672703));
#9906=CARTESIAN_POINT('Ctrl Pts',(-4.41082439659319,198.897371348973,-4.83014395637803));
#9907=CARTESIAN_POINT('Ctrl Pts',(-4.53743879374443,201.0690444462,-6.1684357152174));
#9908=CARTESIAN_POINT('Ctrl Pts',(-4.66405319089568,201.129880914317,-8.71892216171446));
#9909=CARTESIAN_POINT('Ctrl Pts',(-4.79066758804693,199.025828794596,-10.1592705145461));
#9910=CARTESIAN_POINT('Ctrl Pts',(-4.91728198519817,196.668946181702,-9.1814144841119));
#9911=CARTESIAN_POINT('Ctrl Pts',(-5.04389638234942,196.209678241501,-6.66970235385639));
#9912=CARTESIAN_POINT('Ctrl Pts',(-5.12830598045025,197.43943472308,-5.50634575703506));
#9913=CARTESIAN_POINT('Ctrl Pts',(-5.17051077950067,198.164603775696,-5.31230112408452));
#9914=CARTESIAN_POINT('Ctrl Pts',(5.17051077950067,200.595914383608,-5.94695389653036));
#9915=CARTESIAN_POINT('Ctrl Pts',(5.12830598045025,201.11071145368,-6.55882968963284));
#9916=CARTESIAN_POINT('Ctrl Pts',(5.04389638234942,201.474692549885,-8.32493127263412));
#9917=CARTESIAN_POINT('Ctrl Pts',(4.91728198519817,199.541219731153,-10.2378467904573));
#9918=CARTESIAN_POINT('Ctrl Pts',(4.79066758804693,196.886669828057,-9.65367840176154));
#9919=CARTESIAN_POINT('Ctrl Pts',(4.66405319089568,195.928288419385,-7.11228905801497));
#9920=CARTESIAN_POINT('Ctrl Pts',(4.53743879374444,197.537524023133,-4.92242434430593));
#9921=CARTESIAN_POINT('Ctrl Pts',(4.41082439659319,200.250267260697,-5.07887373516402));
#9922=CARTESIAN_POINT('Ctrl Pts',(4.28420999944194,201.597661762311,-7.43832098702893));
#9923=CARTESIAN_POINT('Ctrl Pts',(4.15759560229069,200.353615748997,-9.85404780816493));
#9924=CARTESIAN_POINT('Ctrl Pts',(4.03098120513944,197.650212725322,-10.1274397491876));
#9925=CARTESIAN_POINT('Ctrl Pts',(3.9043668079882,195.947659237285,-8.00980897465695));
#9926=CARTESIAN_POINT('Ctrl Pts',(3.77775241083695,196.795326452141,-5.42821784144004));
#9927=CARTESIAN_POINT('Ctrl Pts',(3.65113801368571,199.421813444142,-4.73202606829448));
#9928=CARTESIAN_POINT('Ctrl Pts',(3.52452361653446,201.436927013664,-6.55477906952731));
#9929=CARTESIAN_POINT('Ctrl Pts',(3.39790921938322,201.006847521247,-9.23771668468083));
#9930=CARTESIAN_POINT('Ctrl Pts',(3.27129482223196,198.522961159015,-10.3392730645092));
#9931=CARTESIAN_POINT('Ctrl Pts',(3.14468042508072,196.245687816105,-8.85699649310863));
#9932=CARTESIAN_POINT('Ctrl Pts',(3.01806602792947,196.247422247455,-6.13980751885379));
#9933=CARTESIAN_POINT('Ctrl Pts',(2.89145163077822,198.526586122715,-4.66043928758084));
#9934=CARTESIAN_POINT('Ctrl Pts',(2.76483723362698,201.009064086212,-5.76516618733337));
#9935=CARTESIAN_POINT('Ctrl Pts',(2.63822283647573,201.435718207938,-8.4486498836441));
#9936=CARTESIAN_POINT('Ctrl Pts',(2.51160843932448,199.418278965772,-10.2688304568046));
#9937=CARTESIAN_POINT('Ctrl Pts',(2.38499404217324,196.79268352308,-9.56928274923521));
#9938=CARTESIAN_POINT('Ctrl Pts',(2.25837964502199,195.948311513395,-6.98661855395894));
#9939=CARTESIAN_POINT('Ctrl Pts',(2.13176524787074,197.653569696461,-4.87114864005157));
#9940=CARTESIAN_POINT('Ctrl Pts',(2.0051508507195,200.356616112901,-5.14802135416603));
#9941=CARTESIAN_POINT('Ctrl Pts',(1.87853645356825,201.597588152189,-7.56527327072799));
#9942=CARTESIAN_POINT('Ctrl Pts',(1.751922056417,200.247159768697,-9.92312432846215));
#9943=CARTESIAN_POINT('Ctrl Pts',(1.62530765926575,197.534265940718,-10.0758512343416));
#9944=CARTESIAN_POINT('Ctrl Pts',(1.49869326211451,195.927730752676,-7.8844673977333));
#9945=CARTESIAN_POINT('Ctrl Pts',(1.37207886496326,196.889554937467,-5.34320537519406));
#9946=CARTESIAN_POINT('Ctrl Pts',(1.24546446781201,199.544446329972,-4.76469856997323));
#9947=CARTESIAN_POINT('Ctrl Pts',(1.11885007066077,201.476365001244,-6.67540751622496));
#9948=CARTESIAN_POINT('Ctrl Pts',(0.992235673509519,200.927200370014,-9.33652319155483));
#9949=CARTESIAN_POINT('Ctrl Pts',(0.865621276358274,198.396710611086,-10.3263413615464));
#9950=CARTESIAN_POINT('Ctrl Pts',(0.739006879207025,196.187726007698,-8.74409439862155));
#9951=CARTESIAN_POINT('Ctrl Pts',(0.61239248205578,196.310496402572,-6.02967993877437));
#9952=CARTESIAN_POINT('Ctrl Pts',(0.485778084904532,198.653296631752,-4.65330589228898));
#9953=CARTESIAN_POINT('Ctrl Pts',(0.359163687753285,201.08410015915,-5.86751865818882));
#9954=CARTESIAN_POINT('Ctrl Pts',(0.232549290602037,201.390794505059,-8.56734402436955));
#9955=CARTESIAN_POINT('Ctrl Pts',(0.105934893450791,199.294277560898,-10.2958506435448));
#9956=CARTESIAN_POINT('Ctrl Pts',(-0.0206795037004564,196.702449839327,
-9.48003970259069));
#9957=CARTESIAN_POINT('Ctrl Pts',(-0.147293900851703,195.97396122032,-6.86232643302463));
#9958=CARTESIAN_POINT('Ctrl Pts',(-0.27390829800295,197.771760702949,-4.82491742893561));
#9959=CARTESIAN_POINT('Ctrl Pts',(-0.400522695154196,200.459790651659,-5.22192300134391));
#9960=CARTESIAN_POINT('Ctrl Pts',(-0.527137092305445,201.591853943422,-7.69205480615307));
#9961=CARTESIAN_POINT('Ctrl Pts',(-0.65375148945669,200.137735134125,-9.98741031633757));
#9962=CARTESIAN_POINT('Ctrl Pts',(-0.780365886607937,197.420730956214,-10.0191392763284));
#9963=CARTESIAN_POINT('Ctrl Pts',(-0.906980283759185,195.913406049995,-7.75836727172972));
#9964=CARTESIAN_POINT('Ctrl Pts',(-1.03359468091043,196.987476474966,-5.2624724117881));
#9965=CARTESIAN_POINT('Ctrl Pts',(-1.16020907806168,199.665502234692,-4.80280246504107));
#9966=CARTESIAN_POINT('Ctrl Pts',(-1.28682347521292,201.510390352586,-6.79767245131478));
#9967=CARTESIAN_POINT('Ctrl Pts',(-1.41343787236417,200.843230960686,-9.43168398801063));
#9968=CARTESIAN_POINT('Ctrl Pts',(-1.54005226951542,198.271161410936,-10.3077985130668));
#9969=CARTESIAN_POINT('Ctrl Pts',(-1.66666666666667,196.134850986415,-8.62872251724415));
#9970=CARTESIAN_POINT('Ctrl Pts',(-1.79328106381791,196.378413597251,-5.92247129387206));
#9971=CARTESIAN_POINT('Ctrl Pts',(-1.91989546096916,198.780199124659,-4.65182393494329));
#9972=CARTESIAN_POINT('Ctrl Pts',(-2.0465098581204,201.154502438727,-5.97311201937409));
#9973=CARTESIAN_POINT('Ctrl Pts',(-2.17312425527166,201.340628143612,-8.6839192145726));
#9974=CARTESIAN_POINT('Ctrl Pts',(-2.2997386524229,199.169195623537,-10.3173203432182));
#9975=CARTESIAN_POINT('Ctrl Pts',(-2.42635304957415,196.616281073082,-9.38686576510785));
#9976=CARTESIAN_POINT('Ctrl Pts',(-2.55296744672539,196.005122078993,-6.73930026097318));
#9977=CARTESIAN_POINT('Ctrl Pts',(-2.67958184387664,197.891893772369,-4.78399694306396));
#9978=CARTESIAN_POINT('Ctrl Pts',(-2.80619624102789,200.559570803616,-5.30034723040707));
#9979=CARTESIAN_POINT('Ctrl Pts',(-2.93281063817914,201.580477941932,-7.81845504162747));
#9980=CARTESIAN_POINT('Ctrl Pts',(-3.05942503533038,200.025555442083,-10.0467581963908));
#9981=CARTESIAN_POINT('Ctrl Pts',(-3.18603943248163,197.309835006134,-9.95742608446454));
#9982=CARTESIAN_POINT('Ctrl Pts',(-3.31265382963288,195.904712530113,-7.63175440819577));
#9983=CARTESIAN_POINT('Ctrl Pts',(-3.43926822678413,197.088897466526,-5.18618113123682));
#9984=CARTESIAN_POINT('Ctrl Pts',(-3.56588262393537,199.784739829209,-4.84626179207911));
#9985=CARTESIAN_POINT('Ctrl Pts',(-3.69249702108662,201.538937266222,-6.92133004544478));
#9986=CARTESIAN_POINT('Ctrl Pts',(-3.81911141823786,200.75510254934,-9.52301327421328));
#9987=CARTESIAN_POINT('Ctrl Pts',(-3.94572581538911,198.146569823768,-10.2836744974165));
#9988=CARTESIAN_POINT('Ctrl Pts',(-4.07234021254036,196.087153312061,-8.51112416156065));
#9989=CARTESIAN_POINT('Ctrl Pts',(-4.19895460969161,196.45106864769,-5.81836494728048));
#9990=CARTESIAN_POINT('Ctrl Pts',(-4.32556900684285,198.906980637697,-4.65605708158784));
#9991=CARTESIAN_POINT('Ctrl Pts',(-4.4521834039941,201.22025679381,-6.08161160892381));
#9992=CARTESIAN_POINT('Ctrl Pts',(-4.57879780114535,201.285060079028,-8.798401484299));
#9993=CARTESIAN_POINT('Ctrl Pts',(-4.7054121982966,199.043814098689,-10.3326671642288));
#9994=CARTESIAN_POINT('Ctrl Pts',(-4.83202659544784,196.533251915952,-9.2910504300144));
#9995=CARTESIAN_POINT('Ctrl Pts',(-4.95864099259909,196.044037596959,-6.61556313436249));
#9996=CARTESIAN_POINT('Ctrl Pts',(-5.04305059069992,197.353979848533,-5.37635034496066));
#9997=CARTESIAN_POINT('Ctrl Pts',(-5.08525538975034,198.126433253564,-5.16965311083305));
#9998=CARTESIAN_POINT('Ctrl Pts',(5.255766169251,200.708908728217,-5.85188695942423));
#9999=CARTESIAN_POINT('Ctrl Pts',(5.21356137020059,201.255218179392,-6.50121763387871));
#10000=CARTESIAN_POINT('Ctrl Pts',(5.12915177209976,201.641479726837,-8.37542796377366));
#10001=CARTESIAN_POINT('Ctrl Pts',(5.00253737494851,199.589652830628,-10.4054391806981));
#10002=CARTESIAN_POINT('Ctrl Pts',(4.87592297779727,196.772609407141,-9.78551196981188));
#10003=CARTESIAN_POINT('Ctrl Pts',(4.74930858064601,195.755562396142,-7.0885560267452));
#10004=CARTESIAN_POINT('Ctrl Pts',(4.62269418349477,197.46330447667,-4.76464266467729));
#10005=CARTESIAN_POINT('Ctrl Pts',(4.49607978634352,200.342103435423,-4.93066882493571));
#10006=CARTESIAN_POINT('Ctrl Pts',(4.36946538919228,201.771976279473,-7.43454541666191));
#10007=CARTESIAN_POINT('Ctrl Pts',(4.24285099204102,200.45177821643,-9.99814663074569));
#10008=CARTESIAN_POINT('Ctrl Pts',(4.11623659488978,197.582891216039,-10.2882737700375));
#10009=CARTESIAN_POINT('Ctrl Pts',(3.98962219773853,195.776118963984,-8.04101601842827));
#10010=CARTESIAN_POINT('Ctrl Pts',(3.86300780058729,196.675674609982,-5.30139740531428));
#10011=CARTESIAN_POINT('Ctrl Pts',(3.73639340343604,199.462937301508,-4.56258949903297));
#10012=CARTESIAN_POINT('Ctrl Pts',(3.6097790062848,201.60140244092,-6.49691906231445));
#10013=CARTESIAN_POINT('Ctrl Pts',(3.48316460913355,201.144996402263,-9.34408790083581));
#10014=CARTESIAN_POINT('Ctrl Pts',(3.3565502119823,198.509063382788,-10.5130740825522));
#10015=CARTESIAN_POINT('Ctrl Pts',(3.22993581483105,196.092390828754,-8.94006260426617));
#10016=CARTESIAN_POINT('Ctrl Pts',(3.10332141767981,196.094231430213,-6.05654577100968));
#10017=CARTESIAN_POINT('Ctrl Pts',(2.97670702052856,198.512910242152,-4.48662066168591));
#10018=CARTESIAN_POINT('Ctrl Pts',(2.85009262337731,201.147348650284,-5.65897144102809));
#10019=CARTESIAN_POINT('Ctrl Pts',(2.72347822622606,201.600119640315,-8.50671978808714));
#10020=CARTESIAN_POINT('Ctrl Pts',(2.59686382907482,199.459186466371,-10.4383194567167));
#10021=CARTESIAN_POINT('Ctrl Pts',(2.47024943192357,196.67286989875,-9.69595018849336));
#10022=CARTESIAN_POINT('Ctrl Pts',(2.34363503477233,195.776811168009,-6.95519282774694));
#10023=CARTESIAN_POINT('Ctrl Pts',(2.21702063762108,197.586453678157,-4.71022820997597));
#10024=CARTESIAN_POINT('Ctrl Pts',(2.09040624046983,200.454962242239,-5.00404919165332));
#10025=CARTESIAN_POINT('Ctrl Pts',(1.96379184331858,201.77189816344,-7.56926885714952));
#10026=CARTESIAN_POINT('Ctrl Pts',(1.83717744616734,200.338805723862,-10.0714515465786));
#10027=CARTESIAN_POINT('Ctrl Pts',(1.71056304901609,197.459846956573,-10.2335273566041));
#10028=CARTESIAN_POINT('Ctrl Pts',(1.58394865186484,195.754970592863,-7.908001881248));
#10029=CARTESIAN_POINT('Ctrl Pts',(1.4573342547136,196.775671123359,-5.21118105312843));
#10030=CARTESIAN_POINT('Ctrl Pts',(1.33071985756235,199.593076939918,-4.59726198941473));
#10031=CARTESIAN_POINT('Ctrl Pts',(1.2041054604111,201.643254554312,-6.62493156343897));
#10032=CARTESIAN_POINT('Ctrl Pts',(1.07749106325985,201.060473793244,-9.44894267115392));
#10033=CARTESIAN_POINT('Ctrl Pts',(0.950876666108609,198.375084633569,-10.4993507885418));
#10034=CARTESIAN_POINT('Ctrl Pts',(0.82426226895736,196.030880992003,-8.82024941017182));
#10035=CARTESIAN_POINT('Ctrl Pts',(0.697647871806114,196.161166556827,-5.9396769282558));
#10036=CARTESIAN_POINT('Ctrl Pts',(0.571033474654866,198.647377108174,-4.47905060837079));
#10037=CARTESIAN_POINT('Ctrl Pts',(0.44441907750362,201.226977922105,-5.76758923516515));
#10038=CARTESIAN_POINT('Ctrl Pts',(0.317804680352372,201.552446013383,-8.63267957816196));
#10039=CARTESIAN_POINT('Ctrl Pts',(0.191190283201126,199.327594537474,-10.4669936358192));
#10040=CARTESIAN_POINT('Ctrl Pts',(0.0645758860498783,196.577112721574,
-9.60124428850304));
#10041=CARTESIAN_POINT('Ctrl Pts',(-0.0620385111013686,195.804030975826,
-6.82329238712577));
#10042=CARTESIAN_POINT('Ctrl Pts',(-0.188652908252615,197.711879535533,
-4.66116703803033));
#10043=CARTESIAN_POINT('Ctrl Pts',(-0.315267305403862,200.564452425693,
-5.08247459587139));
#10044=CARTESIAN_POINT('Ctrl Pts',(-0.441881702555109,201.765812945347,
-7.70381109731319));
#10045=CARTESIAN_POINT('Ctrl Pts',(-0.568496099706356,200.222682856167,
-10.139672686123));
#10046=CARTESIAN_POINT('Ctrl Pts',(-0.695110496857603,197.339362131232,
-10.1733438776015));
#10047=CARTESIAN_POINT('Ctrl Pts',(-0.82172489400885,195.739769029151,-7.77418276176374));
#10048=CARTESIAN_POINT('Ctrl Pts',(-0.948339291160096,196.879586752486,
-5.12550616588817));
#10049=CARTESIAN_POINT('Ctrl Pts',(-1.07495368831134,199.721543065142,-4.63769834620912));
#10050=CARTESIAN_POINT('Ctrl Pts',(-1.20156808546259,201.679362706627,-6.75468072766305));
#10051=CARTESIAN_POINT('Ctrl Pts',(-1.32818248261384,200.971364346838,-9.54992856541683));
#10052=CARTESIAN_POINT('Ctrl Pts',(-1.45479687976509,198.241850163878,-10.4796728727861));
#10053=CARTESIAN_POINT('Ctrl Pts',(-1.58141127691633,195.974769320943,-8.69781524560385));
#10054=CARTESIAN_POINT('Ctrl Pts',(-1.70802567406758,196.233241180999,-5.82590569807066));
#10055=CARTESIAN_POINT('Ctrl Pts',(-1.83464007121883,198.782047710015,-4.47747793565904));
#10056=CARTESIAN_POINT('Ctrl Pts',(-1.96125446837007,201.301689751198,-5.87964630493202));
#10057=CARTESIAN_POINT('Ctrl Pts',(-2.08786886552132,201.499208807924,-8.7563907099513));
#10058=CARTESIAN_POINT('Ctrl Pts',(-2.21448326267257,199.194855933227,-10.4897775647251));
#10059=CARTESIAN_POINT('Ctrl Pts',(-2.34109765982382,196.485669288555,-9.50236687522846));
#10060=CARTESIAN_POINT('Ctrl Pts',(-2.46771205697506,195.837099290682,-6.69273538818211));
#10061=CARTESIAN_POINT('Ctrl Pts',(-2.59432645412631,197.839366335746,-4.61774167786807));
#10062=CARTESIAN_POINT('Ctrl Pts',(-2.72094085127756,200.670340441035,-5.16569942372893));
#10063=CARTESIAN_POINT('Ctrl Pts',(-2.8475552484288,201.75374058229,-7.83794869693228));
#10064=CARTESIAN_POINT('Ctrl Pts',(-2.97416964558005,200.10363628509,-10.2026534404147));
#10065=CARTESIAN_POINT('Ctrl Pts',(-3.10078404273129,197.221677884083,-10.1078530231709));
#10066=CARTESIAN_POINT('Ctrl Pts',(-3.22739843988254,195.730543351011,-7.63981951843906));
#10067=CARTESIAN_POINT('Ctrl Pts',(-3.35401283703379,196.987216048489,-5.04454485116745));
#10068=CARTESIAN_POINT('Ctrl Pts',(-3.48062723418504,199.84807957556,-4.68381795815497));
#10069=CARTESIAN_POINT('Ctrl Pts',(-3.60724163133628,201.709657068479,-6.88590780005747));
#10070=CARTESIAN_POINT('Ctrl Pts',(-3.73385602848753,200.877841312551,-9.64684841038523));
#10071=CARTESIAN_POINT('Ctrl Pts',(-3.86047042563878,198.109631925734,-10.4540721487023));
#10072=CARTESIAN_POINT('Ctrl Pts',(-3.98708482279002,195.924151918838,-8.57301831709076));
#10073=CARTESIAN_POINT('Ctrl Pts',(-4.11369921994127,196.31034368029,-5.71542666783392));
#10074=CARTESIAN_POINT('Ctrl Pts',(-4.24031361709252,198.916589926422,-4.48197020679766));
#10075=CARTESIAN_POINT('Ctrl Pts',(-4.36692801424377,201.371469141421,-5.99478750263022));
#10076=CARTESIAN_POINT('Ctrl Pts',(-4.49354241139501,201.440239243738,-8.87788080688356));
#10077=CARTESIAN_POINT('Ctrl Pts',(-4.62015680854626,199.061799402781,-10.5060638139114));
#10078=CARTESIAN_POINT('Ctrl Pts',(-4.74677120569751,196.397557650202,-9.40068637591689));
#10079=CARTESIAN_POINT('Ctrl Pts',(-4.87338560284876,195.878396952418,-6.56142391486858));
#10080=CARTESIAN_POINT('Ctrl Pts',(-4.95779520094958,197.268524973985,-5.24635493288626));
#10081=CARTESIAN_POINT('Ctrl Pts',(-5.,198.088262731431,-5.02700509758157));
#10082=CARTESIAN_POINT('Ctrl Pts',(3.71094372097748,196.631835318211,-7.50177030477813));
#10083=CARTESIAN_POINT('Ctrl Pts',(3.71858115681416,196.630701563294,-7.62855655105929));
#10084=CARTESIAN_POINT('Ctrl Pts',(3.72621859265083,196.641113867531,-7.75515687683123));
#10085=CARTESIAN_POINT('Ctrl Pts',(3.73385602848751,196.663740835983,-7.87953499493946));
#10086=CARTESIAN_POINT('Ctrl Pts',(3.77606082753793,196.788778437222,-8.56685382723886));
#10087=CARTESIAN_POINT('Ctrl Pts',(3.81826562658834,197.286817090555,-9.18631276736342));
#10088=CARTESIAN_POINT('Ctrl Pts',(3.86047042563876,197.931242262263,-9.45605531334493));
#10089=CARTESIAN_POINT('Ctrl Pts',(3.90267522468917,198.57566743397,-9.72579785932643));
#10090=CARTESIAN_POINT('Ctrl Pts',(3.94488002373959,199.366479124052,-9.64582401116489));
#10091=CARTESIAN_POINT('Ctrl Pts',(3.98708482279,199.943841954735,-9.25250741454406));
#10092=CARTESIAN_POINT('Ctrl Pts',(4.02928962184042,200.521204785418,-8.85919081792323));
#10093=CARTESIAN_POINT('Ctrl Pts',(4.07149442089084,200.885118756702,-8.15253147284311));
#10094=CARTESIAN_POINT('Ctrl Pts',(4.11369921994125,200.870002772888,-7.454103704946));
#10095=CARTESIAN_POINT('Ctrl Pts',(4.15590401899167,200.854886789073,-6.75567593704889));
#10096=CARTESIAN_POINT('Ctrl Pts',(4.19810881804208,200.460740850159,-6.06547974633479));
#10097=CARTESIAN_POINT('Ctrl Pts',(4.2403136170925,199.866895914838,-5.69749900896816));
#10098=CARTESIAN_POINT('Ctrl Pts',(4.28251841614291,199.273050979517,-5.32951827160154));
#10099=CARTESIAN_POINT('Ctrl Pts',(4.32472321519333,198.479507047788,-5.28375298758239));
#10100=CARTESIAN_POINT('Ctrl Pts',(4.36692801424375,197.847364640226,-5.58116491507136));
#10101=CARTESIAN_POINT('Ctrl Pts',(4.40913281329416,197.215222232663,-5.87857684256034));
#10102=CARTESIAN_POINT('Ctrl Pts',(4.45133761234457,196.744481349268,-6.51916598155743));
#10103=CARTESIAN_POINT('Ctrl Pts',(4.49354241139499,196.649285941573,-7.2111699085737));
#10104=CARTESIAN_POINT('Ctrl Pts',(4.49934284792249,196.636202715673,-7.30627579571797));
#10105=CARTESIAN_POINT('Ctrl Pts',(4.50514328444998,196.630212983977,-7.40235283156313));
#10106=CARTESIAN_POINT('Ctrl Pts',(4.51094372097748,196.630985866461,-7.49852440919125));
#10107=CARTESIAN_POINT('Ctrl Pts',(5.,198.088262731432,-9.97299490241847));
#10108=CARTESIAN_POINT('Ctrl Pts',(4.95779520094958,197.268524973986,-9.7536450671138));
#10109=CARTESIAN_POINT('Ctrl Pts',(4.87338560284875,195.878397068708,-8.43857527751744));
#10110=CARTESIAN_POINT('Ctrl Pts',(4.74677120569751,196.397557549933,-5.59931382786092));
#10111=CARTESIAN_POINT('Ctrl Pts',(4.62015680854626,199.06179941096,-4.49393594400289));
#10112=CARTESIAN_POINT('Ctrl Pts',(4.49354241139501,201.440239330284,-6.12211923859693));
#10113=CARTESIAN_POINT('Ctrl Pts',(4.36692801424376,201.371469205928,-9.00521249412607));
#10114=CARTESIAN_POINT('Ctrl Pts',(4.24031361709252,198.916589938206,-10.5180299033018));
#10115=CARTESIAN_POINT('Ctrl Pts',(4.11369921994127,196.31034360661,-9.28457336966274));
#10116=CARTESIAN_POINT('Ctrl Pts',(3.98708482279002,195.924151841534,-6.42698165939857));
#10117=CARTESIAN_POINT('Ctrl Pts',(3.86047042563878,198.109631905984,-4.5459277639885));
#10118=CARTESIAN_POINT('Ctrl Pts',(3.73385602848753,200.877841373749,-5.35315153067098));
#10119=CARTESIAN_POINT('Ctrl Pts',(3.60724163133629,201.709657151831,-8.11409221636447));
#10120=CARTESIAN_POINT('Ctrl Pts',(3.48062723418504,199.848079606948,-10.3161821221406));
#10121=CARTESIAN_POINT('Ctrl Pts',(3.35401283703379,196.987215998396,-9.95545521814293));
#10122=CARTESIAN_POINT('Ctrl Pts',(3.22739843988254,195.730543265541,-7.360180477733));
#10123=CARTESIAN_POINT('Ctrl Pts',(3.1007840427313,197.221677840739,-4.89214690287278));
#10124=CARTESIAN_POINT('Ctrl Pts',(2.97416964558005,200.103636323465,-4.79734648304595));
#10125=CARTESIAN_POINT('Ctrl Pts',(2.8475552484288,201.753740667384,-7.16205129347475));
#10126=CARTESIAN_POINT('Ctrl Pts',(2.72094085127755,200.67034049545,-9.8343006424176));
#10127=CARTESIAN_POINT('Ctrl Pts',(2.59432645412631,197.839366309942,-10.3822584037902));
#10128=CARTESIAN_POINT('Ctrl Pts',(2.46771205697506,195.837099208153,-8.30726463469252));
#10129=CARTESIAN_POINT('Ctrl Pts',(2.34109765982381,196.485669224399,-5.49763306803754));
#10130=CARTESIAN_POINT('Ctrl Pts',(2.21448326267257,199.194855945832,-4.51022235056629));
#10131=CARTESIAN_POINT('Ctrl Pts',(2.08786886552132,201.499208885817,-6.24360925445103));
#10132=CARTESIAN_POINT('Ctrl Pts',(1.96125446837007,201.301689823495,-9.1203537409774));
#10133=CARTESIAN_POINT('Ctrl Pts',(1.83464007121883,198.782047710924,-10.5225221499778));
#10134=CARTESIAN_POINT('Ctrl Pts',(1.70802567406758,196.233241109692,-9.17409434936149));
#10135=CARTESIAN_POINT('Ctrl Pts',(1.58141127691633,195.974769242313,-6.30218472045865));
#10136=CARTESIAN_POINT('Ctrl Pts',(1.45479687976508,198.241850149481,-4.520327042791));
#10137=CARTESIAN_POINT('Ctrl Pts',(1.32818248261384,200.971364409775,-5.45007137650258));
#10138=CARTESIAN_POINT('Ctrl Pts',(1.20156808546259,201.679362789625,-8.24531929345391));
#10139=CARTESIAN_POINT('Ctrl Pts',(1.07495368831134,199.721543092668,-10.3623017348883));
#10140=CARTESIAN_POINT('Ctrl Pts',(0.948339291160096,196.879586699492,-9.8744939013883));
#10141=CARTESIAN_POINT('Ctrl Pts',(0.821724894008851,195.739768943862,-7.22581723046801));
#10142=CARTESIAN_POINT('Ctrl Pts',(0.695110496857603,197.339362091264,-4.82665604665485));
#10143=CARTESIAN_POINT('Ctrl Pts',(0.568496099706356,200.222682897892,-4.86032723908722));
#10144=CARTESIAN_POINT('Ctrl Pts',(0.441881702555109,201.765813030794,-7.29618889691212));
#10145=CARTESIAN_POINT('Ctrl Pts',(0.315267305403862,200.564452477102,-9.91752547262413));
#10146=CARTESIAN_POINT('Ctrl Pts',(0.188652908252615,197.71187950612,-10.3388330424022));
#10147=CARTESIAN_POINT('Ctrl Pts',(0.0620385111013678,195.804030892359,
-8.17670763204748));
#10148=CARTESIAN_POINT('Ctrl Pts',(-0.0645758860498792,196.57711266001,
-5.39875565196262));
#10149=CARTESIAN_POINT('Ctrl Pts',(-0.191190283201126,199.327594553839,
-4.53300628011712));
#10150=CARTESIAN_POINT('Ctrl Pts',(-0.317804680352373,201.552446092784,
-6.36732038974578));
#10151=CARTESIAN_POINT('Ctrl Pts',(-0.44441907750362,201.226977992285,-9.23241081391905));
#10152=CARTESIAN_POINT('Ctrl Pts',(-0.571033474654868,198.647377105267,
-10.5209494772216));
#10153=CARTESIAN_POINT('Ctrl Pts',(-0.697647871806114,196.161166483477,
-9.06032311595284));
#10154=CARTESIAN_POINT('Ctrl Pts',(-0.824262268957361,196.030880914962,
-6.17975055242175));
#10155=CARTESIAN_POINT('Ctrl Pts',(-0.950876666108608,198.375084622946,
-4.50064912647785));
#10156=CARTESIAN_POINT('Ctrl Pts',(-1.07749106325986,201.060473858706,-5.55105727362671));
#10157=CARTESIAN_POINT('Ctrl Pts',(-1.2041054604111,201.643254636286,-8.3750684613542));
#10158=CARTESIAN_POINT('Ctrl Pts',(-1.33071985756235,199.593076963806,-10.4027380928283));
#10159=CARTESIAN_POINT('Ctrl Pts',(-1.4573342547136,196.77567106742,-9.78881901172063));
#10160=CARTESIAN_POINT('Ctrl Pts',(-1.58394865186484,195.754970508006,-7.09199810719222));
#10161=CARTESIAN_POINT('Ctrl Pts',(-1.71056304901609,197.459846920018,-4.76647256594714));
#10162=CARTESIAN_POINT('Ctrl Pts',(-1.83717744616733,200.338805768877,-4.92854838056456));
#10163=CARTESIAN_POINT('Ctrl Pts',(-1.96379184331859,201.771898249059,-7.43073114088784));
#10164=CARTESIAN_POINT('Ctrl Pts',(-2.09040624046983,200.454962290545,-9.99595087906414));
#10165=CARTESIAN_POINT('Ctrl Pts',(-2.21702063762108,197.58645364519,-10.2897718690667));
#10166=CARTESIAN_POINT('Ctrl Pts',(-2.34363503477232,195.776811083769,-8.04480718768879));
#10167=CARTESIAN_POINT('Ctrl Pts',(-2.47024943192357,196.672869839899,-5.30404974928974));
#10168=CARTESIAN_POINT('Ctrl Pts',(-2.59686382907482,199.459186486464,-4.5616804600306));
#10169=CARTESIAN_POINT('Ctrl Pts',(-2.72347822622607,201.600119721068,-6.49328018339225));
#10170=CARTESIAN_POINT('Ctrl Pts',(-2.85009262337731,201.147348718208,-9.34102861112804));
#10171=CARTESIAN_POINT('Ctrl Pts',(-2.97670702052856,198.512910235435,-10.5133794237028));
#10172=CARTESIAN_POINT('Ctrl Pts',(-3.10332141767981,196.094231354967,-8.94345426986654));
#10173=CARTESIAN_POINT('Ctrl Pts',(-3.22993581483106,196.092390753458,-6.05993735497398));
#10174=CARTESIAN_POINT('Ctrl Pts',(-3.3565502119823,198.509063375957,-4.48692583199852));
#10175=CARTESIAN_POINT('Ctrl Pts',(-3.48316460913355,201.144996470131,-5.65591204707052));
#10176=CARTESIAN_POINT('Ctrl Pts',(-3.60977900628479,201.601402521681,-8.50308096580746));
#10177=CARTESIAN_POINT('Ctrl Pts',(-3.73639340343604,199.462937321771,-10.4374105847641));
#10178=CARTESIAN_POINT('Ctrl Pts',(-3.86300780058729,196.675674551065,-9.69860265588886));
#10179=CARTESIAN_POINT('Ctrl Pts',(-3.98962219773854,195.776118880058,-6.95898396830762));
#10180=CARTESIAN_POINT('Ctrl Pts',(-4.11623659488978,197.58289118222,-4.71172614708172));
#10181=CARTESIAN_POINT('Ctrl Pts',(-4.24285099204103,200.45177826633,-5.00185330570436));
#10182=CARTESIAN_POINT('Ctrl Pts',(-4.36946538919228,201.771976361347,-7.56545457187205));
#10183=CARTESIAN_POINT('Ctrl Pts',(-4.49607978634353,200.342103488826,-10.0693312720636));
#10184=CARTESIAN_POINT('Ctrl Pts',(-4.62269418349477,197.463304421935,-10.2353573696122));
#10185=CARTESIAN_POINT('Ctrl Pts',(-4.74930858064602,195.75556235125,-7.91144406010734));
#10186=CARTESIAN_POINT('Ctrl Pts',(-4.87592297779727,196.772609261776,-5.21448783643225));
#10187=CARTESIAN_POINT('Ctrl Pts',(-5.00253737494851,199.589653029539,-4.59456092890868));
#10188=CARTESIAN_POINT('Ctrl Pts',(-5.12915177209976,201.641479168929,-6.62457144082433));
#10189=CARTESIAN_POINT('Ctrl Pts',(-5.21356137020059,201.255218179392,-8.49878236612122));
#10190=CARTESIAN_POINT('Ctrl Pts',(-5.255766169251,200.708908728217,-9.14811304057571));
#10191=CARTESIAN_POINT('Ctrl Pts',(5.08525538975034,198.126433253564,-9.83034688916699));
#10192=CARTESIAN_POINT('Ctrl Pts',(5.04305059069992,197.353979848533,-9.6236496550394));
#10193=CARTESIAN_POINT('Ctrl Pts',(4.95864099259909,196.044037706542,-8.38443610460856));
#10194=CARTESIAN_POINT('Ctrl Pts',(4.83202659544784,196.533251821466,-5.70894976200904));
#10195=CARTESIAN_POINT('Ctrl Pts',(4.70541219829659,199.043814106395,-4.6673326076496));
#10196=CARTESIAN_POINT('Ctrl Pts',(4.57879780114535,201.285060160581,-6.20159855855807));
#10197=CARTESIAN_POINT('Ctrl Pts',(4.4521834039941,201.220256854597,-8.91838838801959));
#10198=CARTESIAN_POINT('Ctrl Pts',(4.32556900684285,198.906980648802,-10.3439430221608));
#10199=CARTESIAN_POINT('Ctrl Pts',(4.19895460969161,196.45106857826,-9.1816350880533));
#10200=CARTESIAN_POINT('Ctrl Pts',(4.07234021254036,196.087153239216,-6.48887581628482));
#10201=CARTESIAN_POINT('Ctrl Pts',(3.94572581538911,198.146569805157,-4.71632542031052));
#10202=CARTESIAN_POINT('Ctrl Pts',(3.81911141823787,200.755102607008,-5.47698667024296));
#10203=CARTESIAN_POINT('Ctrl Pts',(3.69249702108662,201.538937344766,-8.07866997002991));
#10204=CARTESIAN_POINT('Ctrl Pts',(3.56588262393537,199.784739858786,-10.1537382835848));
#10205=CARTESIAN_POINT('Ctrl Pts',(3.43926822678412,197.088897419322,-9.81381893407557));
#10206=CARTESIAN_POINT('Ctrl Pts',(3.31265382963288,195.904712449572,-7.3682455881971));
#10207=CARTESIAN_POINT('Ctrl Pts',(3.18603943248163,197.309834965291,-5.04257384584509));
#10208=CARTESIAN_POINT('Ctrl Pts',(3.05942503533038,200.025555478244,-4.95324173148483));
#10209=CARTESIAN_POINT('Ctrl Pts',(2.93281063817913,201.580478022117,-7.18154494933292));
#10210=CARTESIAN_POINT('Ctrl Pts',(2.80619624102789,200.559570854892,-9.69965283192399));
#10211=CARTESIAN_POINT('Ctrl Pts',(2.67958184387664,197.891893748054,-10.2160031338841));
#10212=CARTESIAN_POINT('Ctrl Pts',(2.5529674467254,196.005122001224,-8.26069976058201));
#10213=CARTESIAN_POINT('Ctrl Pts',(2.42635304957415,196.616281012627,-5.61313418143068));
#10214=CARTESIAN_POINT('Ctrl Pts',(2.2997386524229,199.169195635415,-4.6826795769594));
#10215=CARTESIAN_POINT('Ctrl Pts',(2.17312425527165,201.340628217012,-6.31608075188309));
#10216=CARTESIAN_POINT('Ctrl Pts',(2.04650985812041,201.154502506853,-9.02688802388716));
#10217=CARTESIAN_POINT('Ctrl Pts',(1.91989546096916,198.780199125515,-10.3481761457538));
#10218=CARTESIAN_POINT('Ctrl Pts',(1.79328106381791,196.378413530058,-9.07752875082411));
#10219=CARTESIAN_POINT('Ctrl Pts',(1.66666666666667,196.13485091232,-6.37127745077593));
#10220=CARTESIAN_POINT('Ctrl Pts',(1.54005226951542,198.271161397368,-4.69220140738002));
#10221=CARTESIAN_POINT('Ctrl Pts',(1.41343787236417,200.843231019993,-5.56831595725899));
#10222=CARTESIAN_POINT('Ctrl Pts',(1.28682347521292,201.510390430796,-8.20232756858412));
#10223=CARTESIAN_POINT('Ctrl Pts',(1.16020907806168,199.66550226063,-10.1971976113784));
#10224=CARTESIAN_POINT('Ctrl Pts',(1.03359468091043,196.987476425029,-9.73752765160771));
#10225=CARTESIAN_POINT('Ctrl Pts',(0.906980283759186,195.913405969626,-7.24163272095013));
#10226=CARTESIAN_POINT('Ctrl Pts',(0.780365886607937,197.420730918552,-4.98086065229701));
#10227=CARTESIAN_POINT('Ctrl Pts',(0.653751489456691,200.137735173443,-5.01258961318675));
#10228=CARTESIAN_POINT('Ctrl Pts',(0.527137092305444,201.59185402394,-7.30794518840533));
#10229=CARTESIAN_POINT('Ctrl Pts',(0.400522695154197,200.459790700103,-9.77807706320064));
#10230=CARTESIAN_POINT('Ctrl Pts',(0.273908298002949,197.771760675233,-10.1750826468574));
#10231=CARTESIAN_POINT('Ctrl Pts',(0.147293900851702,195.973961141667,-8.13767358504266));
#10232=CARTESIAN_POINT('Ctrl Pts',(0.0206795037004554,196.702449781314,
-5.51996024130905));
#10233=CARTESIAN_POINT('Ctrl Pts',(-0.105934893450792,199.294277576319,
-4.70414927724056));
#10234=CARTESIAN_POINT('Ctrl Pts',(-0.232549290602038,201.39079457988,-6.43265594538936));
#10235=CARTESIAN_POINT('Ctrl Pts',(-0.359163687753286,201.084100225282,
-9.13248138806408));
#10236=CARTESIAN_POINT('Ctrl Pts',(-0.485778084904532,198.653296629013,
-10.3466941883662));
#10237=CARTESIAN_POINT('Ctrl Pts',(-0.61239248205578,196.310496333454,-8.97032010288421));
#10238=CARTESIAN_POINT('Ctrl Pts',(-0.739006879207026,196.187725935102,
-6.25590556612972));
#10239=CARTESIAN_POINT('Ctrl Pts',(-0.865621276358274,198.396710601076,
-4.67365855837503));
#10240=CARTESIAN_POINT('Ctrl Pts',(-0.99223567350952,200.9272004317,-5.66347675641101));
#10241=CARTESIAN_POINT('Ctrl Pts',(-1.11885007066077,201.47636507849,-8.32459250713806));
#10242=CARTESIAN_POINT('Ctrl Pts',(-1.24546446781202,199.544446352482,-10.2353015075259));
#10243=CARTESIAN_POINT('Ctrl Pts',(-1.37207886496326,196.889554884755,-9.65679468591434));
#10244=CARTESIAN_POINT('Ctrl Pts',(-1.49869326211451,195.927730672713,-7.11553259137371));
#10245=CARTESIAN_POINT('Ctrl Pts',(-1.62530765926576,197.534265906273,-4.92414869267701));
#10246=CARTESIAN_POINT('Ctrl Pts',(-1.751922056417,200.247159811115,-5.07687560288357));
#10247=CARTESIAN_POINT('Ctrl Pts',(-1.87853645356825,201.59758823287,-7.43472672742255));
#10248=CARTESIAN_POINT('Ctrl Pts',(-2.0051508507195,200.356616158421,-9.85197871247229));
#10249=CARTESIAN_POINT('Ctrl Pts',(-2.13176524787074,197.653569665396,-10.1288514344317));
#10250=CARTESIAN_POINT('Ctrl Pts',(-2.25837964502199,195.948311434015,-8.01338146058642));
#10251=CARTESIAN_POINT('Ctrl Pts',(-2.38499404217324,196.792683467624,-5.43071719213669));
#10252=CARTESIAN_POINT('Ctrl Pts',(-2.51160843932448,199.418278984706,-4.73116946474498));
#10253=CARTESIAN_POINT('Ctrl Pts',(-2.63822283647573,201.435718284032,-6.55135008948043));
#10254=CARTESIAN_POINT('Ctrl Pts',(-2.76483723362698,201.009064150218,-9.23483386181428));
#10255=CARTESIAN_POINT('Ctrl Pts',(-2.89145163077823,198.526586116386,-10.3395607928825));
#10256=CARTESIAN_POINT('Ctrl Pts',(-3.01806602792947,196.247422176549,-8.8601925196646));
#10257=CARTESIAN_POINT('Ctrl Pts',(-3.14468042508072,196.245687745153,-6.14300346848264));
#10258=CARTESIAN_POINT('Ctrl Pts',(-3.27129482223197,198.522961152578,-4.66072685497048));
#10259=CARTESIAN_POINT('Ctrl Pts',(-3.39790921938321,201.0068475852,-5.76228326623038));
#10260=CARTESIAN_POINT('Ctrl Pts',(-3.52452361653446,201.436927089767,-8.44522095697248));
#10261=CARTESIAN_POINT('Ctrl Pts',(-3.65113801368571,199.421813463236,-10.267974010669));
#10262=CARTESIAN_POINT('Ctrl Pts',(-3.77775241083695,196.795326396622,-9.57178221623278));
#10263=CARTESIAN_POINT('Ctrl Pts',(-3.90436680798821,195.9476591582,-6.99019101284405));
#10264=CARTESIAN_POINT('Ctrl Pts',(-4.03098120513945,197.650212693454,-4.87256017271229));
#10265=CARTESIAN_POINT('Ctrl Pts',(-4.1575956022907,200.353615796019,-5.14595213195084));
#10266=CARTESIAN_POINT('Ctrl Pts',(-4.28420999944194,201.597661839462,-7.56167900216641));
#10267=CARTESIAN_POINT('Ctrl Pts',(-4.41082439659319,200.25026731102,-9.92112635624011));
#10268=CARTESIAN_POINT('Ctrl Pts',(-4.53743879374443,197.537523971555,-10.0775756880056));
#10269=CARTESIAN_POINT('Ctrl Pts',(-4.66405319089569,195.928288377083,-7.88771102382771));
#10270=CARTESIAN_POINT('Ctrl Pts',(-4.79066758804693,196.886669691077,-5.34632141565888));
#10271=CARTESIAN_POINT('Ctrl Pts',(-4.91728198519818,199.541219918591,-4.76215331282709));
#10272=CARTESIAN_POINT('Ctrl Pts',(-5.04389638234942,201.474692024159,-6.67506816630803));
#10273=CARTESIAN_POINT('Ctrl Pts',(-5.12830598045025,201.11071145368,-8.4411703103671));
#10274=CARTESIAN_POINT('Ctrl Pts',(-5.17051077950067,200.595914383608,-9.05304610346959));
#10275=CARTESIAN_POINT('Ctrl Pts',(5.17051077950067,198.164603775696,-9.68769887591551));
#10276=CARTESIAN_POINT('Ctrl Pts',(5.12830598045025,197.43943472308,-9.493654242965));
#10277=CARTESIAN_POINT('Ctrl Pts',(5.04389638234942,196.209678344375,-8.33029693169968));
#10278=CARTESIAN_POINT('Ctrl Pts',(4.91728198519818,196.668946093,-5.81858569615717));
#10279=CARTESIAN_POINT('Ctrl Pts',(4.79066758804693,199.025828801831,-4.84072927129631));
#10280=CARTESIAN_POINT('Ctrl Pts',(4.66405319089568,201.129880990878,-6.2810778785192));
#10281=CARTESIAN_POINT('Ctrl Pts',(4.53743879374443,201.069044503265,-8.8315642819131));
#10282=CARTESIAN_POINT('Ctrl Pts',(4.41082439659319,198.897371359397,-10.1698561410198));
#10283=CARTESIAN_POINT('Ctrl Pts',(4.28420999944194,196.59179354991,-9.07869680644386));
#10284=CARTESIAN_POINT('Ctrl Pts',(4.15759560229069,196.250154636899,-6.55076997317107));
#10285=CARTESIAN_POINT('Ctrl Pts',(4.03098120513945,198.18350770433,-4.88672307663253));
#10286=CARTESIAN_POINT('Ctrl Pts',(3.9043668079882,200.632363840267,-5.60082180981493));
#10287=CARTESIAN_POINT('Ctrl Pts',(3.77775241083695,201.3682175377,-8.04324772369534));
#10288=CARTESIAN_POINT('Ctrl Pts',(3.65113801368571,199.721400110625,-9.99129444502904));
#10289=CARTESIAN_POINT('Ctrl Pts',(3.52452361653446,197.190578840248,-9.67218265000822));
#10290=CARTESIAN_POINT('Ctrl Pts',(3.39790921938321,196.078881633604,-7.3763106986612));
#10291=CARTESIAN_POINT('Ctrl Pts',(3.27129482223197,197.397992089842,-5.1930007888174));
#10292=CARTESIAN_POINT('Ctrl Pts',(3.14468042508072,199.947474633023,-5.10913697992371));
#10293=CARTESIAN_POINT('Ctrl Pts',(3.01806602792947,201.407215376849,-7.20103860519109));
#10294=CARTESIAN_POINT('Ctrl Pts',(2.89145163077822,200.448801214334,-9.56500502143036));
#10295=CARTESIAN_POINT('Ctrl Pts',(2.76483723362698,197.944421186165,-10.049747863978));
#10296=CARTESIAN_POINT('Ctrl Pts',(2.63822283647573,196.173144794296,-8.21413488647149));
#10297=CARTESIAN_POINT('Ctrl Pts',(2.51160843932448,196.746892800855,-5.72863529482383));
#10298=CARTESIAN_POINT('Ctrl Pts',(2.38499404217324,199.143535324998,-4.85513680335252));
#10299=CARTESIAN_POINT('Ctrl Pts',(2.25837964502199,201.182047548208,-6.38855224931514));
#10300=CARTESIAN_POINT('Ctrl Pts',(2.13176524787074,201.007315190212,-8.93342230679694));
#10301=CARTESIAN_POINT('Ctrl Pts',(2.0051508507195,198.778350540106,-10.1738301415299));
#10302=CARTESIAN_POINT('Ctrl Pts',(1.87853645356825,196.523585950423,-8.98096315228672));
#10303=CARTESIAN_POINT('Ctrl Pts',(1.751922056417,196.294932582327,-6.44037018109323));
#10304=CARTESIAN_POINT('Ctrl Pts',(1.62530765926575,198.300472645257,-4.86407577196902));
#10305=CARTESIAN_POINT('Ctrl Pts',(1.49869326211451,200.71509763021,-5.68656053801542));
#10306=CARTESIAN_POINT('Ctrl Pts',(1.37207886496326,201.341418071968,-8.15933584371432));
#10307=CARTESIAN_POINT('Ctrl Pts',(1.24546446781201,199.609461428592,-10.0320934878686));
#10308=CARTESIAN_POINT('Ctrl Pts',(1.11885007066077,197.095366150566,-9.60056140182711));
#10309=CARTESIAN_POINT('Ctrl Pts',(0.99223567350952,196.08704299539,-7.25744821143225));
#10310=CARTESIAN_POINT('Ctrl Pts',(0.865621276358272,197.50209974584,-5.13506525793919));
#10311=CARTESIAN_POINT('Ctrl Pts',(0.739006879207025,200.052787448995,-5.16485198728627));
#10312=CARTESIAN_POINT('Ctrl Pts',(0.612392482055779,201.417895017085,-7.31970147989856));
#10313=CARTESIAN_POINT('Ctrl Pts',(0.485778084904531,200.355128923103,-9.63862865377714));
#10314=CARTESIAN_POINT('Ctrl Pts',(0.359163687753284,197.831641844346,-10.0113322513126));
#10315=CARTESIAN_POINT('Ctrl Pts',(0.232549290602037,196.143891390975,-8.09863953803782));
#10316=CARTESIAN_POINT('Ctrl Pts',(0.10593489345079,196.827786902618,-5.64116483065548));
#10317=CARTESIAN_POINT('Ctrl Pts',(-0.0206795037004569,199.2609605988,-4.87529227436401));
#10318=CARTESIAN_POINT('Ctrl Pts',(-0.147293900851704,201.229143066976,
-6.49799150103292));
#10319=CARTESIAN_POINT('Ctrl Pts',(-0.273908298002951,200.941222458279,
-9.03255196220913));
#10320=CARTESIAN_POINT('Ctrl Pts',(-0.400522695154198,198.659216152758,
-10.1724388995109));
#10321=CARTESIAN_POINT('Ctrl Pts',(-0.527137092305445,196.45982618343,-8.88031708981558));
#10322=CARTESIAN_POINT('Ctrl Pts',(-0.653751489456691,196.344570955241,
-6.33206057983768));
#10323=CARTESIAN_POINT('Ctrl Pts',(-0.780365886607939,198.418336579205,
-4.8466679902722));
#10324=CARTESIAN_POINT('Ctrl Pts',(-0.906980283759186,200.793927004694,
-5.77589623919529));
#10325=CARTESIAN_POINT('Ctrl Pts',(-1.03359468091043,201.309475520694,-8.27411655292193));
#10326=CARTESIAN_POINT('Ctrl Pts',(-1.16020907806168,199.495815741158,-10.0678649222234));
#10327=CARTESIAN_POINT('Ctrl Pts',(-1.28682347521293,197.00343870209,-9.52477036010806));
#10328=CARTESIAN_POINT('Ctrl Pts',(-1.41343787236417,196.100490837421,-7.1390670755552));
#10329=CARTESIAN_POINT('Ctrl Pts',(-1.54005226951542,197.608684892527,-5.08182481940688));
#10330=CARTESIAN_POINT('Ctrl Pts',(-1.66666666666667,200.155513853353,-5.22520282520255));
#10331=CARTESIAN_POINT('Ctrl Pts',(-1.79328106381792,201.423278216681,-7.43872231395729));
#10332=CARTESIAN_POINT('Ctrl Pts',(-1.91989546096916,200.258270026297,-9.70800654588044));
#10333=CARTESIAN_POINT('Ctrl Pts',(-2.04650985812041,197.720685685602,-9.96793099979677));
#10334=CARTESIAN_POINT('Ctrl Pts',(-2.17312425527166,196.119811784262,-7.98195573348407));
#10335=CARTESIAN_POINT('Ctrl Pts',(-2.2997386524229,196.912497095348,-5.55738463498365));
#10336=CARTESIAN_POINT('Ctrl Pts',(-2.42635304957415,199.377371482948,-4.90065846945935));
#10337=CARTESIAN_POINT('Ctrl Pts',(-2.5529674467254,201.271316846997,-6.60941999556861));
#10338=CARTESIAN_POINT('Ctrl Pts',(-2.67958184387664,200.870779582227,-9.12863911250051));
#10339=CARTESIAN_POINT('Ctrl Pts',(-2.80619624102789,198.540261997337,-10.1657421620621));
#10340=CARTESIAN_POINT('Ctrl Pts',(-2.93281063817913,196.400612998131,-8.77693076946266));
#10341=CARTESIAN_POINT('Ctrl Pts',(-3.05942503533039,196.398984736848,-6.2260695819913));
#10342=CARTESIAN_POINT('Ctrl Pts',(-3.18603943248163,198.536858929199,-4.83452787794243));
#10343=CARTESIAN_POINT('Ctrl Pts',(-3.31265382963288,200.86869870027,-5.86865448539024));
#10344=CARTESIAN_POINT('Ctrl Pts',(-3.43926822678413,201.272451657852,-8.38736094813749));
#10345=CARTESIAN_POINT('Ctrl Pts',(-3.56588262393537,199.380689604702,-10.0985374365739));
#10346=CARTESIAN_POINT('Ctrl Pts',(-3.69249702108662,196.914978242178,-9.44496177657669));
#10347=CARTESIAN_POINT('Ctrl Pts',(-3.81911141823787,196.119199436343,-7.02139805738046));
#10348=CARTESIAN_POINT('Ctrl Pts',(-3.94572581538912,197.717534204688,-5.03339419834286));
#10349=CARTESIAN_POINT('Ctrl Pts',(-4.07234021254036,200.255453325709,-5.29005095819731));
#10350=CARTESIAN_POINT('Ctrl Pts',(-4.19895460969161,201.423347317577,-7.55790343246078));
#10351=CARTESIAN_POINT('Ctrl Pts',(-4.32556900684285,200.158431133214,-9.77292144041665));
#10352=CARTESIAN_POINT('Ctrl Pts',(-4.4521834039941,197.611743521175,-9.91979400639911));
#10353=CARTESIAN_POINT('Ctrl Pts',(-4.57879780114535,196.101014402916,-7.86397798754808));
#10354=CARTESIAN_POINT('Ctrl Pts',(-4.70541219829659,197.000730120378,-5.47815499488551));
#10355=CARTESIAN_POINT('Ctrl Pts',(-4.83202659544785,199.492786807642,-4.9297456967455));
#10356=CARTESIAN_POINT('Ctrl Pts',(-4.95864099259909,201.307904879389,-6.72556489179173));
#10357=CARTESIAN_POINT('Ctrl Pts',(-5.04305059069992,200.966204727967,-8.38355825461297));
#10358=CARTESIAN_POINT('Ctrl Pts',(-5.08525538975034,200.482920038998,-8.95797916636346));
#10359=CARTESIAN_POINT('Ctrl Pts',(5.255766169251,198.202774297828,-9.54505086266403));
#10360=CARTESIAN_POINT('Ctrl Pts',(5.21356137020059,197.524889597628,-9.3636588308906));
#10361=CARTESIAN_POINT('Ctrl Pts',(5.12915177209976,196.375318982209,-8.2761577587908));
#10362=CARTESIAN_POINT('Ctrl Pts',(5.00253737494851,196.804640364534,-5.92822163030529));
#10363=CARTESIAN_POINT('Ctrl Pts',(4.87592297779727,199.007843497266,-5.01412593494301));
#10364=CARTESIAN_POINT('Ctrl Pts',(4.74930858064601,200.974701821176,-6.36055719848035));
#10365=CARTESIAN_POINT('Ctrl Pts',(4.62269418349477,200.917832151934,-8.74474017580661));
#10366=CARTESIAN_POINT('Ctrl Pts',(4.49607978634352,198.887762069993,-9.99576925987887));
#10367=CARTESIAN_POINT('Ctrl Pts',(4.36946538919228,196.73251852156,-8.9757585248344));
#10368=CARTESIAN_POINT('Ctrl Pts',(4.24285099204102,196.413156034581,-6.61266413005732));
#10369=CARTESIAN_POINT('Ctrl Pts',(4.11623659488979,198.220445603503,-5.05712073295455));
#10370=CARTESIAN_POINT('Ctrl Pts',(3.98962219773853,200.509625073526,-5.72465694938689));
#10371=CARTESIAN_POINT('Ctrl Pts',(3.86300780058729,201.197497730635,-8.00782547736078));
#10372=CARTESIAN_POINT('Ctrl Pts',(3.73639340343604,199.658060362464,-9.82885060647328));
#10373=CARTESIAN_POINT('Ctrl Pts',(3.60977900628479,197.292260261174,-9.53054636594086));
#10374=CARTESIAN_POINT('Ctrl Pts',(3.48316460913355,196.253050817636,-7.38437580912529));
#10375=CARTESIAN_POINT('Ctrl Pts',(3.3565502119823,197.486149214393,-5.34342773178972));
#10376=CARTESIAN_POINT('Ctrl Pts',(3.22993581483105,199.869393787803,-5.2650322283626));
#10377=CARTESIAN_POINT('Ctrl Pts',(3.1033214176798,201.233952731583,-7.22053226104924));
#10378=CARTESIAN_POINT('Ctrl Pts',(2.97670702052856,200.338031573777,-9.43035721093675));
#10379=CARTESIAN_POINT('Ctrl Pts',(2.85009262337731,197.996948624276,-9.88349259407186));
#10380=CARTESIAN_POINT('Ctrl Pts',(2.72347822622607,196.341167587367,-8.16757001236097));
#10381=CARTESIAN_POINT('Ctrl Pts',(2.59686382907482,196.877504589083,-5.84413640821698));
#10382=CARTESIAN_POINT('Ctrl Pts',(2.47024943192357,199.11787501458,-5.02759402974562));
#10383=CARTESIAN_POINT('Ctrl Pts',(2.34363503477232,201.023466879404,-6.46102374674721));
#10384=CARTESIAN_POINT('Ctrl Pts',(2.21702063762108,200.86012787357,-8.83995658970671));
#10385=CARTESIAN_POINT('Ctrl Pts',(2.09040624046983,198.776501954697,-9.99948413730589));
#10386=CARTESIAN_POINT('Ctrl Pts',(1.96379184331858,196.668758370788,-8.88439755374933));
#10387=CARTESIAN_POINT('Ctrl Pts',(1.83717744616734,196.455014252335,-6.50946291141053));
#10388=CARTESIAN_POINT('Ctrl Pts',(1.71056304901609,198.329783893145,-5.03595013655802));
#10389=CARTESIAN_POINT('Ctrl Pts',(1.58394865186484,200.586964240428,-5.80480511877185));
#10390=CARTESIAN_POINT('Ctrl Pts',(1.45733425471359,201.172445713139,-8.11634411884451));
#10391=CARTESIAN_POINT('Ctrl Pts',(1.33071985756235,199.553420596554,-9.86698936435877));
#10392=CARTESIAN_POINT('Ctrl Pts',(1.2041054604111,197.203255876103,-9.46359515204651));
#10393=CARTESIAN_POINT('Ctrl Pts',(1.07749106325985,196.260680021155,-7.27326370191436));
#10394=CARTESIAN_POINT('Ctrl Pts',(0.950876666108607,197.583468573127,-5.28926986358136));
#10395=CARTESIAN_POINT('Ctrl Pts',(0.82426226895736,199.967839724546,-5.31711436138579));
#10396=CARTESIAN_POINT('Ctrl Pts',(0.697647871806113,201.243936010231,-7.33145777139178));
#10397=CARTESIAN_POINT('Ctrl Pts',(0.571033474654866,200.250467146104,-9.49918024435364));
#10398=CARTESIAN_POINT('Ctrl Pts',(0.444419077503619,197.891523013459,-9.84758185576777));
#10399=CARTESIAN_POINT('Ctrl Pts',(0.317804680352371,196.313821640282,-8.05960549103301));
#10400=CARTESIAN_POINT('Ctrl Pts',(0.191190283201125,196.953124023922,-5.7623694200019));
#10401=CARTESIAN_POINT('Ctrl Pts',(0.0645758860498776,199.22764362128,-5.04643527148746));
#10402=CARTESIAN_POINT('Ctrl Pts',(-0.0620385111013691,201.067491554072,
-6.56332705667649));
#10403=CARTESIAN_POINT('Ctrl Pts',(-0.188652908252617,200.798344691276,
-8.93262253635416));
#10404=CARTESIAN_POINT('Ctrl Pts',(-0.315267305403863,198.665135676504,
-9.99818361065553));
#10405=CARTESIAN_POINT('Ctrl Pts',(-0.441881702555111,196.609156033407,
-8.79031407674694));
#10406=CARTESIAN_POINT('Ctrl Pts',(-0.568496099706357,196.501415975381,
-6.40821559354564));
#10407=CARTESIAN_POINT('Ctrl Pts',(-0.695110496857605,198.439962557335,
-5.01967742216937));
#10408=CARTESIAN_POINT('Ctrl Pts',(-0.821724894008851,200.660653577688,
-5.88831572197959));
#10409=CARTESIAN_POINT('Ctrl Pts',(-0.948339291160098,201.142585962897,
-8.2236405987058));
#10410=CARTESIAN_POINT('Ctrl Pts',(-1.07495368831135,199.447185129835,-9.90042833692094));
#10411=CARTESIAN_POINT('Ctrl Pts',(-1.20156808546259,197.117322519425,-9.39274603430178));
#10412=CARTESIAN_POINT('Ctrl Pts',(-1.32818248261384,196.273251002128,-7.1626015597367));
#10413=CARTESIAN_POINT('Ctrl Pts',(-1.45479687976509,197.683103878781,-5.23950094613674));
#10414=CARTESIAN_POINT('Ctrl Pts',(-1.58141127691633,200.063867895591,-5.37353004752155));
#10415=CARTESIAN_POINT('Ctrl Pts',(-1.70802567406758,201.248968200492,-7.44271790049201));
#10416=CARTESIAN_POINT('Ctrl Pts',(-1.83464007121883,200.159923894173,-9.5640343792886));
#10417=CARTESIAN_POINT('Ctrl Pts',(-1.96125446837007,197.787801705808,-9.80701056516181));
#10418=CARTESIAN_POINT('Ctrl Pts',(-2.08786886552132,196.291312134508,-7.95053000638171));
#10419=CARTESIAN_POINT('Ctrl Pts',(-2.21448326267257,197.032310723073,-5.6840520778306));
#10420=CARTESIAN_POINT('Ctrl Pts',(-2.34109765982382,199.33646398119,-5.07014747417374));
#10421=CARTESIAN_POINT('Ctrl Pts',(-2.46771205697506,201.106915409961,-6.66748990165679));
#10422=CARTESIAN_POINT('Ctrl Pts',(-2.59432645412631,200.732495014237,-9.02244436318675));
#10423=CARTESIAN_POINT('Ctrl Pts',(-2.72094085127756,198.553937878288,-9.99192353124178));
#10424=CARTESIAN_POINT('Ctrl Pts',(-2.8475552484288,196.553803819713,-8.69366901926073));
#10425=CARTESIAN_POINT('Ctrl Pts',(-2.97416964558005,196.552281728543,-6.30913569549996));
#10426=CARTESIAN_POINT('Ctrl Pts',(-3.1007840427313,198.550756705821,-5.00832890091439));
#10427=CARTESIAN_POINT('Ctrl Pts',(-3.22739843988254,200.730549815339,-5.97502570455011));
#10428=CARTESIAN_POINT('Ctrl Pts',(-3.35401283703379,201.107976225937,-8.3295009393025));
#10429=CARTESIAN_POINT('Ctrl Pts',(-3.48062723418503,199.339565746167,-9.92910086247879));
#10430=CARTESIAN_POINT('Ctrl Pts',(-3.60724163133629,197.034630087736,-9.3181413369206));
#10431=CARTESIAN_POINT('Ctrl Pts',(-3.73385602848753,196.290739714485,-7.05260510191689));
#10432=CARTESIAN_POINT('Ctrl Pts',(-3.86047042563878,197.784855715922,-5.19422822397343));
#10433=CARTESIAN_POINT('Ctrl Pts',(-3.98708482279002,200.157290855399,-5.43414978444379));
#10434=CARTESIAN_POINT('Ctrl Pts',(-4.11369921994127,201.249032795692,-7.55412786275513));
#10435=CARTESIAN_POINT('Ctrl Pts',(-4.24031361709252,200.066594955408,-9.6247165245932));
#10436=CARTESIAN_POINT('Ctrl Pts',(-4.36692801424377,197.685963070795,-9.76201232479257));
#10437=CARTESIAN_POINT('Ctrl Pts',(-4.49354241139501,196.273740428748,-7.84024495126845));
#10438=CARTESIAN_POINT('Ctrl Pts',(-4.62015680854626,197.114790549679,-5.60998857411213));
#10439=CARTESIAN_POINT('Ctrl Pts',(-4.74677120569751,199.444353696693,-5.09733808066392));
#10440=CARTESIAN_POINT('Ctrl Pts',(-4.87338560284875,201.141117734618,-6.77606161727543));
#10441=CARTESIAN_POINT('Ctrl Pts',(-4.95779520094959,200.821698002255,-8.32594619885884));
#10442=CARTESIAN_POINT('Ctrl Pts',(-5.,200.369925694389,-8.86291222925734));
#10443=CARTESIAN_POINT('Ctrl Pts',(4.28905627902252,196.635355493628,-7.49862098042152));
#10444=CARTESIAN_POINT('Ctrl Pts',(4.27365451669537,196.633804257056,-7.24185508172461));
#10445=CARTESIAN_POINT('Ctrl Pts',(4.25825275436821,196.677100044492,-6.98559350310387));
#10446=CARTESIAN_POINT('Ctrl Pts',(4.24285099204105,196.767598043898,-6.74725596300305));
#10447=CARTESIAN_POINT('Ctrl Pts',(4.20064619299063,197.015585890888,-6.09414966435642));
#10448=CARTESIAN_POINT('Ctrl Pts',(4.15844139394022,197.618015747196,-5.57563519865551));
#10449=CARTESIAN_POINT('Ctrl Pts',(4.1162365948898,198.30076058702,-5.4276340018771));
#10450=CARTESIAN_POINT('Ctrl Pts',(4.07403179583939,198.983505426844,-5.2796328050987));
#10451=CARTESIAN_POINT('Ctrl Pts',(4.03182699678897,199.746565250185,-5.50214487724281));
#10452=CARTESIAN_POINT('Ctrl Pts',(3.98962219773855,200.242740604707,-5.99392900131051));
#10453=CARTESIAN_POINT('Ctrl Pts',(3.94741739868814,200.738915959229,-6.48571312537821));
#10454=CARTESIAN_POINT('Ctrl Pts',(3.90521259963772,200.968206844932,-7.24676930136949));
#10455=CARTESIAN_POINT('Ctrl Pts',(3.86300780058731,200.826279393088,-7.93080157755054));
#10456=CARTESIAN_POINT('Ctrl Pts',(3.82080300153689,200.684351941245,-8.61483385373159));
#10457=CARTESIAN_POINT('Ctrl Pts',(3.77859820248648,200.171206151854,-9.22184223010241));
#10458=CARTESIAN_POINT('Ctrl Pts',(3.73639340343606,199.520333240278,-9.47562904486576));
#10459=CARTESIAN_POINT('Ctrl Pts',(3.69418860438564,198.869460328701,-9.7294158596291));
#10460=CARTESIAN_POINT('Ctrl Pts',(3.65198380533523,198.080860294937,-9.62998111278497));
#10461=CARTESIAN_POINT('Ctrl Pts',(3.60977900628481,197.513358704132,-9.22256864656031));
#10462=CARTESIAN_POINT('Ctrl Pts',(3.56953809719738,196.972264315903,-8.83411405411342));
#10463=CARTESIAN_POINT('Ctrl Pts',(3.52929718810995,196.632170631089,-8.16567676525545));
#10464=CARTESIAN_POINT('Ctrl Pts',(3.48905627902252,196.629701924258,-7.49941231740581));
#10465=CARTESIAN_POINT('Origin',(6.7667098902285,198.75,-112.5));
#10466=CARTESIAN_POINT('Ctrl Pts',(4.7667098902285,196.187524001902,-112.498210175505));
#10467=CARTESIAN_POINT('Ctrl Pts',(4.76090945370101,196.186590582424,-112.381910291289));
#10468=CARTESIAN_POINT('Ctrl Pts',(4.7129042181231,196.246545449967,-111.420344671673));
#10469=CARTESIAN_POINT('Ctrl Pts',(4.62269418349477,197.463275898517,-109.764618937469));
#10470=CARTESIAN_POINT('Ctrl Pts',(4.49607978634353,200.342132375751,-109.930616883284));
#10471=CARTESIAN_POINT('Ctrl Pts',(4.36946538919227,201.772022868882,-112.434550364049));
#10472=CARTESIAN_POINT('Ctrl Pts',(4.24285099204103,200.451806023725,-114.998183224319));
#10473=CARTESIAN_POINT('Ctrl Pts',(4.11623659488978,197.582872319525,-115.288319918708));
#10474=CARTESIAN_POINT('Ctrl Pts',(4.02418956095227,196.269351565845,-113.654564576315));
#10475=CARTESIAN_POINT('Ctrl Pts',(3.97434732606518,196.18717979037,-112.655460274298));
#10476=CARTESIAN_POINT('Ctrl Pts',(3.9667098902285,196.188550816477,-112.50214049965));
#10477=CARTESIAN_POINT('Ctrl Pts',(4.8332901097715,196.192663958331,-112.502340384294));
#10478=CARTESIAN_POINT('Ctrl Pts',(4.80445047508017,196.196907966151,-111.921562164535));
#10479=CARTESIAN_POINT('Ctrl Pts',(4.73340604133842,196.678745457269,-110.482691447523));
#10480=CARTESIAN_POINT('Ctrl Pts',(4.62015680854626,199.06180356033,-109.493813204856));
#10481=CARTESIAN_POINT('Ctrl Pts',(4.49354241139501,201.440287516845,-111.122135966943));
#10482=CARTESIAN_POINT('Ctrl Pts',(4.36692801424376,201.371506217607,-114.00521558912));
#10483=CARTESIAN_POINT('Ctrl Pts',(4.24031361709252,198.916595963491,-115.518089037294));
#10484=CARTESIAN_POINT('Ctrl Pts',(4.12910098226843,196.627340085061,-114.43464186388));
#10485=CARTESIAN_POINT('Ctrl Pts',(4.06009314649476,196.196071667854,-113.038683126868));
#10486=CARTESIAN_POINT('Ctrl Pts',(4.0332901097715,196.192807526742,-112.498331822061));
#10487=CARTESIAN_POINT('Ctrl Pts',(5.,200.369925694389,-111.137087770743));
#10488=CARTESIAN_POINT('Ctrl Pts',(4.95779520094959,200.821698002255,-111.674053801141));
#10489=CARTESIAN_POINT('Ctrl Pts',(4.87338560284875,201.140880353827,-113.224194495134));
#10490=CARTESIAN_POINT('Ctrl Pts',(4.74677120569751,199.444425585486,-114.902630946094));
#10491=CARTESIAN_POINT('Ctrl Pts',(4.62015680854626,197.114729689374,-114.390092542626));
#10492=CARTESIAN_POINT('Ctrl Pts',(4.49354241139501,196.273715732876,-112.15972093128));
#10493=CARTESIAN_POINT('Ctrl Pts',(4.36692801424377,197.685939483266,-110.237968082274));
#10494=CARTESIAN_POINT('Ctrl Pts',(4.24031361709252,200.066618843541,-110.375240602309));
#10495=CARTESIAN_POINT('Ctrl Pts',(4.11369921994127,201.249071255243,-112.44587621902));
#10496=CARTESIAN_POINT('Ctrl Pts',(3.98708482279003,200.157313809464,-114.565880424173));
#10497=CARTESIAN_POINT('Ctrl Pts',(3.86047042563878,197.784840117357,-114.805809870275));
#10498=CARTESIAN_POINT('Ctrl Pts',(3.73385602848753,196.290700694934,-112.947401271229));
#10499=CARTESIAN_POINT('Ctrl Pts',(3.60724163133629,197.034602754792,-110.681830128171));
#10500=CARTESIAN_POINT('Ctrl Pts',(3.48062723418504,199.339575143262,-110.07086029122));
#10501=CARTESIAN_POINT('Ctrl Pts',(3.35401283703379,201.108013731219,-111.670485969078));
#10502=CARTESIAN_POINT('Ctrl Pts',(3.22739843988254,200.730581326026,-114.024998501955));
#10503=CARTESIAN_POINT('Ctrl Pts',(3.1007840427313,198.550753535174,-114.991710765986));
#10504=CARTESIAN_POINT('Ctrl Pts',(2.97416964558005,196.552246765956,-113.690883235515));
#10505=CARTESIAN_POINT('Ctrl Pts',(2.8475552484288,196.553768880999,-111.306311998182));
#10506=CARTESIAN_POINT('Ctrl Pts',(2.72094085127756,198.553934759179,-110.008036821813));
#10507=CARTESIAN_POINT('Ctrl Pts',(2.59432645412631,200.732526553209,-110.977531418527));
#10508=CARTESIAN_POINT('Ctrl Pts',(2.46771205697506,201.106952905434,-113.332523341576));
#10509=CARTESIAN_POINT('Ctrl Pts',(2.34109765982382,199.336473311092,-114.929891182126));
#10510=CARTESIAN_POINT('Ctrl Pts',(2.21448326267257,197.032283396836,-114.31597681133));
#10511=CARTESIAN_POINT('Ctrl Pts',(2.08786886552132,196.29127301995,-112.049462826384));
#10512=CARTESIAN_POINT('Ctrl Pts',(1.96125446837007,197.787786398467,-110.192952733207));
#10513=CARTESIAN_POINT('Ctrl Pts',(1.83464007121883,200.159946324252,-110.435932784608));
#10514=CARTESIAN_POINT('Ctrl Pts',(1.70802567406758,201.249007955861,-112.557283010777));
#10515=CARTESIAN_POINT('Ctrl Pts',(1.58141127691633,200.063888797541,-114.626503781889));
#10516=CARTESIAN_POINT('Ctrl Pts',(1.45479687976509,197.683086905835,-114.760535015493));
#10517=CARTESIAN_POINT('Ctrl Pts',(1.32818248261384,196.273211600236,-112.837403807841));
#10518=CARTESIAN_POINT('Ctrl Pts',(1.20156808546259,197.117296545626,-110.607223854541));
#10519=CARTESIAN_POINT('Ctrl Pts',(1.07495368831135,199.447196221153,-110.099533475351));
#10520=CARTESIAN_POINT('Ctrl Pts',(0.948339291160099,201.142624025864,-111.776347889102));
#10521=CARTESIAN_POINT('Ctrl Pts',(0.821724894008852,200.66068397373,-114.111709917845));
#10522=CARTESIAN_POINT('Ctrl Pts',(0.695110496857606,198.439957625038,-114.980362036574));
#10523=CARTESIAN_POINT('Ctrl Pts',(0.568496099706357,196.5013802033,-113.591801775341));
#10524=CARTESIAN_POINT('Ctrl Pts',(0.441881702555111,196.609121975332,-111.209665396015));
#10525=CARTESIAN_POINT('Ctrl Pts',(0.315267305403864,198.665134326421,-110.001776646455));
#10526=CARTESIAN_POINT('Ctrl Pts',(0.188652908252617,200.798377277807,-111.067354672463));
#10527=CARTESIAN_POINT('Ctrl Pts',(0.0620385111013694,201.067528422383,
-113.436687844586));
#10528=CARTESIAN_POINT('Ctrl Pts',(-0.0645758860498773,199.227651219976,
-114.953603761573));
#10529=CARTESIAN_POINT('Ctrl Pts',(-0.191190283201124,196.953095437936,
-114.237658223467));
#10530=CARTESIAN_POINT('Ctrl Pts',(-0.317804680352371,196.313782883817,
-111.940385606363));
#10531=CARTESIAN_POINT('Ctrl Pts',(-0.444419077503618,197.891509356194,
-110.152380797223));
#10532=CARTESIAN_POINT('Ctrl Pts',(-0.571033474654866,200.250491016607,
-110.500787951259));
#10533=CARTESIAN_POINT('Ctrl Pts',(-0.697647871806113,201.243975685546,
-112.668544909898));
#10534=CARTESIAN_POINT('Ctrl Pts',(-0.824262268957359,199.96785909881,-114.682920365518));
#10535=CARTESIAN_POINT('Ctrl Pts',(-0.950876666108606,197.583450015113,
-114.710765306293));
#10536=CARTESIAN_POINT('Ctrl Pts',(-1.07749106325985,196.260640419274,-112.726739905169));
#10537=CARTESIAN_POINT('Ctrl Pts',(-1.2041054604111,197.203231269393,-110.536373609679));
#10538=CARTESIAN_POINT('Ctrl Pts',(-1.33071985756235,199.553433377943,-110.132972979884));
#10539=CARTESIAN_POINT('Ctrl Pts',(-1.4573342547136,201.172484251136,-111.883646075912));
#10540=CARTESIAN_POINT('Ctrl Pts',(-1.58394865186484,200.586993464166,-114.1952218496));
#10541=CARTESIAN_POINT('Ctrl Pts',(-1.71056304901609,198.329777208049,-114.964089063304));
#10542=CARTESIAN_POINT('Ctrl Pts',(-1.83717744616733,196.454977742057,-113.490552846767));
#10543=CARTESIAN_POINT('Ctrl Pts',(-1.96379184331858,196.668725260919,-111.115580422254));
#10544=CARTESIAN_POINT('Ctrl Pts',(-2.09040624046983,198.776502376291,-110.000476099138));
#10545=CARTESIAN_POINT('Ctrl Pts',(-2.21702063762108,200.860161443028,-111.16002209326));
#10546=CARTESIAN_POINT('Ctrl Pts',(-2.34363503477232,201.023503047267,-113.538992782123));
#10547=CARTESIAN_POINT('Ctrl Pts',(-2.47024943192357,199.117880867142,-114.972445302866));
#10548=CARTESIAN_POINT('Ctrl Pts',(-2.59686382907482,196.877474799807,-114.155889934821));
#10549=CARTESIAN_POINT('Ctrl Pts',(-2.72347822622606,196.341129266492,-111.832419366706));
#10550=CARTESIAN_POINT('Ctrl Pts',(-2.85009262337731,197.996936643119,-110.116469489125));
#10551=CARTESIAN_POINT('Ctrl Pts',(-2.97670702052856,200.338056839416,-110.56961207658));
#10552=CARTESIAN_POINT('Ctrl Pts',(-3.1033214176798,201.233992244009,-112.779472190842));
#10553=CARTESIAN_POINT('Ctrl Pts',(-3.22993581483105,199.869411603765,-114.735003315375));
#10554=CARTESIAN_POINT('Ctrl Pts',(-3.3565502119823,197.486129093106,-114.65660659968));
#10555=CARTESIAN_POINT('Ctrl Pts',(-3.48316460913355,196.253011123042,-112.615625984607));
#10556=CARTESIAN_POINT('Ctrl Pts',(-3.60977900628479,197.292237016264,-110.46942142054));
#10557=CARTESIAN_POINT('Ctrl Pts',(-3.73639340343604,199.658074909843,-110.171112168344));
#10558=CARTESIAN_POINT('Ctrl Pts',(-3.86300780058728,201.197536479899,-111.992166787951));
#10559=CARTESIAN_POINT('Ctrl Pts',(-3.98962219773853,200.509653407888,-114.275370624265));
#10560=CARTESIAN_POINT('Ctrl Pts',(-4.11623659488978,198.220436570296,-114.942919427824));
#10561=CARTESIAN_POINT('Ctrl Pts',(-4.24285099204103,196.413119916071,-113.38734748471));
#10562=CARTESIAN_POINT('Ctrl Pts',(-4.36946538919228,196.732484657894,-111.024222792283));
#10563=CARTESIAN_POINT('Ctrl Pts',(-4.49607978634352,198.887767045365,-110.00418191399));
#10564=CARTESIAN_POINT('Ctrl Pts',(-4.62269418349477,200.917862709279,-111.255257274052));
#10565=CARTESIAN_POINT('Ctrl Pts',(-4.74930858064601,200.974741606357,-113.639428980304));
#10566=CARTESIAN_POINT('Ctrl Pts',(-4.87592297779726,199.007846923301,-114.985975416743));
#10567=CARTESIAN_POINT('Ctrl Pts',(-5.00253737494851,196.804599177271,-114.071711804317));
#10568=CARTESIAN_POINT('Ctrl Pts',(-5.12915177209976,196.375366870475,-111.724188145706));
#10569=CARTESIAN_POINT('Ctrl Pts',(-5.21356137020059,197.524889597628,-110.636341169109));
#10570=CARTESIAN_POINT('Ctrl Pts',(-5.255766169251,198.202774297828,-110.454949137336));
#10571=CARTESIAN_POINT('Ctrl Pts',(5.08525538975034,200.482920038998,-111.042020833636));
#10572=CARTESIAN_POINT('Ctrl Pts',(5.04305059069992,200.966204727967,-111.616441745387));
#10573=CARTESIAN_POINT('Ctrl Pts',(4.95864099259909,201.307650940624,-113.274709085174));
#10574=CARTESIAN_POINT('Ctrl Pts',(4.83202659544784,199.492863710878,-115.070221169542));
#10575=CARTESIAN_POINT('Ctrl Pts',(4.7054121982966,197.000665014896,-114.521931779971));
#10576=CARTESIAN_POINT('Ctrl Pts',(4.57879780114535,196.100987984437,-112.135985515213));
#10577=CARTESIAN_POINT('Ctrl Pts',(4.4521834039941,197.611718288349,-110.080185034005));
#10578=CARTESIAN_POINT('Ctrl Pts',(4.32556900684286,200.158456687611,-110.227032695967));
#10579=CARTESIAN_POINT('Ctrl Pts',(4.19895460969161,201.423388459789,-112.442100934029));
#10580=CARTESIAN_POINT('Ctrl Pts',(4.07234021254036,200.255477880884,-114.709981357555));
#10581=CARTESIAN_POINT('Ctrl Pts',(3.94572581538911,197.71751751808,-114.966646553086));
#10582=CARTESIAN_POINT('Ctrl Pts',(3.81911141823787,196.119157695069,-112.978608760311));
#10583=CARTESIAN_POINT('Ctrl Pts',(3.69249702108662,196.914949002685,-110.555007698126));
#10584=CARTESIAN_POINT('Ctrl Pts',(3.56588262393537,199.38069965727,-109.901421007487));
#10585=CARTESIAN_POINT('Ctrl Pts',(3.43926822678413,201.272491779232,-111.612625047066));
#10586=CARTESIAN_POINT('Ctrl Pts',(3.31265382963288,200.868732408915,-114.131371409586));
#10587=CARTESIAN_POINT('Ctrl Pts',(3.18603943248163,198.536855537391,-115.165514555835));
#10588=CARTESIAN_POINT('Ctrl Pts',(3.05942503533038,196.398947335522,-113.773950669514));
#10589=CARTESIAN_POINT('Ctrl Pts',(2.93281063817914,196.400575622345,-111.223048923893));
#10590=CARTESIAN_POINT('Ctrl Pts',(2.80619624102789,198.540258660661,-109.834215425507));
#10591=CARTESIAN_POINT('Ctrl Pts',(2.67958184387664,200.870813321131,-110.87133497992));
#10592=CARTESIAN_POINT('Ctrl Pts',(2.5529674467254,201.271356957883,-113.390594171416));
#10593=CARTESIAN_POINT('Ctrl Pts',(2.42635304957415,199.377381463638,-115.099382883225));
#10594=CARTESIAN_POINT('Ctrl Pts',(2.2997386524229,196.91246786303,-114.442646269276));
#10595=CARTESIAN_POINT('Ctrl Pts',(2.17312425527165,196.119769941354,-112.018036599347));
#10596=CARTESIAN_POINT('Ctrl Pts',(2.04650985812041,197.720669310531,-110.03202973853));
#10597=CARTESIAN_POINT('Ctrl Pts',(1.91989546096916,200.258294020936,-110.291958327606));
#10598=CARTESIAN_POINT('Ctrl Pts',(1.79328106381792,201.423320745099,-112.561278660876));
#10599=CARTESIAN_POINT('Ctrl Pts',(1.66666666666667,200.155536213273,-114.774833363904));
#10600=CARTESIAN_POINT('Ctrl Pts',(1.54005226951542,197.60866673567,-114.918213650647));
#10601=CARTESIAN_POINT('Ctrl Pts',(1.41343787236417,196.100448687137,-112.860938666426));
#10602=CARTESIAN_POINT('Ctrl Pts',(1.28682347521293,197.003410916545,-110.475197428398));
#10603=CARTESIAN_POINT('Ctrl Pts',(1.16020907806168,199.495827606128,-109.932094226348));
#10604=CARTESIAN_POINT('Ctrl Pts',(1.03359468091043,201.309516238659,-111.725871131879));
#10605=CARTESIAN_POINT('Ctrl Pts',(0.906980283759186,200.793959520945,-114.224131189079));
#10606=CARTESIAN_POINT('Ctrl Pts',(0.78036588660794,198.418331302867,-115.153374220829));
#10607=CARTESIAN_POINT('Ctrl Pts',(0.653751489456692,196.344532687958,-113.667958000577));
#10608=CARTESIAN_POINT('Ctrl Pts',(0.527137092305446,196.459789749709,-111.119660951114));
#10609=CARTESIAN_POINT('Ctrl Pts',(0.400522695154198,198.659214708503,-109.827518585422));
#10610=CARTESIAN_POINT('Ctrl Pts',(0.273908298002952,200.941257317812,-110.967423656859));
#10611=CARTESIAN_POINT('Ctrl Pts',(0.147293900851704,201.229182506955,-113.502024439634));
#10612=CARTESIAN_POINT('Ctrl Pts',(0.0206795037004574,199.260968727526,
-115.124749481361));
#10613=CARTESIAN_POINT('Ctrl Pts',(-0.10593489345079,196.827756322679,-114.358864741022));
#10614=CARTESIAN_POINT('Ctrl Pts',(-0.232549290602037,196.143849931137,
-111.901350938377));
#10615=CARTESIAN_POINT('Ctrl Pts',(-0.359163687753283,197.831627234448,
-109.98862779662));
#10616=CARTESIAN_POINT('Ctrl Pts',(-0.485778084904531,200.35515445864,-110.361337323391));
#10617=CARTESIAN_POINT('Ctrl Pts',(-0.612392482055778,201.417937459865,
-112.680301388419));
#10618=CARTESIAN_POINT('Ctrl Pts',(-0.739006879207024,200.052808174668,
-114.835185161916));
#10619=CARTESIAN_POINT('Ctrl Pts',(-0.865621276358272,197.502079893351,
-114.864972365132));
#10620=CARTESIAN_POINT('Ctrl Pts',(-0.992235673509518,196.087000631168,
-112.742555647255));
#10621=CARTESIAN_POINT('Ctrl Pts',(-1.11885007066077,197.095339827469,-110.399405180942));
#10622=CARTESIAN_POINT('Ctrl Pts',(-1.24546446781201,199.609475101518,-109.96786622978));
#10623=CARTESIAN_POINT('Ctrl Pts',(-1.37207886496326,201.341459298098,-111.840653667099));
#10624=CARTESIAN_POINT('Ctrl Pts',(-1.4986932621145,200.715128892386,-114.313468311476));
#10625=CARTESIAN_POINT('Ctrl Pts',(-1.62530765926575,198.300465493857,-115.135966162193));
#10626=CARTESIAN_POINT('Ctrl Pts',(-1.751922056417,196.294893525356,-113.559646676261));
#10627=CARTESIAN_POINT('Ctrl Pts',(-1.87853645356825,196.523550531048,-111.019013287481));
#10628=CARTESIAN_POINT('Ctrl Pts',(-2.0051508507195,198.778350991107,-109.826127321295));
#10629=CARTESIAN_POINT('Ctrl Pts',(-2.13176524787074,201.007351101233,-111.066554889247));
#10630=CARTESIAN_POINT('Ctrl Pts',(-2.25837964502199,201.18208623888,-113.61146543249));
#10631=CARTESIAN_POINT('Ctrl Pts',(-2.38499404217323,199.143541585791,-115.144905272818));
#10632=CARTESIAN_POINT('Ctrl Pts',(-2.51160843932448,196.746860933694,-114.271392885715));
#10633=CARTESIAN_POINT('Ctrl Pts',(-2.63822283647573,196.173103800432,-111.785853751756));
#10634=CARTESIAN_POINT('Ctrl Pts',(-2.76483723362698,197.944408369289,-109.950211574415));
#10635=CARTESIAN_POINT('Ctrl Pts',(-2.89145163077822,200.448828242322,-110.434962123805));
#10636=CARTESIAN_POINT('Ctrl Pts',(-3.01806602792947,201.407257645379,-112.798966157232));
#10637=CARTESIAN_POINT('Ctrl Pts',(-3.14468042508072,199.947493691698,-114.890901043089));
#10638=CARTESIAN_POINT('Ctrl Pts',(-3.27129482223196,197.397970565039,-114.807035937368));
#10639=CARTESIAN_POINT('Ctrl Pts',(-3.39790921938321,196.078839170202,-112.623691220189));
#10640=CARTESIAN_POINT('Ctrl Pts',(-3.52452361653446,197.190553973941,-110.32778288949));
#10641=CARTESIAN_POINT('Ctrl Pts',(-3.65113801368571,199.721415672724,-110.008665733227));
#10642=CARTESIAN_POINT('Ctrl Pts',(-3.77775241083695,201.368258989833,-111.956744002101));
#10643=CARTESIAN_POINT('Ctrl Pts',(-3.9043668079882,200.63239415103,-114.399207687176));
#10644=CARTESIAN_POINT('Ctrl Pts',(-4.03098120513945,198.183498041032,-115.113319885473));
#10645=CARTESIAN_POINT('Ctrl Pts',(-4.15759560229069,196.250115999021,-113.449242451759));
#10646=CARTESIAN_POINT('Ctrl Pts',(-4.28420999944194,196.591757324159,-110.92128320749));
#10647=CARTESIAN_POINT('Ctrl Pts',(-4.41082439659319,198.897376681815,-109.83009162709));
#10648=CARTESIAN_POINT('Ctrl Pts',(-4.53743879374443,201.069077192071,-111.168432990066));
#10649=CARTESIAN_POINT('Ctrl Pts',(-4.66405319089568,201.129923551187,-113.718907336197));
#10650=CARTESIAN_POINT('Ctrl Pts',(-4.79066758804693,199.02583246684,-115.159379149952));
#10651=CARTESIAN_POINT('Ctrl Pts',(-4.91728198519818,196.66890203281,-114.181343095344));
#10652=CARTESIAN_POINT('Ctrl Pts',(-5.04389638234942,196.209729572982,-111.670073100602));
#10653=CARTESIAN_POINT('Ctrl Pts',(-5.12830598045025,197.43943472308,-110.506345757035));
#10654=CARTESIAN_POINT('Ctrl Pts',(-5.17051077950067,198.164603775696,-110.312301124085));
#10655=CARTESIAN_POINT('Ctrl Pts',(5.17051077950067,200.595914383607,-110.94695389653));
#10656=CARTESIAN_POINT('Ctrl Pts',(5.12830598045026,201.11071145368,-111.558829689633));
#10657=CARTESIAN_POINT('Ctrl Pts',(5.04389638234943,201.47442152742,-113.325223675215));
#10658=CARTESIAN_POINT('Ctrl Pts',(4.91728198519818,199.541301836271,-115.23781139299));
#10659=CARTESIAN_POINT('Ctrl Pts',(4.79066758804693,196.886600340419,-114.653771017317));
#10660=CARTESIAN_POINT('Ctrl Pts',(4.66405319089568,195.928260235998,-112.112250099146));
#10661=CARTESIAN_POINT('Ctrl Pts',(4.53743879374444,197.537497093433,-109.922401985737));
#10662=CARTESIAN_POINT('Ctrl Pts',(4.41082439659319,200.250294531681,-110.078824789625));
#10663=CARTESIAN_POINT('Ctrl Pts',(4.28420999944194,201.597705664335,-112.438325649039));
#10664=CARTESIAN_POINT('Ctrl Pts',(4.1575956022907,200.353641952305,-114.854082290937));
#10665=CARTESIAN_POINT('Ctrl Pts',(4.03098120513945,197.650194918802,-115.127483235897));
#10666=CARTESIAN_POINT('Ctrl Pts',(3.9043668079882,195.947614695204,-113.009816249392));
#10667=CARTESIAN_POINT('Ctrl Pts',(3.77775241083695,196.795295250579,-110.42818526808));
#10668=CARTESIAN_POINT('Ctrl Pts',(3.65113801368571,199.421824171278,-109.731981723754));
#10669=CARTESIAN_POINT('Ctrl Pts',(3.52452361653446,201.436969827244,-111.554764125054));
#10670=CARTESIAN_POINT('Ctrl Pts',(3.39790921938321,201.006883491804,-114.237744317217));
#10671=CARTESIAN_POINT('Ctrl Pts',(3.27129482223197,198.522957539608,-115.339318345684));
#10672=CARTESIAN_POINT('Ctrl Pts',(3.14468042508072,196.245647905089,-113.857018103514));
#10673=CARTESIAN_POINT('Ctrl Pts',(3.01806602792947,196.24738236369,-111.139785849605));
#10674=CARTESIAN_POINT('Ctrl Pts',(2.89145163077823,198.526582562144,-109.660394029201));
#10675=CARTESIAN_POINT('Ctrl Pts',(2.76483723362698,201.009100089053,-110.765138541313));
#10676=CARTESIAN_POINT('Ctrl Pts',(2.63822283647573,201.435761010333,-113.448665001257));
#10677=CARTESIAN_POINT('Ctrl Pts',(2.51160843932448,199.418289616182,-115.268874584325));
#10678=CARTESIAN_POINT('Ctrl Pts',(2.38499404217324,196.792652329224,-114.569315727223));
#10679=CARTESIAN_POINT('Ctrl Pts',(2.25837964502199,195.948266862758,-111.98661037231));
#10680=CARTESIAN_POINT('Ctrl Pts',(2.13176524787074,197.653552222595,-109.871106743854));
#10681=CARTESIAN_POINT('Ctrl Pts',(2.0051508507195,200.356641717621,-110.147983870604));
#10682=CARTESIAN_POINT('Ctrl Pts',(1.87853645356825,201.597633534336,-112.565274310974));
#10683=CARTESIAN_POINT('Ctrl Pts',(1.751922056417,200.247183629004,-114.923162945919));
#10684=CARTESIAN_POINT('Ctrl Pts',(1.62530765926576,197.534246565506,-115.075892285801));
#10685=CARTESIAN_POINT('Ctrl Pts',(1.49869326211451,195.927685774037,-112.884473525011));
#10686=CARTESIAN_POINT('Ctrl Pts',(1.37207886496326,196.889525287465,-110.343171002254));
#10687=CARTESIAN_POINT('Ctrl Pts',(1.24546446781201,199.544458991102,-109.764654977344));
#10688=CARTESIAN_POINT('Ctrl Pts',(1.11885007066077,201.476408451453,-111.675394374655));
#10689=CARTESIAN_POINT('Ctrl Pts',(0.992235673509521,200.92723506816,-114.336552460313));
#10690=CARTESIAN_POINT('Ctrl Pts',(0.865621276358274,198.396704980696,-115.326386405084));
#10691=CARTESIAN_POINT('Ctrl Pts',(0.739006879207027,196.187685172615,-113.744114225813));
#10692=CARTESIAN_POINT('Ctrl Pts',(0.612392482055781,196.310457524087,-111.029656506213));
#10693=CARTESIAN_POINT('Ctrl Pts',(0.485778084904533,198.653295090586,-109.653260524389));
#10694=CARTESIAN_POINT('Ctrl Pts',(0.359163687753286,201.084137357816,-110.867492641256));
#10695=CARTESIAN_POINT('Ctrl Pts',(0.232549290602039,201.390836591527,-113.567361034682));
#10696=CARTESIAN_POINT('Ctrl Pts',(0.105934893450792,199.294286235076,-115.29589520115));
#10697=CARTESIAN_POINT('Ctrl Pts',(-0.0206795037004552,196.702417207422,
-114.480071258578));
#10698=CARTESIAN_POINT('Ctrl Pts',(-0.147293900851702,195.973916978458,
-111.862316270391));
#10699=CARTESIAN_POINT('Ctrl Pts',(-0.273908298002949,197.771745112703,
-109.824874796017));
#10700=CARTESIAN_POINT('Ctrl Pts',(-0.400522695154197,200.459817900675,
-110.221886695522));
#10701=CARTESIAN_POINT('Ctrl Pts',(-0.527137092305443,201.591899234183,
-112.692057866939));
#10702=CARTESIAN_POINT('Ctrl Pts',(-0.65375148945669,200.137757250526,-114.987449958314));
#10703=CARTESIAN_POINT('Ctrl Pts',(-0.780365886607936,197.42070977159,-115.019179423971));
#10704=CARTESIAN_POINT('Ctrl Pts',(-0.906980283759183,195.913360843062,
-112.758371389341));
#10705=CARTESIAN_POINT('Ctrl Pts',(-1.03359468091043,196.987448385545,-110.262436752204));
#10706=CARTESIAN_POINT('Ctrl Pts',(-1.16020907806168,199.665516825094,-109.802759479676));
#10707=CARTESIAN_POINT('Ctrl Pts',(-1.28682347521292,201.51043434506,-111.797661258286));
#10708=CARTESIAN_POINT('Ctrl Pts',(-1.41343787236417,200.843264320606,-114.431714773352));
#10709=CARTESIAN_POINT('Ctrl Pts',(-1.54005226951542,198.271153779665,-115.307843261082));
#10710=CARTESIAN_POINT('Ctrl Pts',(-1.66666666666667,196.134809308655,-113.628740505755));
#10711=CARTESIAN_POINT('Ctrl Pts',(-1.79328106381791,196.378375801176,-110.922446152708));
#10712=CARTESIAN_POINT('Ctrl Pts',(-1.91989546096916,198.780199605923,-109.651778543452));
#10713=CARTESIAN_POINT('Ctrl Pts',(-2.04650985812041,201.154540759438,-110.973087685234));
#10714=CARTESIAN_POINT('Ctrl Pts',(-2.17312425527166,201.340669430494,-113.683938082857));
#10715=CARTESIAN_POINT('Ctrl Pts',(-2.2997386524229,199.169202304441,-115.317365242771));
#10716=CARTESIAN_POINT('Ctrl Pts',(-2.42635304957415,196.616247067581,-114.386895836608));
#10717=CARTESIAN_POINT('Ctrl Pts',(-2.55296744672539,196.005078334373,-111.739288136805));
#10718=CARTESIAN_POINT('Ctrl Pts',(-2.67958184387664,197.891880095458,-109.783953659706));
#10719=CARTESIAN_POINT('Ctrl Pts',(-2.80619624102789,200.559599645229,-110.30031217103));
#10720=CARTESIAN_POINT('Ctrl Pts',(-2.93281063817914,201.580523046748,-112.818460123622));
#10721=CARTESIAN_POINT('Ctrl Pts',(-3.05942503533038,200.025575779632,-115.046798770803));
#10722=CARTESIAN_POINT('Ctrl Pts',(-3.18603943248163,197.309812036972,-114.957465275056));
#10723=CARTESIAN_POINT('Ctrl Pts',(-3.31265382963287,195.904667217361,-112.631756455771));
#10724=CARTESIAN_POINT('Ctrl Pts',(-3.43926822678413,197.088870931618,-110.186144358439));
#10725=CARTESIAN_POINT('Ctrl Pts',(-3.56588262393537,199.784756435605,-109.846219298111));
#10726=CARTESIAN_POINT('Ctrl Pts',(-3.69249702108662,201.538981499768,-111.92132121625));
#10727=CARTESIAN_POINT('Ctrl Pts',(-3.81911141823786,200.755134894172,-114.523044750088));
#10728=CARTESIAN_POINT('Ctrl Pts',(-3.94572581538911,198.146559511767,-115.283720343122));
#10729=CARTESIAN_POINT('Ctrl Pts',(-4.07234021254036,196.087112081972,-113.511137418808));
#10730=CARTESIAN_POINT('Ctrl Pts',(-4.19895460969161,196.451029990423,-110.818343622697));
#10731=CARTESIAN_POINT('Ctrl Pts',(-4.32556900684285,198.906986318266,-109.65600134019));
#10732=CARTESIAN_POINT('Ctrl Pts',(-4.4521834039941,201.220291674863,-111.08160870608));
#10733=CARTESIAN_POINT('Ctrl Pts',(-4.57879780114535,201.285105496017,-113.79838569209));
#10734=CARTESIAN_POINT('Ctrl Pts',(-4.70541219829659,199.043818010381,-115.332782883162));
#10735=CARTESIAN_POINT('Ctrl Pts',(-4.83202659544784,196.53320488835,-114.290974386371));
#10736=CARTESIAN_POINT('Ctrl Pts',(-4.95864099259909,196.044092275489,-111.615958055499));
#10737=CARTESIAN_POINT('Ctrl Pts',(-5.04305059069992,197.353979848533,-110.376350344961));
#10738=CARTESIAN_POINT('Ctrl Pts',(-5.08525538975033,198.126433253564,-110.169653110833));
#10739=CARTESIAN_POINT('Ctrl Pts',(5.25576616925101,200.708908728217,-110.851886959424));
#10740=CARTESIAN_POINT('Ctrl Pts',(5.21356137020059,201.255218179392,-111.501217633879));
#10741=CARTESIAN_POINT('Ctrl Pts',(5.12915177209976,201.641192114217,-113.375738265255));
#10742=CARTESIAN_POINT('Ctrl Pts',(5.00253737494851,199.589739961664,-115.405401616439));
#10743=CARTESIAN_POINT('Ctrl Pts',(4.87592297779726,196.772535665941,-114.785610254663));
#10744=CARTESIAN_POINT('Ctrl Pts',(4.74930858064602,195.755532487559,-112.088514683079));
#10745=CARTESIAN_POINT('Ctrl Pts',(4.62269418349477,197.463275898517,-109.764618937469));
#10746=CARTESIAN_POINT('Ctrl Pts',(4.49607978634353,200.342132375751,-109.930616883284));
#10747=CARTESIAN_POINT('Ctrl Pts',(4.36946538919227,201.772022868882,-112.434550364049));
#10748=CARTESIAN_POINT('Ctrl Pts',(4.24285099204103,200.451806023725,-114.998183224319));
#10749=CARTESIAN_POINT('Ctrl Pts',(4.11623659488978,197.582872319525,-115.288319918708));
#10750=CARTESIAN_POINT('Ctrl Pts',(3.98962219773854,195.776071695338,-113.041023738473));
#10751=CARTESIAN_POINT('Ctrl Pts',(3.86300780058729,196.675641498473,-110.301362838034));
#10752=CARTESIAN_POINT('Ctrl Pts',(3.73639340343604,199.462948685286,-109.562542440021));
#10753=CARTESIAN_POINT('Ctrl Pts',(3.60977900628479,201.601447875257,-111.496903203042));
#10754=CARTESIAN_POINT('Ctrl Pts',(3.48316460913355,201.145034574693,-114.344117224849));
#10755=CARTESIAN_POINT('Ctrl Pts',(3.3565502119823,198.509059541826,-115.513122135533));
#10756=CARTESIAN_POINT('Ctrl Pts',(3.22993581483105,196.092348474656,-113.940085537514));
#10757=CARTESIAN_POINT('Ctrl Pts',(3.10332141767981,196.094189105035,-111.056522775316));
#10758=CARTESIAN_POINT('Ctrl Pts',(2.97670702052856,198.512906463627,-109.486572632896));
#10759=CARTESIAN_POINT('Ctrl Pts',(2.85009262337731,201.147386856974,-110.658942102706));
#10760=CARTESIAN_POINT('Ctrl Pts',(2.72347822622607,201.600165062783,-113.506735831098));
#10761=CARTESIAN_POINT('Ctrl Pts',(2.59686382907482,199.459197768728,-115.438366285424));
#10762=CARTESIAN_POINT('Ctrl Pts',(2.47024943192357,196.672836795418,-114.695985185169));
#10763=CARTESIAN_POINT('Ctrl Pts',(2.34363503477232,195.776763784163,-111.955184145273));
#10764=CARTESIAN_POINT('Ctrl Pts',(2.21702063762108,197.58643513466,-109.710183749178));
#10765=CARTESIAN_POINT('Ctrl Pts',(2.09040624046983,200.454989414305,-110.004009413602));
#10766=CARTESIAN_POINT('Ctrl Pts',(1.96379184331859,201.771946323574,-112.569269961072));
#10767=CARTESIAN_POINT('Ctrl Pts',(1.83717744616734,200.338831044735,-115.071492527934));
#10768=CARTESIAN_POINT('Ctrl Pts',(1.71056304901609,197.459826395342,-115.233570920955));
#10769=CARTESIAN_POINT('Ctrl Pts',(1.58394865186484,195.754922860937,-112.908008383596));
#10770=CARTESIAN_POINT('Ctrl Pts',(1.4573342547136,196.775639658385,-110.211144576111));
#10771=CARTESIAN_POINT('Ctrl Pts',(1.33071985756235,199.593090376076,-109.597215728341));
#10772=CARTESIAN_POINT('Ctrl Pts',(1.2041054604111,201.643300664248,-111.624917617431));
#10773=CARTESIAN_POINT('Ctrl Pts',(1.07749106325986,201.060510615375,-114.448973731546));
#10774=CARTESIAN_POINT('Ctrl Pts',(0.950876666108609,198.375078658525,-115.499398589338));
#10775=CARTESIAN_POINT('Ctrl Pts',(0.824262268957361,196.030837657273,-113.82027045105));
#10776=CARTESIAN_POINT('Ctrl Pts',(0.697647871806115,196.161125298464,-110.939652061313));
#10777=CARTESIAN_POINT('Ctrl Pts',(0.571033474654868,198.647375472668,-109.479002463356));
#10778=CARTESIAN_POINT('Ctrl Pts',(0.444419077503621,201.22701739782,-110.767561625652));
#10779=CARTESIAN_POINT('Ctrl Pts',(0.317804680352373,201.552490676099,-113.63269762973));
#10780=CARTESIAN_POINT('Ctrl Pts',(0.191190283201127,199.327603742626,-115.467040920938));
#10781=CARTESIAN_POINT('Ctrl Pts',(0.0645758860498794,196.577078092166,
-114.601277776133));
#10782=CARTESIAN_POINT('Ctrl Pts',(-0.0620385111013675,195.803984025777,
-111.823281602404));
#10783=CARTESIAN_POINT('Ctrl Pts',(-0.188652908252614,197.711862990957,
-109.661121795414));
#10784=CARTESIAN_POINT('Ctrl Pts',(-0.315267305403862,200.564481342708,
-110.082436067654));
#10785=CARTESIAN_POINT('Ctrl Pts',(-0.441881702555108,201.765861008502,
-112.70381434546));
#10786=CARTESIAN_POINT('Ctrl Pts',(-0.568496099706355,200.222706326384,
-115.139714754713));
#10787=CARTESIAN_POINT('Ctrl Pts',(-0.695110496857602,197.339339649829,
-115.17338648281));
#10788=CARTESIAN_POINT('Ctrl Pts',(-0.821724894008849,195.739721054956,
-112.774187131428));
#10789=CARTESIAN_POINT('Ctrl Pts',(-0.948339291160096,196.879556943621,
-110.125468323467));
#10790=CARTESIAN_POINT('Ctrl Pts',(-1.07495368831134,199.721558548669,-109.637652729571));
#10791=CARTESIAN_POINT('Ctrl Pts',(-1.20156808546259,201.679409392021,-111.754668849473));
#10792=CARTESIAN_POINT('Ctrl Pts',(-1.32818248261384,200.971399748826,-114.549961235228));
#10793=CARTESIAN_POINT('Ctrl Pts',(-1.45479687976509,198.241842065473,-115.479720359971));
#10794=CARTESIAN_POINT('Ctrl Pts',(-1.58141127691633,195.974725091954,-113.69783433525));
#10795=CARTESIAN_POINT('Ctrl Pts',(-1.70802567406758,196.233201071305,-110.825879017936));
#10796=CARTESIAN_POINT('Ctrl Pts',(-1.83464007121882,198.782048220739,-109.477429765609));
#10797=CARTESIAN_POINT('Ctrl Pts',(-1.96125446837007,201.301730417644,-110.879620481221));
#10798=CARTESIAN_POINT('Ctrl Pts',(-2.08786886552132,201.499252622108,-113.756410733224));
#10799=CARTESIAN_POINT('Ctrl Pts',(-2.21448326267256,199.194863023091,-115.489825212724));
#10800=CARTESIAN_POINT('Ctrl Pts',(-2.34109765982381,196.485633201468,-114.502398787502));
#10801=CARTESIAN_POINT('Ctrl Pts',(-2.46771205697506,195.837052868313,-111.692722521855));
#10802=CARTESIAN_POINT('Ctrl Pts',(-2.59432645412631,197.839351821627,-109.617695744997));
#10803=CARTESIAN_POINT('Ctrl Pts',(-2.72094085127756,200.670371048136,-110.165662218255));
#10804=CARTESIAN_POINT('Ctrl Pts',(-2.8475552484288,201.753788448117,-112.837954090012));
#10805=CARTESIAN_POINT('Ctrl Pts',(-2.97416964558005,200.103657867566,-115.202696498517));
#10806=CARTESIAN_POINT('Ctrl Pts',(-3.10078404273129,197.221653508905,-115.107894612745));
#10807=CARTESIAN_POINT('Ctrl Pts',(-3.22739843988254,195.73049526452,-112.639821691353));
#10808=CARTESIAN_POINT('Ctrl Pts',(-3.35401283703379,196.987187889294,-110.044505827389));
#10809=CARTESIAN_POINT('Ctrl Pts',(-3.48062723418503,199.848097198487,-109.683772862995));
#10810=CARTESIAN_POINT('Ctrl Pts',(-3.60724163133628,201.709704009703,-111.885898430399));
#10811=CARTESIAN_POINT('Ctrl Pts',(-3.73385602848753,200.877875637313,-114.646881812999));
#10812=CARTESIAN_POINT('Ctrl Pts',(-3.86047042563878,198.109620982503,-115.45412080077));
#10813=CARTESIAN_POINT('Ctrl Pts',(-3.98708482279002,195.924108164923,-113.573032385857));
#10814=CARTESIAN_POINT('Ctrl Pts',(-4.11369921994127,196.310302656688,-110.715404037905));
#10815=CARTESIAN_POINT('Ctrl Pts',(-4.24031361709252,198.916595954716,-109.48191105329));
#10816=CARTESIAN_POINT('Ctrl Pts',(-4.36692801424377,201.371506157655,-110.994784422094));
#10817=CARTESIAN_POINT('Ctrl Pts',(-4.49354241139501,201.440287440847,-113.877864047983));
#10818=CARTESIAN_POINT('Ctrl Pts',(-4.62015680854626,199.06180355392,-115.506186616373));
#10819=CARTESIAN_POINT('Ctrl Pts',(-4.7467712056975,196.397507743889,-114.400605677398));
#10820=CARTESIAN_POINT('Ctrl Pts',(-4.87338560284875,195.878454977996,-111.561843010395));
#10821=CARTESIAN_POINT('Ctrl Pts',(-4.95779520094958,197.268524973985,-110.246354932886));
#10822=CARTESIAN_POINT('Ctrl Pts',(-5.,198.088262731431,-110.027005097582));
#10823=CARTESIAN_POINT('Ctrl Pts',(3.7109437209775,196.631801593157,-112.501770092875));
#10824=CARTESIAN_POINT('Ctrl Pts',(3.71858115681418,196.630667818834,-112.628558359644));
#10825=CARTESIAN_POINT('Ctrl Pts',(3.72621859265085,196.641080285658,-112.755160715975));
#10826=CARTESIAN_POINT('Ctrl Pts',(3.73385602848753,196.663707608648,-112.879540847227));
#10827=CARTESIAN_POINT('Ctrl Pts',(3.77606082753795,196.788747169075,-113.566870804245));
#10828=CARTESIAN_POINT('Ctrl Pts',(3.81826562658836,197.286793643216,-114.18634033726));
#10829=CARTESIAN_POINT('Ctrl Pts',(3.86047042563878,197.931229162304,-114.45608686275));
#10830=CARTESIAN_POINT('Ctrl Pts',(3.90267522468919,198.575664681393,-114.725833388241));
#10831=CARTESIAN_POINT('Ctrl Pts',(3.94488002373961,199.366489245428,-114.645856906207));
#10832=CARTESIAN_POINT('Ctrl Pts',(3.98708482279003,199.943861101743,-114.252534630998));
#10833=CARTESIAN_POINT('Ctrl Pts',(4.02928962184044,200.521232958057,-113.859212355788));
#10834=CARTESIAN_POINT('Ctrl Pts',(4.07149442089086,200.88515210665,-113.152544287404));
#10835=CARTESIAN_POINT('Ctrl Pts',(4.11369921994127,200.870036278996,-112.454104317093));
#10836=CARTESIAN_POINT('Ctrl Pts',(4.15590401899169,200.854920451342,-111.755664346783));
#10837=CARTESIAN_POINT('Ctrl Pts',(4.1981088180421,200.460769647442,-111.065452474546));
#10838=CARTESIAN_POINT('Ctrl Pts',(4.24031361709252,199.866914352112,-110.697467785088));
#10839=CARTESIAN_POINT('Ctrl Pts',(4.28251841614294,199.273059056783,-110.329483095631));
#10840=CARTESIAN_POINT('Ctrl Pts',(4.32472321519335,198.479499270024,-110.283725588952));
#10841=CARTESIAN_POINT('Ctrl Pts',(4.36692801424377,197.84734875158,-110.581138977114));
#10842=CARTESIAN_POINT('Ctrl Pts',(4.40913281329418,197.215198233136,-110.878552365276));
#10843=CARTESIAN_POINT('Ctrl Pts',(4.4513376123446,196.744456983006,-111.519136648278));
#10844=CARTESIAN_POINT('Ctrl Pts',(4.49354241139501,196.649255350691,-112.21115739167));
#10845=CARTESIAN_POINT('Ctrl Pts',(4.49934284792251,196.636171269307,-112.306265589981));
#10846=CARTESIAN_POINT('Ctrl Pts',(4.50514328445,196.630180571481,-112.402345346351));
#10847=CARTESIAN_POINT('Ctrl Pts',(4.5109437209775,196.630952465636,-112.49851989904));
#10848=CARTESIAN_POINT('Ctrl Pts',(5.,198.088262731432,-114.972994902418));
#10849=CARTESIAN_POINT('Ctrl Pts',(4.95779520094958,197.268524973986,-114.753645067114));
#10850=CARTESIAN_POINT('Ctrl Pts',(4.87338560284875,195.878455059913,-113.438156371945));
#10851=CARTESIAN_POINT('Ctrl Pts',(4.74677120569751,196.397507673671,-110.599394403636));
#10852=CARTESIAN_POINT('Ctrl Pts',(4.62015680854626,199.06180356033,-109.493813204856));
#10853=CARTESIAN_POINT('Ctrl Pts',(4.49354241139501,201.440287516845,-111.122135966943));
#10854=CARTESIAN_POINT('Ctrl Pts',(4.36692801424376,201.371506217607,-114.00521558912));
#10855=CARTESIAN_POINT('Ctrl Pts',(4.24031361709252,198.916595963491,-115.518089037294));
#10856=CARTESIAN_POINT('Ctrl Pts',(4.11369921994127,196.310302591961,-114.284596000068));
#10857=CARTESIAN_POINT('Ctrl Pts',(3.98708482279003,195.924108094923,-111.426967590687));
#10858=CARTESIAN_POINT('Ctrl Pts',(3.86047042563878,198.109620965304,-109.545879122368));
#10859=CARTESIAN_POINT('Ctrl Pts',(3.73385602848753,200.877875691817,-110.353118133531));
#10860=CARTESIAN_POINT('Ctrl Pts',(3.60724163133628,201.709704084488,-113.114101584676));
#10861=CARTESIAN_POINT('Ctrl Pts',(3.48062723418504,199.848097226495,-115.316227208693));
#10862=CARTESIAN_POINT('Ctrl Pts',(3.35401283703379,196.987187844499,-114.955494234767));
#10863=CARTESIAN_POINT('Ctrl Pts',(3.22739843988254,195.730495187972,-112.360178305165));
#10864=CARTESIAN_POINT('Ctrl Pts',(3.10078404273129,197.221653470116,-109.892105321073));
#10865=CARTESIAN_POINT('Ctrl Pts',(2.97416964558005,200.103657901913,-109.797303432945));
#10866=CARTESIAN_POINT('Ctrl Pts',(2.8475552484288,201.753788524303,-112.162045901407));
#10867=CARTESIAN_POINT('Ctrl Pts',(2.72094085127755,200.670371096849,-114.83433784096));
#10868=CARTESIAN_POINT('Ctrl Pts',(2.59432645412631,197.839351798527,-115.382304328111));
#10869=CARTESIAN_POINT('Ctrl Pts',(2.46771205697506,195.837052794427,-113.307277498623));
#10870=CARTESIAN_POINT('Ctrl Pts',(2.34109765982381,196.485633144031,-110.497601161706));
#10871=CARTESIAN_POINT('Ctrl Pts',(2.21448326267257,199.194863034375,-109.510174711439));
#10872=CARTESIAN_POINT('Ctrl Pts',(2.08786886552132,201.499252691843,-111.243589234906));
#10873=CARTESIAN_POINT('Ctrl Pts',(1.96125446837007,201.301730482369,-114.12037955988));
#10874=CARTESIAN_POINT('Ctrl Pts',(1.83464007121882,198.782048221552,-115.522570311059));
#10875=CARTESIAN_POINT('Ctrl Pts',(1.70802567406758,196.233201007466,-114.174121024529));
#10876=CARTESIAN_POINT('Ctrl Pts',(1.58141127691633,195.974725021559,-111.302165634367));
#10877=CARTESIAN_POINT('Ctrl Pts',(1.45479687976508,198.241842052583,-109.520279564448));
#10878=CARTESIAN_POINT('Ctrl Pts',(1.32818248261384,200.971399805172,-110.450038712774));
#10879=CARTESIAN_POINT('Ctrl Pts',(1.20156808546259,201.679409466326,-113.245331169432));
#10880=CARTESIAN_POINT('Ctrl Pts',(1.07495368831134,199.721558573313,-115.362347343032));
#10881=CARTESIAN_POINT('Ctrl Pts',(0.948339291160098,196.879556896177,-114.874531736764));
#10882=CARTESIAN_POINT('Ctrl Pts',(0.82172489400885,195.739720978599,-112.225812861618));
#10883=CARTESIAN_POINT('Ctrl Pts',(0.695110496857603,197.339339614047,-109.826613449379));
#10884=CARTESIAN_POINT('Ctrl Pts',(0.568496099706356,200.222706363739,-109.860285178331));
#10885=CARTESIAN_POINT('Ctrl Pts',(0.441881702555109,201.765861085,-112.29618564937));
#10886=CARTESIAN_POINT('Ctrl Pts',(0.315267305403862,200.564481388733,-114.917563993668));
#10887=CARTESIAN_POINT('Ctrl Pts',(0.188652908252615,197.711862964625,-115.338878276595));
#10888=CARTESIAN_POINT('Ctrl Pts',(0.0620385111013683,195.803983951051,
-113.176718414761));
#10889=CARTESIAN_POINT('Ctrl Pts',(-0.0645758860498788,196.577078037049,
-110.398722170567));
#10890=CARTESIAN_POINT('Ctrl Pts',(-0.191190283201125,199.327603757277,
-109.532959003802));
#10891=CARTESIAN_POINT('Ctrl Pts',(-0.317804680352373,201.552490747184,
-111.367302341539));
#10892=CARTESIAN_POINT('Ctrl Pts',(-0.444419077503619,201.22701746065,-114.232438418291));
#10893=CARTESIAN_POINT('Ctrl Pts',(-0.571033474654867,198.647375470065,
-115.520997613272));
#10894=CARTESIAN_POINT('Ctrl Pts',(-0.697647871806113,196.161125232797,
-114.060347978266));
#10895=CARTESIAN_POINT('Ctrl Pts',(-0.82426226895736,196.030837588301,-111.179729515462));
#10896=CARTESIAN_POINT('Ctrl Pts',(-0.950876666108608,198.375078649014,
-109.500601334582));
#10897=CARTESIAN_POINT('Ctrl Pts',(-1.07749106325985,201.060510673981,-110.551026219017));
#10898=CARTESIAN_POINT('Ctrl Pts',(-1.2041054604111,201.643300737637,-113.375082404765));
#10899=CARTESIAN_POINT('Ctrl Pts',(-1.33071985756235,199.593090397461,-115.402784345288));
#10900=CARTESIAN_POINT('Ctrl Pts',(-1.4573342547136,196.775639608306,-114.788855481947));
#10901=CARTESIAN_POINT('Ctrl Pts',(-1.58394865186484,195.754922784967,-112.091991606055));
#10902=CARTESIAN_POINT('Ctrl Pts',(-1.71056304901609,197.459826362616,-109.766429009707));
#10903=CARTESIAN_POINT('Ctrl Pts',(-1.83717744616733,200.338831085036,-109.92850740684));
#10904=CARTESIAN_POINT('Ctrl Pts',(-1.96379184331858,201.771946400226,-112.43073003717));
#10905=CARTESIAN_POINT('Ctrl Pts',(-2.09040624046983,200.454989457553,-114.995990649709));
#10906=CARTESIAN_POINT('Ctrl Pts',(-2.21702063762108,197.586435105146,-115.289816321587));
#10907=CARTESIAN_POINT('Ctrl Pts',(-2.34363503477232,195.776763708746,-113.044815868546));
#10908=CARTESIAN_POINT('Ctrl Pts',(-2.47024943192357,196.67283674273,-110.304014759129));
#10909=CARTESIAN_POINT('Ctrl Pts',(-2.59686382907482,199.459197786716,-109.561633640043));
#10910=CARTESIAN_POINT('Ctrl Pts',(-2.72347822622606,201.600165135077,-111.493264143367));
#10911=CARTESIAN_POINT('Ctrl Pts',(-2.85009262337731,201.147386917784,-114.34105794399));
#10912=CARTESIAN_POINT('Ctrl Pts',(-2.97670702052856,198.512906457613,-115.513427443545));
#10913=CARTESIAN_POINT('Ctrl Pts',(-3.10332141767981,196.09418903767,-113.943477261288));
#10914=CARTESIAN_POINT('Ctrl Pts',(-3.22993581483105,196.092348407244,-111.059914425978));
#10915=CARTESIAN_POINT('Ctrl Pts',(-3.3565502119823,198.509059535714,-109.486877787999));
#10916=CARTESIAN_POINT('Ctrl Pts',(-3.48316460913354,201.145034635445,-110.655882728452));
#10917=CARTESIAN_POINT('Ctrl Pts',(-3.60977900628479,201.601447947578,-113.50309682225));
#10918=CARTESIAN_POINT('Ctrl Pts',(-3.73639340343604,199.462948703389,-115.437457634784));
#10919=CARTESIAN_POINT('Ctrl Pts',(-3.86300780058728,196.675641445805,-114.698637217159));
#10920=CARTESIAN_POINT('Ctrl Pts',(-3.98962219773853,195.776071620035,-111.958976248915));
#10921=CARTESIAN_POINT('Ctrl Pts',(-4.11623659488978,197.582872289598,-109.711680008437));
#10922=CARTESIAN_POINT('Ctrl Pts',(-4.24285099204103,200.451806067669,-110.00181671636));
#10923=CARTESIAN_POINT('Ctrl Pts',(-4.36946538919228,201.772022943689,-112.565449630004));
#10924=CARTESIAN_POINT('Ctrl Pts',(-4.49607978634352,200.342132420443,-115.069383195994));
#10925=CARTESIAN_POINT('Ctrl Pts',(-4.62269418349477,197.463275855797,-115.235381106063));
#10926=CARTESIAN_POINT('Ctrl Pts',(-4.74930858064602,195.755532433812,-112.911485372686));
#10927=CARTESIAN_POINT('Ctrl Pts',(-4.87592297779726,196.772535558291,-110.214389602468));
#10928=CARTESIAN_POINT('Ctrl Pts',(-5.00253737494851,199.589740065637,-109.594598409766));
#10929=CARTESIAN_POINT('Ctrl Pts',(-5.12915177209976,201.641191693287,-111.624261275363));
#10930=CARTESIAN_POINT('Ctrl Pts',(-5.21356137020059,201.255218179392,-113.498782366121));
#10931=CARTESIAN_POINT('Ctrl Pts',(-5.255766169251,200.708908728217,-114.148113040576));
#10932=CARTESIAN_POINT('Ctrl Pts',(5.08525538975034,198.126433253564,-114.830346889167));
#10933=CARTESIAN_POINT('Ctrl Pts',(5.04305059069992,197.353979848533,-114.623649655039));
#10934=CARTESIAN_POINT('Ctrl Pts',(4.95864099259909,196.044092352681,-113.38404136247));
#10935=CARTESIAN_POINT('Ctrl Pts',(4.83202659544784,196.533204822182,-110.709025689989));
#10936=CARTESIAN_POINT('Ctrl Pts',(4.70541219829659,199.04381801642,-109.667216948378));
#10937=CARTESIAN_POINT('Ctrl Pts',(4.57879780114535,201.285105567632,-111.201614321975));
#10938=CARTESIAN_POINT('Ctrl Pts',(4.4521834039941,201.220291731357,-113.918391304487));
#10939=CARTESIAN_POINT('Ctrl Pts',(4.32556900684285,198.906986326535,-115.343998745168));
#10940=CARTESIAN_POINT('Ctrl Pts',(4.1989546096916,196.45102992943,-114.181656413085));
#10941=CARTESIAN_POINT('Ctrl Pts',(4.07234021254036,196.08711201601,-111.488862559089));
#10942=CARTESIAN_POINT('Ctrl Pts',(3.94572581538911,198.14655949556,-109.71627958445));
#10943=CARTESIAN_POINT('Ctrl Pts',(3.81911141823787,200.755134945531,-110.476955199526));
#10944=CARTESIAN_POINT('Ctrl Pts',(3.69249702108662,201.538981570239,-113.078678797956));
#10945=CARTESIAN_POINT('Ctrl Pts',(3.56588262393537,199.784756461998,-115.153780769441));
#10946=CARTESIAN_POINT('Ctrl Pts',(3.43926822678412,197.088870889406,-114.813855700131));
#10947=CARTESIAN_POINT('Ctrl Pts',(3.31265382963288,195.904667145229,-112.368243540948));
#10948=CARTESIAN_POINT('Ctrl Pts',(3.18603943248163,197.30981200042,-110.042534662579));
#10949=CARTESIAN_POINT('Ctrl Pts',(3.05942503533038,200.025575811998,-109.953201164612));
#10950=CARTESIAN_POINT('Ctrl Pts',(2.93281063817914,201.580523118539,-112.181539868293));
#10951=CARTESIAN_POINT('Ctrl Pts',(2.80619624102789,200.559599691133,-114.699687884769));
#10952=CARTESIAN_POINT('Ctrl Pts',(2.67958184387664,197.89188007369,-115.216046409185));
#10953=CARTESIAN_POINT('Ctrl Pts',(2.5529674467254,196.005078264748,-113.260711882491));
#10954=CARTESIAN_POINT('Ctrl Pts',(2.42635304957415,196.616247013458,-110.61310411553));
#10955=CARTESIAN_POINT('Ctrl Pts',(2.2997386524229,199.169202315074,-109.682634685766));
#10956=CARTESIAN_POINT('Ctrl Pts',(2.17312425527166,201.340669496207,-111.316061887112));
#10957=CARTESIAN_POINT('Ctrl Pts',(2.04650985812041,201.15454082043,-114.026912353497));
#10958=CARTESIAN_POINT('Ctrl Pts',(1.91989546096916,198.780199606689,-115.348221528793));
#10959=CARTESIAN_POINT('Ctrl Pts',(1.79328106381791,196.37837574102,-114.077553887306));
#10960=CARTESIAN_POINT('Ctrl Pts',(1.66666666666667,196.13480924232,-111.371259465614));
#10961=CARTESIAN_POINT('Ctrl Pts',(1.54005226951542,198.271153767519,-109.692156667696));
#10962=CARTESIAN_POINT('Ctrl Pts',(1.41343787236417,200.843264373701,-110.568285177649));
#10963=CARTESIAN_POINT('Ctrl Pts',(1.28682347521293,201.510434415079,-113.202338759528));
#10964=CARTESIAN_POINT('Ctrl Pts',(1.16020907806168,199.665516848316,-115.19724058874));
#10965=CARTESIAN_POINT('Ctrl Pts',(1.03359468091043,196.987448340838,-114.737563304552));
#10966=CARTESIAN_POINT('Ctrl Pts',(0.906980283759185,195.91336077111,-112.241628604105));
#10967=CARTESIAN_POINT('Ctrl Pts',(0.780365886607937,197.420709737872,-109.980820512129));
#10968=CARTESIAN_POINT('Ctrl Pts',(0.653751489456691,200.137757285726,-110.012549978591));
#10969=CARTESIAN_POINT('Ctrl Pts',(0.527137092305443,201.591899306269,-112.307942128189));
#10970=CARTESIAN_POINT('Ctrl Pts',(0.400522695154197,200.459817944044,-114.778113362262));
#10971=CARTESIAN_POINT('Ctrl Pts',(0.27390829800295,197.771745087889,-115.175125271838));
#10972=CARTESIAN_POINT('Ctrl Pts',(0.147293900851703,195.973916908042,-113.137683745784));
#10973=CARTESIAN_POINT('Ctrl Pts',(0.0206795037004558,196.702417155485,
-110.519928691197));
#10974=CARTESIAN_POINT('Ctrl Pts',(-0.105934893450791,199.294286248882,
-109.704104727932));
#10975=CARTESIAN_POINT('Ctrl Pts',(-0.232549290602038,201.390836658512,
-111.432638938244));
#10976=CARTESIAN_POINT('Ctrl Pts',(-0.359163687753285,201.084137417022,
-114.132507400153));
#10977=CARTESIAN_POINT('Ctrl Pts',(-0.485778084904532,198.653295088133,
-115.346739547819));
#10978=CARTESIAN_POINT('Ctrl Pts',(-0.612392482055779,196.310457462208,
-113.970343531082));
#10979=CARTESIAN_POINT('Ctrl Pts',(-0.739006879207025,196.187685107622,
-111.25588574263));
#10980=CARTESIAN_POINT('Ctrl Pts',(-0.865621276358273,198.396704971734,
-109.673613523225));
#10981=CARTESIAN_POINT('Ctrl Pts',(-0.992235673509519,200.927235123385,
-110.663447493103));
#10982=CARTESIAN_POINT('Ctrl Pts',(-1.11885007066077,201.476408520609,-113.324605646261));
#10983=CARTESIAN_POINT('Ctrl Pts',(-1.24546446781201,199.544459011253,-115.235345092038));
#10984=CARTESIAN_POINT('Ctrl Pts',(-1.37207886496326,196.889525240274,-114.656829052454));
#10985=CARTESIAN_POINT('Ctrl Pts',(-1.49869326211451,195.927685702448,-112.115526465237));
#10986=CARTESIAN_POINT('Ctrl Pts',(-1.62530765926575,197.534246534668,-109.924107648861));
#10987=CARTESIAN_POINT('Ctrl Pts',(-1.751922056417,200.24718366698,-110.076836992617));
#10988=CARTESIAN_POINT('Ctrl Pts',(-1.87853645356825,201.597633606567,-112.43472568737));
#10989=CARTESIAN_POINT('Ctrl Pts',(-2.0051508507195,200.356641758373,-114.852016189055));
#10990=CARTESIAN_POINT('Ctrl Pts',(-2.13176524787074,197.653552194784,-115.128893322828));
#10991=CARTESIAN_POINT('Ctrl Pts',(-2.25837964502199,195.948266791692,-113.013389640712));
#10992=CARTESIAN_POINT('Ctrl Pts',(-2.38499404217323,196.792652279575,-110.430684220289));
#10993=CARTESIAN_POINT('Ctrl Pts',(-2.51160843932448,199.418289633134,-109.731125345442));
#10994=CARTESIAN_POINT('Ctrl Pts',(-2.63822283647573,201.435761078457,-111.551334974681));
#10995=CARTESIAN_POINT('Ctrl Pts',(-2.76483723362698,201.009100146355,-114.234861502689));
#10996=CARTESIAN_POINT('Ctrl Pts',(-2.89145163077822,198.526582556477,-115.33960604283));
#10997=CARTESIAN_POINT('Ctrl Pts',(-3.01806602792947,196.247382300211,-113.860214184888));
#10998=CARTESIAN_POINT('Ctrl Pts',(-3.14468042508072,196.245647841566,-111.142981862084));
#10999=CARTESIAN_POINT('Ctrl Pts',(-3.27129482223197,198.522957533849,-109.660681582259));
#11000=CARTESIAN_POINT('Ctrl Pts',(-3.39790921938321,201.006883549052,-110.762255638777));
#11001=CARTESIAN_POINT('Ctrl Pts',(-3.52452361653446,201.436969895394,-113.445235898779));
#11002=CARTESIAN_POINT('Ctrl Pts',(-3.6511380136857,199.421824188337,-115.268018346736));
#11003=CARTESIAN_POINT('Ctrl Pts',(-3.77775241083695,196.79529520095,-114.57181478393));
#11004=CARTESIAN_POINT('Ctrl Pts',(-3.9043668079882,195.947614624243,-111.990183738724));
#11005=CARTESIAN_POINT('Ctrl Pts',(-4.03098120513945,197.650194890602,-109.87251669545));
#11006=CARTESIAN_POINT('Ctrl Pts',(-4.15759560229069,200.353641993714,-110.145917653164));
#11007=CARTESIAN_POINT('Ctrl Pts',(-4.28420999944194,201.597705734828,-112.561674345356));
#11008=CARTESIAN_POINT('Ctrl Pts',(-4.41082439659319,200.250294573795,-114.921175285079));
#11009=CARTESIAN_POINT('Ctrl Pts',(-4.53743879374443,197.537497053177,-115.077598055284));
#11010=CARTESIAN_POINT('Ctrl Pts',(-4.66405319089568,195.928260185351,-112.887749953403));
#11011=CARTESIAN_POINT('Ctrl Pts',(-4.79066758804693,196.886600238978,-110.346228848055));
#11012=CARTESIAN_POINT('Ctrl Pts',(-4.91728198519818,199.541301934247,-109.762188631703));
#11013=CARTESIAN_POINT('Ctrl Pts',(-5.04389638234942,201.47442113077,-111.674775891901));
#11014=CARTESIAN_POINT('Ctrl Pts',(-5.12830598045025,201.11071145368,-113.441170310367));
#11015=CARTESIAN_POINT('Ctrl Pts',(-5.17051077950067,200.595914383608,-114.05304610347));
#11016=CARTESIAN_POINT('Ctrl Pts',(5.17051077950067,198.164603775696,-114.687698875915));
#11017=CARTESIAN_POINT('Ctrl Pts',(5.12830598045025,197.43943472308,-114.493654242965));
#11018=CARTESIAN_POINT('Ctrl Pts',(5.04389638234942,196.209729645449,-113.329926352994));
#11019=CARTESIAN_POINT('Ctrl Pts',(4.91728198519817,196.668901970692,-110.818656976341));
#11020=CARTESIAN_POINT('Ctrl Pts',(4.79066758804693,199.025832472511,-109.8406206919));
#11021=CARTESIAN_POINT('Ctrl Pts',(4.66405319089568,201.129923618418,-111.281092677006));
#11022=CARTESIAN_POINT('Ctrl Pts',(4.53743879374443,201.069077245107,-113.831567019854));
#11023=CARTESIAN_POINT('Ctrl Pts',(4.41082439659319,198.897376689578,-115.169908453043));
#11024=CARTESIAN_POINT('Ctrl Pts',(4.28420999944194,196.591757266899,-114.078716826102));
#11025=CARTESIAN_POINT('Ctrl Pts',(4.1575956022907,196.250115937098,-111.550757527491));
#11026=CARTESIAN_POINT('Ctrl Pts',(4.03098120513944,198.183498025817,-109.886680046532));
#11027=CARTESIAN_POINT('Ctrl Pts',(3.9043668079882,200.632394199245,-110.600792265522));
#11028=CARTESIAN_POINT('Ctrl Pts',(3.77775241083695,201.368259055991,-113.043256011236));
#11029=CARTESIAN_POINT('Ctrl Pts',(3.65113801368571,199.721415697501,-114.99133433019));
#11030=CARTESIAN_POINT('Ctrl Pts',(3.52452361653446,197.190553934313,-114.672217165495));
#11031=CARTESIAN_POINT('Ctrl Pts',(3.39790921938321,196.078839102485,-112.376308776731));
#11032=CARTESIAN_POINT('Ctrl Pts',(3.27129482223196,197.397970530725,-110.192964004085));
#11033=CARTESIAN_POINT('Ctrl Pts',(3.14468042508072,199.947493722083,-110.109098896279));
#11034=CARTESIAN_POINT('Ctrl Pts',(3.01806602792947,201.407257712775,-112.201033835177));
#11035=CARTESIAN_POINT('Ctrl Pts',(2.89145163077822,200.448828285416,-114.565037928578));
#11036=CARTESIAN_POINT('Ctrl Pts',(2.76483723362698,197.944408348853,-115.049788490258));
#11037=CARTESIAN_POINT('Ctrl Pts',(2.63822283647573,196.17310373507,-113.21414626636));
#11038=CARTESIAN_POINT('Ctrl Pts',(2.51160843932448,196.746860882884,-110.728607069353));
#11039=CARTESIAN_POINT('Ctrl Pts',(2.38499404217324,199.143541595774,-109.855094660093));
#11040=CARTESIAN_POINT('Ctrl Pts',(2.25837964502199,201.18208630057,-111.388534539317));
#11041=CARTESIAN_POINT('Ctrl Pts',(2.13176524787074,201.007351158491,-113.933445147113));
#11042=CARTESIAN_POINT('Ctrl Pts',(2.00515085071949,198.778350991826,-115.173872746528));
#11043=CARTESIAN_POINT('Ctrl Pts',(1.87853645356825,196.523550474574,-113.980986750084));
#11044=CARTESIAN_POINT('Ctrl Pts',(1.751922056417,196.294893463082,-111.440353296861));
#11045=CARTESIAN_POINT('Ctrl Pts',(1.62530765926575,198.300465482454,-109.864033770945));
#11046=CARTESIAN_POINT('Ctrl Pts',(1.49869326211451,200.715128942231,-110.686531642525));
#11047=CARTESIAN_POINT('Ctrl Pts',(1.37207886496326,201.341459363831,-113.159346349625));
#11048=CARTESIAN_POINT('Ctrl Pts',(1.24546446781201,199.609475123319,-115.032133834448));
#11049=CARTESIAN_POINT('Ctrl Pts',(1.11885007066077,197.095339785498,-114.60059487234));
#11050=CARTESIAN_POINT('Ctrl Pts',(0.99223567350952,196.08700056362,-112.257444346592));
#11051=CARTESIAN_POINT('Ctrl Pts',(0.865621276358272,197.502079861698,-110.13502757488));
#11052=CARTESIAN_POINT('Ctrl Pts',(0.739006879207025,200.052808207714,-110.164814778851));
#11053=CARTESIAN_POINT('Ctrl Pts',(0.612392482055778,201.417937527538,-112.319698607007));
#11054=CARTESIAN_POINT('Ctrl Pts',(0.485778084904531,200.355154499356,-114.638662730857));
#11055=CARTESIAN_POINT('Ctrl Pts',(0.359163687753284,197.831627211154,-115.011372267081));
#11056=CARTESIAN_POINT('Ctrl Pts',(0.232549290602037,196.143849865032,-113.098649076808));
#11057=CARTESIAN_POINT('Ctrl Pts',(0.10593489345079,196.827756273921,-110.641135211827));
#11058=CARTESIAN_POINT('Ctrl Pts',(-0.0206795037004562,199.260968740487,
-109.875250452061));
#11059=CARTESIAN_POINT('Ctrl Pts',(-0.147293900851704,201.22918256984,-111.49797553495));
#11060=CARTESIAN_POINT('Ctrl Pts',(-0.27390829800295,200.941257373393,-114.032576382014));
#11061=CARTESIAN_POINT('Ctrl Pts',(-0.400522695154197,198.659214706201,
-115.172481482366));
#11062=CARTESIAN_POINT('Ctrl Pts',(-0.527137092305444,196.459789691618,
-113.880339083898));
#11063=CARTESIAN_POINT('Ctrl Pts',(-0.65375148945669,196.344532626942,-111.332041969798));
#11064=CARTESIAN_POINT('Ctrl Pts',(-0.780365886607939,198.418331294454,
-109.846625711868));
#11065=CARTESIAN_POINT('Ctrl Pts',(-0.906980283759184,200.79395957279,-110.775868767188));
#11066=CARTESIAN_POINT('Ctrl Pts',(-1.03359468091043,201.309516303581,-113.274128887757));
#11067=CARTESIAN_POINT('Ctrl Pts',(-1.16020907806168,199.495827625046,-115.067905838788));
#11068=CARTESIAN_POINT('Ctrl Pts',(-1.28682347521293,197.003410872243,-114.524802622962));
#11069=CARTESIAN_POINT('Ctrl Pts',(-1.41343787236417,196.10044861993,-112.139061324419));
#11070=CARTESIAN_POINT('Ctrl Pts',(-1.54005226951542,197.60866670672,-110.081786288014));
#11071=CARTESIAN_POINT('Ctrl Pts',(-1.66666666666667,200.155536248924,-110.225166578395));
#11072=CARTESIAN_POINT('Ctrl Pts',(-1.79328106381791,201.423320812908,-112.43872133757));
#11073=CARTESIAN_POINT('Ctrl Pts',(-1.91989546096916,200.258294059194,-114.708041728401));
#11074=CARTESIAN_POINT('Ctrl Pts',(-2.04650985812041,197.720669284422,-114.96797032407));
#11075=CARTESIAN_POINT('Ctrl Pts',(-2.17312425527165,196.119769874638,-112.981963412878));
#11076=CARTESIAN_POINT('Ctrl Pts',(-2.2997386524229,196.91246781642,-110.557353681449));
#11077=CARTESIAN_POINT('Ctrl Pts',(-2.42635304957415,199.377381479551,-109.90061705084));
#11078=CARTESIAN_POINT('Ctrl Pts',(-2.55296744672539,201.271357021838,-111.609405805995));
#11079=CARTESIAN_POINT('Ctrl Pts',(-2.67958184387664,200.870813374925,-114.128665061389));
#11080=CARTESIAN_POINT('Ctrl Pts',(-2.80619624102789,198.540258655341,-115.165784642115));
#11081=CARTESIAN_POINT('Ctrl Pts',(-2.93281063817914,196.400575562751,-113.776951108488));
#11082=CARTESIAN_POINT('Ctrl Pts',(-3.05942503533038,196.398947275888,-111.226049298189));
#11083=CARTESIAN_POINT('Ctrl Pts',(-3.18603943248163,198.536855531984,-109.834485376519));
#11084=CARTESIAN_POINT('Ctrl Pts',(-3.31265382963287,200.868732462658,-110.868628549102));
#11085=CARTESIAN_POINT('Ctrl Pts',(-3.43926822678413,201.272491843209,-113.387374975308));
#11086=CARTESIAN_POINT('Ctrl Pts',(-3.56588262393537,199.380699673284,-115.098579058688));
#11087=CARTESIAN_POINT('Ctrl Pts',(-3.69249702108662,196.914948956094,-114.4449923507));
#11088=CARTESIAN_POINT('Ctrl Pts',(-3.81911141823786,196.119157628452,-112.021391228533));
#11089=CARTESIAN_POINT('Ctrl Pts',(-3.94572581538911,197.717517491606,-110.033353382464));
#11090=CARTESIAN_POINT('Ctrl Pts',(-4.07234021254036,200.255477919759,-110.290018589968));
#11091=CARTESIAN_POINT('Ctrl Pts',(-4.19895460969161,201.423388525967,-112.557899060709));
#11092=CARTESIAN_POINT('Ctrl Pts',(-4.32556900684285,200.158456727147,-114.772967374165));
#11093=CARTESIAN_POINT('Ctrl Pts',(-4.4521834039941,197.611718250558,-114.919815004504));
#11094=CARTESIAN_POINT('Ctrl Pts',(-4.57879780114535,196.100987936891,-112.864014534119));
#11095=CARTESIAN_POINT('Ctrl Pts',(-4.70541219829659,197.000664919665,-110.478068093642));
#11096=CARTESIAN_POINT('Ctrl Pts',(-4.83202659544785,199.492863802857,-109.929778853639));
#11097=CARTESIAN_POINT('Ctrl Pts',(-4.95864099259909,201.307650568254,-111.725290508439));
#11098=CARTESIAN_POINT('Ctrl Pts',(-5.04305059069992,200.966204727967,-113.383558254613));
#11099=CARTESIAN_POINT('Ctrl Pts',(-5.08525538975034,200.482920038998,-113.957979166363));
#11100=CARTESIAN_POINT('Ctrl Pts',(5.255766169251,198.202774297828,-114.545050862664));
#11101=CARTESIAN_POINT('Ctrl Pts',(5.21356137020059,197.524889597628,-114.363658830891));
#11102=CARTESIAN_POINT('Ctrl Pts',(5.12915177209975,196.375366938217,-113.275811343519));
#11103=CARTESIAN_POINT('Ctrl Pts',(5.00253737494852,196.804599119203,-110.928288262694));
#11104=CARTESIAN_POINT('Ctrl Pts',(4.87592297779726,199.007846928601,-110.014024435422));
#11105=CARTESIAN_POINT('Ctrl Pts',(4.74930858064602,200.974741669204,-111.360571032038));
#11106=CARTESIAN_POINT('Ctrl Pts',(4.62269418349477,200.917862758857,-113.744742735221));
#11107=CARTESIAN_POINT('Ctrl Pts',(4.49607978634352,198.887767052621,-114.995818160918));
#11108=CARTESIAN_POINT('Ctrl Pts',(4.36946538919228,196.732484604368,-113.975777239119));
#11109=CARTESIAN_POINT('Ctrl Pts',(4.24285099204103,196.413119858185,-111.612652495893));
#11110=CARTESIAN_POINT('Ctrl Pts',(4.11623659488978,198.220436556073,-110.057080508615));
#11111=CARTESIAN_POINT('Ctrl Pts',(3.98962219773853,200.50965345296,-110.724629331517));
#11112=CARTESIAN_POINT('Ctrl Pts',(3.86300780058729,201.197536541742,-113.007833224515));
#11113=CARTESIAN_POINT('Ctrl Pts',(3.73639340343604,199.658074933004,-114.828887890939));
#11114=CARTESIAN_POINT('Ctrl Pts',(3.60977900628479,197.29223697922,-114.53057863086));
#11115=CARTESIAN_POINT('Ctrl Pts',(3.48316460913354,196.253011059741,-112.384374012514));
#11116=CARTESIAN_POINT('Ctrl Pts',(3.3565502119823,197.486129061029,-110.343393345591));
#11117=CARTESIAN_POINT('Ctrl Pts',(3.22993581483105,199.869411632168,-110.264996627947));
#11118=CARTESIAN_POINT('Ctrl Pts',(3.10332141767981,201.233992307011,-112.220527802062));
#11119=CARTESIAN_POINT('Ctrl Pts',(2.97670702052856,200.338056879699,-114.430387972388));
#11120=CARTESIAN_POINT('Ctrl Pts',(2.85009262337731,197.996936624017,-114.883530571332));
#11121=CARTESIAN_POINT('Ctrl Pts',(2.72347822622606,196.341129205391,-113.167580650228));
#11122=CARTESIAN_POINT('Ctrl Pts',(2.59686382907482,196.87747475231,-110.844110023177));
#11123=CARTESIAN_POINT('Ctrl Pts',(2.47024943192357,199.117880876473,-110.02755463442));
#11124=CARTESIAN_POINT('Ctrl Pts',(2.34363503477232,201.023503104934,-111.461007191522));
#11125=CARTESIAN_POINT('Ctrl Pts',(2.21702063762108,200.860161496553,-113.839977940729));
#11126=CARTESIAN_POINT('Ctrl Pts',(2.09040624046983,198.776502376963,-114.999523964262));
#11127=CARTESIAN_POINT('Ctrl Pts',(1.96379184331858,196.668725208127,-113.884419612862));
#11128=CARTESIAN_POINT('Ctrl Pts',(1.83717744616734,196.454977683844,-111.509447128108));
#11129=CARTESIAN_POINT('Ctrl Pts',(1.71056304901609,198.32977719739,-110.035910874194));
#11130=CARTESIAN_POINT('Ctrl Pts',(1.58394865186484,200.586993510761,-110.8047781074));
#11131=CARTESIAN_POINT('Ctrl Pts',(1.45733425471359,201.172484312583,-113.116353939722));
#11132=CARTESIAN_POINT('Ctrl Pts',(1.33071985756235,199.553433398322,-114.867027080156));
#11133=CARTESIAN_POINT('Ctrl Pts',(1.2041054604111,197.203231230159,-114.463626440129));
#11134=CARTESIAN_POINT('Ctrl Pts',(1.07749106325985,196.260640356131,-112.27326008908));
#11135=CARTESIAN_POINT('Ctrl Pts',(0.950876666108607,197.583449985523,-110.289234637631));
#11136=CARTESIAN_POINT('Ctrl Pts',(0.82426226895736,199.967859129701,-110.317079579112));
#11137=CARTESIAN_POINT('Ctrl Pts',(0.697647871806113,201.243975748806,-112.331455085826));
#11138=CARTESIAN_POINT('Ctrl Pts',(0.571033474654866,200.250491054667,-114.499212099451));
#11139=CARTESIAN_POINT('Ctrl Pts',(0.444419077503619,197.891509334418,-114.847619262324));
#11140=CARTESIAN_POINT('Ctrl Pts',(0.317804680352372,196.313782822022,-113.059614407831));
#11141=CARTESIAN_POINT('Ctrl Pts',(0.191190283201125,196.953095392357,-110.762341732457));
#11142=CARTESIAN_POINT('Ctrl Pts',(0.0645758860498783,199.227651232092,
-110.046396176191));
#11143=CARTESIAN_POINT('Ctrl Pts',(-0.0620385111013689,201.067528481168,
-111.563312131655));
#11144=CARTESIAN_POINT('Ctrl Pts',(-0.188652908252616,200.798377329764,
-113.932645363876));
#11145=CARTESIAN_POINT('Ctrl Pts',(-0.315267305403863,198.665134324269,
-114.998223416913));
#11146=CARTESIAN_POINT('Ctrl Pts',(-0.441881702555109,196.609121921028,
-113.790334636715));
#11147=CARTESIAN_POINT('Ctrl Pts',(-0.568496099706357,196.501380146263,
-111.408198196966));
#11148=CARTESIAN_POINT('Ctrl Pts',(-0.695110496857604,198.439957617173,
-110.019637900511));
#11149=CARTESIAN_POINT('Ctrl Pts',(-0.82172489400885,200.660684022194,-110.888290041273));
#11150=CARTESIAN_POINT('Ctrl Pts',(-0.948339291160098,201.142624086553,
-113.223652129253));
#11151=CARTESIAN_POINT('Ctrl Pts',(-1.07495368831134,199.447196238838,-114.900466585537));
#11152=CARTESIAN_POINT('Ctrl Pts',(-1.20156808546259,197.117296504212,-114.392776193469));
#11153=CARTESIAN_POINT('Ctrl Pts',(-1.32818248261384,196.273211537412,-112.162596183601));
#11154=CARTESIAN_POINT('Ctrl Pts',(-1.45479687976509,197.683086878773,-110.239464927168));
#11155=CARTESIAN_POINT('Ctrl Pts',(-1.58141127691633,200.063888830867,-110.373496164172));
#11156=CARTESIAN_POINT('Ctrl Pts',(-1.70802567406758,201.249008019249,-112.442716987769));
#11157=CARTESIAN_POINT('Ctrl Pts',(-1.83464007121883,200.159946360015,-114.564067267747));
#11158=CARTESIAN_POINT('Ctrl Pts',(-1.96125446837007,197.78778637406,-114.807047325312));
#11159=CARTESIAN_POINT('Ctrl Pts',(-2.08786886552132,196.291272957584,-112.950537185044));
#11160=CARTESIAN_POINT('Ctrl Pts',(-2.21448326267256,197.032283353265,-110.684023142608));
#11161=CARTESIAN_POINT('Ctrl Pts',(-2.34109765982381,199.336473325968,-110.070108756239));
#11162=CARTESIAN_POINT('Ctrl Pts',(-2.46771205697506,201.106952965218,-111.667476637308));
#11163=CARTESIAN_POINT('Ctrl Pts',(-2.59432645412631,200.732526603496,-114.022468620088));
#11164=CARTESIAN_POINT('Ctrl Pts',(-2.72094085127755,198.553934754206,-114.9919632414));
#11165=CARTESIAN_POINT('Ctrl Pts',(-2.8475552484288,196.553768825292,-113.693688032088));
#11166=CARTESIAN_POINT('Ctrl Pts',(-2.97416964558005,196.552246710209,-111.309116734295));
#11167=CARTESIAN_POINT('Ctrl Pts',(-3.1007840427313,198.550753530119,-110.008289170779));
#11168=CARTESIAN_POINT('Ctrl Pts',(-3.22739843988254,200.730581376265,-110.975001459427));
#11169=CARTESIAN_POINT('Ctrl Pts',(-3.35401283703379,201.108013791025,-113.329514051837));
#11170=CARTESIAN_POINT('Ctrl Pts',(-3.48062723418503,199.339575158232,-114.92913977064));
#11171=CARTESIAN_POINT('Ctrl Pts',(-3.60724163133628,197.034602711238,-114.318169917471));
#11172=CARTESIAN_POINT('Ctrl Pts',(-3.73385602848753,196.290700632661,-112.052598718341));
#11173=CARTESIAN_POINT('Ctrl Pts',(-3.86047042563878,197.784840092609,-110.194190069477));
#11174=CARTESIAN_POINT('Ctrl Pts',(-3.98708482279002,200.157313845803,-110.434119526771));
#11175=CARTESIAN_POINT('Ctrl Pts',(-4.11369921994127,201.249071317105,-112.554123776061));
#11176=CARTESIAN_POINT('Ctrl Pts',(-4.24031361709252,200.066618880499,-114.62475946325));
#11177=CARTESIAN_POINT('Ctrl Pts',(-4.36692801424376,197.685939447938,-114.762031953725));
#11178=CARTESIAN_POINT('Ctrl Pts',(-4.49354241139501,196.27371568843,-112.840279114835));
#11179=CARTESIAN_POINT('Ctrl Pts',(-4.62015680854626,197.114729600352,-110.609907339228));
#11180=CARTESIAN_POINT('Ctrl Pts',(-4.74677120569751,199.444425671466,-110.097369075576));
#11181=CARTESIAN_POINT('Ctrl Pts',(-4.87338560284876,201.140880005738,-111.775805124978));
#11182=CARTESIAN_POINT('Ctrl Pts',(-4.95779520094958,200.821698002255,-113.325946198859));
#11183=CARTESIAN_POINT('Ctrl Pts',(-5.,200.369925694389,-113.862912229257));
#11184=CARTESIAN_POINT('Ctrl Pts',(4.2890562790225,196.635321693013,-112.49862049504));
#11185=CARTESIAN_POINT('Ctrl Pts',(4.27365451669535,196.633770605741,-112.241850949106));
#11186=CARTESIAN_POINT('Ctrl Pts',(4.25825275436819,196.677067253508,-111.985585746722));
#11187=CARTESIAN_POINT('Ctrl Pts',(4.24285099204103,196.76756676553,-111.747244621884));
#11188=CARTESIAN_POINT('Ctrl Pts',(4.20064619299061,197.015558757481,-111.094128500133));
#11189=CARTESIAN_POINT('Ctrl Pts',(4.1584413939402,197.617997656777,-110.575604504374));
#11190=CARTESIAN_POINT('Ctrl Pts',(4.11623659488978,198.300753255906,-110.427600643645));
#11191=CARTESIAN_POINT('Ctrl Pts',(4.07403179583936,198.983508855035,-110.279596782915));
#11192=CARTESIAN_POINT('Ctrl Pts',(4.03182699678895,199.746581153998,-110.502113057216));
#11193=CARTESIAN_POINT('Ctrl Pts',(3.98962219773853,200.242764484942,-110.993905176533));
#11194=CARTESIAN_POINT('Ctrl Pts',(3.94741739868812,200.738947815887,-111.48569729585));
#11195=CARTESIAN_POINT('Ctrl Pts',(3.9052125996377,200.968242178815,-112.246765260183));
#11196=CARTESIAN_POINT('Ctrl Pts',(3.86300780058729,200.826312425489,-112.93080835342));
#11197=CARTESIAN_POINT('Ctrl Pts',(3.82080300153687,200.684382672163,-113.614851446656));
#11198=CARTESIAN_POINT('Ctrl Pts',(3.77859820248645,200.171228802583,-114.221869668798));
#11199=CARTESIAN_POINT('Ctrl Pts',(3.73639340343604,199.520345542163,-114.475660569855));
#11200=CARTESIAN_POINT('Ctrl Pts',(3.69418860438562,198.869462281743,-114.729451470912));
#11201=CARTESIAN_POINT('Ctrl Pts',(3.65198380533521,198.080849630481,-114.630015050886));
#11202=CARTESIAN_POINT('Ctrl Pts',(3.60977900628479,197.513338984938,-114.222596071149));
#11203=CARTESIAN_POINT('Ctrl Pts',(3.56953809719736,196.972235963308,-113.834135268278));
#11204=CARTESIAN_POINT('Ctrl Pts',(3.52929718810993,196.632136883999,-113.16568736865));
#11205=CARTESIAN_POINT('Ctrl Pts',(3.4890562790225,196.6296681458,-112.499412317917));
#11206=CARTESIAN_POINT('Origin',(-0.5,198.75,-7.5));
#11207=CARTESIAN_POINT('Origin',(-0.5,198.75,-112.5));
#11208=CARTESIAN_POINT('Origin',(0.,112.5,-60.));
#11209=CARTESIAN_POINT('',(0.,-5.,5.));
#11210=CARTESIAN_POINT('',(0.,230.,5.));
#11211=CARTESIAN_POINT('',(0.,-5.,5.));
#11212=CARTESIAN_POINT('',(0.,-5.,-125.));
#11213=CARTESIAN_POINT('',(0.,-5.,-125.));
#11214=CARTESIAN_POINT('',(0.,230.,-125.));
#11215=CARTESIAN_POINT('',(0.,230.,-125.));
#11216=CARTESIAN_POINT('',(0.,230.,5.));
#11217=CARTESIAN_POINT('',(0.,225.,-120.));
#11218=CARTESIAN_POINT('',(0.,225.,2.46519032881566E-31));
#11219=CARTESIAN_POINT('',(0.,225.,-120.));
#11220=CARTESIAN_POINT('',(0.,0.,-120.));
#11221=CARTESIAN_POINT('',(0.,0.,-120.));
#11222=CARTESIAN_POINT('',(0.,0.,0.));
#11223=CARTESIAN_POINT('',(0.,0.,0.));
#11224=CARTESIAN_POINT('',(0.,225.,2.46519032881566E-31));
#11225=CARTESIAN_POINT('Origin',(0.,-5.,-125.));
#11226=CARTESIAN_POINT('',(0.,-5.,5.));
#11227=CARTESIAN_POINT('',(0.,-5.,-125.));
#11228=CARTESIAN_POINT('Origin',(0.,230.,-125.));
#11229=CARTESIAN_POINT('',(0.,230.,-125.));
#11230=CARTESIAN_POINT('Origin',(0.,230.,5.));
#11231=CARTESIAN_POINT('',(0.,230.,5.));
#11232=CARTESIAN_POINT('Origin',(0.,-5.,5.));
#11233=CARTESIAN_POINT('Origin',(0.,225.,-120.));
#11234=CARTESIAN_POINT('',(0.,225.,2.46519032881566E-31));
#11235=CARTESIAN_POINT('',(0.,225.,-120.));
#11236=CARTESIAN_POINT('Origin',(0.,0.,-120.));
#11237=CARTESIAN_POINT('',(0.,0.,-120.));
#11238=CARTESIAN_POINT('Origin',(0.,0.,0.));
#11239=CARTESIAN_POINT('',(0.,0.,0.));
#11240=CARTESIAN_POINT('Origin',(0.,225.,2.46519032881566E-31));
#11241=UNCERTAINTY_MEASURE_WITH_UNIT(LENGTH_MEASURE(0.01),#11245,
'DISTANCE_ACCURACY_VALUE',
'Maximum model space distance between geometric entities at asserted c
onnectivities');
#11242=UNCERTAINTY_MEASURE_WITH_UNIT(LENGTH_MEASURE(0.01),#11245,
'DISTANCE_ACCURACY_VALUE',
'Maximum model space distance between geometric entities at asserted c
onnectivities');
#11243=(
GEOMETRIC_REPRESENTATION_CONTEXT(3)
GLOBAL_UNCERTAINTY_ASSIGNED_CONTEXT((#11241))
GLOBAL_UNIT_ASSIGNED_CONTEXT((#11245,#11247,#11248))
REPRESENTATION_CONTEXT('','3D')
);
#11244=(
GEOMETRIC_REPRESENTATION_CONTEXT(3)
GLOBAL_UNCERTAINTY_ASSIGNED_CONTEXT((#11242))
GLOBAL_UNIT_ASSIGNED_CONTEXT((#11245,#11247,#11248))
REPRESENTATION_CONTEXT('','3D')
);
#11245=(
LENGTH_UNIT()
NAMED_UNIT(*)
SI_UNIT(.MILLI.,.METRE.)
);
#11246=(
LENGTH_UNIT()
NAMED_UNIT(*)
SI_UNIT($,.METRE.)
);
#11247=(
NAMED_UNIT(*)
PLANE_ANGLE_UNIT()
SI_UNIT($,.RADIAN.)
);
#11248=(
NAMED_UNIT(*)
SI_UNIT($,.STERADIAN.)
SOLID_ANGLE_UNIT()
);
#11249=SHAPE_DEFINITION_REPRESENTATION(#11250,#11251);
#11250=PRODUCT_DEFINITION_SHAPE('',$,#11253);
#11251=SHAPE_REPRESENTATION('',(#2655),#11243);
#11252=PRODUCT_DEFINITION_CONTEXT('part definition',#11257,'design');
#11253=PRODUCT_DEFINITION('backplate','backplate v9',#11254,#11252);
#11254=PRODUCT_DEFINITION_FORMATION('',$,#11259);
#11255=PRODUCT_RELATED_PRODUCT_CATEGORY('backplate v9','backplate v9',(#11259));
#11256=APPLICATION_PROTOCOL_DEFINITION('international standard',
'automotive_design',2009,#11257);
#11257=APPLICATION_CONTEXT(
'Core Data for Automotive Mechanical Design Process');
#11258=PRODUCT_CONTEXT('part definition',#11257,'mechanical');
#11259=PRODUCT('backplate','backplate v9',$,(#11258));
#11260=PRESENTATION_STYLE_ASSIGNMENT((#11261));
#11261=SURFACE_STYLE_USAGE(.BOTH.,#11262);
#11262=SURFACE_SIDE_STYLE('',(#11263));
#11263=SURFACE_STYLE_FILL_AREA(#11264);
#11264=FILL_AREA_STYLE('Steel - Satin',(#11265));
#11265=FILL_AREA_STYLE_COLOUR('Steel - Satin',#11266);
#11266=COLOUR_RGB('Steel - Satin',0.627450980392157,0.627450980392157,0.627450980392157);
ENDSEC;
END-ISO-10303-21;
