ISO-10303-21;
HEADER;
/* Generated by software containing ST-Developer
 * from STEP Tools, Inc. (www.steptools.com) 
 */

FILE_DESCRIPTION(
/* description */ (''),
/* implementation_level */ '2;1');

FILE_NAME(
/* name */ 'Motherboard Plate.step',
/* time_stamp */ '2026-03-14T12:32:48-07:00',
/* author */ (''),
/* organization */ (''),
/* preprocessor_version */ 'ST-DEVELOPER v20.1',
/* originating_system */ 'Autodesk Translation Framework v14.24.0.0',
/* authorisation */ '');

FILE_SCHEMA (('AUTOMOTIVE_DESIGN { 1 0 10303 214 3 1 1 }'));
ENDSEC;

DATA;
#10=MECHANICAL_DESIGN_GEOMETRIC_PRESENTATION_REPRESENTATION('',(#13),#2931);
#11=SHAPE_REPRESENTATION_RELATIONSHIP('SRR','None',#2938,#12);
#12=ADVANCED_BREP_SHAPE_REPRESENTATION('',(#14),#2930);
#13=STYLED_ITEM('',(#2947),#14);
#14=MANIFOLD_SOLID_BREP('Body1',#1315);
#15=B_SPLINE_SURFACE_WITH_KNOTS('',3,3,((#1928,#1929,#1930,#1931,#1932,
#1933),(#1934,#1935,#1936,#1937,#1938,#1939),(#1940,#1941,#1942,#1943,#1944,
#1945),(#1946,#1947,#1948,#1949,#1950,#1951)),.UNSPECIFIED.,.F.,.F.,.F.,
(4,4),(4,1,1,4),(-0.338666666666667,0.338666666666667),(2.8932280629856E-15,
0.673198425769243,1.12199737628207,1.5707963267949),.UNSPECIFIED.);
#16=B_SPLINE_SURFACE_WITH_KNOTS('',3,3,((#2018,#2019,#2020,#2021,#2022,
#2023),(#2024,#2025,#2026,#2027,#2028,#2029),(#2030,#2031,#2032,#2033,#2034,
#2035),(#2036,#2037,#2038,#2039,#2040,#2041)),.UNSPECIFIED.,.F.,.F.,.F.,
(4,4),(4,1,1,4),(-0.338666666666667,0.338666666666667),(1.5707963267949,
2.24399475256414,2.69279370307697,3.1415926535898),.UNSPECIFIED.);
#17=B_SPLINE_SURFACE_WITH_KNOTS('',3,3,((#2435,#2436,#2437,#2438,#2439,
#2440),(#2441,#2442,#2443,#2444,#2445,#2446),(#2447,#2448,#2449,#2450,#2451,
#2452),(#2453,#2454,#2455,#2456,#2457,#2458)),.UNSPECIFIED.,.F.,.F.,.F.,
(4,4),(4,1,1,4),(-0.338666666666667,0.338666666666667),(-3.14159265358979,
-2.46839422782055,-2.01959527730772,-1.5707963267949),.UNSPECIFIED.);
#18=B_SPLINE_SURFACE_WITH_KNOTS('',3,3,((#2531,#2532,#2533,#2534),(#2535,
#2536,#2537,#2538),(#2539,#2540,#2541,#2542),(#2543,#2544,#2545,#2546),
(#2547,#2548,#2549,#2550),(#2551,#2552,#2553,#2554),(#2555,#2556,#2557,
#2558),(#2559,#2560,#2561,#2562),(#2563,#2564,#2565,#2566),(#2567,#2568,
#2569,#2570)),.UNSPECIFIED.,.F.,.F.,.F.,(4,1,1,1,1,1,1,4),(4,4),(0.,0.142857142857143,
0.285714285714286,0.428571428571429,0.571428571428571,0.714285714285714,
0.857142857142857,1.),(-0.0508,0.0508000000000001),.UNSPECIFIED.);
#19=B_SPLINE_SURFACE_WITH_KNOTS('',3,3,((#2574,#2575,#2576,#2577),(#2578,
#2579,#2580,#2581),(#2582,#2583,#2584,#2585),(#2586,#2587,#2588,#2589),
(#2590,#2591,#2592,#2593),(#2594,#2595,#2596,#2597),(#2598,#2599,#2600,
#2601),(#2602,#2603,#2604,#2605),(#2606,#2607,#2608,#2609),(#2610,#2611,
#2612,#2613)),.UNSPECIFIED.,.F.,.F.,.F.,(4,1,1,1,1,1,1,4),(4,4),(0.,0.142857142857143,
0.285714285714286,0.428571428571429,0.571428571428571,0.714285714285714,
0.857142857142857,1.),(0.,0.1016),.UNSPECIFIED.);
#20=B_SPLINE_SURFACE_WITH_KNOTS('',3,3,((#2616,#2617,#2618,#2619),(#2620,
#2621,#2622,#2623),(#2624,#2625,#2626,#2627),(#2628,#2629,#2630,#2631),
(#2632,#2633,#2634,#2635),(#2636,#2637,#2638,#2639),(#2640,#2641,#2642,
#2643),(#2644,#2645,#2646,#2647),(#2648,#2649,#2650,#2651),(#2652,#2653,
#2654,#2655)),.UNSPECIFIED.,.F.,.F.,.F.,(4,1,1,1,1,1,1,4),(4,4),(0.,0.142857142857143,
0.285714285714286,0.428571428571429,0.571428571428571,0.714285714285714,
0.857142857142857,1.),(0.,0.1016),.UNSPECIFIED.);
#21=B_SPLINE_SURFACE_WITH_KNOTS('',3,3,((#2659,#2660,#2661,#2662),(#2663,
#2664,#2665,#2666),(#2667,#2668,#2669,#2670),(#2671,#2672,#2673,#2674),
(#2675,#2676,#2677,#2678),(#2679,#2680,#2681,#2682),(#2683,#2684,#2685,
#2686),(#2687,#2688,#2689,#2690),(#2691,#2692,#2693,#2694),(#2695,#2696,
#2697,#2698)),.UNSPECIFIED.,.F.,.F.,.F.,(4,1,1,1,1,1,1,4),(4,4),(0.,0.142857142857143,
0.285714285714286,0.428571428571429,0.571428571428571,0.714285714285714,
0.857142857142857,1.),(-0.0508,0.0508000000000001),.UNSPECIFIED.);
#22=B_SPLINE_SURFACE_WITH_KNOTS('',3,3,((#2701,#2702,#2703,#2704),(#2705,
#2706,#2707,#2708),(#2709,#2710,#2711,#2712),(#2713,#2714,#2715,#2716),
(#2717,#2718,#2719,#2720),(#2721,#2722,#2723,#2724),(#2725,#2726,#2727,
#2728),(#2729,#2730,#2731,#2732),(#2733,#2734,#2735,#2736),(#2737,#2738,
#2739,#2740)),.UNSPECIFIED.,.F.,.F.,.F.,(4,1,1,1,1,1,1,4),(4,4),(0.,0.142857142857143,
0.285714285714286,0.428571428571429,0.571428571428571,0.714285714285714,
0.857142857142857,1.),(-0.0508,0.0508000000000001),.UNSPECIFIED.);
#23=B_SPLINE_SURFACE_WITH_KNOTS('',3,3,((#2744,#2745,#2746,#2747),(#2748,
#2749,#2750,#2751),(#2752,#2753,#2754,#2755),(#2756,#2757,#2758,#2759),
(#2760,#2761,#2762,#2763),(#2764,#2765,#2766,#2767),(#2768,#2769,#2770,
#2771),(#2772,#2773,#2774,#2775),(#2776,#2777,#2778,#2779),(#2780,#2781,
#2782,#2783)),.UNSPECIFIED.,.F.,.F.,.F.,(4,1,1,1,1,1,1,4),(4,4),(0.,0.142857142857143,
0.285714285714286,0.428571428571429,0.571428571428571,0.714285714285714,
0.857142857142857,1.),(0.,0.1016),.UNSPECIFIED.);
#24=B_SPLINE_SURFACE_WITH_KNOTS('',3,3,((#2785,#2786,#2787,#2788),(#2789,
#2790,#2791,#2792),(#2793,#2794,#2795,#2796),(#2797,#2798,#2799,#2800),
(#2801,#2802,#2803,#2804),(#2805,#2806,#2807,#2808),(#2809,#2810,#2811,
#2812),(#2813,#2814,#2815,#2816),(#2817,#2818,#2819,#2820),(#2821,#2822,
#2823,#2824)),.UNSPECIFIED.,.F.,.F.,.F.,(4,1,1,1,1,1,1,4),(4,4),(0.,0.142857142857143,
0.285714285714286,0.428571428571429,0.571428571428571,0.714285714285714,
0.857142857142857,1.),(0.,0.1016),.UNSPECIFIED.);
#25=B_SPLINE_SURFACE_WITH_KNOTS('',3,3,((#2828,#2829,#2830,#2831),(#2832,
#2833,#2834,#2835),(#2836,#2837,#2838,#2839),(#2840,#2841,#2842,#2843),
(#2844,#2845,#2846,#2847),(#2848,#2849,#2850,#2851),(#2852,#2853,#2854,
#2855),(#2856,#2857,#2858,#2859),(#2860,#2861,#2862,#2863),(#2864,#2865,
#2866,#2867)),.UNSPECIFIED.,.F.,.F.,.F.,(4,1,1,1,1,1,1,4),(4,4),(0.,0.142857142857143,
0.285714285714286,0.428571428571429,0.571428571428571,0.714285714285714,
0.857142857142857,1.),(-0.0508,0.0508000000000001),.UNSPECIFIED.);
#26=B_SPLINE_SURFACE_WITH_KNOTS('',3,3,((#2886,#2887,#2888,#2889,#2890,
#2891),(#2892,#2893,#2894,#2895,#2896,#2897),(#2898,#2899,#2900,#2901,#2902,
#2903),(#2904,#2905,#2906,#2907,#2908,#2909)),.UNSPECIFIED.,.F.,.F.,.F.,
(4,4),(4,1,1,4),(-0.338666666666667,0.338666666666667),(-1.5707963267949,
-0.897597901025645,-0.448798950512811,2.368475785867E-14),.UNSPECIFIED.);
#27=FACE_BOUND('',#207,.T.);
#28=FACE_BOUND('',#212,.T.);
#29=FACE_BOUND('',#215,.T.);
#30=FACE_BOUND('',#216,.T.);
#31=FACE_BOUND('',#217,.T.);
#32=FACE_BOUND('',#218,.T.);
#33=FACE_BOUND('',#219,.T.);
#34=FACE_BOUND('',#224,.T.);
#35=FACE_BOUND('',#225,.T.);
#36=FACE_BOUND('',#226,.T.);
#37=FACE_BOUND('',#227,.T.);
#38=FACE_BOUND('',#228,.T.);
#39=FACE_BOUND('',#232,.T.);
#40=FACE_BOUND('',#240,.T.);
#41=FACE_BOUND('',#243,.T.);
#42=FACE_BOUND('',#247,.T.);
#43=FACE_BOUND('',#250,.T.);
#44=FACE_BOUND('',#258,.T.);
#45=B_SPLINE_CURVE_WITH_KNOTS('',3,(#1775,#1776,#1777,#1778,#1779,#1780),
 .UNSPECIFIED.,.F.,.F.,(4,1,1,4),(2.8932280629856E-15,0.673198425769243,
1.12199737628207,1.5707963267949),.UNSPECIFIED.);
#46=B_SPLINE_CURVE_WITH_KNOTS('',3,(#1793,#1794,#1795,#1796,#1797,#1798,
#1799,#1800,#1801,#1802,#1803,#1804,#1805,#1806,#1807,#1808,#1809,#1810,
#1811,#1812,#1813,#1814),.UNSPECIFIED.,.F.,.F.,(4,3,3,3,3,3,3,4),(0.,0.0971383117258653,
0.194276623451731,0.291414935177596,0.388553246903461,0.485691558629326,
0.582829870355192,0.679968182081057),.UNSPECIFIED.);
#47=B_SPLINE_CURVE_WITH_KNOTS('',3,(#1817,#1818,#1819,#1820,#1821,#1822,
#1823,#1824,#1825,#1826,#1827,#1828,#1829,#1830,#1831,#1832,#1833,#1834,
#1835,#1836,#1837,#1838),.UNSPECIFIED.,.F.,.F.,(4,3,3,3,3,3,3,4),(0.,0.0971383117259082,
0.194276623451816,0.291414935177725,0.388553246903633,0.485691558629541,
0.582829870355449,0.679968182081357),.UNSPECIFIED.);
#48=B_SPLINE_CURVE_WITH_KNOTS('',3,(#1858,#1859,#1860,#1861,#1862,#1863,
#1864,#1865,#1866,#1867),.UNSPECIFIED.,.F.,.F.,(4,3,3,4),(3.14159265358979,
3.59039160410262,4.03919055461545,4.71238898038469),.UNSPECIFIED.);
#49=B_SPLINE_CURVE_WITH_KNOTS('',3,(#1880,#1881,#1882,#1883,#1884,#1885,
#1886,#1887,#1888,#1889,#1890,#1891,#1892,#1893,#1894,#1895,#1896,#1897,
#1898,#1899,#1900,#1901),.UNSPECIFIED.,.F.,.F.,(4,3,3,3,3,3,3,4),(0.,0.0971383117259366,
0.194276623451873,0.29141493517781,0.388553246903746,0.485691558629683,
0.582829870355619,0.679968182081556),.UNSPECIFIED.);
#50=B_SPLINE_CURVE_WITH_KNOTS('',3,(#1904,#1905,#1906,#1907,#1908,#1909,
#1910,#1911,#1912,#1913,#1914,#1915,#1916,#1917,#1918,#1919,#1920,#1921,
#1922,#1923,#1924,#1925),.UNSPECIFIED.,.F.,.F.,(4,3,3,3,3,3,3,4),(0.,0.0971383117259322,
0.194276623451864,0.291414935177796,0.388553246903729,0.485691558629661,
0.582829870355593,0.679968182081525),.UNSPECIFIED.);
#51=B_SPLINE_CURVE_WITH_KNOTS('',3,(#1955,#1956,#1957,#1958,#1959,#1960,
#1961,#1962,#1963,#1964),.UNSPECIFIED.,.F.,.F.,(4,3,3,4),(-1.5707963267949,
-1.12199737628207,-0.673198425769243,-2.89322806298561E-15),
 .UNSPECIFIED.);
#52=B_SPLINE_CURVE_WITH_KNOTS('',3,(#2044,#2045,#2046,#2047,#2048,#2049),
 .UNSPECIFIED.,.F.,.F.,(4,1,1,4),(1.5707963267949,2.24399475256414,2.69279370307697,
3.1415926535898),.UNSPECIFIED.);
#53=B_SPLINE_CURVE_WITH_KNOTS('',3,(#2103,#2104,#2105,#2106,#2107,#2108,
#2109,#2110,#2111,#2112,#2113,#2114,#2115,#2116,#2117,#2118,#2119,#2120,
#2121,#2122,#2123,#2124),.UNSPECIFIED.,.F.,.F.,(4,3,3,3,3,3,3,4),(0.,0.0971383117260771,
0.194276623452154,0.291414935178231,0.388553246904308,0.485691558630385,
0.582829870356462,0.679968182082539),.UNSPECIFIED.);
#54=B_SPLINE_CURVE_WITH_KNOTS('',3,(#2128,#2129,#2130,#2131,#2132,#2133,
#2134,#2135,#2136,#2137,#2138,#2139,#2140,#2141,#2142,#2143,#2144,#2145,
#2146,#2147,#2148,#2149),.UNSPECIFIED.,.F.,.F.,(4,3,3,3,3,3,3,4),(0.,0.0971383117259602,
0.19427662345192,0.291414935177881,0.388553246903841,0.485691558629801,
0.582829870355761,0.679968182081722),.UNSPECIFIED.);
#55=B_SPLINE_CURVE_WITH_KNOTS('',3,(#2163,#2164,#2165,#2166,#2167,#2168),
 .UNSPECIFIED.,.F.,.F.,(4,1,1,4),(-1.5707963267949,-0.897597901025645,-0.448798950512811,
2.368475785867E-14),.UNSPECIFIED.);
#56=B_SPLINE_CURVE_WITH_KNOTS('',3,(#2188,#2189,#2190,#2191,#2192,#2193,
#2194,#2195,#2196,#2197),.UNSPECIFIED.,.F.,.F.,(4,3,3,4),(3.14159265358977,
3.81479107935902,4.26359002987185,4.71238898038469),.UNSPECIFIED.);
#57=B_SPLINE_CURVE_WITH_KNOTS('',3,(#2209,#2210,#2211,#2212,#2213,#2214,
#2215,#2216,#2217,#2218,#2219,#2220,#2221,#2222,#2223,#2224,#2225,#2226,
#2227,#2228,#2229,#2230),.UNSPECIFIED.,.F.,.F.,(4,3,3,3,3,3,3,4),(0.,0.0971383117260395,
0.194276623452079,0.291414935178118,0.388553246904158,0.485691558630197,
0.582829870356237,0.679968182082276),.UNSPECIFIED.);
#58=B_SPLINE_CURVE_WITH_KNOTS('',3,(#2233,#2234,#2235,#2236,#2237,#2238,
#2239,#2240,#2241,#2242,#2243,#2244,#2245,#2246,#2247,#2248,#2249,#2250,
#2251,#2252,#2253,#2254),.UNSPECIFIED.,.F.,.F.,(4,3,3,3,3,3,3,4),(0.,0.0971383117258653,
0.194276623451731,0.291414935177596,0.388553246903461,0.485691558629326,
0.582829870355192,0.679968182081057),.UNSPECIFIED.);
#59=B_SPLINE_CURVE_WITH_KNOTS('',3,(#2263,#2264,#2265,#2266,#2267,#2268,
#2269,#2270,#2271,#2272,#2273,#2274,#2275,#2276,#2277,#2278,#2279,#2280,
#2281,#2282,#2283,#2284),.UNSPECIFIED.,.F.,.F.,(4,3,3,3,3,3,3,4),(0.,0.0971383117260118,
0.194276623452024,0.291414935178035,0.388553246904047,0.485691558630059,
0.58282987035607,0.679968182082082),.UNSPECIFIED.);
#60=B_SPLINE_CURVE_WITH_KNOTS('',3,(#2288,#2289,#2290,#2291,#2292,#2293,
#2294,#2295,#2296,#2297,#2298,#2299,#2300,#2301,#2302,#2303,#2304,#2305,
#2306,#2307,#2308,#2309),.UNSPECIFIED.,.F.,.F.,(4,3,3,3,3,3,3,4),(0.,0.097138311725855,
0.19427662345171,0.291414935177565,0.38855324690342,0.485691558629275,0.58282987035513,
0.679968182080985),.UNSPECIFIED.);
#61=B_SPLINE_CURVE_WITH_KNOTS('',3,(#2318,#2319,#2320,#2321,#2322,#2323,
#2324,#2325,#2326,#2327),.UNSPECIFIED.,.F.,.F.,(4,3,3,4),(-2.36847578586699E-14,
0.448798950512811,0.897597901025645,1.5707963267949),.UNSPECIFIED.);
#62=B_SPLINE_CURVE_WITH_KNOTS('',3,(#2331,#2332,#2333,#2334,#2335,#2336,
#2337,#2338,#2339,#2340,#2341,#2342,#2343,#2344,#2345,#2346,#2347,#2348,
#2349,#2350,#2351,#2352),.UNSPECIFIED.,.F.,.F.,(4,3,3,3,3,3,3,4),(0.,0.097138311725855,
0.19427662345171,0.291414935177565,0.38855324690342,0.485691558629275,0.58282987035513,
0.679968182080985),.UNSPECIFIED.);
#63=B_SPLINE_CURVE_WITH_KNOTS('',3,(#2356,#2357,#2358,#2359,#2360,#2361,
#2362,#2363,#2364,#2365,#2366,#2367,#2368,#2369,#2370,#2371,#2372,#2373,
#2374,#2375,#2376,#2377),.UNSPECIFIED.,.F.,.F.,(4,3,3,3,3,3,3,4),(0.,0.0971383117257713,
0.194276623451543,0.291414935177314,0.388553246903085,0.485691558628856,
0.582829870354628,0.679968182080399),.UNSPECIFIED.);
#64=B_SPLINE_CURVE_WITH_KNOTS('',3,(#2385,#2386,#2387,#2388,#2389,#2390,
#2391,#2392,#2393,#2394,#2395,#2396,#2397,#2398,#2399,#2400,#2401,#2402,
#2403,#2404,#2405,#2406),.UNSPECIFIED.,.F.,.F.,(4,3,3,3,3,3,3,4),(0.,0.0971383117259519,
0.194276623451904,0.291414935177856,0.388553246903807,0.485691558629759,
0.582829870355711,0.679968182081663),.UNSPECIFIED.);
#65=B_SPLINE_CURVE_WITH_KNOTS('',3,(#2410,#2411,#2412,#2413,#2414,#2415,
#2416,#2417,#2418,#2419,#2420,#2421,#2422,#2423,#2424,#2425,#2426,#2427,
#2428,#2429,#2430,#2431),.UNSPECIFIED.,.F.,.F.,(4,3,3,3,3,3,3,4),(0.,0.0971383117259479,
0.194276623451896,0.291414935177844,0.388553246903792,0.485691558629739,
0.582829870355687,0.679968182081635),.UNSPECIFIED.);
#66=B_SPLINE_CURVE_WITH_KNOTS('',3,(#2461,#2462,#2463,#2464,#2465,#2466,
#2467,#2468,#2469,#2470),.UNSPECIFIED.,.F.,.F.,(4,3,3,4),(1.5707963267949,
2.01959527730773,2.46839422782056,3.14159265358982),.UNSPECIFIED.);
#67=B_SPLINE_CURVE_WITH_KNOTS('',3,(#2483,#2484,#2485,#2486,#2487,#2488,
#2489,#2490,#2491,#2492,#2493,#2494,#2495,#2496,#2497,#2498,#2499,#2500,
#2501,#2502,#2503,#2504),.UNSPECIFIED.,.F.,.F.,(4,3,3,3,3,3,3,4),(0.,0.0971383117256845,
0.194276623451369,0.291414935177053,0.388553246902738,0.485691558628422,
0.582829870354107,0.679968182079791),.UNSPECIFIED.);
#68=B_SPLINE_CURVE_WITH_KNOTS('',3,(#2507,#2508,#2509,#2510,#2511,#2512,
#2513,#2514,#2515,#2516,#2517,#2518,#2519,#2520,#2521,#2522,#2523,#2524,
#2525,#2526,#2527,#2528),.UNSPECIFIED.,.F.,.F.,(4,3,3,3,3,3,3,4),(0.,0.0971383117258557,
0.194276623451711,0.291414935177567,0.388553246903423,0.485691558629278,
0.582829870355134,0.67996818208099),.UNSPECIFIED.);
#69=CIRCLE('',#1331,2.032);
#70=CIRCLE('',#1332,2.032);
#71=CIRCLE('',#1334,1.016);
#72=CIRCLE('',#1336,2.25);
#73=CIRCLE('',#1339,1.016);
#74=CIRCLE('',#1340,1.016);
#75=CIRCLE('',#1342,2.032);
#76=CIRCLE('',#1344,2.25);
#77=CIRCLE('',#1346,1.5);
#78=CIRCLE('',#1347,1.5);
#79=CIRCLE('',#1348,1.5);
#80=CIRCLE('',#1349,1.5);
#81=CIRCLE('',#1350,1.7);
#82=CIRCLE('',#1351,1.7);
#83=CIRCLE('',#1352,1.7);
#84=CIRCLE('',#1353,1.7);
#85=CIRCLE('',#1356,1.016);
#86=CIRCLE('',#1358,1.5);
#87=CIRCLE('',#1359,1.5);
#88=CIRCLE('',#1360,1.5);
#89=CIRCLE('',#1361,1.5);
#90=CIRCLE('',#1362,1.7);
#91=CIRCLE('',#1363,1.7);
#92=CIRCLE('',#1364,1.7);
#93=CIRCLE('',#1365,1.7);
#94=CIRCLE('',#1368,2.032);
#95=CIRCLE('',#1370,2.25);
#96=CIRCLE('',#1372,2.03199999999999);
#97=CIRCLE('',#1373,1.01600000000001);
#98=CIRCLE('',#1375,2.03199999999999);
#99=CIRCLE('',#1379,2.032);
#100=CIRCLE('',#1380,2.03199999999999);
#101=CIRCLE('',#1382,1.01600000000001);
#102=CIRCLE('',#1384,2.25);
#103=CIRCLE('',#1387,2.25);
#104=CIRCLE('',#1390,1.01600000000001);
#105=CIRCLE('',#1392,2.25);
#106=CIRCLE('',#1395,2.25);
#107=CIRCLE('',#1402,2.25);
#108=CIRCLE('',#1405,1.01599999999999);
#109=CYLINDRICAL_SURFACE('',#1330,2.032);
#110=CYLINDRICAL_SURFACE('',#1338,1.016);
#111=CYLINDRICAL_SURFACE('',#1355,1.016);
#112=CYLINDRICAL_SURFACE('',#1367,2.032);
#113=CYLINDRICAL_SURFACE('',#1374,2.032);
#114=CYLINDRICAL_SURFACE('',#1378,2.032);
#115=CYLINDRICAL_SURFACE('',#1388,1.5);
#116=CYLINDRICAL_SURFACE('',#1389,1.016);
#117=CYLINDRICAL_SURFACE('',#1415,1.7);
#118=CYLINDRICAL_SURFACE('',#1416,1.7);
#119=CYLINDRICAL_SURFACE('',#1417,1.7);
#120=CYLINDRICAL_SURFACE('',#1418,1.7);
#121=CYLINDRICAL_SURFACE('',#1419,1.5);
#122=CYLINDRICAL_SURFACE('',#1420,1.5);
#123=CYLINDRICAL_SURFACE('',#1421,1.5);
#124=CYLINDRICAL_SURFACE('',#1423,2.25);
#125=CYLINDRICAL_SURFACE('',#1424,2.25);
#126=CYLINDRICAL_SURFACE('',#1425,2.25);
#127=CYLINDRICAL_SURFACE('',#1426,2.25);
#128=CYLINDRICAL_SURFACE('',#1430,1.016);
#129=FACE_OUTER_BOUND('',#203,.T.);
#130=FACE_OUTER_BOUND('',#204,.T.);
#131=FACE_OUTER_BOUND('',#205,.T.);
#132=FACE_OUTER_BOUND('',#206,.T.);
#133=FACE_OUTER_BOUND('',#208,.T.);
#134=FACE_OUTER_BOUND('',#209,.T.);
#135=FACE_OUTER_BOUND('',#210,.T.);
#136=FACE_OUTER_BOUND('',#211,.T.);
#137=FACE_OUTER_BOUND('',#213,.T.);
#138=FACE_OUTER_BOUND('',#214,.T.);
#139=FACE_OUTER_BOUND('',#220,.T.);
#140=FACE_OUTER_BOUND('',#221,.T.);
#141=FACE_OUTER_BOUND('',#222,.T.);
#142=FACE_OUTER_BOUND('',#223,.T.);
#143=FACE_OUTER_BOUND('',#229,.T.);
#144=FACE_OUTER_BOUND('',#230,.T.);
#145=FACE_OUTER_BOUND('',#231,.T.);
#146=FACE_OUTER_BOUND('',#233,.T.);
#147=FACE_OUTER_BOUND('',#234,.T.);
#148=FACE_OUTER_BOUND('',#235,.T.);
#149=FACE_OUTER_BOUND('',#236,.T.);
#150=FACE_OUTER_BOUND('',#237,.T.);
#151=FACE_OUTER_BOUND('',#238,.T.);
#152=FACE_OUTER_BOUND('',#239,.T.);
#153=FACE_OUTER_BOUND('',#241,.T.);
#154=FACE_OUTER_BOUND('',#242,.T.);
#155=FACE_OUTER_BOUND('',#244,.T.);
#156=FACE_OUTER_BOUND('',#245,.T.);
#157=FACE_OUTER_BOUND('',#246,.T.);
#158=FACE_OUTER_BOUND('',#248,.T.);
#159=FACE_OUTER_BOUND('',#249,.T.);
#160=FACE_OUTER_BOUND('',#251,.T.);
#161=FACE_OUTER_BOUND('',#252,.T.);
#162=FACE_OUTER_BOUND('',#253,.T.);
#163=FACE_OUTER_BOUND('',#254,.T.);
#164=FACE_OUTER_BOUND('',#255,.T.);
#165=FACE_OUTER_BOUND('',#256,.T.);
#166=FACE_OUTER_BOUND('',#257,.T.);
#167=FACE_OUTER_BOUND('',#259,.T.);
#168=FACE_OUTER_BOUND('',#260,.T.);
#169=FACE_OUTER_BOUND('',#261,.T.);
#170=FACE_OUTER_BOUND('',#262,.T.);
#171=FACE_OUTER_BOUND('',#263,.T.);
#172=FACE_OUTER_BOUND('',#264,.T.);
#173=FACE_OUTER_BOUND('',#265,.T.);
#174=FACE_OUTER_BOUND('',#266,.T.);
#175=FACE_OUTER_BOUND('',#267,.T.);
#176=FACE_OUTER_BOUND('',#268,.T.);
#177=FACE_OUTER_BOUND('',#269,.T.);
#178=FACE_OUTER_BOUND('',#270,.T.);
#179=FACE_OUTER_BOUND('',#271,.T.);
#180=FACE_OUTER_BOUND('',#272,.T.);
#181=FACE_OUTER_BOUND('',#273,.T.);
#182=FACE_OUTER_BOUND('',#274,.T.);
#183=FACE_OUTER_BOUND('',#275,.T.);
#184=FACE_OUTER_BOUND('',#276,.T.);
#185=FACE_OUTER_BOUND('',#277,.T.);
#186=FACE_OUTER_BOUND('',#278,.T.);
#187=FACE_OUTER_BOUND('',#279,.T.);
#188=FACE_OUTER_BOUND('',#280,.T.);
#189=FACE_OUTER_BOUND('',#281,.T.);
#190=FACE_OUTER_BOUND('',#282,.T.);
#191=FACE_OUTER_BOUND('',#283,.T.);
#192=FACE_OUTER_BOUND('',#284,.T.);
#193=FACE_OUTER_BOUND('',#285,.T.);
#194=FACE_OUTER_BOUND('',#286,.T.);
#195=FACE_OUTER_BOUND('',#287,.T.);
#196=FACE_OUTER_BOUND('',#288,.T.);
#197=FACE_OUTER_BOUND('',#289,.T.);
#198=FACE_OUTER_BOUND('',#290,.T.);
#199=FACE_OUTER_BOUND('',#291,.T.);
#200=FACE_OUTER_BOUND('',#292,.T.);
#201=FACE_OUTER_BOUND('',#293,.T.);
#202=FACE_OUTER_BOUND('',#294,.T.);
#203=EDGE_LOOP('',(#831,#832,#833,#834));
#204=EDGE_LOOP('',(#835,#836,#837,#838,#839));
#205=EDGE_LOOP('',(#840,#841,#842,#843));
#206=EDGE_LOOP('',(#844,#845,#846,#847,#848,#849));
#207=EDGE_LOOP('',(#850));
#208=EDGE_LOOP('',(#851,#852,#853,#854));
#209=EDGE_LOOP('',(#855,#856,#857,#858,#859));
#210=EDGE_LOOP('',(#860,#861,#862,#863));
#211=EDGE_LOOP('',(#864,#865,#866,#867,#868,#869));
#212=EDGE_LOOP('',(#870));
#213=EDGE_LOOP('',(#871,#872,#873,#874));
#214=EDGE_LOOP('',(#875,#876,#877,#878,#879,#880,#881,#882,#883,#884,#885,
#886,#887,#888,#889,#890));
#215=EDGE_LOOP('',(#891));
#216=EDGE_LOOP('',(#892));
#217=EDGE_LOOP('',(#893));
#218=EDGE_LOOP('',(#894));
#219=EDGE_LOOP('',(#895,#896,#897,#898));
#220=EDGE_LOOP('',(#899,#900,#901,#902));
#221=EDGE_LOOP('',(#903,#904,#905,#906,#907));
#222=EDGE_LOOP('',(#908,#909,#910,#911));
#223=EDGE_LOOP('',(#912,#913,#914,#915,#916,#917,#918,#919,#920,#921,#922,
#923,#924,#925,#926,#927));
#224=EDGE_LOOP('',(#928,#929,#930,#931));
#225=EDGE_LOOP('',(#932));
#226=EDGE_LOOP('',(#933));
#227=EDGE_LOOP('',(#934));
#228=EDGE_LOOP('',(#935));
#229=EDGE_LOOP('',(#936,#937,#938,#939));
#230=EDGE_LOOP('',(#940,#941,#942,#943,#944));
#231=EDGE_LOOP('',(#945,#946,#947,#948,#949,#950));
#232=EDGE_LOOP('',(#951));
#233=EDGE_LOOP('',(#952,#953,#954,#955));
#234=EDGE_LOOP('',(#956,#957,#958,#959,#960));
#235=EDGE_LOOP('',(#961,#962,#963,#964));
#236=EDGE_LOOP('',(#965,#966,#967,#968));
#237=EDGE_LOOP('',(#969,#970,#971,#972,#973));
#238=EDGE_LOOP('',(#974,#975,#976,#977));
#239=EDGE_LOOP('',(#978,#979,#980,#981,#982,#983));
#240=EDGE_LOOP('',(#984));
#241=EDGE_LOOP('',(#985,#986,#987,#988));
#242=EDGE_LOOP('',(#989,#990,#991,#992,#993,#994));
#243=EDGE_LOOP('',(#995));
#244=EDGE_LOOP('',(#996,#997,#998,#999));
#245=EDGE_LOOP('',(#1000,#1001,#1002,#1003,#1004));
#246=EDGE_LOOP('',(#1005,#1006,#1007,#1008,#1009,#1010));
#247=EDGE_LOOP('',(#1011));
#248=EDGE_LOOP('',(#1012,#1013,#1014,#1015));
#249=EDGE_LOOP('',(#1016,#1017,#1018,#1019,#1020,#1021));
#250=EDGE_LOOP('',(#1022));
#251=EDGE_LOOP('',(#1023,#1024,#1025,#1026));
#252=EDGE_LOOP('',(#1027,#1028,#1029,#1030));
#253=EDGE_LOOP('',(#1031,#1032,#1033,#1034));
#254=EDGE_LOOP('',(#1035,#1036,#1037,#1038));
#255=EDGE_LOOP('',(#1039,#1040,#1041,#1042));
#256=EDGE_LOOP('',(#1043,#1044,#1045,#1046));
#257=EDGE_LOOP('',(#1047,#1048,#1049,#1050,#1051,#1052));
#258=EDGE_LOOP('',(#1053));
#259=EDGE_LOOP('',(#1054,#1055,#1056,#1057));
#260=EDGE_LOOP('',(#1058,#1059,#1060,#1061));
#261=EDGE_LOOP('',(#1062,#1063,#1064,#1065));
#262=EDGE_LOOP('',(#1066,#1067,#1068,#1069));
#263=EDGE_LOOP('',(#1070,#1071,#1072,#1073));
#264=EDGE_LOOP('',(#1074,#1075,#1076,#1077));
#265=EDGE_LOOP('',(#1078,#1079,#1080,#1081));
#266=EDGE_LOOP('',(#1082,#1083,#1084,#1085));
#267=EDGE_LOOP('',(#1086,#1087,#1088,#1089));
#268=EDGE_LOOP('',(#1090,#1091,#1092,#1093));
#269=EDGE_LOOP('',(#1094,#1095,#1096,#1097));
#270=EDGE_LOOP('',(#1098,#1099,#1100,#1101));
#271=EDGE_LOOP('',(#1102,#1103,#1104,#1105));
#272=EDGE_LOOP('',(#1106,#1107,#1108,#1109));
#273=EDGE_LOOP('',(#1110,#1111,#1112,#1113));
#274=EDGE_LOOP('',(#1114,#1115,#1116,#1117));
#275=EDGE_LOOP('',(#1118,#1119,#1120,#1121));
#276=EDGE_LOOP('',(#1122,#1123,#1124,#1125));
#277=EDGE_LOOP('',(#1126,#1127,#1128,#1129));
#278=EDGE_LOOP('',(#1130,#1131,#1132,#1133));
#279=EDGE_LOOP('',(#1134,#1135,#1136,#1137));
#280=EDGE_LOOP('',(#1138,#1139,#1140,#1141));
#281=EDGE_LOOP('',(#1142,#1143,#1144,#1145));
#282=EDGE_LOOP('',(#1146,#1147,#1148,#1149));
#283=EDGE_LOOP('',(#1150,#1151,#1152,#1153));
#284=EDGE_LOOP('',(#1154,#1155,#1156,#1157));
#285=EDGE_LOOP('',(#1158,#1159,#1160,#1161));
#286=EDGE_LOOP('',(#1162,#1163,#1164,#1165));
#287=EDGE_LOOP('',(#1166,#1167,#1168,#1169));
#288=EDGE_LOOP('',(#1170,#1171,#1172,#1173));
#289=EDGE_LOOP('',(#1174,#1175,#1176,#1177));
#290=EDGE_LOOP('',(#1178,#1179,#1180,#1181));
#291=EDGE_LOOP('',(#1182,#1183,#1184,#1185));
#292=EDGE_LOOP('',(#1186,#1187,#1188,#1189));
#293=EDGE_LOOP('',(#1190,#1191,#1192,#1193));
#294=EDGE_LOOP('',(#1194,#1195,#1196,#1197,#1198));
#295=LINE('',#1761,#415);
#296=LINE('',#1763,#416);
#297=LINE('',#1765,#417);
#298=LINE('',#1766,#418);
#299=LINE('',#1769,#419);
#300=LINE('',#1773,#420);
#301=LINE('',#1784,#421);
#302=LINE('',#1787,#422);
#303=LINE('',#1789,#423);
#304=LINE('',#1791,#424);
#305=LINE('',#1816,#425);
#306=LINE('',#1844,#426);
#307=LINE('',#1846,#427);
#308=LINE('',#1848,#428);
#309=LINE('',#1849,#429);
#310=LINE('',#1852,#430);
#311=LINE('',#1856,#431);
#312=LINE('',#1871,#432);
#313=LINE('',#1874,#433);
#314=LINE('',#1876,#434);
#315=LINE('',#1878,#435);
#316=LINE('',#1903,#436);
#317=LINE('',#1953,#437);
#318=LINE('',#1965,#438);
#319=LINE('',#1968,#439);
#320=LINE('',#1970,#440);
#321=LINE('',#1974,#441);
#322=LINE('',#1978,#442);
#323=LINE('',#1980,#443);
#324=LINE('',#1982,#444);
#325=LINE('',#1984,#445);
#326=LINE('',#1986,#446);
#327=LINE('',#1987,#447);
#328=LINE('',#1989,#448);
#329=LINE('',#1993,#449);
#330=LINE('',#2005,#450);
#331=LINE('',#2007,#451);
#332=LINE('',#2009,#452);
#333=LINE('',#2010,#453);
#334=LINE('',#2013,#454);
#335=LINE('',#2014,#455);
#336=LINE('',#2017,#456);
#337=LINE('',#2042,#457);
#338=LINE('',#2050,#458);
#339=LINE('',#2055,#459);
#340=LINE('',#2058,#460);
#341=LINE('',#2060,#461);
#342=LINE('',#2062,#462);
#343=LINE('',#2064,#463);
#344=LINE('',#2066,#464);
#345=LINE('',#2068,#465);
#346=LINE('',#2072,#466);
#347=LINE('',#2075,#467);
#348=LINE('',#2078,#468);
#349=LINE('',#2080,#469);
#350=LINE('',#2082,#470);
#351=LINE('',#2083,#471);
#352=LINE('',#2093,#472);
#353=LINE('',#2099,#473);
#354=LINE('',#2101,#474);
#355=LINE('',#2126,#475);
#356=LINE('',#2150,#476);
#357=LINE('',#2155,#477);
#358=LINE('',#2160,#478);
#359=LINE('',#2170,#479);
#360=LINE('',#2172,#480);
#361=LINE('',#2173,#481);
#362=LINE('',#2177,#482);
#363=LINE('',#2179,#483);
#364=LINE('',#2181,#484);
#365=LINE('',#2182,#485);
#366=LINE('',#2185,#486);
#367=LINE('',#2201,#487);
#368=LINE('',#2203,#488);
#369=LINE('',#2205,#489);
#370=LINE('',#2207,#490);
#371=LINE('',#2232,#491);
#372=LINE('',#2259,#492);
#373=LINE('',#2260,#493);
#374=LINE('',#2286,#494);
#375=LINE('',#2310,#495);
#376=LINE('',#2314,#496);
#377=LINE('',#2315,#497);
#378=LINE('',#2354,#498);
#379=LINE('',#2378,#499);
#380=LINE('',#2382,#500);
#381=LINE('',#2408,#501);
#382=LINE('',#2432,#502);
#383=LINE('',#2459,#503);
#384=LINE('',#2471,#504);
#385=LINE('',#2473,#505);
#386=LINE('',#2475,#506);
#387=LINE('',#2478,#507);
#388=LINE('',#2480,#508);
#389=LINE('',#2506,#509);
#390=LINE('',#2571,#510);
#391=LINE('',#2573,#511);
#392=LINE('',#2656,#512);
#393=LINE('',#2658,#513);
#394=LINE('',#2700,#514);
#395=LINE('',#2741,#515);
#396=LINE('',#2743,#516);
#397=LINE('',#2825,#517);
#398=LINE('',#2827,#518);
#399=LINE('',#2869,#519);
#400=LINE('',#2870,#520);
#401=LINE('',#2872,#521);
#402=LINE('',#2874,#522);
#403=LINE('',#2877,#523);
#404=LINE('',#2879,#524);
#405=LINE('',#2881,#525);
#406=LINE('',#2883,#526);
#407=LINE('',#2885,#527);
#408=LINE('',#2910,#528);
#409=LINE('',#2912,#529);
#410=LINE('',#2914,#530);
#411=LINE('',#2917,#531);
#412=LINE('',#2919,#532);
#413=LINE('',#2921,#533);
#414=LINE('',#2923,#534);
#415=VECTOR('',#1435,10.);
#416=VECTOR('',#1436,10.);
#417=VECTOR('',#1437,10.);
#418=VECTOR('',#1438,10.);
#419=VECTOR('',#1441,10.);
#420=VECTOR('',#1444,10.);
#421=VECTOR('',#1449,10.);
#422=VECTOR('',#1452,10.);
#423=VECTOR('',#1455,10.);
#424=VECTOR('',#1456,10.);
#425=VECTOR('',#1457,10.);
#426=VECTOR('',#1462,10.);
#427=VECTOR('',#1463,10.);
#428=VECTOR('',#1464,10.);
#429=VECTOR('',#1465,10.);
#430=VECTOR('',#1468,10.);
#431=VECTOR('',#1471,10.);
#432=VECTOR('',#1476,10.);
#433=VECTOR('',#1479,10.);
#434=VECTOR('',#1482,10.);
#435=VECTOR('',#1483,10.);
#436=VECTOR('',#1484,10.);
#437=VECTOR('',#1487,10.);
#438=VECTOR('',#1488,10.);
#439=VECTOR('',#1491,10.);
#440=VECTOR('',#1492,10.);
#441=VECTOR('',#1495,10.);
#442=VECTOR('',#1498,10.);
#443=VECTOR('',#1499,10.);
#444=VECTOR('',#1500,10.);
#445=VECTOR('',#1501,10.);
#446=VECTOR('',#1502,10.);
#447=VECTOR('',#1503,10.);
#448=VECTOR('',#1504,10.);
#449=VECTOR('',#1507,10.);
#450=VECTOR('',#1518,10.);
#451=VECTOR('',#1519,10.);
#452=VECTOR('',#1520,10.);
#453=VECTOR('',#1521,10.);
#454=VECTOR('',#1524,10.);
#455=VECTOR('',#1525,10.);
#456=VECTOR('',#1530,10.);
#457=VECTOR('',#1531,10.);
#458=VECTOR('',#1532,10.);
#459=VECTOR('',#1537,10.);
#460=VECTOR('',#1540,10.);
#461=VECTOR('',#1541,10.);
#462=VECTOR('',#1542,10.);
#463=VECTOR('',#1543,10.);
#464=VECTOR('',#1544,10.);
#465=VECTOR('',#1545,10.);
#466=VECTOR('',#1548,10.);
#467=VECTOR('',#1551,10.);
#468=VECTOR('',#1552,10.);
#469=VECTOR('',#1553,10.);
#470=VECTOR('',#1554,10.);
#471=VECTOR('',#1555,10.);
#472=VECTOR('',#1566,10.);
#473=VECTOR('',#1573,10.);
#474=VECTOR('',#1574,10.);
#475=VECTOR('',#1575,10.);
#476=VECTOR('',#1576,10.);
#477=VECTOR('',#1581,10.);
#478=VECTOR('',#1588,10.);
#479=VECTOR('',#1593,10.);
#480=VECTOR('',#1594,10.);
#481=VECTOR('',#1595,10.);
#482=VECTOR('',#1598,10.);
#483=VECTOR('',#1599,10.);
#484=VECTOR('',#1600,10.);
#485=VECTOR('',#1601,10.);
#486=VECTOR('',#1604,10.);
#487=VECTOR('',#1611,10.);
#488=VECTOR('',#1614,10.);
#489=VECTOR('',#1617,10.);
#490=VECTOR('',#1618,10.);
#491=VECTOR('',#1619,10.);
#492=VECTOR('',#1624,10.);
#493=VECTOR('',#1625,10.);
#494=VECTOR('',#1628,10.);
#495=VECTOR('',#1629,10.);
#496=VECTOR('',#1634,10.);
#497=VECTOR('',#1635,10.);
#498=VECTOR('',#1642,10.);
#499=VECTOR('',#1643,10.);
#500=VECTOR('',#1648,10.);
#501=VECTOR('',#1651,10.);
#502=VECTOR('',#1652,10.);
#503=VECTOR('',#1655,10.);
#504=VECTOR('',#1656,10.);
#505=VECTOR('',#1659,10.);
#506=VECTOR('',#1662,10.);
#507=VECTOR('',#1667,10.);
#508=VECTOR('',#1670,10.);
#509=VECTOR('',#1673,10.);
#510=VECTOR('',#1676,10.);
#511=VECTOR('',#1679,10.);
#512=VECTOR('',#1684,10.);
#513=VECTOR('',#1687,10.);
#514=VECTOR('',#1690,10.);
#515=VECTOR('',#1691,10.);
#516=VECTOR('',#1694,10.);
#517=VECTOR('',#1697,10.);
#518=VECTOR('',#1700,10.);
#519=VECTOR('',#1703,10.);
#520=VECTOR('',#1704,10.);
#521=VECTOR('',#1707,10.);
#522=VECTOR('',#1710,10.);
#523=VECTOR('',#1715,1.7);
#524=VECTOR('',#1718,1.7);
#525=VECTOR('',#1721,1.7);
#526=VECTOR('',#1724,1.7);
#527=VECTOR('',#1727,10.);
#528=VECTOR('',#1728,10.);
#529=VECTOR('',#1731,10.);
#530=VECTOR('',#1734,10.);
#531=VECTOR('',#1739,2.25);
#532=VECTOR('',#1742,2.25);
#533=VECTOR('',#1745,2.25);
#534=VECTOR('',#1748,2.25);
#535=VERTEX_POINT('',#1759);
#536=VERTEX_POINT('',#1760);
#537=VERTEX_POINT('',#1762);
#538=VERTEX_POINT('',#1764);
#539=VERTEX_POINT('',#1768);
#540=VERTEX_POINT('',#1770);
#541=VERTEX_POINT('',#1772);
#542=VERTEX_POINT('',#1774);
#543=VERTEX_POINT('',#1783);
#544=VERTEX_POINT('',#1785);
#545=VERTEX_POINT('',#1790);
#546=VERTEX_POINT('',#1792);
#547=VERTEX_POINT('',#1815);
#548=VERTEX_POINT('',#1839);
#549=VERTEX_POINT('',#1842);
#550=VERTEX_POINT('',#1843);
#551=VERTEX_POINT('',#1845);
#552=VERTEX_POINT('',#1847);
#553=VERTEX_POINT('',#1851);
#554=VERTEX_POINT('',#1853);
#555=VERTEX_POINT('',#1855);
#556=VERTEX_POINT('',#1857);
#557=VERTEX_POINT('',#1870);
#558=VERTEX_POINT('',#1872);
#559=VERTEX_POINT('',#1877);
#560=VERTEX_POINT('',#1879);
#561=VERTEX_POINT('',#1902);
#562=VERTEX_POINT('',#1926);
#563=VERTEX_POINT('',#1952);
#564=VERTEX_POINT('',#1954);
#565=VERTEX_POINT('',#1967);
#566=VERTEX_POINT('',#1969);
#567=VERTEX_POINT('',#1971);
#568=VERTEX_POINT('',#1973);
#569=VERTEX_POINT('',#1975);
#570=VERTEX_POINT('',#1977);
#571=VERTEX_POINT('',#1979);
#572=VERTEX_POINT('',#1981);
#573=VERTEX_POINT('',#1983);
#574=VERTEX_POINT('',#1985);
#575=VERTEX_POINT('',#1988);
#576=VERTEX_POINT('',#1990);
#577=VERTEX_POINT('',#1992);
#578=VERTEX_POINT('',#1995);
#579=VERTEX_POINT('',#1997);
#580=VERTEX_POINT('',#1999);
#581=VERTEX_POINT('',#2001);
#582=VERTEX_POINT('',#2003);
#583=VERTEX_POINT('',#2004);
#584=VERTEX_POINT('',#2006);
#585=VERTEX_POINT('',#2008);
#586=VERTEX_POINT('',#2012);
#587=VERTEX_POINT('',#2043);
#588=VERTEX_POINT('',#2052);
#589=VERTEX_POINT('',#2054);
#590=VERTEX_POINT('',#2057);
#591=VERTEX_POINT('',#2059);
#592=VERTEX_POINT('',#2061);
#593=VERTEX_POINT('',#2063);
#594=VERTEX_POINT('',#2065);
#595=VERTEX_POINT('',#2067);
#596=VERTEX_POINT('',#2069);
#597=VERTEX_POINT('',#2071);
#598=VERTEX_POINT('',#2073);
#599=VERTEX_POINT('',#2076);
#600=VERTEX_POINT('',#2077);
#601=VERTEX_POINT('',#2079);
#602=VERTEX_POINT('',#2081);
#603=VERTEX_POINT('',#2084);
#604=VERTEX_POINT('',#2086);
#605=VERTEX_POINT('',#2088);
#606=VERTEX_POINT('',#2090);
#607=VERTEX_POINT('',#2097);
#608=VERTEX_POINT('',#2098);
#609=VERTEX_POINT('',#2100);
#610=VERTEX_POINT('',#2102);
#611=VERTEX_POINT('',#2125);
#612=VERTEX_POINT('',#2127);
#613=VERTEX_POINT('',#2151);
#614=VERTEX_POINT('',#2154);
#615=VERTEX_POINT('',#2159);
#616=VERTEX_POINT('',#2161);
#617=VERTEX_POINT('',#2171);
#618=VERTEX_POINT('',#2175);
#619=VERTEX_POINT('',#2176);
#620=VERTEX_POINT('',#2178);
#621=VERTEX_POINT('',#2180);
#622=VERTEX_POINT('',#2184);
#623=VERTEX_POINT('',#2187);
#624=VERTEX_POINT('',#2200);
#625=VERTEX_POINT('',#2206);
#626=VERTEX_POINT('',#2208);
#627=VERTEX_POINT('',#2231);
#628=VERTEX_POINT('',#2255);
#629=VERTEX_POINT('',#2258);
#630=VERTEX_POINT('',#2262);
#631=VERTEX_POINT('',#2285);
#632=VERTEX_POINT('',#2287);
#633=VERTEX_POINT('',#2311);
#634=VERTEX_POINT('',#2317);
#635=VERTEX_POINT('',#2330);
#636=VERTEX_POINT('',#2353);
#637=VERTEX_POINT('',#2355);
#638=VERTEX_POINT('',#2379);
#639=VERTEX_POINT('',#2384);
#640=VERTEX_POINT('',#2407);
#641=VERTEX_POINT('',#2409);
#642=VERTEX_POINT('',#2433);
#643=VERTEX_POINT('',#2460);
#644=VERTEX_POINT('',#2482);
#645=VERTEX_POINT('',#2505);
#646=VERTEX_POINT('',#2529);
#647=EDGE_CURVE('',#535,#536,#295,.T.);
#648=EDGE_CURVE('',#536,#537,#296,.T.);
#649=EDGE_CURVE('',#538,#537,#297,.T.);
#650=EDGE_CURVE('',#538,#535,#298,.T.);
#651=EDGE_CURVE('',#539,#535,#299,.T.);
#652=EDGE_CURVE('',#540,#539,#69,.T.);
#653=EDGE_CURVE('',#540,#541,#300,.T.);
#654=EDGE_CURVE('',#541,#542,#45,.T.);
#655=EDGE_CURVE('',#535,#542,#70,.T.);
#656=EDGE_CURVE('',#543,#539,#301,.T.);
#657=EDGE_CURVE('',#544,#543,#71,.T.);
#658=EDGE_CURVE('',#544,#540,#302,.T.);
#659=EDGE_CURVE('',#536,#543,#303,.T.);
#660=EDGE_CURVE('',#543,#545,#304,.T.);
#661=EDGE_CURVE('',#546,#545,#46,.T.);
#662=EDGE_CURVE('',#547,#546,#305,.T.);
#663=EDGE_CURVE('',#537,#547,#47,.T.);
#664=EDGE_CURVE('',#548,#548,#72,.T.);
#665=EDGE_CURVE('',#549,#550,#306,.T.);
#666=EDGE_CURVE('',#551,#550,#307,.T.);
#667=EDGE_CURVE('',#552,#551,#308,.T.);
#668=EDGE_CURVE('',#552,#549,#309,.T.);
#669=EDGE_CURVE('',#553,#549,#310,.T.);
#670=EDGE_CURVE('',#554,#553,#73,.T.);
#671=EDGE_CURVE('',#554,#555,#311,.T.);
#672=EDGE_CURVE('',#555,#556,#48,.T.);
#673=EDGE_CURVE('',#549,#556,#74,.T.);
#674=EDGE_CURVE('',#557,#553,#312,.T.);
#675=EDGE_CURVE('',#557,#558,#75,.T.);
#676=EDGE_CURVE('',#558,#554,#313,.T.);
#677=EDGE_CURVE('',#550,#557,#314,.T.);
#678=EDGE_CURVE('',#559,#557,#315,.T.);
#679=EDGE_CURVE('',#560,#559,#49,.T.);
#680=EDGE_CURVE('',#560,#561,#316,.T.);
#681=EDGE_CURVE('',#551,#561,#50,.T.);
#682=EDGE_CURVE('',#562,#562,#76,.T.);
#683=EDGE_CURVE('',#541,#563,#317,.T.);
#684=EDGE_CURVE('',#564,#563,#51,.T.);
#685=EDGE_CURVE('',#542,#564,#318,.T.);
#686=EDGE_CURVE('',#565,#540,#319,.T.);
#687=EDGE_CURVE('',#566,#565,#320,.T.);
#688=EDGE_CURVE('',#566,#567,#77,.T.);
#689=EDGE_CURVE('',#567,#568,#321,.T.);
#690=EDGE_CURVE('',#568,#569,#78,.T.);
#691=EDGE_CURVE('',#570,#569,#322,.T.);
#692=EDGE_CURVE('',#571,#570,#323,.T.);
#693=EDGE_CURVE('',#571,#572,#324,.T.);
#694=EDGE_CURVE('',#572,#573,#325,.T.);
#695=EDGE_CURVE('',#573,#574,#326,.T.);
#696=EDGE_CURVE('',#558,#574,#327,.T.);
#697=EDGE_CURVE('',#575,#558,#328,.T.);
#698=EDGE_CURVE('',#575,#576,#79,.T.);
#699=EDGE_CURVE('',#576,#577,#329,.T.);
#700=EDGE_CURVE('',#577,#541,#80,.T.);
#701=EDGE_CURVE('',#578,#578,#81,.T.);
#702=EDGE_CURVE('',#579,#579,#82,.T.);
#703=EDGE_CURVE('',#580,#580,#83,.T.);
#704=EDGE_CURVE('',#581,#581,#84,.T.);
#705=EDGE_CURVE('',#582,#583,#330,.T.);
#706=EDGE_CURVE('',#583,#584,#331,.T.);
#707=EDGE_CURVE('',#584,#585,#332,.T.);
#708=EDGE_CURVE('',#585,#582,#333,.T.);
#709=EDGE_CURVE('',#586,#544,#334,.T.);
#710=EDGE_CURVE('',#565,#586,#335,.T.);
#711=EDGE_CURVE('',#564,#536,#85,.T.);
#712=EDGE_CURVE('',#563,#544,#336,.T.);
#713=EDGE_CURVE('',#555,#575,#337,.T.);
#714=EDGE_CURVE('',#587,#575,#52,.T.);
#715=EDGE_CURVE('',#556,#587,#338,.T.);
#716=EDGE_CURVE('',#563,#588,#86,.T.);
#717=EDGE_CURVE('',#588,#589,#339,.T.);
#718=EDGE_CURVE('',#589,#555,#87,.T.);
#719=EDGE_CURVE('',#590,#554,#340,.T.);
#720=EDGE_CURVE('',#590,#591,#341,.T.);
#721=EDGE_CURVE('',#591,#592,#342,.T.);
#722=EDGE_CURVE('',#592,#593,#343,.T.);
#723=EDGE_CURVE('',#594,#593,#344,.T.);
#724=EDGE_CURVE('',#595,#594,#345,.T.);
#725=EDGE_CURVE('',#595,#596,#88,.T.);
#726=EDGE_CURVE('',#596,#597,#346,.T.);
#727=EDGE_CURVE('',#597,#598,#89,.T.);
#728=EDGE_CURVE('',#586,#598,#347,.T.);
#729=EDGE_CURVE('',#599,#600,#348,.T.);
#730=EDGE_CURVE('',#600,#601,#349,.T.);
#731=EDGE_CURVE('',#601,#602,#350,.T.);
#732=EDGE_CURVE('',#602,#599,#351,.T.);
#733=EDGE_CURVE('',#603,#603,#90,.T.);
#734=EDGE_CURVE('',#604,#604,#91,.T.);
#735=EDGE_CURVE('',#605,#605,#92,.T.);
#736=EDGE_CURVE('',#606,#606,#93,.T.);
#737=EDGE_CURVE('',#574,#590,#352,.T.);
#738=EDGE_CURVE('',#550,#587,#94,.T.);
#739=EDGE_CURVE('',#607,#608,#353,.T.);
#740=EDGE_CURVE('',#609,#608,#354,.T.);
#741=EDGE_CURVE('',#610,#609,#53,.T.);
#742=EDGE_CURVE('',#611,#610,#355,.T.);
#743=EDGE_CURVE('',#612,#611,#54,.T.);
#744=EDGE_CURVE('',#612,#607,#356,.T.);
#745=EDGE_CURVE('',#613,#613,#95,.T.);
#746=EDGE_CURVE('',#614,#607,#357,.T.);
#747=EDGE_CURVE('',#614,#565,#96,.T.);
#748=EDGE_CURVE('',#607,#586,#97,.T.);
#749=EDGE_CURVE('',#615,#614,#358,.T.);
#750=EDGE_CURVE('',#615,#616,#98,.T.);
#751=EDGE_CURVE('',#616,#566,#55,.T.);
#752=EDGE_CURVE('',#608,#615,#359,.T.);
#753=EDGE_CURVE('',#617,#615,#360,.T.);
#754=EDGE_CURVE('',#609,#617,#361,.T.);
#755=EDGE_CURVE('',#618,#619,#362,.T.);
#756=EDGE_CURVE('',#619,#620,#363,.T.);
#757=EDGE_CURVE('',#621,#620,#364,.T.);
#758=EDGE_CURVE('',#621,#618,#365,.T.);
#759=EDGE_CURVE('',#622,#618,#366,.T.);
#760=EDGE_CURVE('',#570,#622,#99,.T.);
#761=EDGE_CURVE('',#569,#623,#56,.T.);
#762=EDGE_CURVE('',#618,#623,#100,.T.);
#763=EDGE_CURVE('',#624,#622,#367,.T.);
#764=EDGE_CURVE('',#624,#594,#101,.T.);
#765=EDGE_CURVE('',#594,#570,#368,.T.);
#766=EDGE_CURVE('',#619,#624,#369,.T.);
#767=EDGE_CURVE('',#625,#624,#370,.T.);
#768=EDGE_CURVE('',#626,#625,#57,.T.);
#769=EDGE_CURVE('',#627,#626,#371,.T.);
#770=EDGE_CURVE('',#620,#627,#58,.T.);
#771=EDGE_CURVE('',#628,#628,#102,.T.);
#772=EDGE_CURVE('',#629,#612,#372,.T.);
#773=EDGE_CURVE('',#629,#614,#373,.T.);
#774=EDGE_CURVE('',#630,#538,#59,.T.);
#775=EDGE_CURVE('',#631,#630,#374,.T.);
#776=EDGE_CURVE('',#632,#631,#60,.T.);
#777=EDGE_CURVE('',#539,#632,#375,.T.);
#778=EDGE_CURVE('',#633,#633,#103,.T.);
#779=EDGE_CURVE('',#598,#566,#376,.T.);
#780=EDGE_CURVE('',#567,#597,#377,.T.);
#781=EDGE_CURVE('',#598,#634,#61,.T.);
#782=EDGE_CURVE('',#608,#634,#104,.T.);
#783=EDGE_CURVE('',#635,#621,#62,.T.);
#784=EDGE_CURVE('',#636,#635,#378,.T.);
#785=EDGE_CURVE('',#637,#636,#63,.T.);
#786=EDGE_CURVE('',#622,#637,#379,.T.);
#787=EDGE_CURVE('',#638,#638,#105,.T.);
#788=EDGE_CURVE('',#593,#571,#380,.T.);
#789=EDGE_CURVE('',#639,#552,#64,.T.);
#790=EDGE_CURVE('',#640,#639,#381,.T.);
#791=EDGE_CURVE('',#641,#640,#65,.T.);
#792=EDGE_CURVE('',#553,#641,#382,.T.);
#793=EDGE_CURVE('',#642,#642,#106,.T.);
#794=EDGE_CURVE('',#569,#595,#383,.T.);
#795=EDGE_CURVE('',#643,#595,#66,.T.);
#796=EDGE_CURVE('',#623,#643,#384,.T.);
#797=EDGE_CURVE('',#572,#592,#385,.T.);
#798=EDGE_CURVE('',#573,#591,#386,.T.);
#799=EDGE_CURVE('',#559,#641,#387,.T.);
#800=EDGE_CURVE('',#625,#637,#388,.T.);
#801=EDGE_CURVE('',#644,#629,#67,.T.);
#802=EDGE_CURVE('',#644,#645,#389,.T.);
#803=EDGE_CURVE('',#617,#645,#68,.T.);
#804=EDGE_CURVE('',#646,#646,#107,.T.);
#805=EDGE_CURVE('',#636,#626,#390,.T.);
#806=EDGE_CURVE('',#627,#635,#391,.T.);
#807=EDGE_CURVE('',#643,#619,#108,.T.);
#808=EDGE_CURVE('',#645,#610,#392,.T.);
#809=EDGE_CURVE('',#611,#644,#393,.T.);
#810=EDGE_CURVE('',#545,#632,#394,.T.);
#811=EDGE_CURVE('',#631,#546,#395,.T.);
#812=EDGE_CURVE('',#547,#630,#396,.T.);
#813=EDGE_CURVE('',#561,#639,#397,.T.);
#814=EDGE_CURVE('',#640,#560,#398,.T.);
#815=EDGE_CURVE('',#583,#599,#399,.T.);
#816=EDGE_CURVE('',#582,#600,#400,.T.);
#817=EDGE_CURVE('',#585,#601,#401,.T.);
#818=EDGE_CURVE('',#584,#602,#402,.T.);
#819=EDGE_CURVE('',#581,#603,#403,.T.);
#820=EDGE_CURVE('',#580,#604,#404,.T.);
#821=EDGE_CURVE('',#579,#605,#405,.T.);
#822=EDGE_CURVE('',#578,#606,#406,.T.);
#823=EDGE_CURVE('',#588,#577,#407,.T.);
#824=EDGE_CURVE('',#634,#616,#408,.T.);
#825=EDGE_CURVE('',#576,#589,#409,.T.);
#826=EDGE_CURVE('',#596,#568,#410,.T.);
#827=EDGE_CURVE('',#646,#613,#411,.T.);
#828=EDGE_CURVE('',#562,#642,#412,.T.);
#829=EDGE_CURVE('',#633,#548,#413,.T.);
#830=EDGE_CURVE('',#638,#628,#414,.T.);
#831=ORIENTED_EDGE('',*,*,#647,.T.);
#832=ORIENTED_EDGE('',*,*,#648,.T.);
#833=ORIENTED_EDGE('',*,*,#649,.F.);
#834=ORIENTED_EDGE('',*,*,#650,.T.);
#835=ORIENTED_EDGE('',*,*,#651,.F.);
#836=ORIENTED_EDGE('',*,*,#652,.F.);
#837=ORIENTED_EDGE('',*,*,#653,.T.);
#838=ORIENTED_EDGE('',*,*,#654,.T.);
#839=ORIENTED_EDGE('',*,*,#655,.F.);
#840=ORIENTED_EDGE('',*,*,#656,.F.);
#841=ORIENTED_EDGE('',*,*,#657,.F.);
#842=ORIENTED_EDGE('',*,*,#658,.T.);
#843=ORIENTED_EDGE('',*,*,#652,.T.);
#844=ORIENTED_EDGE('',*,*,#659,.T.);
#845=ORIENTED_EDGE('',*,*,#660,.T.);
#846=ORIENTED_EDGE('',*,*,#661,.F.);
#847=ORIENTED_EDGE('',*,*,#662,.F.);
#848=ORIENTED_EDGE('',*,*,#663,.F.);
#849=ORIENTED_EDGE('',*,*,#648,.F.);
#850=ORIENTED_EDGE('',*,*,#664,.T.);
#851=ORIENTED_EDGE('',*,*,#665,.T.);
#852=ORIENTED_EDGE('',*,*,#666,.F.);
#853=ORIENTED_EDGE('',*,*,#667,.F.);
#854=ORIENTED_EDGE('',*,*,#668,.T.);
#855=ORIENTED_EDGE('',*,*,#669,.F.);
#856=ORIENTED_EDGE('',*,*,#670,.F.);
#857=ORIENTED_EDGE('',*,*,#671,.T.);
#858=ORIENTED_EDGE('',*,*,#672,.T.);
#859=ORIENTED_EDGE('',*,*,#673,.F.);
#860=ORIENTED_EDGE('',*,*,#674,.F.);
#861=ORIENTED_EDGE('',*,*,#675,.T.);
#862=ORIENTED_EDGE('',*,*,#676,.T.);
#863=ORIENTED_EDGE('',*,*,#670,.T.);
#864=ORIENTED_EDGE('',*,*,#677,.T.);
#865=ORIENTED_EDGE('',*,*,#678,.F.);
#866=ORIENTED_EDGE('',*,*,#679,.F.);
#867=ORIENTED_EDGE('',*,*,#680,.T.);
#868=ORIENTED_EDGE('',*,*,#681,.F.);
#869=ORIENTED_EDGE('',*,*,#666,.T.);
#870=ORIENTED_EDGE('',*,*,#682,.T.);
#871=ORIENTED_EDGE('',*,*,#683,.T.);
#872=ORIENTED_EDGE('',*,*,#684,.F.);
#873=ORIENTED_EDGE('',*,*,#685,.F.);
#874=ORIENTED_EDGE('',*,*,#654,.F.);
#875=ORIENTED_EDGE('',*,*,#653,.F.);
#876=ORIENTED_EDGE('',*,*,#686,.F.);
#877=ORIENTED_EDGE('',*,*,#687,.F.);
#878=ORIENTED_EDGE('',*,*,#688,.T.);
#879=ORIENTED_EDGE('',*,*,#689,.T.);
#880=ORIENTED_EDGE('',*,*,#690,.T.);
#881=ORIENTED_EDGE('',*,*,#691,.F.);
#882=ORIENTED_EDGE('',*,*,#692,.F.);
#883=ORIENTED_EDGE('',*,*,#693,.T.);
#884=ORIENTED_EDGE('',*,*,#694,.T.);
#885=ORIENTED_EDGE('',*,*,#695,.T.);
#886=ORIENTED_EDGE('',*,*,#696,.F.);
#887=ORIENTED_EDGE('',*,*,#697,.F.);
#888=ORIENTED_EDGE('',*,*,#698,.T.);
#889=ORIENTED_EDGE('',*,*,#699,.T.);
#890=ORIENTED_EDGE('',*,*,#700,.T.);
#891=ORIENTED_EDGE('',*,*,#701,.T.);
#892=ORIENTED_EDGE('',*,*,#702,.T.);
#893=ORIENTED_EDGE('',*,*,#703,.T.);
#894=ORIENTED_EDGE('',*,*,#704,.T.);
#895=ORIENTED_EDGE('',*,*,#705,.T.);
#896=ORIENTED_EDGE('',*,*,#706,.T.);
#897=ORIENTED_EDGE('',*,*,#707,.T.);
#898=ORIENTED_EDGE('',*,*,#708,.T.);
#899=ORIENTED_EDGE('',*,*,#658,.F.);
#900=ORIENTED_EDGE('',*,*,#709,.F.);
#901=ORIENTED_EDGE('',*,*,#710,.F.);
#902=ORIENTED_EDGE('',*,*,#686,.T.);
#903=ORIENTED_EDGE('',*,*,#659,.F.);
#904=ORIENTED_EDGE('',*,*,#711,.F.);
#905=ORIENTED_EDGE('',*,*,#684,.T.);
#906=ORIENTED_EDGE('',*,*,#712,.T.);
#907=ORIENTED_EDGE('',*,*,#657,.T.);
#908=ORIENTED_EDGE('',*,*,#713,.T.);
#909=ORIENTED_EDGE('',*,*,#714,.F.);
#910=ORIENTED_EDGE('',*,*,#715,.F.);
#911=ORIENTED_EDGE('',*,*,#672,.F.);
#912=ORIENTED_EDGE('',*,*,#712,.F.);
#913=ORIENTED_EDGE('',*,*,#716,.T.);
#914=ORIENTED_EDGE('',*,*,#717,.T.);
#915=ORIENTED_EDGE('',*,*,#718,.T.);
#916=ORIENTED_EDGE('',*,*,#671,.F.);
#917=ORIENTED_EDGE('',*,*,#719,.F.);
#918=ORIENTED_EDGE('',*,*,#720,.T.);
#919=ORIENTED_EDGE('',*,*,#721,.T.);
#920=ORIENTED_EDGE('',*,*,#722,.T.);
#921=ORIENTED_EDGE('',*,*,#723,.F.);
#922=ORIENTED_EDGE('',*,*,#724,.F.);
#923=ORIENTED_EDGE('',*,*,#725,.T.);
#924=ORIENTED_EDGE('',*,*,#726,.T.);
#925=ORIENTED_EDGE('',*,*,#727,.T.);
#926=ORIENTED_EDGE('',*,*,#728,.F.);
#927=ORIENTED_EDGE('',*,*,#709,.T.);
#928=ORIENTED_EDGE('',*,*,#729,.T.);
#929=ORIENTED_EDGE('',*,*,#730,.T.);
#930=ORIENTED_EDGE('',*,*,#731,.T.);
#931=ORIENTED_EDGE('',*,*,#732,.T.);
#932=ORIENTED_EDGE('',*,*,#733,.T.);
#933=ORIENTED_EDGE('',*,*,#734,.T.);
#934=ORIENTED_EDGE('',*,*,#735,.T.);
#935=ORIENTED_EDGE('',*,*,#736,.T.);
#936=ORIENTED_EDGE('',*,*,#676,.F.);
#937=ORIENTED_EDGE('',*,*,#696,.T.);
#938=ORIENTED_EDGE('',*,*,#737,.T.);
#939=ORIENTED_EDGE('',*,*,#719,.T.);
#940=ORIENTED_EDGE('',*,*,#677,.F.);
#941=ORIENTED_EDGE('',*,*,#738,.T.);
#942=ORIENTED_EDGE('',*,*,#714,.T.);
#943=ORIENTED_EDGE('',*,*,#697,.T.);
#944=ORIENTED_EDGE('',*,*,#675,.F.);
#945=ORIENTED_EDGE('',*,*,#739,.T.);
#946=ORIENTED_EDGE('',*,*,#740,.F.);
#947=ORIENTED_EDGE('',*,*,#741,.F.);
#948=ORIENTED_EDGE('',*,*,#742,.F.);
#949=ORIENTED_EDGE('',*,*,#743,.F.);
#950=ORIENTED_EDGE('',*,*,#744,.T.);
#951=ORIENTED_EDGE('',*,*,#745,.T.);
#952=ORIENTED_EDGE('',*,*,#746,.F.);
#953=ORIENTED_EDGE('',*,*,#747,.T.);
#954=ORIENTED_EDGE('',*,*,#710,.T.);
#955=ORIENTED_EDGE('',*,*,#748,.F.);
#956=ORIENTED_EDGE('',*,*,#749,.F.);
#957=ORIENTED_EDGE('',*,*,#750,.T.);
#958=ORIENTED_EDGE('',*,*,#751,.T.);
#959=ORIENTED_EDGE('',*,*,#687,.T.);
#960=ORIENTED_EDGE('',*,*,#747,.F.);
#961=ORIENTED_EDGE('',*,*,#752,.T.);
#962=ORIENTED_EDGE('',*,*,#753,.F.);
#963=ORIENTED_EDGE('',*,*,#754,.F.);
#964=ORIENTED_EDGE('',*,*,#740,.T.);
#965=ORIENTED_EDGE('',*,*,#755,.T.);
#966=ORIENTED_EDGE('',*,*,#756,.T.);
#967=ORIENTED_EDGE('',*,*,#757,.F.);
#968=ORIENTED_EDGE('',*,*,#758,.T.);
#969=ORIENTED_EDGE('',*,*,#759,.F.);
#970=ORIENTED_EDGE('',*,*,#760,.F.);
#971=ORIENTED_EDGE('',*,*,#691,.T.);
#972=ORIENTED_EDGE('',*,*,#761,.T.);
#973=ORIENTED_EDGE('',*,*,#762,.F.);
#974=ORIENTED_EDGE('',*,*,#763,.F.);
#975=ORIENTED_EDGE('',*,*,#764,.T.);
#976=ORIENTED_EDGE('',*,*,#765,.T.);
#977=ORIENTED_EDGE('',*,*,#760,.T.);
#978=ORIENTED_EDGE('',*,*,#766,.T.);
#979=ORIENTED_EDGE('',*,*,#767,.F.);
#980=ORIENTED_EDGE('',*,*,#768,.F.);
#981=ORIENTED_EDGE('',*,*,#769,.F.);
#982=ORIENTED_EDGE('',*,*,#770,.F.);
#983=ORIENTED_EDGE('',*,*,#756,.F.);
#984=ORIENTED_EDGE('',*,*,#771,.T.);
#985=ORIENTED_EDGE('',*,*,#746,.T.);
#986=ORIENTED_EDGE('',*,*,#744,.F.);
#987=ORIENTED_EDGE('',*,*,#772,.F.);
#988=ORIENTED_EDGE('',*,*,#773,.T.);
#989=ORIENTED_EDGE('',*,*,#651,.T.);
#990=ORIENTED_EDGE('',*,*,#650,.F.);
#991=ORIENTED_EDGE('',*,*,#774,.F.);
#992=ORIENTED_EDGE('',*,*,#775,.F.);
#993=ORIENTED_EDGE('',*,*,#776,.F.);
#994=ORIENTED_EDGE('',*,*,#777,.F.);
#995=ORIENTED_EDGE('',*,*,#778,.T.);
#996=ORIENTED_EDGE('',*,*,#779,.F.);
#997=ORIENTED_EDGE('',*,*,#727,.F.);
#998=ORIENTED_EDGE('',*,*,#780,.F.);
#999=ORIENTED_EDGE('',*,*,#688,.F.);
#1000=ORIENTED_EDGE('',*,*,#739,.F.);
#1001=ORIENTED_EDGE('',*,*,#748,.T.);
#1002=ORIENTED_EDGE('',*,*,#728,.T.);
#1003=ORIENTED_EDGE('',*,*,#781,.T.);
#1004=ORIENTED_EDGE('',*,*,#782,.F.);
#1005=ORIENTED_EDGE('',*,*,#759,.T.);
#1006=ORIENTED_EDGE('',*,*,#758,.F.);
#1007=ORIENTED_EDGE('',*,*,#783,.F.);
#1008=ORIENTED_EDGE('',*,*,#784,.F.);
#1009=ORIENTED_EDGE('',*,*,#785,.F.);
#1010=ORIENTED_EDGE('',*,*,#786,.F.);
#1011=ORIENTED_EDGE('',*,*,#787,.T.);
#1012=ORIENTED_EDGE('',*,*,#765,.F.);
#1013=ORIENTED_EDGE('',*,*,#723,.T.);
#1014=ORIENTED_EDGE('',*,*,#788,.T.);
#1015=ORIENTED_EDGE('',*,*,#692,.T.);
#1016=ORIENTED_EDGE('',*,*,#669,.T.);
#1017=ORIENTED_EDGE('',*,*,#668,.F.);
#1018=ORIENTED_EDGE('',*,*,#789,.F.);
#1019=ORIENTED_EDGE('',*,*,#790,.F.);
#1020=ORIENTED_EDGE('',*,*,#791,.F.);
#1021=ORIENTED_EDGE('',*,*,#792,.F.);
#1022=ORIENTED_EDGE('',*,*,#793,.T.);
#1023=ORIENTED_EDGE('',*,*,#794,.T.);
#1024=ORIENTED_EDGE('',*,*,#795,.F.);
#1025=ORIENTED_EDGE('',*,*,#796,.F.);
#1026=ORIENTED_EDGE('',*,*,#761,.F.);
#1027=ORIENTED_EDGE('',*,*,#722,.F.);
#1028=ORIENTED_EDGE('',*,*,#797,.F.);
#1029=ORIENTED_EDGE('',*,*,#693,.F.);
#1030=ORIENTED_EDGE('',*,*,#788,.F.);
#1031=ORIENTED_EDGE('',*,*,#720,.F.);
#1032=ORIENTED_EDGE('',*,*,#737,.F.);
#1033=ORIENTED_EDGE('',*,*,#695,.F.);
#1034=ORIENTED_EDGE('',*,*,#798,.T.);
#1035=ORIENTED_EDGE('',*,*,#721,.F.);
#1036=ORIENTED_EDGE('',*,*,#798,.F.);
#1037=ORIENTED_EDGE('',*,*,#694,.F.);
#1038=ORIENTED_EDGE('',*,*,#797,.T.);
#1039=ORIENTED_EDGE('',*,*,#674,.T.);
#1040=ORIENTED_EDGE('',*,*,#792,.T.);
#1041=ORIENTED_EDGE('',*,*,#799,.F.);
#1042=ORIENTED_EDGE('',*,*,#678,.T.);
#1043=ORIENTED_EDGE('',*,*,#763,.T.);
#1044=ORIENTED_EDGE('',*,*,#786,.T.);
#1045=ORIENTED_EDGE('',*,*,#800,.F.);
#1046=ORIENTED_EDGE('',*,*,#767,.T.);
#1047=ORIENTED_EDGE('',*,*,#749,.T.);
#1048=ORIENTED_EDGE('',*,*,#773,.F.);
#1049=ORIENTED_EDGE('',*,*,#801,.F.);
#1050=ORIENTED_EDGE('',*,*,#802,.T.);
#1051=ORIENTED_EDGE('',*,*,#803,.F.);
#1052=ORIENTED_EDGE('',*,*,#753,.T.);
#1053=ORIENTED_EDGE('',*,*,#804,.T.);
#1054=ORIENTED_EDGE('',*,*,#768,.T.);
#1055=ORIENTED_EDGE('',*,*,#800,.T.);
#1056=ORIENTED_EDGE('',*,*,#785,.T.);
#1057=ORIENTED_EDGE('',*,*,#805,.T.);
#1058=ORIENTED_EDGE('',*,*,#805,.F.);
#1059=ORIENTED_EDGE('',*,*,#784,.T.);
#1060=ORIENTED_EDGE('',*,*,#806,.F.);
#1061=ORIENTED_EDGE('',*,*,#769,.T.);
#1062=ORIENTED_EDGE('',*,*,#770,.T.);
#1063=ORIENTED_EDGE('',*,*,#806,.T.);
#1064=ORIENTED_EDGE('',*,*,#783,.T.);
#1065=ORIENTED_EDGE('',*,*,#757,.T.);
#1066=ORIENTED_EDGE('',*,*,#755,.F.);
#1067=ORIENTED_EDGE('',*,*,#762,.T.);
#1068=ORIENTED_EDGE('',*,*,#796,.T.);
#1069=ORIENTED_EDGE('',*,*,#807,.T.);
#1070=ORIENTED_EDGE('',*,*,#741,.T.);
#1071=ORIENTED_EDGE('',*,*,#754,.T.);
#1072=ORIENTED_EDGE('',*,*,#803,.T.);
#1073=ORIENTED_EDGE('',*,*,#808,.T.);
#1074=ORIENTED_EDGE('',*,*,#808,.F.);
#1075=ORIENTED_EDGE('',*,*,#802,.F.);
#1076=ORIENTED_EDGE('',*,*,#809,.F.);
#1077=ORIENTED_EDGE('',*,*,#742,.T.);
#1078=ORIENTED_EDGE('',*,*,#743,.T.);
#1079=ORIENTED_EDGE('',*,*,#809,.T.);
#1080=ORIENTED_EDGE('',*,*,#801,.T.);
#1081=ORIENTED_EDGE('',*,*,#772,.T.);
#1082=ORIENTED_EDGE('',*,*,#656,.T.);
#1083=ORIENTED_EDGE('',*,*,#777,.T.);
#1084=ORIENTED_EDGE('',*,*,#810,.F.);
#1085=ORIENTED_EDGE('',*,*,#660,.F.);
#1086=ORIENTED_EDGE('',*,*,#661,.T.);
#1087=ORIENTED_EDGE('',*,*,#810,.T.);
#1088=ORIENTED_EDGE('',*,*,#776,.T.);
#1089=ORIENTED_EDGE('',*,*,#811,.T.);
#1090=ORIENTED_EDGE('',*,*,#811,.F.);
#1091=ORIENTED_EDGE('',*,*,#775,.T.);
#1092=ORIENTED_EDGE('',*,*,#812,.F.);
#1093=ORIENTED_EDGE('',*,*,#662,.T.);
#1094=ORIENTED_EDGE('',*,*,#663,.T.);
#1095=ORIENTED_EDGE('',*,*,#812,.T.);
#1096=ORIENTED_EDGE('',*,*,#774,.T.);
#1097=ORIENTED_EDGE('',*,*,#649,.T.);
#1098=ORIENTED_EDGE('',*,*,#647,.F.);
#1099=ORIENTED_EDGE('',*,*,#655,.T.);
#1100=ORIENTED_EDGE('',*,*,#685,.T.);
#1101=ORIENTED_EDGE('',*,*,#711,.T.);
#1102=ORIENTED_EDGE('',*,*,#789,.T.);
#1103=ORIENTED_EDGE('',*,*,#667,.T.);
#1104=ORIENTED_EDGE('',*,*,#681,.T.);
#1105=ORIENTED_EDGE('',*,*,#813,.T.);
#1106=ORIENTED_EDGE('',*,*,#813,.F.);
#1107=ORIENTED_EDGE('',*,*,#680,.F.);
#1108=ORIENTED_EDGE('',*,*,#814,.F.);
#1109=ORIENTED_EDGE('',*,*,#790,.T.);
#1110=ORIENTED_EDGE('',*,*,#791,.T.);
#1111=ORIENTED_EDGE('',*,*,#814,.T.);
#1112=ORIENTED_EDGE('',*,*,#679,.T.);
#1113=ORIENTED_EDGE('',*,*,#799,.T.);
#1114=ORIENTED_EDGE('',*,*,#729,.F.);
#1115=ORIENTED_EDGE('',*,*,#815,.F.);
#1116=ORIENTED_EDGE('',*,*,#705,.F.);
#1117=ORIENTED_EDGE('',*,*,#816,.T.);
#1118=ORIENTED_EDGE('',*,*,#730,.F.);
#1119=ORIENTED_EDGE('',*,*,#816,.F.);
#1120=ORIENTED_EDGE('',*,*,#708,.F.);
#1121=ORIENTED_EDGE('',*,*,#817,.T.);
#1122=ORIENTED_EDGE('',*,*,#731,.F.);
#1123=ORIENTED_EDGE('',*,*,#817,.F.);
#1124=ORIENTED_EDGE('',*,*,#707,.F.);
#1125=ORIENTED_EDGE('',*,*,#818,.T.);
#1126=ORIENTED_EDGE('',*,*,#732,.F.);
#1127=ORIENTED_EDGE('',*,*,#818,.F.);
#1128=ORIENTED_EDGE('',*,*,#706,.F.);
#1129=ORIENTED_EDGE('',*,*,#815,.T.);
#1130=ORIENTED_EDGE('',*,*,#704,.F.);
#1131=ORIENTED_EDGE('',*,*,#819,.T.);
#1132=ORIENTED_EDGE('',*,*,#733,.F.);
#1133=ORIENTED_EDGE('',*,*,#819,.F.);
#1134=ORIENTED_EDGE('',*,*,#703,.F.);
#1135=ORIENTED_EDGE('',*,*,#820,.T.);
#1136=ORIENTED_EDGE('',*,*,#734,.F.);
#1137=ORIENTED_EDGE('',*,*,#820,.F.);
#1138=ORIENTED_EDGE('',*,*,#702,.F.);
#1139=ORIENTED_EDGE('',*,*,#821,.T.);
#1140=ORIENTED_EDGE('',*,*,#735,.F.);
#1141=ORIENTED_EDGE('',*,*,#821,.F.);
#1142=ORIENTED_EDGE('',*,*,#701,.F.);
#1143=ORIENTED_EDGE('',*,*,#822,.T.);
#1144=ORIENTED_EDGE('',*,*,#736,.F.);
#1145=ORIENTED_EDGE('',*,*,#822,.F.);
#1146=ORIENTED_EDGE('',*,*,#683,.F.);
#1147=ORIENTED_EDGE('',*,*,#700,.F.);
#1148=ORIENTED_EDGE('',*,*,#823,.F.);
#1149=ORIENTED_EDGE('',*,*,#716,.F.);
#1150=ORIENTED_EDGE('',*,*,#779,.T.);
#1151=ORIENTED_EDGE('',*,*,#751,.F.);
#1152=ORIENTED_EDGE('',*,*,#824,.F.);
#1153=ORIENTED_EDGE('',*,*,#781,.F.);
#1154=ORIENTED_EDGE('',*,*,#713,.F.);
#1155=ORIENTED_EDGE('',*,*,#718,.F.);
#1156=ORIENTED_EDGE('',*,*,#825,.F.);
#1157=ORIENTED_EDGE('',*,*,#698,.F.);
#1158=ORIENTED_EDGE('',*,*,#794,.F.);
#1159=ORIENTED_EDGE('',*,*,#690,.F.);
#1160=ORIENTED_EDGE('',*,*,#826,.F.);
#1161=ORIENTED_EDGE('',*,*,#725,.F.);
#1162=ORIENTED_EDGE('',*,*,#780,.T.);
#1163=ORIENTED_EDGE('',*,*,#726,.F.);
#1164=ORIENTED_EDGE('',*,*,#826,.T.);
#1165=ORIENTED_EDGE('',*,*,#689,.F.);
#1166=ORIENTED_EDGE('',*,*,#804,.F.);
#1167=ORIENTED_EDGE('',*,*,#827,.T.);
#1168=ORIENTED_EDGE('',*,*,#745,.F.);
#1169=ORIENTED_EDGE('',*,*,#827,.F.);
#1170=ORIENTED_EDGE('',*,*,#682,.F.);
#1171=ORIENTED_EDGE('',*,*,#828,.T.);
#1172=ORIENTED_EDGE('',*,*,#793,.F.);
#1173=ORIENTED_EDGE('',*,*,#828,.F.);
#1174=ORIENTED_EDGE('',*,*,#778,.F.);
#1175=ORIENTED_EDGE('',*,*,#829,.T.);
#1176=ORIENTED_EDGE('',*,*,#664,.F.);
#1177=ORIENTED_EDGE('',*,*,#829,.F.);
#1178=ORIENTED_EDGE('',*,*,#787,.F.);
#1179=ORIENTED_EDGE('',*,*,#830,.T.);
#1180=ORIENTED_EDGE('',*,*,#771,.F.);
#1181=ORIENTED_EDGE('',*,*,#830,.F.);
#1182=ORIENTED_EDGE('',*,*,#752,.F.);
#1183=ORIENTED_EDGE('',*,*,#782,.T.);
#1184=ORIENTED_EDGE('',*,*,#824,.T.);
#1185=ORIENTED_EDGE('',*,*,#750,.F.);
#1186=ORIENTED_EDGE('',*,*,#665,.F.);
#1187=ORIENTED_EDGE('',*,*,#673,.T.);
#1188=ORIENTED_EDGE('',*,*,#715,.T.);
#1189=ORIENTED_EDGE('',*,*,#738,.F.);
#1190=ORIENTED_EDGE('',*,*,#823,.T.);
#1191=ORIENTED_EDGE('',*,*,#699,.F.);
#1192=ORIENTED_EDGE('',*,*,#825,.T.);
#1193=ORIENTED_EDGE('',*,*,#717,.F.);
#1194=ORIENTED_EDGE('',*,*,#766,.F.);
#1195=ORIENTED_EDGE('',*,*,#807,.F.);
#1196=ORIENTED_EDGE('',*,*,#795,.T.);
#1197=ORIENTED_EDGE('',*,*,#724,.T.);
#1198=ORIENTED_EDGE('',*,*,#764,.F.);
#1199=PLANE('',#1329);
#1200=PLANE('',#1333);
#1201=PLANE('',#1335);
#1202=PLANE('',#1337);
#1203=PLANE('',#1341);
#1204=PLANE('',#1343);
#1205=PLANE('',#1345);
#1206=PLANE('',#1354);
#1207=PLANE('',#1357);
#1208=PLANE('',#1366);
#1209=PLANE('',#1369);
#1210=PLANE('',#1371);
#1211=PLANE('',#1376);
#1212=PLANE('',#1377);
#1213=PLANE('',#1381);
#1214=PLANE('',#1383);
#1215=PLANE('',#1385);
#1216=PLANE('',#1386);
#1217=PLANE('',#1391);
#1218=PLANE('',#1393);
#1219=PLANE('',#1394);
#1220=PLANE('',#1396);
#1221=PLANE('',#1397);
#1222=PLANE('',#1398);
#1223=PLANE('',#1399);
#1224=PLANE('',#1400);
#1225=PLANE('',#1401);
#1226=PLANE('',#1403);
#1227=PLANE('',#1404);
#1228=PLANE('',#1406);
#1229=PLANE('',#1407);
#1230=PLANE('',#1408);
#1231=PLANE('',#1409);
#1232=PLANE('',#1410);
#1233=PLANE('',#1411);
#1234=PLANE('',#1412);
#1235=PLANE('',#1413);
#1236=PLANE('',#1414);
#1237=PLANE('',#1422);
#1238=PLANE('',#1427);
#1239=PLANE('',#1428);
#1240=PLANE('',#1429);
#1241=ADVANCED_FACE('',(#129),#1199,.T.);
#1242=ADVANCED_FACE('',(#130),#109,.T.);
#1243=ADVANCED_FACE('',(#131),#1200,.T.);
#1244=ADVANCED_FACE('',(#132,#27),#1201,.F.);
#1245=ADVANCED_FACE('',(#133),#1202,.T.);
#1246=ADVANCED_FACE('',(#134),#110,.F.);
#1247=ADVANCED_FACE('',(#135),#1203,.T.);
#1248=ADVANCED_FACE('',(#136,#28),#1204,.T.);
#1249=ADVANCED_FACE('',(#137),#15,.T.);
#1250=ADVANCED_FACE('',(#138,#29,#30,#31,#32,#33),#1205,.T.);
#1251=ADVANCED_FACE('',(#139),#1206,.T.);
#1252=ADVANCED_FACE('',(#140),#111,.F.);
#1253=ADVANCED_FACE('',(#141),#16,.T.);
#1254=ADVANCED_FACE('',(#142,#34,#35,#36,#37,#38),#1207,.F.);
#1255=ADVANCED_FACE('',(#143),#1208,.T.);
#1256=ADVANCED_FACE('',(#144),#112,.T.);
#1257=ADVANCED_FACE('',(#145,#39),#1209,.F.);
#1258=ADVANCED_FACE('',(#146),#1210,.T.);
#1259=ADVANCED_FACE('',(#147),#113,.T.);
#1260=ADVANCED_FACE('',(#148),#1211,.T.);
#1261=ADVANCED_FACE('',(#149),#1212,.T.);
#1262=ADVANCED_FACE('',(#150),#114,.T.);
#1263=ADVANCED_FACE('',(#151),#1213,.T.);
#1264=ADVANCED_FACE('',(#152,#40),#1214,.F.);
#1265=ADVANCED_FACE('',(#153),#1215,.T.);
#1266=ADVANCED_FACE('',(#154,#41),#1216,.T.);
#1267=ADVANCED_FACE('',(#155),#115,.F.);
#1268=ADVANCED_FACE('',(#156),#116,.F.);
#1269=ADVANCED_FACE('',(#157,#42),#1217,.T.);
#1270=ADVANCED_FACE('',(#158),#1218,.T.);
#1271=ADVANCED_FACE('',(#159,#43),#1219,.F.);
#1272=ADVANCED_FACE('',(#160),#17,.T.);
#1273=ADVANCED_FACE('',(#161),#1220,.F.);
#1274=ADVANCED_FACE('',(#162),#1221,.F.);
#1275=ADVANCED_FACE('',(#163),#1222,.F.);
#1276=ADVANCED_FACE('',(#164),#1223,.T.);
#1277=ADVANCED_FACE('',(#165),#1224,.T.);
#1278=ADVANCED_FACE('',(#166,#44),#1225,.T.);
#1279=ADVANCED_FACE('',(#167),#18,.F.);
#1280=ADVANCED_FACE('',(#168),#1226,.T.);
#1281=ADVANCED_FACE('',(#169),#19,.F.);
#1282=ADVANCED_FACE('',(#170),#1227,.T.);
#1283=ADVANCED_FACE('',(#171),#20,.F.);
#1284=ADVANCED_FACE('',(#172),#1228,.T.);
#1285=ADVANCED_FACE('',(#173),#21,.F.);
#1286=ADVANCED_FACE('',(#174),#1229,.T.);
#1287=ADVANCED_FACE('',(#175),#22,.F.);
#1288=ADVANCED_FACE('',(#176),#1230,.T.);
#1289=ADVANCED_FACE('',(#177),#23,.F.);
#1290=ADVANCED_FACE('',(#178),#1231,.T.);
#1291=ADVANCED_FACE('',(#179),#24,.F.);
#1292=ADVANCED_FACE('',(#180),#1232,.T.);
#1293=ADVANCED_FACE('',(#181),#25,.F.);
#1294=ADVANCED_FACE('',(#182),#1233,.F.);
#1295=ADVANCED_FACE('',(#183),#1234,.F.);
#1296=ADVANCED_FACE('',(#184),#1235,.F.);
#1297=ADVANCED_FACE('',(#185),#1236,.F.);
#1298=ADVANCED_FACE('',(#186),#117,.F.);
#1299=ADVANCED_FACE('',(#187),#118,.F.);
#1300=ADVANCED_FACE('',(#188),#119,.F.);
#1301=ADVANCED_FACE('',(#189),#120,.F.);
#1302=ADVANCED_FACE('',(#190),#121,.F.);
#1303=ADVANCED_FACE('',(#191),#26,.T.);
#1304=ADVANCED_FACE('',(#192),#122,.F.);
#1305=ADVANCED_FACE('',(#193),#123,.F.);
#1306=ADVANCED_FACE('',(#194),#1237,.T.);
#1307=ADVANCED_FACE('',(#195),#124,.F.);
#1308=ADVANCED_FACE('',(#196),#125,.F.);
#1309=ADVANCED_FACE('',(#197),#126,.F.);
#1310=ADVANCED_FACE('',(#198),#127,.F.);
#1311=ADVANCED_FACE('',(#199),#1238,.T.);
#1312=ADVANCED_FACE('',(#200),#1239,.T.);
#1313=ADVANCED_FACE('',(#201),#1240,.T.);
#1314=ADVANCED_FACE('',(#202),#128,.F.);
#1315=CLOSED_SHELL('',(#1241,#1242,#1243,#1244,#1245,#1246,#1247,#1248,
#1249,#1250,#1251,#1252,#1253,#1254,#1255,#1256,#1257,#1258,#1259,#1260,
#1261,#1262,#1263,#1264,#1265,#1266,#1267,#1268,#1269,#1270,#1271,#1272,
#1273,#1274,#1275,#1276,#1277,#1278,#1279,#1280,#1281,#1282,#1283,#1284,
#1285,#1286,#1287,#1288,#1289,#1290,#1291,#1292,#1293,#1294,#1295,#1296,
#1297,#1298,#1299,#1300,#1301,#1302,#1303,#1304,#1305,#1306,#1307,#1308,
#1309,#1310,#1311,#1312,#1313,#1314));
#1316=DERIVED_UNIT_ELEMENT(#1318,1.);
#1317=DERIVED_UNIT_ELEMENT(#2933,-3.);
#1318=(
MASS_UNIT()
NAMED_UNIT(*)
SI_UNIT(.KILO.,.GRAM.)
);
#1319=DERIVED_UNIT((#1316,#1317));
#1320=MEASURE_REPRESENTATION_ITEM('density measure',
POSITIVE_RATIO_MEASURE(7850.),#1319);
#1321=PROPERTY_DEFINITION_REPRESENTATION(#1326,#1323);
#1322=PROPERTY_DEFINITION_REPRESENTATION(#1327,#1324);
#1323=REPRESENTATION('material name',(#1325),#2930);
#1324=REPRESENTATION('density',(#1320),#2930);
#1325=DESCRIPTIVE_REPRESENTATION_ITEM('Steel','Steel');
#1326=PROPERTY_DEFINITION('material property','material name',#2940);
#1327=PROPERTY_DEFINITION('material property','density of part',#2940);
#1328=AXIS2_PLACEMENT_3D('',#1757,#1431,#1432);
#1329=AXIS2_PLACEMENT_3D('',#1758,#1433,#1434);
#1330=AXIS2_PLACEMENT_3D('',#1767,#1439,#1440);
#1331=AXIS2_PLACEMENT_3D('',#1771,#1442,#1443);
#1332=AXIS2_PLACEMENT_3D('',#1781,#1445,#1446);
#1333=AXIS2_PLACEMENT_3D('',#1782,#1447,#1448);
#1334=AXIS2_PLACEMENT_3D('',#1786,#1450,#1451);
#1335=AXIS2_PLACEMENT_3D('',#1788,#1453,#1454);
#1336=AXIS2_PLACEMENT_3D('',#1840,#1458,#1459);
#1337=AXIS2_PLACEMENT_3D('',#1841,#1460,#1461);
#1338=AXIS2_PLACEMENT_3D('',#1850,#1466,#1467);
#1339=AXIS2_PLACEMENT_3D('',#1854,#1469,#1470);
#1340=AXIS2_PLACEMENT_3D('',#1868,#1472,#1473);
#1341=AXIS2_PLACEMENT_3D('',#1869,#1474,#1475);
#1342=AXIS2_PLACEMENT_3D('',#1873,#1477,#1478);
#1343=AXIS2_PLACEMENT_3D('',#1875,#1480,#1481);
#1344=AXIS2_PLACEMENT_3D('',#1927,#1485,#1486);
#1345=AXIS2_PLACEMENT_3D('',#1966,#1489,#1490);
#1346=AXIS2_PLACEMENT_3D('',#1972,#1493,#1494);
#1347=AXIS2_PLACEMENT_3D('',#1976,#1496,#1497);
#1348=AXIS2_PLACEMENT_3D('',#1991,#1505,#1506);
#1349=AXIS2_PLACEMENT_3D('',#1994,#1508,#1509);
#1350=AXIS2_PLACEMENT_3D('',#1996,#1510,#1511);
#1351=AXIS2_PLACEMENT_3D('',#1998,#1512,#1513);
#1352=AXIS2_PLACEMENT_3D('',#2000,#1514,#1515);
#1353=AXIS2_PLACEMENT_3D('',#2002,#1516,#1517);
#1354=AXIS2_PLACEMENT_3D('',#2011,#1522,#1523);
#1355=AXIS2_PLACEMENT_3D('',#2015,#1526,#1527);
#1356=AXIS2_PLACEMENT_3D('',#2016,#1528,#1529);
#1357=AXIS2_PLACEMENT_3D('',#2051,#1533,#1534);
#1358=AXIS2_PLACEMENT_3D('',#2053,#1535,#1536);
#1359=AXIS2_PLACEMENT_3D('',#2056,#1538,#1539);
#1360=AXIS2_PLACEMENT_3D('',#2070,#1546,#1547);
#1361=AXIS2_PLACEMENT_3D('',#2074,#1549,#1550);
#1362=AXIS2_PLACEMENT_3D('',#2085,#1556,#1557);
#1363=AXIS2_PLACEMENT_3D('',#2087,#1558,#1559);
#1364=AXIS2_PLACEMENT_3D('',#2089,#1560,#1561);
#1365=AXIS2_PLACEMENT_3D('',#2091,#1562,#1563);
#1366=AXIS2_PLACEMENT_3D('',#2092,#1564,#1565);
#1367=AXIS2_PLACEMENT_3D('',#2094,#1567,#1568);
#1368=AXIS2_PLACEMENT_3D('',#2095,#1569,#1570);
#1369=AXIS2_PLACEMENT_3D('',#2096,#1571,#1572);
#1370=AXIS2_PLACEMENT_3D('',#2152,#1577,#1578);
#1371=AXIS2_PLACEMENT_3D('',#2153,#1579,#1580);
#1372=AXIS2_PLACEMENT_3D('',#2156,#1582,#1583);
#1373=AXIS2_PLACEMENT_3D('',#2157,#1584,#1585);
#1374=AXIS2_PLACEMENT_3D('',#2158,#1586,#1587);
#1375=AXIS2_PLACEMENT_3D('',#2162,#1589,#1590);
#1376=AXIS2_PLACEMENT_3D('',#2169,#1591,#1592);
#1377=AXIS2_PLACEMENT_3D('',#2174,#1596,#1597);
#1378=AXIS2_PLACEMENT_3D('',#2183,#1602,#1603);
#1379=AXIS2_PLACEMENT_3D('',#2186,#1605,#1606);
#1380=AXIS2_PLACEMENT_3D('',#2198,#1607,#1608);
#1381=AXIS2_PLACEMENT_3D('',#2199,#1609,#1610);
#1382=AXIS2_PLACEMENT_3D('',#2202,#1612,#1613);
#1383=AXIS2_PLACEMENT_3D('',#2204,#1615,#1616);
#1384=AXIS2_PLACEMENT_3D('',#2256,#1620,#1621);
#1385=AXIS2_PLACEMENT_3D('',#2257,#1622,#1623);
#1386=AXIS2_PLACEMENT_3D('',#2261,#1626,#1627);
#1387=AXIS2_PLACEMENT_3D('',#2312,#1630,#1631);
#1388=AXIS2_PLACEMENT_3D('',#2313,#1632,#1633);
#1389=AXIS2_PLACEMENT_3D('',#2316,#1636,#1637);
#1390=AXIS2_PLACEMENT_3D('',#2328,#1638,#1639);
#1391=AXIS2_PLACEMENT_3D('',#2329,#1640,#1641);
#1392=AXIS2_PLACEMENT_3D('',#2380,#1644,#1645);
#1393=AXIS2_PLACEMENT_3D('',#2381,#1646,#1647);
#1394=AXIS2_PLACEMENT_3D('',#2383,#1649,#1650);
#1395=AXIS2_PLACEMENT_3D('',#2434,#1653,#1654);
#1396=AXIS2_PLACEMENT_3D('',#2472,#1657,#1658);
#1397=AXIS2_PLACEMENT_3D('',#2474,#1660,#1661);
#1398=AXIS2_PLACEMENT_3D('',#2476,#1663,#1664);
#1399=AXIS2_PLACEMENT_3D('',#2477,#1665,#1666);
#1400=AXIS2_PLACEMENT_3D('',#2479,#1668,#1669);
#1401=AXIS2_PLACEMENT_3D('',#2481,#1671,#1672);
#1402=AXIS2_PLACEMENT_3D('',#2530,#1674,#1675);
#1403=AXIS2_PLACEMENT_3D('',#2572,#1677,#1678);
#1404=AXIS2_PLACEMENT_3D('',#2614,#1680,#1681);
#1405=AXIS2_PLACEMENT_3D('',#2615,#1682,#1683);
#1406=AXIS2_PLACEMENT_3D('',#2657,#1685,#1686);
#1407=AXIS2_PLACEMENT_3D('',#2699,#1688,#1689);
#1408=AXIS2_PLACEMENT_3D('',#2742,#1692,#1693);
#1409=AXIS2_PLACEMENT_3D('',#2784,#1695,#1696);
#1410=AXIS2_PLACEMENT_3D('',#2826,#1698,#1699);
#1411=AXIS2_PLACEMENT_3D('',#2868,#1701,#1702);
#1412=AXIS2_PLACEMENT_3D('',#2871,#1705,#1706);
#1413=AXIS2_PLACEMENT_3D('',#2873,#1708,#1709);
#1414=AXIS2_PLACEMENT_3D('',#2875,#1711,#1712);
#1415=AXIS2_PLACEMENT_3D('',#2876,#1713,#1714);
#1416=AXIS2_PLACEMENT_3D('',#2878,#1716,#1717);
#1417=AXIS2_PLACEMENT_3D('',#2880,#1719,#1720);
#1418=AXIS2_PLACEMENT_3D('',#2882,#1722,#1723);
#1419=AXIS2_PLACEMENT_3D('',#2884,#1725,#1726);
#1420=AXIS2_PLACEMENT_3D('',#2911,#1729,#1730);
#1421=AXIS2_PLACEMENT_3D('',#2913,#1732,#1733);
#1422=AXIS2_PLACEMENT_3D('',#2915,#1735,#1736);
#1423=AXIS2_PLACEMENT_3D('',#2916,#1737,#1738);
#1424=AXIS2_PLACEMENT_3D('',#2918,#1740,#1741);
#1425=AXIS2_PLACEMENT_3D('',#2920,#1743,#1744);
#1426=AXIS2_PLACEMENT_3D('',#2922,#1746,#1747);
#1427=AXIS2_PLACEMENT_3D('',#2924,#1749,#1750);
#1428=AXIS2_PLACEMENT_3D('',#2925,#1751,#1752);
#1429=AXIS2_PLACEMENT_3D('',#2926,#1753,#1754);
#1430=AXIS2_PLACEMENT_3D('',#2927,#1755,#1756);
#1431=DIRECTION('axis',(0.,0.,1.));
#1432=DIRECTION('refdir',(1.,0.,0.));
#1433=DIRECTION('center_axis',(6.12323399573677E-17,-6.12323399573677E-17,
-1.));
#1434=DIRECTION('ref_axis',(6.12323399573677E-17,1.,-6.12323399573677E-17));
#1435=DIRECTION('',(1.,-6.12323399573677E-17,6.12323399573677E-17));
#1436=DIRECTION('',(-6.12323399573677E-17,-1.,6.12323399573677E-17));
#1437=DIRECTION('',(1.,-6.12323399573677E-17,6.12323399573677E-17));
#1438=DIRECTION('',(6.12323399573677E-17,1.,-6.12323399573677E-17));
#1439=DIRECTION('center_axis',(-6.12323399573677E-17,0.,1.));
#1440=DIRECTION('ref_axis',(0.,1.,0.));
#1441=DIRECTION('',(6.12323399573677E-17,-3.76216598883026E-19,-1.));
#1442=DIRECTION('center_axis',(-6.12323399573677E-17,0.,1.));
#1443=DIRECTION('ref_axis',(3.53133112143407E-15,1.,0.));
#1444=DIRECTION('',(6.12323399573677E-17,0.,-1.));
#1445=DIRECTION('center_axis',(6.12323399573677E-17,0.,-1.));
#1446=DIRECTION('ref_axis',(-1.,4.91732638859567E-15,0.));
#1447=DIRECTION('center_axis',(-6.12323399573677E-17,0.,1.));
#1448=DIRECTION('ref_axis',(1.,0.,6.12323399573677E-17));
#1449=DIRECTION('',(-1.,6.12323399573677E-17,-6.12323399573677E-17));
#1450=DIRECTION('center_axis',(-6.12323399573677E-17,0.,1.));
#1451=DIRECTION('ref_axis',(7.06266224286813E-15,1.,0.));
#1452=DIRECTION('',(0.,1.,0.));
#1453=DIRECTION('center_axis',(-1.,6.12323399573677E-17,-6.12323399573677E-17));
#1454=DIRECTION('ref_axis',(6.12323399573677E-17,1.,-6.12323399573677E-17));
#1455=DIRECTION('',(-6.12323399573677E-17,3.76216598883026E-19,1.));
#1456=DIRECTION('',(-6.12323399573677E-17,-1.,6.12323399573677E-17));
#1457=DIRECTION('',(-6.12323399573677E-17,6.12323399573677E-17,1.));
#1458=DIRECTION('center_axis',(-1.,6.12323399573677E-17,-6.12323399573677E-17));
#1459=DIRECTION('ref_axis',(-6.12323399573677E-17,6.12323399573677E-17,
1.));
#1460=DIRECTION('center_axis',(-6.12323399573677E-17,6.12323399573677E-17,
1.));
#1461=DIRECTION('ref_axis',(-6.12323399573677E-17,-1.,6.12323399573677E-17));
#1462=DIRECTION('',(-1.,6.12323399573677E-17,-6.12323399573677E-17));
#1463=DIRECTION('',(6.12323399573677E-17,1.,-6.12323399573677E-17));
#1464=DIRECTION('',(-1.,6.12323399573677E-17,-6.12323399573677E-17));
#1465=DIRECTION('',(6.12323399573677E-17,1.,-6.12323399573677E-17));
#1466=DIRECTION('center_axis',(-6.12323399573677E-17,0.,1.));
#1467=DIRECTION('ref_axis',(0.,1.,0.));
#1468=DIRECTION('',(-6.12323399573677E-17,3.76216598883026E-19,1.));
#1469=DIRECTION('center_axis',(-6.12323399573677E-17,0.,1.));
#1470=DIRECTION('ref_axis',(0.,1.,0.));
#1471=DIRECTION('',(-6.12323399573677E-17,0.,1.));
#1472=DIRECTION('center_axis',(6.12323399573677E-17,0.,-1.));
#1473=DIRECTION('ref_axis',(-1.,8.332136380676E-15,0.));
#1474=DIRECTION('center_axis',(6.12323399573677E-17,0.,-1.));
#1475=DIRECTION('ref_axis',(-1.,0.,-6.12323399573677E-17));
#1476=DIRECTION('',(1.,-6.12323399573677E-17,6.12323399573677E-17));
#1477=DIRECTION('center_axis',(6.12323399573677E-17,0.,-1.));
#1478=DIRECTION('ref_axis',(-1.,1.63910879619856E-15,0.));
#1479=DIRECTION('',(0.,-1.,0.));
#1480=DIRECTION('center_axis',(-1.,6.12323399573677E-17,-6.12323399573677E-17));
#1481=DIRECTION('ref_axis',(-6.12323399573677E-17,6.12323399573677E-17,
1.));
#1482=DIRECTION('',(6.12323399573677E-17,-3.76216598883026E-19,-1.));
#1483=DIRECTION('',(6.12323399573677E-17,1.,-6.12323399573677E-17));
#1484=DIRECTION('',(-6.12323399573677E-17,6.12323399573677E-17,1.));
#1485=DIRECTION('center_axis',(1.,-6.12323399573677E-17,6.12323399573677E-17));
#1486=DIRECTION('ref_axis',(-6.12323399573677E-17,6.12323399573677E-17,
1.));
#1487=DIRECTION('',(0.,-1.,0.));
#1488=DIRECTION('',(0.854850406459302,-0.51887453452291,5.23444907010099E-17));
#1489=DIRECTION('center_axis',(0.,1.,0.));
#1490=DIRECTION('ref_axis',(0.,0.,1.));
#1491=DIRECTION('',(-1.,0.,0.));
#1492=DIRECTION('',(0.,0.,1.));
#1493=DIRECTION('center_axis',(0.,-1.,0.));
#1494=DIRECTION('ref_axis',(0.,0.,1.));
#1495=DIRECTION('',(0.,0.,-1.));
#1496=DIRECTION('center_axis',(0.,-1.,0.));
#1497=DIRECTION('ref_axis',(0.,0.,1.));
#1498=DIRECTION('',(0.,0.,1.));
#1499=DIRECTION('',(1.,0.,-3.28692043842088E-32));
#1500=DIRECTION('',(0.,0.,1.));
#1501=DIRECTION('',(-1.,0.,0.));
#1502=DIRECTION('',(2.99175888741095E-16,0.,-1.));
#1503=DIRECTION('',(1.,0.,-3.28692043842088E-32));
#1504=DIRECTION('',(6.12323399573677E-17,0.,-1.));
#1505=DIRECTION('center_axis',(0.,-1.,0.));
#1506=DIRECTION('ref_axis',(0.,0.,1.));
#1507=DIRECTION('',(5.15293256231607E-33,0.,1.));
#1508=DIRECTION('center_axis',(0.,-1.,0.));
#1509=DIRECTION('ref_axis',(0.,0.,1.));
#1510=DIRECTION('center_axis',(0.,-1.,0.));
#1511=DIRECTION('ref_axis',(0.,0.,1.));
#1512=DIRECTION('center_axis',(0.,-1.,0.));
#1513=DIRECTION('ref_axis',(0.,0.,1.));
#1514=DIRECTION('center_axis',(0.,-1.,0.));
#1515=DIRECTION('ref_axis',(0.,0.,1.));
#1516=DIRECTION('center_axis',(0.,-1.,0.));
#1517=DIRECTION('ref_axis',(0.,0.,1.));
#1518=DIRECTION('',(0.,0.,-1.));
#1519=DIRECTION('',(1.,0.,0.));
#1520=DIRECTION('',(0.,0.,1.));
#1521=DIRECTION('',(-1.,0.,0.));
#1522=DIRECTION('center_axis',(0.,0.,1.));
#1523=DIRECTION('ref_axis',(1.,0.,0.));
#1524=DIRECTION('',(-1.,0.,0.));
#1525=DIRECTION('',(0.,-1.,0.));
#1526=DIRECTION('center_axis',(-6.12323399573677E-17,0.,1.));
#1527=DIRECTION('ref_axis',(0.,1.,0.));
#1528=DIRECTION('center_axis',(-6.12323399573677E-17,0.,1.));
#1529=DIRECTION('ref_axis',(-0.854850406459303,0.518874534522908,0.));
#1530=DIRECTION('',(-6.12323399573677E-17,0.,1.));
#1531=DIRECTION('',(0.,1.,0.));
#1532=DIRECTION('',(-0.854850406459305,0.518874534522905,-5.23444907010101E-17));
#1533=DIRECTION('center_axis',(0.,1.,0.));
#1534=DIRECTION('ref_axis',(1.,0.,0.));
#1535=DIRECTION('center_axis',(0.,1.,0.));
#1536=DIRECTION('ref_axis',(0.,0.,1.));
#1537=DIRECTION('',(-5.15293256231607E-33,0.,-1.));
#1538=DIRECTION('center_axis',(0.,1.,0.));
#1539=DIRECTION('ref_axis',(0.,0.,1.));
#1540=DIRECTION('',(-1.,0.,3.28692043842088E-32));
#1541=DIRECTION('',(-2.99175888741095E-16,0.,1.));
#1542=DIRECTION('',(1.,0.,0.));
#1543=DIRECTION('',(0.,0.,-1.));
#1544=DIRECTION('',(-1.,0.,3.28692043842088E-32));
#1545=DIRECTION('',(0.,0.,-1.));
#1546=DIRECTION('center_axis',(0.,1.,0.));
#1547=DIRECTION('ref_axis',(0.,0.,1.));
#1548=DIRECTION('',(0.,0.,1.));
#1549=DIRECTION('center_axis',(0.,1.,0.));
#1550=DIRECTION('ref_axis',(0.,0.,1.));
#1551=DIRECTION('',(0.,0.,-1.));
#1552=DIRECTION('',(0.,0.,1.));
#1553=DIRECTION('',(1.,0.,0.));
#1554=DIRECTION('',(0.,0.,-1.));
#1555=DIRECTION('',(-1.,0.,0.));
#1556=DIRECTION('center_axis',(0.,1.,0.));
#1557=DIRECTION('ref_axis',(0.,0.,1.));
#1558=DIRECTION('center_axis',(0.,1.,0.));
#1559=DIRECTION('ref_axis',(0.,0.,1.));
#1560=DIRECTION('center_axis',(0.,1.,0.));
#1561=DIRECTION('ref_axis',(0.,0.,1.));
#1562=DIRECTION('center_axis',(0.,1.,0.));
#1563=DIRECTION('ref_axis',(0.,0.,1.));
#1564=DIRECTION('center_axis',(2.97143477134031E-33,0.,-1.));
#1565=DIRECTION('ref_axis',(-1.,0.,-2.97143477134031E-33));
#1566=DIRECTION('',(0.,-1.,0.));
#1567=DIRECTION('center_axis',(-6.12323399573677E-17,0.,1.));
#1568=DIRECTION('ref_axis',(0.,1.,0.));
#1569=DIRECTION('center_axis',(6.12323399573677E-17,0.,-1.));
#1570=DIRECTION('ref_axis',(-1.,5.1905111879621E-15,0.));
#1571=DIRECTION('center_axis',(1.,5.39030285815812E-15,0.));
#1572=DIRECTION('ref_axis',(5.39030285815812E-15,-1.,0.));
#1573=DIRECTION('',(0.,0.,-1.));
#1574=DIRECTION('',(-5.39030285815812E-15,1.,0.));
#1575=DIRECTION('',(0.,0.,-1.));
#1576=DIRECTION('',(-5.39030285815812E-15,1.,0.));
#1577=DIRECTION('center_axis',(1.,5.39030285815812E-15,0.));
#1578=DIRECTION('ref_axis',(0.,0.,1.));
#1579=DIRECTION('center_axis',(0.,0.,1.));
#1580=DIRECTION('ref_axis',(1.,0.,0.));
#1581=DIRECTION('',(-1.,-5.39030285815812E-15,0.));
#1582=DIRECTION('center_axis',(0.,0.,1.));
#1583=DIRECTION('ref_axis',(1.,5.39539978748695E-15,0.));
#1584=DIRECTION('center_axis',(0.,0.,1.));
#1585=DIRECTION('ref_axis',(1.,5.32710358764525E-15,0.));
#1586=DIRECTION('center_axis',(0.,0.,-1.));
#1587=DIRECTION('ref_axis',(0.,1.,0.));
#1588=DIRECTION('',(0.,0.,1.));
#1589=DIRECTION('center_axis',(0.,0.,1.));
#1590=DIRECTION('ref_axis',(1.,5.39539978748695E-15,0.));
#1591=DIRECTION('center_axis',(0.,0.,-1.));
#1592=DIRECTION('ref_axis',(5.39030285815812E-15,-1.,0.));
#1593=DIRECTION('',(1.,5.39030285815812E-15,0.));
#1594=DIRECTION('',(-5.39030285815812E-15,1.,0.));
#1595=DIRECTION('',(1.,5.39030285815812E-15,0.));
#1596=DIRECTION('center_axis',(0.,0.,1.));
#1597=DIRECTION('ref_axis',(-5.39030285815812E-15,1.,0.));
#1598=DIRECTION('',(-1.,-5.39030285815812E-15,0.));
#1599=DIRECTION('',(5.39030285815812E-15,-1.,0.));
#1600=DIRECTION('',(-1.,-5.39030285815812E-15,0.));
#1601=DIRECTION('',(-5.39030285815812E-15,1.,0.));
#1602=DIRECTION('center_axis',(0.,0.,-1.));
#1603=DIRECTION('ref_axis',(0.,1.,0.));
#1604=DIRECTION('',(0.,0.,1.));
#1605=DIRECTION('center_axis',(0.,0.,-1.));
#1606=DIRECTION('ref_axis',(0.,1.,0.));
#1607=DIRECTION('center_axis',(0.,0.,1.));
#1608=DIRECTION('ref_axis',(1.,5.39539978748695E-15,0.));
#1609=DIRECTION('center_axis',(0.,0.,-1.));
#1610=DIRECTION('ref_axis',(-1.,0.,0.));
#1611=DIRECTION('',(1.,5.39030285815812E-15,0.));
#1612=DIRECTION('center_axis',(0.,0.,1.));
#1613=DIRECTION('ref_axis',(1.,5.32710358764525E-15,0.));
#1614=DIRECTION('',(0.,1.,0.));
#1615=DIRECTION('center_axis',(1.,5.39030285815812E-15,0.));
#1616=DIRECTION('ref_axis',(5.39030285815812E-15,-1.,0.));
#1617=DIRECTION('',(0.,0.,-1.));
#1618=DIRECTION('',(-5.39030285815812E-15,1.,3.28692043842088E-32));
#1619=DIRECTION('',(0.,0.,-1.));
#1620=DIRECTION('center_axis',(1.,5.39030285815812E-15,0.));
#1621=DIRECTION('ref_axis',(0.,0.,1.));
#1622=DIRECTION('center_axis',(0.,0.,1.));
#1623=DIRECTION('ref_axis',(5.39030285815812E-15,-1.,0.));
#1624=DIRECTION('',(-1.,-5.39030285815812E-15,0.));
#1625=DIRECTION('',(-5.39030285815812E-15,1.,0.));
#1626=DIRECTION('center_axis',(-1.,6.12323399573677E-17,-6.12323399573677E-17));
#1627=DIRECTION('ref_axis',(-6.12323399573677E-17,6.12323399573677E-17,
1.));
#1628=DIRECTION('',(6.12323399573677E-17,-6.12323399573677E-17,-1.));
#1629=DIRECTION('',(-6.12323399573677E-17,-1.,6.12323399573677E-17));
#1630=DIRECTION('center_axis',(1.,-6.12323399573677E-17,6.12323399573677E-17));
#1631=DIRECTION('ref_axis',(-6.12323399573677E-17,6.12323399573677E-17,
1.));
#1632=DIRECTION('center_axis',(0.,-1.,0.));
#1633=DIRECTION('ref_axis',(0.,0.,1.));
#1634=DIRECTION('',(0.,1.,0.));
#1635=DIRECTION('',(0.,-1.,0.));
#1636=DIRECTION('center_axis',(0.,0.,-1.));
#1637=DIRECTION('ref_axis',(0.,1.,0.));
#1638=DIRECTION('center_axis',(0.,0.,1.));
#1639=DIRECTION('ref_axis',(1.,5.32710358764525E-15,0.));
#1640=DIRECTION('center_axis',(1.,5.39030285815812E-15,0.));
#1641=DIRECTION('ref_axis',(0.,0.,1.));
#1642=DIRECTION('',(0.,0.,1.));
#1643=DIRECTION('',(5.39030285815812E-15,-1.,-3.28692043842088E-32));
#1644=DIRECTION('center_axis',(-1.,-5.39030285815812E-15,0.));
#1645=DIRECTION('ref_axis',(0.,0.,1.));
#1646=DIRECTION('center_axis',(2.97143477134031E-33,0.,-1.));
#1647=DIRECTION('ref_axis',(-1.,0.,-2.97143477134031E-33));
#1648=DIRECTION('',(0.,1.,0.));
#1649=DIRECTION('center_axis',(-1.,6.12323399573677E-17,-6.12323399573677E-17));
#1650=DIRECTION('ref_axis',(6.12323399573677E-17,1.,-6.12323399573677E-17));
#1651=DIRECTION('',(-6.12323399573677E-17,6.12323399573677E-17,1.));
#1652=DIRECTION('',(-6.12323399573677E-17,-1.,6.12323399573677E-17));
#1653=DIRECTION('center_axis',(-1.,6.12323399573677E-17,-6.12323399573677E-17));
#1654=DIRECTION('ref_axis',(-6.12323399573677E-17,6.12323399573677E-17,
1.));
#1655=DIRECTION('',(0.,-1.,0.));
#1656=DIRECTION('',(-0.854850406459302,-0.518874534522909,0.));
#1657=DIRECTION('center_axis',(1.,0.,0.));
#1658=DIRECTION('ref_axis',(0.,0.,1.));
#1659=DIRECTION('',(0.,-1.,0.));
#1660=DIRECTION('center_axis',(-1.,0.,-2.99175888741095E-16));
#1661=DIRECTION('ref_axis',(2.99175888741095E-16,0.,-1.));
#1662=DIRECTION('',(0.,-1.,0.));
#1663=DIRECTION('center_axis',(0.,0.,1.));
#1664=DIRECTION('ref_axis',(-1.,0.,0.));
#1665=DIRECTION('center_axis',(6.12323399573677E-17,-6.12323399573677E-17,
-1.));
#1666=DIRECTION('ref_axis',(-6.12323399573677E-17,-1.,6.12323399573677E-17));
#1667=DIRECTION('',(1.,-6.12323399573677E-17,6.12323399573677E-17));
#1668=DIRECTION('center_axis',(1.60169333407861E-47,-2.97143477134031E-33,
-1.));
#1669=DIRECTION('ref_axis',(-5.39030285815812E-15,1.,-2.97143477134031E-33));
#1670=DIRECTION('',(1.,5.39030285815812E-15,0.));
#1671=DIRECTION('center_axis',(1.,5.39030285815812E-15,0.));
#1672=DIRECTION('ref_axis',(0.,0.,1.));
#1673=DIRECTION('',(0.,0.,-1.));
#1674=DIRECTION('center_axis',(-1.,-5.39030285815812E-15,0.));
#1675=DIRECTION('ref_axis',(0.,0.,1.));
#1676=DIRECTION('',(-1.,-5.39030285815812E-15,0.));
#1677=DIRECTION('center_axis',(5.39030285815812E-15,-1.,0.));
#1678=DIRECTION('ref_axis',(0.,0.,1.));
#1679=DIRECTION('',(1.,5.39030285815812E-15,0.));
#1680=DIRECTION('center_axis',(0.,0.,1.));
#1681=DIRECTION('ref_axis',(1.,0.,0.));
#1682=DIRECTION('center_axis',(0.,0.,-1.));
#1683=DIRECTION('ref_axis',(0.854850406459298,0.518874534522916,0.));
#1684=DIRECTION('',(-1.,-5.39030285815812E-15,0.));
#1685=DIRECTION('center_axis',(5.39030285815812E-15,-1.,0.));
#1686=DIRECTION('ref_axis',(0.,0.,1.));
#1687=DIRECTION('',(1.,5.39030285815812E-15,0.));
#1688=DIRECTION('center_axis',(-6.12323399573677E-17,6.12323399573677E-17,
1.));
#1689=DIRECTION('ref_axis',(6.12323399573677E-17,1.,-6.12323399573677E-17));
#1690=DIRECTION('',(-1.,6.12323399573677E-17,-6.12323399573677E-17));
#1691=DIRECTION('',(1.,-6.12323399573677E-17,6.12323399573677E-17));
#1692=DIRECTION('center_axis',(-6.12323399573677E-17,-1.,6.12323399573677E-17));
#1693=DIRECTION('ref_axis',(6.12323399573677E-17,-6.12323399573677E-17,
-1.));
#1694=DIRECTION('',(-1.,6.12323399573677E-17,-6.12323399573677E-17));
#1695=DIRECTION('center_axis',(6.12323399573677E-17,0.,-1.));
#1696=DIRECTION('ref_axis',(-1.,0.,-6.12323399573677E-17));
#1697=DIRECTION('',(1.,-6.12323399573677E-17,6.12323399573677E-17));
#1698=DIRECTION('center_axis',(-6.12323399573677E-17,-1.,6.12323399573677E-17));
#1699=DIRECTION('ref_axis',(6.12323399573677E-17,-6.12323399573677E-17,
-1.));
#1700=DIRECTION('',(-1.,6.12323399573677E-17,-6.12323399573677E-17));
#1701=DIRECTION('center_axis',(-1.,0.,0.));
#1702=DIRECTION('ref_axis',(0.,0.,-1.));
#1703=DIRECTION('',(0.,-1.,0.));
#1704=DIRECTION('',(0.,-1.,0.));
#1705=DIRECTION('center_axis',(0.,0.,1.));
#1706=DIRECTION('ref_axis',(-1.,0.,0.));
#1707=DIRECTION('',(0.,-1.,0.));
#1708=DIRECTION('center_axis',(1.,0.,0.));
#1709=DIRECTION('ref_axis',(0.,0.,1.));
#1710=DIRECTION('',(0.,-1.,0.));
#1711=DIRECTION('center_axis',(0.,0.,-1.));
#1712=DIRECTION('ref_axis',(1.,0.,0.));
#1713=DIRECTION('center_axis',(0.,-1.,0.));
#1714=DIRECTION('ref_axis',(0.,0.,1.));
#1715=DIRECTION('',(0.,-1.,0.));
#1716=DIRECTION('center_axis',(0.,-1.,0.));
#1717=DIRECTION('ref_axis',(0.,0.,1.));
#1718=DIRECTION('',(0.,-1.,0.));
#1719=DIRECTION('center_axis',(0.,-1.,0.));
#1720=DIRECTION('ref_axis',(0.,0.,1.));
#1721=DIRECTION('',(0.,-1.,0.));
#1722=DIRECTION('center_axis',(0.,-1.,0.));
#1723=DIRECTION('ref_axis',(0.,0.,1.));
#1724=DIRECTION('',(0.,-1.,0.));
#1725=DIRECTION('center_axis',(0.,-1.,0.));
#1726=DIRECTION('ref_axis',(0.,0.,1.));
#1727=DIRECTION('',(0.,1.,0.));
#1728=DIRECTION('',(0.854850406459302,0.518874534522909,0.));
#1729=DIRECTION('center_axis',(0.,-1.,0.));
#1730=DIRECTION('ref_axis',(0.,0.,1.));
#1731=DIRECTION('',(0.,-1.,0.));
#1732=DIRECTION('center_axis',(0.,-1.,0.));
#1733=DIRECTION('ref_axis',(0.,0.,1.));
#1734=DIRECTION('',(0.,1.,0.));
#1735=DIRECTION('center_axis',(1.,0.,0.));
#1736=DIRECTION('ref_axis',(0.,0.,-1.));
#1737=DIRECTION('center_axis',(-1.,-5.39030285815812E-15,0.));
#1738=DIRECTION('ref_axis',(0.,0.,1.));
#1739=DIRECTION('',(-1.,-5.39030285815812E-15,0.));
#1740=DIRECTION('center_axis',(1.,-6.12323399573677E-17,6.12323399573677E-17));
#1741=DIRECTION('ref_axis',(-6.12323399573677E-17,6.12323399573677E-17,
1.));
#1742=DIRECTION('',(1.,-6.12323399573677E-17,6.12323399573677E-17));
#1743=DIRECTION('center_axis',(1.,-6.12323399573677E-17,6.12323399573677E-17));
#1744=DIRECTION('ref_axis',(-6.12323399573677E-17,6.12323399573677E-17,
1.));
#1745=DIRECTION('',(1.,-6.12323399573677E-17,6.12323399573677E-17));
#1746=DIRECTION('center_axis',(-1.,-5.39030285815812E-15,0.));
#1747=DIRECTION('ref_axis',(0.,0.,1.));
#1748=DIRECTION('',(-1.,-5.39030285815812E-15,0.));
#1749=DIRECTION('center_axis',(0.,0.,-1.));
#1750=DIRECTION('ref_axis',(-1.,0.,0.));
#1751=DIRECTION('center_axis',(-6.12323399573677E-17,0.,1.));
#1752=DIRECTION('ref_axis',(1.,0.,6.12323399573677E-17));
#1753=DIRECTION('center_axis',(-1.,0.,5.15293256231607E-33));
#1754=DIRECTION('ref_axis',(5.15293256231607E-33,0.,1.));
#1755=DIRECTION('center_axis',(0.,0.,-1.));
#1756=DIRECTION('ref_axis',(0.,1.,0.));
#1757=CARTESIAN_POINT('',(0.,0.,0.));
#1758=CARTESIAN_POINT('Origin',(-2.03200000000001,-13.717862142046,153.75));
#1759=CARTESIAN_POINT('',(-2.03200000000001,-1.01599999999999,153.75));
#1760=CARTESIAN_POINT('',(-1.01600000000001,-1.01599999999999,153.75));
#1761=CARTESIAN_POINT('',(-1.52400000000001,-1.01599999999999,153.75));
#1762=CARTESIAN_POINT('',(-1.01600000000001,-8.71786214204599,153.75));
#1763=CARTESIAN_POINT('',(-1.01600000000001,63.782137857954,153.75));
#1764=CARTESIAN_POINT('',(-2.03200000000001,-8.71786214204599,153.75));
#1765=CARTESIAN_POINT('',(-2.03200000000001,-8.71786214204599,153.75));
#1766=CARTESIAN_POINT('',(-2.03200000000001,-13.717862142046,153.75));
#1767=CARTESIAN_POINT('Origin',(-5.1664786839029E-15,-1.016,84.375));
#1768=CARTESIAN_POINT('',(-2.03200000000001,-1.01599999999999,168.75));
#1769=CARTESIAN_POINT('',(-2.032,-1.016,42.1875));
#1770=CARTESIAN_POINT('',(-5.1664786839029E-15,1.016,168.75));
#1771=CARTESIAN_POINT('Origin',(-1.03329573678058E-14,-1.016,168.75));
#1772=CARTESIAN_POINT('',(-4.33984209447843E-15,1.016,155.25));
#1773=CARTESIAN_POINT('',(0.,1.016,42.1875));
#1774=CARTESIAN_POINT('',(-1.73705602592531,0.0383530541505522,153.75));
#1775=CARTESIAN_POINT('Ctrl Pts',(-2.33065593962725E-15,1.016,155.25));
#1776=CARTESIAN_POINT('Ctrl Pts',(-0.467498906784197,1.016,155.25));
#1777=CARTESIAN_POINT('Ctrl Pts',(-1.21453633519717,0.702540215109697,155.053239664713));
#1778=CARTESIAN_POINT('Ctrl Pts',(-1.66723525246475,0.159757910125286,154.422368259565));
#1779=CARTESIAN_POINT('Ctrl Pts',(-1.73705602592531,0.0383530541505523,
153.974399475256));
#1780=CARTESIAN_POINT('Ctrl Pts',(-1.73705602592531,0.0383530541505522,
153.75));
#1781=CARTESIAN_POINT('Origin',(-9.41447226844528E-15,-1.016,153.75));
#1782=CARTESIAN_POINT('Origin',(-1.01600000000001,-1.01599999999999,168.75));
#1783=CARTESIAN_POINT('',(-1.01600000000001,-1.01599999999999,168.75));
#1784=CARTESIAN_POINT('',(-1.01600000000001,-1.01599999999999,168.75));
#1785=CARTESIAN_POINT('',(0.,0.,168.75));
#1786=CARTESIAN_POINT('Origin',(-1.03329573678058E-14,-1.016,168.75));
#1787=CARTESIAN_POINT('',(-5.1664786839029E-15,0.,168.75));
#1788=CARTESIAN_POINT('Origin',(-1.016,141.282137857954,84.375));
#1789=CARTESIAN_POINT('',(-1.016,-1.016,42.1875));
#1790=CARTESIAN_POINT('',(-1.01600000000001,-8.71786214204598,168.75));
#1791=CARTESIAN_POINT('',(-1.01599999999999,281.282137857954,168.75));
#1792=CARTESIAN_POINT('',(-1.01600000000001,-13.717862142046,163.75));
#1793=CARTESIAN_POINT('Ctrl Pts',(-1.01600000000001,-13.717862142046,163.75));
#1794=CARTESIAN_POINT('Ctrl Pts',(-1.01600000000001,-13.717862142046,164.123999125427));
#1795=CARTESIAN_POINT('Ctrl Pts',(-1.01600000000001,-13.7159596303198,164.49403748755));
#1796=CARTESIAN_POINT('Ctrl Pts',(-1.01600000000001,-13.6740306504206,164.862672663665));
#1797=CARTESIAN_POINT('Ctrl Pts',(-1.01600000000001,-13.6321016705214,165.231307839779));
#1798=CARTESIAN_POINT('Ctrl Pts',(-1.01600000000001,-13.5501462224492,165.598539829884));
#1799=CARTESIAN_POINT('Ctrl Pts',(-1.01600000000001,-13.4111148693347,165.957365120237));
#1800=CARTESIAN_POINT('Ctrl Pts',(-1.01600000000001,-13.2720835162202,166.316190410591));
#1801=CARTESIAN_POINT('Ctrl Pts',(-1.01600000000001,-13.0759762580634,166.666609001191));
#1802=CARTESIAN_POINT('Ctrl Pts',(-1.01600000000001,-12.828762261151,166.991050408348));
#1803=CARTESIAN_POINT('Ctrl Pts',(-1.01600000000001,-12.5815482642385,167.315491815506));
#1804=CARTESIAN_POINT('Ctrl Pts',(-1.01600000000001,-12.2832275285704,167.613956039219));
#1805=CARTESIAN_POINT('Ctrl Pts',(-1.01600000000001,-11.9589248916604,167.861024041782));
#1806=CARTESIAN_POINT('Ctrl Pts',(-1.01600000000001,-11.6346222547503,168.108092044345));
#1807=CARTESIAN_POINT('Ctrl Pts',(-1.01600000000001,-11.2843377165983,168.303763825757));
#1808=CARTESIAN_POINT('Ctrl Pts',(-1.01600000000001,-10.9255212325438,168.442733254335));
#1809=CARTESIAN_POINT('Ctrl Pts',(-1.01600000000001,-10.5667047484893,168.581702682913));
#1810=CARTESIAN_POINT('Ctrl Pts',(-1.01600000000001,-10.1993563185323,168.663969758656));
#1811=CARTESIAN_POINT('Ctrl Pts',(-1.01600000000001,-9.83064544827834,168.706044087928));
#1812=CARTESIAN_POINT('Ctrl Pts',(-1.01600000000001,-9.46193457802434,168.748118417199));
#1813=CARTESIAN_POINT('Ctrl Pts',(-1.01600000000001,-9.09186126747334,168.75));
#1814=CARTESIAN_POINT('Ctrl Pts',(-1.01600000000001,-8.71786214204598,168.75));
#1815=CARTESIAN_POINT('',(-1.01600000000001,-13.717862142046,158.75));
#1816=CARTESIAN_POINT('',(-1.01600000000001,-13.717862142046,126.5625));
#1817=CARTESIAN_POINT('Ctrl Pts',(-1.01600000000001,-8.71786214204598,153.75));
#1818=CARTESIAN_POINT('Ctrl Pts',(-1.01600000000001,-9.09186126747334,153.75));
#1819=CARTESIAN_POINT('Ctrl Pts',(-1.01600000000001,-9.4618997988689,153.751902454216));
#1820=CARTESIAN_POINT('Ctrl Pts',(-1.01600000000001,-9.83053510118494,153.793831442088));
#1821=CARTESIAN_POINT('Ctrl Pts',(-1.01600000000001,-10.199170403501,153.835760429961));
#1822=CARTESIAN_POINT('Ctrl Pts',(-1.01600000000001,-10.5664024767375,153.917715951489));
#1823=CARTESIAN_POINT('Ctrl Pts',(-1.01600000000001,-10.9252278464982,154.05674732343));
#1824=CARTESIAN_POINT('Ctrl Pts',(-1.01600000000001,-11.2840532162589,154.195778695371));
#1825=CARTESIAN_POINT('Ctrl Pts',(-1.01600000000001,-11.6344718825438,154.391885917725));
#1826=CARTESIAN_POINT('Ctrl Pts',(-1.01600000000001,-11.9589133599189,154.639099945732));
#1827=CARTESIAN_POINT('Ctrl Pts',(-1.01600000000001,-12.283354837294,154.886313973739));
#1828=CARTESIAN_POINT('Ctrl Pts',(-1.01600000000001,-12.5818191257593,155.1846348074));
#1829=CARTESIAN_POINT('Ctrl Pts',(-1.01600000000001,-12.8288871966092,155.508937527037));
#1830=CARTESIAN_POINT('Ctrl Pts',(-1.01600000000001,-13.0759552674591,155.833240246674));
#1831=CARTESIAN_POINT('Ctrl Pts',(-1.01600000000001,-13.2716271206935,156.183524852286));
#1832=CARTESIAN_POINT('Ctrl Pts',(-1.01600000000001,-13.4105965441375,156.542341353362));
#1833=CARTESIAN_POINT('Ctrl Pts',(-1.01600000000001,-13.5495659675814,156.901157854439));
#1834=CARTESIAN_POINT('Ctrl Pts',(-1.01600000000001,-13.6318329612347,157.26850625098));
#1835=CARTESIAN_POINT('Ctrl Pts',(-1.01600000000001,-13.6739070048509,157.637217006013));
#1836=CARTESIAN_POINT('Ctrl Pts',(-1.01600000000001,-13.715981048467,158.005927761047));
#1837=CARTESIAN_POINT('Ctrl Pts',(-1.01600000000001,-13.717862142046,158.376000874573));
#1838=CARTESIAN_POINT('Ctrl Pts',(-1.01600000000001,-13.717862142046,158.75));
#1839=CARTESIAN_POINT('',(-1.01600000000001,-6.217862142046,159.));
#1840=CARTESIAN_POINT('Origin',(-1.01600000000001,-6.217862142046,161.25));
#1841=CARTESIAN_POINT('Origin',(-2.032,1.28213785795401,15.));
#1842=CARTESIAN_POINT('',(-1.016,-1.01599999999999,15.));
#1843=CARTESIAN_POINT('',(-2.032,-1.01599999999999,15.));
#1844=CARTESIAN_POINT('',(-1.524,-1.01599999999999,15.));
#1845=CARTESIAN_POINT('',(-2.032,-8.71786214204599,15.));
#1846=CARTESIAN_POINT('',(-2.032,-13.717862142046,15.));
#1847=CARTESIAN_POINT('',(-1.016,-8.71786214204599,15.));
#1848=CARTESIAN_POINT('',(-2.032,-8.71786214204599,15.));
#1849=CARTESIAN_POINT('',(-1.016,71.282137857954,15.));
#1850=CARTESIAN_POINT('Origin',(-5.1664786839029E-15,-1.016,84.375));
#1851=CARTESIAN_POINT('',(-1.016,-1.016,1.40720358587143E-16));
#1852=CARTESIAN_POINT('',(-1.016,-1.016,42.1875));
#1853=CARTESIAN_POINT('',(0.,0.,6.90253292068385E-30));
#1854=CARTESIAN_POINT('Origin',(0.,-1.016,0.));
#1855=CARTESIAN_POINT('',(4.33984209447843E-15,0.,13.5));
#1856=CARTESIAN_POINT('',(0.,0.,42.1875));
#1857=CARTESIAN_POINT('',(-0.868528012962655,-0.488823472924729,15.));
#1858=CARTESIAN_POINT('Ctrl Pts',(2.35922392732846E-15,0.,13.5));
#1859=CARTESIAN_POINT('Ctrl Pts',(-0.155832968928063,4.85722573273506E-16,
13.5));
#1860=CARTESIAN_POINT('Ctrl Pts',(-0.311134982775848,-0.038587326488154,
13.551269598525));
#1861=CARTESIAN_POINT('Ctrl Pts',(-0.437647679357635,-0.0986766805608746,
13.6485865632066));
#1862=CARTESIAN_POINT('Ctrl Pts',(-0.564160375939423,-0.158766034633595,
13.7459035278881));
#1863=CARTESIAN_POINT('Ctrl Pts',(-0.661883755255215,-0.240357416290882,
13.8892678587261));
#1864=CARTESIAN_POINT('Ctrl Pts',(-0.73012725304209,-0.309484882748921,
14.0647402863701));
#1865=CARTESIAN_POINT('Ctrl Pts',(-0.832492499722403,-0.413176082435979,
14.327948927836));
#1866=CARTESIAN_POINT('Ctrl Pts',(-0.868528012962655,-0.488823472924729,
14.6634007871154));
#1867=CARTESIAN_POINT('Ctrl Pts',(-0.868528012962655,-0.488823472924729,
15.));
#1868=CARTESIAN_POINT('Origin',(-9.18485099360515E-16,-1.016,15.));
#1869=CARTESIAN_POINT('Origin',(-2.032,-1.016,0.));
#1870=CARTESIAN_POINT('',(-2.032,-1.016,7.850830119046E-17));
#1871=CARTESIAN_POINT('',(-1.016,-1.016,1.40720358587136E-16));
#1872=CARTESIAN_POINT('',(0.,1.016,9.20337722757847E-30));
#1873=CARTESIAN_POINT('Origin',(0.,-1.016,0.));
#1874=CARTESIAN_POINT('',(-5.2491592393165E-31,0.,0.));
#1875=CARTESIAN_POINT('Origin',(-2.032,141.282137857954,84.375));
#1876=CARTESIAN_POINT('',(-2.032,-1.016,42.1875));
#1877=CARTESIAN_POINT('',(-2.032,-8.71786214204599,5.50111342177001E-16));
#1878=CARTESIAN_POINT('',(-2.03199999999998,281.282137857954,-1.72072672454596E-14));
#1879=CARTESIAN_POINT('',(-2.032,-13.717862142046,5.));
#1880=CARTESIAN_POINT('Ctrl Pts',(-2.032,-13.717862142046,5.));
#1881=CARTESIAN_POINT('Ctrl Pts',(-2.032,-13.717862142046,4.62600087457264));
#1882=CARTESIAN_POINT('Ctrl Pts',(-2.032,-13.7161030762747,4.2559946524382));
#1883=CARTESIAN_POINT('Ctrl Pts',(-2.032,-13.6741073719905,3.88732505018246));
#1884=CARTESIAN_POINT('Ctrl Pts',(-2.032,-13.6321116677064,3.51865544792672));
#1885=CARTESIAN_POINT('Ctrl Pts',(-2.032,-13.5498793249094,3.15132246554968));
#1886=CARTESIAN_POINT('Ctrl Pts',(-2.032,-13.4108638345541,2.79248841753442));
#1887=CARTESIAN_POINT('Ctrl Pts',(-2.032,-13.2718483441989,2.43365436951916));
#1888=CARTESIAN_POINT('Ctrl Pts',(-2.032,-13.0760497062854,2.08331925586569));
#1889=CARTESIAN_POINT('Ctrl Pts',(-2.032,-12.828933096113,1.75896482131433));
#1890=CARTESIAN_POINT('Ctrl Pts',(-2.032,-12.5818164859407,1.43461038676297));
#1891=CARTESIAN_POINT('Ctrl Pts',(-2.032,-12.2833819035095,1.13623663131372));
#1892=CARTESIAN_POINT('Ctrl Pts',(-2.032,-11.9589620102077,0.889052774456028));
#1893=CARTESIAN_POINT('Ctrl Pts',(-2.032,-11.6345421169059,0.641868917598335));
#1894=CARTESIAN_POINT('Ctrl Pts',(-2.032,-11.2841369127336,0.445874959332193));
#1895=CARTESIAN_POINT('Ctrl Pts',(-2.032,-10.9253130757299,0.306872764619796));
#1896=CARTESIAN_POINT('Ctrl Pts',(-2.032,-10.5664892387262,0.1678705699074));
#1897=CARTESIAN_POINT('Ctrl Pts',(-2.032,-10.1992467688912,0.0858601387487481));
#1898=CARTESIAN_POINT('Ctrl Pts',(-2.032,-9.830589776078,0.0438924962718985));
#1899=CARTESIAN_POINT('Ctrl Pts',(-2.032,-9.46193278326479,0.00192485379504878));
#1900=CARTESIAN_POINT('Ctrl Pts',(-2.032,-9.09186126747336,1.07957834462172E-15));
#1901=CARTESIAN_POINT('Ctrl Pts',(-2.032,-8.71786214204601,3.39907768361732E-32));
#1902=CARTESIAN_POINT('',(-2.032,-13.717862142046,10.));
#1903=CARTESIAN_POINT('',(-2.032,-13.717862142046,8.56273041963829E-16));
#1904=CARTESIAN_POINT('Ctrl Pts',(-2.032,-8.71786214204599,15.));
#1905=CARTESIAN_POINT('Ctrl Pts',(-2.032,-9.09186126747335,15.));
#1906=CARTESIAN_POINT('Ctrl Pts',(-2.032,-9.46187875122786,14.998231581608));
#1907=CARTESIAN_POINT('Ctrl Pts',(-2.032,-9.83055343679264,14.9562315520829));
#1908=CARTESIAN_POINT('Ctrl Pts',(-2.032,-10.1992281223574,14.9142315225579));
#1909=CARTESIAN_POINT('Ctrl Pts',(-2.032,-10.5665600097325,14.8319998818997));
#1910=CARTESIAN_POINT('Ctrl Pts',(-2.032,-10.9253997709294,14.6929822401583));
#1911=CARTESIAN_POINT('Ctrl Pts',(-2.032,-11.2842395321263,14.5539645984169));
#1912=CARTESIAN_POINT('Ctrl Pts',(-2.032,-11.6345871671452,14.3581609555922));
#1913=CARTESIAN_POINT('Ctrl Pts',(-2.032,-11.9589484025411,14.1110417834955));
#1914=CARTESIAN_POINT('Ctrl Pts',(-2.032,-12.2833096379371,13.8639226113989));
#1915=CARTESIAN_POINT('Ctrl Pts',(-2.032,-12.5816844737102,13.5654879100304));
#1916=CARTESIAN_POINT('Ctrl Pts',(-2.032,-12.8288897623572,13.2410580817451));
#1917=CARTESIAN_POINT('Ctrl Pts',(-2.032,-13.0760950510041,12.9166282534598));
#1918=CARTESIAN_POINT('Ctrl Pts',(-2.032,-13.272130792525,12.5662032982577));
#1919=CARTESIAN_POINT('Ctrl Pts',(-2.032,-13.4110605668967,12.2074135533979));
#1920=CARTESIAN_POINT('Ctrl Pts',(-2.032,-13.5499903412684,11.848623808538));
#1921=CARTESIAN_POINT('Ctrl Pts',(-2.032,-13.6318141484909,11.4814692740204));
#1922=CARTESIAN_POINT('Ctrl Pts',(-2.032,-13.6737820986853,11.1128131032427));
#1923=CARTESIAN_POINT('Ctrl Pts',(-2.032,-13.7157500488797,10.7441569324651));
#1924=CARTESIAN_POINT('Ctrl Pts',(-2.032,-13.717862142046,10.3739991254274));
#1925=CARTESIAN_POINT('Ctrl Pts',(-2.032,-13.717862142046,10.));
#1926=CARTESIAN_POINT('',(-2.032,-6.21786214204599,5.25));
#1927=CARTESIAN_POINT('Origin',(-2.032,-6.21786214204599,7.5));
#1928=CARTESIAN_POINT('Ctrl Pts',(-2.33065593962725E-15,1.016,155.25));
#1929=CARTESIAN_POINT('Ctrl Pts',(-0.467498906784197,1.016,155.25));
#1930=CARTESIAN_POINT('Ctrl Pts',(-1.21453633519717,0.702540215109697,155.053239664713));
#1931=CARTESIAN_POINT('Ctrl Pts',(-1.66723525246475,0.159757910125286,154.422368259565));
#1932=CARTESIAN_POINT('Ctrl Pts',(-1.73705602592531,0.0383530541505523,
153.974399475256));
#1933=CARTESIAN_POINT('Ctrl Pts',(-1.73705602592531,0.0383530541505522,
153.75));
#1934=CARTESIAN_POINT('Ctrl Pts',(-3.5266000794196E-15,0.677333333333333,
155.25));
#1935=CARTESIAN_POINT('Ctrl Pts',(-0.389582422320166,0.677333333333335,
155.25));
#1936=CARTESIAN_POINT('Ctrl Pts',(-1.01211361266431,0.416116845924747,155.053239664713));
#1937=CARTESIAN_POINT('Ctrl Pts',(-1.38936271038729,-0.0362017415622613,
154.422368259565));
#1938=CARTESIAN_POINT('Ctrl Pts',(-1.44754668827109,-0.13737245487454,153.974399475256));
#1939=CARTESIAN_POINT('Ctrl Pts',(-1.44754668827109,-0.13737245487454,153.75));
#1940=CARTESIAN_POINT('Ctrl Pts',(-4.72254421921194E-15,0.338666666666667,
155.25));
#1941=CARTESIAN_POINT('Ctrl Pts',(-0.311665937856135,0.338666666666668,
155.25));
#1942=CARTESIAN_POINT('Ctrl Pts',(-0.809690890131452,0.129693476739798,
155.053239664713));
#1943=CARTESIAN_POINT('Ctrl Pts',(-1.11149016830983,-0.232161393249809,
154.422368259565));
#1944=CARTESIAN_POINT('Ctrl Pts',(-1.15803735061688,-0.313097963899632,
153.974399475256));
#1945=CARTESIAN_POINT('Ctrl Pts',(-1.15803735061688,-0.313097963899632,
153.75));
#1946=CARTESIAN_POINT('Ctrl Pts',(-5.91848835900429E-15,0.,155.25));
#1947=CARTESIAN_POINT('Ctrl Pts',(-0.233749453392103,8.25446719381721E-16,
155.25));
#1948=CARTESIAN_POINT('Ctrl Pts',(-0.607268167598591,-0.156729892445152,
155.053239664713));
#1949=CARTESIAN_POINT('Ctrl Pts',(-0.833617626232378,-0.428121044937357,
154.422368259565));
#1950=CARTESIAN_POINT('Ctrl Pts',(-0.86852801296266,-0.488823472924724,
153.974399475256));
#1951=CARTESIAN_POINT('Ctrl Pts',(-0.86852801296266,-0.488823472924724,
153.75));
#1952=CARTESIAN_POINT('',(-4.33984209447843E-15,0.,155.25));
#1953=CARTESIAN_POINT('',(-4.33984209447843E-15,0.508,155.25));
#1954=CARTESIAN_POINT('',(-0.86852801296266,-0.488823472924724,153.75));
#1955=CARTESIAN_POINT('Ctrl Pts',(-0.86852801296266,-0.488823472924724,
153.75));
#1956=CARTESIAN_POINT('Ctrl Pts',(-0.86852801296266,-0.488823472924724,
153.974399475256));
#1957=CARTESIAN_POINT('Ctrl Pts',(-0.851072819597519,-0.45847225893104,
154.198383867411));
#1958=CARTESIAN_POINT('Ctrl Pts',(-0.810009585967265,-0.404526487292455,
154.400500549938));
#1959=CARTESIAN_POINT('Ctrl Pts',(-0.768946352337011,-0.35058071565387,
154.602617232465));
#1960=CARTESIAN_POINT('Ctrl Pts',(-0.704275078441643,-0.273040386370383,
154.782866205364));
#1961=CARTESIAN_POINT('Ctrl Pts',(-0.605709319831384,-0.201439406009066,
154.92249724275));
#1962=CARTESIAN_POINT('Ctrl Pts',(-0.457860681915996,-0.0940379354670906,
155.131943798828));
#1963=CARTESIAN_POINT('Ctrl Pts',(-0.233749453392103,8.32667268468864E-16,
155.25));
#1964=CARTESIAN_POINT('Ctrl Pts',(-5.9184883590043E-15,0.,155.25));
#1965=CARTESIAN_POINT('',(-1.30279201944399,-0.225235209387086,153.75));
#1966=CARTESIAN_POINT('Origin',(140.,1.016,84.375));
#1967=CARTESIAN_POINT('',(280.,1.016,168.75));
#1968=CARTESIAN_POINT('',(0.,1.016,168.75));
#1969=CARTESIAN_POINT('',(280.,1.016,155.25));
#1970=CARTESIAN_POINT('',(280.,1.016,42.1875));
#1971=CARTESIAN_POINT('',(280.,1.016,152.25));
#1972=CARTESIAN_POINT('Origin',(280.,1.016,153.75));
#1973=CARTESIAN_POINT('',(280.,1.016,16.5));
#1974=CARTESIAN_POINT('',(280.,1.016,8.32001735975286E-31));
#1975=CARTESIAN_POINT('',(280.,1.016,13.5));
#1976=CARTESIAN_POINT('Origin',(280.,1.016,15.));
#1977=CARTESIAN_POINT('',(280.,1.016,1.16774872027068E-45));
#1978=CARTESIAN_POINT('',(280.,1.016,42.1875));
#1979=CARTESIAN_POINT('',(270.,1.016,1.77635683940025E-14));
#1980=CARTESIAN_POINT('',(280.,1.016,0.));
#1981=CARTESIAN_POINT('',(270.,1.016,118.75));
#1982=CARTESIAN_POINT('',(270.,1.016,42.1875));
#1983=CARTESIAN_POINT('',(167.44,1.016,118.75));
#1984=CARTESIAN_POINT('',(205.,1.016,118.75));
#1985=CARTESIAN_POINT('',(167.44,1.016,1.0506558586106E-14));
#1986=CARTESIAN_POINT('',(167.44,1.016,101.5625));
#1987=CARTESIAN_POINT('',(280.,1.016,0.));
#1988=CARTESIAN_POINT('',(4.33984209447843E-15,1.016,13.5));
#1989=CARTESIAN_POINT('',(0.,1.016,42.1875));
#1990=CARTESIAN_POINT('',(0.,1.016,16.5));
#1991=CARTESIAN_POINT('Origin',(0.,1.016,15.));
#1992=CARTESIAN_POINT('',(7.84533982612622E-31,1.016,152.25));
#1993=CARTESIAN_POINT('',(8.69557369890837E-31,1.016,168.75));
#1994=CARTESIAN_POINT('Origin',(0.,1.016,153.75));
#1995=CARTESIAN_POINT('',(159.94,1.016,3.3));
#1996=CARTESIAN_POINT('Origin',(159.94,1.016,5.));
#1997=CARTESIAN_POINT('',(5.,1.016,162.05));
#1998=CARTESIAN_POINT('Origin',(5.,1.016,163.75));
#1999=CARTESIAN_POINT('',(27.86,1.016,3.3));
#2000=CARTESIAN_POINT('Origin',(27.86,1.016,5.));
#2001=CARTESIAN_POINT('',(159.94,1.016,162.05));
#2002=CARTESIAN_POINT('Origin',(159.94,1.016,163.75));
#2003=CARTESIAN_POINT('',(35.36,1.016,152.44));
#2004=CARTESIAN_POINT('',(35.36,1.016,12.5));
#2005=CARTESIAN_POINT('',(35.36,1.016,118.4075));
#2006=CARTESIAN_POINT('',(152.44,1.016,12.5));
#2007=CARTESIAN_POINT('',(87.68,1.016,12.5));
#2008=CARTESIAN_POINT('',(152.44,1.016,152.44));
#2009=CARTESIAN_POINT('',(152.44,1.016,48.4375));
#2010=CARTESIAN_POINT('',(146.22,1.016,152.44));
#2011=CARTESIAN_POINT('Origin',(0.,0.,168.75));
#2012=CARTESIAN_POINT('',(280.,0.,168.75));
#2013=CARTESIAN_POINT('',(280.,0.,168.75));
#2014=CARTESIAN_POINT('',(280.,0.,168.75));
#2015=CARTESIAN_POINT('Origin',(-5.1664786839029E-15,-1.016,84.375));
#2016=CARTESIAN_POINT('Origin',(-9.41447226844528E-15,-1.016,153.75));
#2017=CARTESIAN_POINT('',(0.,0.,42.1875));
#2018=CARTESIAN_POINT('Ctrl Pts',(-1.73705602592531,0.0383530541505422,
15.));
#2019=CARTESIAN_POINT('Ctrl Pts',(-1.73705602592531,0.0383530541505422,
14.6634007871154));
#2020=CARTESIAN_POINT('Ctrl Pts',(-1.6169376484578,0.290511022446377,14.1043143549831));
#2021=CARTESIAN_POINT('Ctrl Pts',(-0.932873993247263,0.861650694047383,
13.6025391970501));
#2022=CARTESIAN_POINT('Ctrl Pts',(-0.311665937856125,1.016,13.5));
#2023=CARTESIAN_POINT('Ctrl Pts',(5.6174501580796E-15,1.016,13.5));
#2024=CARTESIAN_POINT('Ctrl Pts',(-1.44754668827109,-0.137372454874548,
15.));
#2025=CARTESIAN_POINT('Ctrl Pts',(-1.44754668827109,-0.137372454874548,
14.6634007871154));
#2026=CARTESIAN_POINT('Ctrl Pts',(-1.3474480403815,0.0727591853719811,14.1043143549831));
#2027=CARTESIAN_POINT('Ctrl Pts',(-0.77739499437272,0.548708911706152,13.6025391970501));
#2028=CARTESIAN_POINT('Ctrl Pts',(-0.259721614880104,0.677333333333334,
13.5));
#2029=CARTESIAN_POINT('Ctrl Pts',(4.54343570016226E-15,0.677333333333333,
13.5));
#2030=CARTESIAN_POINT('Ctrl Pts',(-1.15803735061687,-0.313097963899639,
15.));
#2031=CARTESIAN_POINT('Ctrl Pts',(-1.15803735061687,-0.313097963899639,
14.6634007871154));
#2032=CARTESIAN_POINT('Ctrl Pts',(-1.0779584323052,-0.144992651702415,14.1043143549831));
#2033=CARTESIAN_POINT('Ctrl Pts',(-0.621915995498175,0.235767129364922,
13.6025391970501));
#2034=CARTESIAN_POINT('Ctrl Pts',(-0.207777291904084,0.338666666666667,
13.5));
#2035=CARTESIAN_POINT('Ctrl Pts',(3.46942124224491E-15,0.338666666666667,
13.5));
#2036=CARTESIAN_POINT('Ctrl Pts',(-0.868528012962655,-0.488823472924729,
15.));
#2037=CARTESIAN_POINT('Ctrl Pts',(-0.868528012962655,-0.488823472924729,
14.6634007871154));
#2038=CARTESIAN_POINT('Ctrl Pts',(-0.808468824228902,-0.362744488776812,
14.1043143549831));
#2039=CARTESIAN_POINT('Ctrl Pts',(-0.466436996623632,-0.0771746529763087,
13.6025391970501));
#2040=CARTESIAN_POINT('Ctrl Pts',(-0.155832968928063,4.94193489120846E-16,
13.5));
#2041=CARTESIAN_POINT('Ctrl Pts',(2.39540678432757E-15,0.,13.5));
#2042=CARTESIAN_POINT('',(4.33984209447843E-15,0.508,13.5));
#2043=CARTESIAN_POINT('',(-1.73705602592531,0.0383530541505422,15.));
#2044=CARTESIAN_POINT('Ctrl Pts',(-1.73705602592531,0.0383530541505422,
15.));
#2045=CARTESIAN_POINT('Ctrl Pts',(-1.73705602592531,0.0383530541505422,
14.6634007871154));
#2046=CARTESIAN_POINT('Ctrl Pts',(-1.6169376484578,0.290511022446377,14.1043143549831));
#2047=CARTESIAN_POINT('Ctrl Pts',(-0.932873993247263,0.861650694047383,
13.6025391970501));
#2048=CARTESIAN_POINT('Ctrl Pts',(-0.311665937856125,1.016,13.5));
#2049=CARTESIAN_POINT('Ctrl Pts',(5.6174501580796E-15,1.016,13.5));
#2050=CARTESIAN_POINT('',(-1.30279201944398,-0.225235209387093,15.));
#2051=CARTESIAN_POINT('Origin',(140.,0.,84.375));
#2052=CARTESIAN_POINT('',(7.84533982612622E-31,0.,152.25));
#2053=CARTESIAN_POINT('Origin',(0.,0.,153.75));
#2054=CARTESIAN_POINT('',(0.,0.,16.5));
#2055=CARTESIAN_POINT('',(8.69557369890837E-31,0.,168.75));
#2056=CARTESIAN_POINT('Origin',(0.,0.,15.));
#2057=CARTESIAN_POINT('',(167.44,0.,1.0506558586106E-14));
#2058=CARTESIAN_POINT('',(210.,0.,0.));
#2059=CARTESIAN_POINT('',(167.44,0.,118.75));
#2060=CARTESIAN_POINT('',(167.44,0.,101.5625));
#2061=CARTESIAN_POINT('',(270.,0.,118.75));
#2062=CARTESIAN_POINT('',(205.,0.,118.75));
#2063=CARTESIAN_POINT('',(270.,0.,1.77635683940025E-14));
#2064=CARTESIAN_POINT('',(270.,0.,42.1875));
#2065=CARTESIAN_POINT('',(280.,0.,-2.30084430689462E-30));
#2066=CARTESIAN_POINT('',(210.,0.,0.));
#2067=CARTESIAN_POINT('',(280.,0.,13.5));
#2068=CARTESIAN_POINT('',(280.,0.,42.1875));
#2069=CARTESIAN_POINT('',(280.,0.,16.5));
#2070=CARTESIAN_POINT('Origin',(280.,0.,15.));
#2071=CARTESIAN_POINT('',(280.,0.,152.25));
#2072=CARTESIAN_POINT('',(280.,0.,8.32001735975286E-31));
#2073=CARTESIAN_POINT('',(280.,0.,155.25));
#2074=CARTESIAN_POINT('Origin',(280.,0.,153.75));
#2075=CARTESIAN_POINT('',(280.,0.,42.1875));
#2076=CARTESIAN_POINT('',(35.36,0.,12.5));
#2077=CARTESIAN_POINT('',(35.36,0.,152.44));
#2078=CARTESIAN_POINT('',(35.36,0.,118.4075));
#2079=CARTESIAN_POINT('',(152.44,0.,152.44));
#2080=CARTESIAN_POINT('',(146.22,0.,152.44));
#2081=CARTESIAN_POINT('',(152.44,0.,12.5));
#2082=CARTESIAN_POINT('',(152.44,0.,48.4375));
#2083=CARTESIAN_POINT('',(87.68,0.,12.5));
#2084=CARTESIAN_POINT('',(159.94,0.,162.05));
#2085=CARTESIAN_POINT('Origin',(159.94,0.,163.75));
#2086=CARTESIAN_POINT('',(27.86,0.,3.3));
#2087=CARTESIAN_POINT('Origin',(27.86,0.,5.));
#2088=CARTESIAN_POINT('',(5.,0.,162.05));
#2089=CARTESIAN_POINT('Origin',(5.,0.,163.75));
#2090=CARTESIAN_POINT('',(159.94,0.,3.3));
#2091=CARTESIAN_POINT('Origin',(159.94,0.,5.));
#2092=CARTESIAN_POINT('Origin',(280.,0.,8.32001735975286E-31));
#2093=CARTESIAN_POINT('',(167.44,0.508,0.));
#2094=CARTESIAN_POINT('Origin',(-5.1664786839029E-15,-1.016,84.375));
#2095=CARTESIAN_POINT('Origin',(-9.18485099360515E-16,-1.016,15.));
#2096=CARTESIAN_POINT('Origin',(281.015999999999,141.282137857954,84.375));
#2097=CARTESIAN_POINT('',(281.016,-1.01599999999998,168.75));
#2098=CARTESIAN_POINT('',(281.016,-1.01599999999998,153.75));
#2099=CARTESIAN_POINT('',(281.016,-1.01600000000001,42.1875));
#2100=CARTESIAN_POINT('',(281.016,-8.71786214204601,153.75));
#2101=CARTESIAN_POINT('',(281.016,71.282137857954,153.75));
#2102=CARTESIAN_POINT('',(281.016,-13.717862142046,158.75));
#2103=CARTESIAN_POINT('Ctrl Pts',(281.016,-13.717862142046,158.75));
#2104=CARTESIAN_POINT('Ctrl Pts',(281.016,-13.717862142046,158.376000874573));
#2105=CARTESIAN_POINT('Ctrl Pts',(281.016,-13.715958879233,158.005965299304));
#2106=CARTESIAN_POINT('Ctrl Pts',(281.016,-13.6740300564157,157.637332140817));
#2107=CARTESIAN_POINT('Ctrl Pts',(281.016,-13.6321012335984,157.268698982329));
#2108=CARTESIAN_POINT('Ctrl Pts',(281.016,-13.5501468507768,156.901468240624));
#2109=CARTESIAN_POINT('Ctrl Pts',(281.016,-13.411115796993,156.542644197219));
#2110=CARTESIAN_POINT('Ctrl Pts',(281.016,-13.2720847432092,156.183820153814));
#2111=CARTESIAN_POINT('Ctrl Pts',(281.016,-13.0759770184632,155.83340280871));
#2112=CARTESIAN_POINT('Ctrl Pts',(281.016,-12.8287634899143,155.508962460188));
#2113=CARTESIAN_POINT('Ctrl Pts',(281.016,-12.5815499613653,155.184522111666));
#2114=CARTESIAN_POINT('Ctrl Pts',(281.016,-12.2832306290134,154.886058759724));
#2115=CARTESIAN_POINT('Ctrl Pts',(281.016,-11.9589291767382,154.638991685505));
#2116=CARTESIAN_POINT('Ctrl Pts',(281.016,-11.6346277244631,154.391924611286));
#2117=CARTESIAN_POINT('Ctrl Pts',(281.016,-11.2843441522648,154.196253814789));
#2118=CARTESIAN_POINT('Ctrl Pts',(281.016,-10.925527897388,154.057284245988));
#2119=CARTESIAN_POINT('Ctrl Pts',(281.016,-10.5667116425112,153.918314677187));
#2120=CARTESIAN_POINT('Ctrl Pts',(281.016,-10.199362704956,153.836046336081));
#2121=CARTESIAN_POINT('Ctrl Pts',(281.016,-9.83065011119657,153.793967666784));
#2122=CARTESIAN_POINT('Ctrl Pts',(281.016,-9.46193751743711,153.751888997488));
#2123=CARTESIAN_POINT('Ctrl Pts',(281.016,-9.09186126747337,153.75));
#2124=CARTESIAN_POINT('Ctrl Pts',(281.016,-8.71786214204602,153.75));
#2125=CARTESIAN_POINT('',(281.016,-13.717862142046,163.75));
#2126=CARTESIAN_POINT('',(281.016,-13.717862142046,119.0625));
#2127=CARTESIAN_POINT('',(281.016,-8.71786214204601,168.75));
#2128=CARTESIAN_POINT('Ctrl Pts',(281.016,-8.71786214204601,168.75));
#2129=CARTESIAN_POINT('Ctrl Pts',(281.016,-9.09186126747337,168.75));
#2130=CARTESIAN_POINT('Ctrl Pts',(281.016,-9.46189680844397,168.748096729868));
#2131=CARTESIAN_POINT('Ctrl Pts',(281.016,-9.8305299426918,168.706167909244));
#2132=CARTESIAN_POINT('Ctrl Pts',(281.016,-10.1991630769396,168.664239088619));
#2133=CARTESIAN_POINT('Ctrl Pts',(281.016,-10.5663938044647,168.582284717502));
#2134=CARTESIAN_POINT('Ctrl Pts',(281.016,-10.9252178331256,168.443253667294));
#2135=CARTESIAN_POINT('Ctrl Pts',(281.016,-11.2840418617865,168.304222617086));
#2136=CARTESIAN_POINT('Ctrl Pts',(281.016,-11.6344591915833,168.108114887787));
#2137=CARTESIAN_POINT('Ctrl Pts',(281.016,-11.9588995280468,167.860901364564));
#2138=CARTESIAN_POINT('Ctrl Pts',(281.016,-12.2833398645103,167.613687841341));
#2139=CARTESIAN_POINT('Ctrl Pts',(281.016,-12.5818032076406,167.315368524194));
#2140=CARTESIAN_POINT('Ctrl Pts',(281.016,-12.8288702723626,166.991067084754));
#2141=CARTESIAN_POINT('Ctrl Pts',(281.016,-13.0759373370845,166.666765645314));
#2142=CARTESIAN_POINT('Ctrl Pts',(281.016,-13.2716081233981,166.31648208358));
#2143=CARTESIAN_POINT('Ctrl Pts',(281.016,-13.4105776944641,165.957665831025));
#2144=CARTESIAN_POINT('Ctrl Pts',(281.016,-13.5495472655302,165.598849578469));
#2145=CARTESIAN_POINT('Ctrl Pts',(281.016,-13.6318156213486,165.231500635092));
#2146=CARTESIAN_POINT('Ctrl Pts',(281.016,-13.6738943404776,164.862788021832));
#2147=CARTESIAN_POINT('Ctrl Pts',(281.016,-13.7159730596066,164.494075408571));
#2148=CARTESIAN_POINT('Ctrl Pts',(281.016,-13.717862142046,164.123999125427));
#2149=CARTESIAN_POINT('Ctrl Pts',(281.016,-13.717862142046,163.75));
#2150=CARTESIAN_POINT('',(281.016,1.28213785795399,168.75));
#2151=CARTESIAN_POINT('',(281.016,-6.21786214204601,159.));
#2152=CARTESIAN_POINT('Origin',(281.016,-6.21786214204601,161.25));
#2153=CARTESIAN_POINT('Origin',(282.032,-1.01599999999999,168.75));
#2154=CARTESIAN_POINT('',(282.032,-1.01599999999998,168.75));
#2155=CARTESIAN_POINT('',(281.016,-1.01599999999998,168.75));
#2156=CARTESIAN_POINT('Origin',(280.,-1.016,168.75));
#2157=CARTESIAN_POINT('Origin',(280.,-1.016,168.75));
#2158=CARTESIAN_POINT('Origin',(280.,-1.016,84.375));
#2159=CARTESIAN_POINT('',(282.032,-1.01599999999998,153.75));
#2160=CARTESIAN_POINT('',(282.032,-1.01600000000001,42.1875));
#2161=CARTESIAN_POINT('',(281.737056025925,0.0383530541505511,153.75));
#2162=CARTESIAN_POINT('Origin',(280.,-1.016,153.75));
#2163=CARTESIAN_POINT('Ctrl Pts',(281.737056025925,0.0383530541505511,153.75));
#2164=CARTESIAN_POINT('Ctrl Pts',(281.737056025925,0.0383530541505512,154.086599212885));
#2165=CARTESIAN_POINT('Ctrl Pts',(281.61802561985,0.291989709693114,154.645489431996));
#2166=CARTESIAN_POINT('Ctrl Pts',(280.933152108581,0.861587200930301,155.147314450655));
#2167=CARTESIAN_POINT('Ctrl Pts',(280.311665937856,1.016,155.25));
#2168=CARTESIAN_POINT('Ctrl Pts',(280.,1.016,155.25));
#2169=CARTESIAN_POINT('Origin',(282.032,1.28213785795399,153.75));
#2170=CARTESIAN_POINT('',(281.524,-1.01600000000001,153.75));
#2171=CARTESIAN_POINT('',(282.032,-8.71786214204601,153.75));
#2172=CARTESIAN_POINT('',(282.032,-13.717862142046,153.75));
#2173=CARTESIAN_POINT('',(282.032,-8.71786214204601,153.75));
#2174=CARTESIAN_POINT('Origin',(282.032,-13.717862142046,15.));
#2175=CARTESIAN_POINT('',(282.032,-1.01599999999998,15.));
#2176=CARTESIAN_POINT('',(281.016,-1.01599999999998,15.));
#2177=CARTESIAN_POINT('',(281.524,-1.01600000000001,15.));
#2178=CARTESIAN_POINT('',(281.016,-8.71786214204601,15.));
#2179=CARTESIAN_POINT('',(281.016,63.782137857954,15.));
#2180=CARTESIAN_POINT('',(282.032,-8.71786214204601,15.));
#2181=CARTESIAN_POINT('',(282.032,-8.71786214204601,15.));
#2182=CARTESIAN_POINT('',(282.032,-13.717862142046,15.));
#2183=CARTESIAN_POINT('Origin',(280.,-1.016,84.375));
#2184=CARTESIAN_POINT('',(282.032,-1.01599999999998,-7.55379629561768E-32));
#2185=CARTESIAN_POINT('',(282.032,-1.01600000000001,42.1875));
#2186=CARTESIAN_POINT('Origin',(280.,-1.016,0.));
#2187=CARTESIAN_POINT('',(281.737056025925,0.0383530541505511,15.));
#2188=CARTESIAN_POINT('Ctrl Pts',(280.,1.016,13.5));
#2189=CARTESIAN_POINT('Ctrl Pts',(280.467498906784,1.016,13.5));
#2190=CARTESIAN_POINT('Ctrl Pts',(280.915580760023,0.827753517037786,13.6180897074004));
#2191=CARTESIAN_POINT('Ctrl Pts',(281.211258282424,0.612924018500495,13.8275423514214));
#2192=CARTESIAN_POINT('Ctrl Pts',(281.408376630692,0.469704352808968,13.9671774474354));
#2193=CARTESIAN_POINT('Ctrl Pts',(281.53775972081,0.314670013528517,14.1474182930586));
#2194=CARTESIAN_POINT('Ctrl Pts',(281.619929569618,0.206832188863913,14.3495240623856));
#2195=CARTESIAN_POINT('Ctrl Pts',(281.702099418426,0.0989943641993087,14.5516298317127));
#2196=CARTESIAN_POINT('Ctrl Pts',(281.737056025925,0.0383530541505511,14.7756005247436));
#2197=CARTESIAN_POINT('Ctrl Pts',(281.737056025925,0.0383530541505511,15.));
#2198=CARTESIAN_POINT('Origin',(280.,-1.016,15.));
#2199=CARTESIAN_POINT('Origin',(281.016,-1.01599999999999,0.));
#2200=CARTESIAN_POINT('',(281.016,-1.01599999999998,-2.37638226985079E-30));
#2201=CARTESIAN_POINT('',(281.016,-1.01600000000001,8.38830502715744E-31));
#2202=CARTESIAN_POINT('Origin',(280.,-1.016,0.));
#2203=CARTESIAN_POINT('',(280.,0.,8.32001735975286E-31));
#2204=CARTESIAN_POINT('Origin',(281.015999999999,141.282137857954,84.375));
#2205=CARTESIAN_POINT('',(281.016,-1.01600000000001,42.1875));
#2206=CARTESIAN_POINT('',(281.016,-8.71786214204601,-2.62953635073671E-30));
#2207=CARTESIAN_POINT('',(281.016,71.282137857954,0.));
#2208=CARTESIAN_POINT('',(281.016,-13.717862142046,5.));
#2209=CARTESIAN_POINT('Ctrl Pts',(281.016,-13.717862142046,5.));
#2210=CARTESIAN_POINT('Ctrl Pts',(281.016,-13.717862142046,4.62600087457264));
#2211=CARTESIAN_POINT('Ctrl Pts',(281.016,-13.7159591212274,4.25596425915801));
#2212=CARTESIAN_POINT('Ctrl Pts',(281.016,-13.6740302346491,3.88733035940811));
#2213=CARTESIAN_POINT('Ctrl Pts',(281.016,-13.6321013480708,3.5186964596582));
#2214=CARTESIAN_POINT('Ctrl Pts',(281.016,-13.5501465957328,3.15146527557301));
#2215=CARTESIAN_POINT('Ctrl Pts',(281.016,-13.4111154323586,2.79264077870968));
#2216=CARTESIAN_POINT('Ctrl Pts',(281.016,-13.2720842689844,2.43381628184634));
#2217=CARTESIAN_POINT('Ctrl Pts',(281.016,-13.0759766945739,2.08339847220486));
#2218=CARTESIAN_POINT('Ctrl Pts',(281.016,-12.8287629998801,1.75895774780273));
#2219=CARTESIAN_POINT('Ctrl Pts',(281.016,-12.5815493051862,1.43451702340061));
#2220=CARTESIAN_POINT('Ctrl Pts',(281.016,-12.2832294902089,1.13605338423782));
#2221=CARTESIAN_POINT('Ctrl Pts',(281.016,-11.9589276305311,0.888986001919565));
#2222=CARTESIAN_POINT('Ctrl Pts',(281.016,-11.6346257708533,0.641918619601305));
#2223=CARTESIAN_POINT('Ctrl Pts',(281.016,-11.2843418664749,0.446247494127567));
#2224=CARTESIAN_POINT('Ctrl Pts',(281.016,-10.9255255360214,0.307277988453598));
#2225=CARTESIAN_POINT('Ctrl Pts',(281.016,-10.5667092055678,0.168308482779629));
#2226=CARTESIAN_POINT('Ctrl Pts',(281.016,-10.1993604490391,0.0860405969054309));
#2227=CARTESIAN_POINT('Ctrl Pts',(281.016,-9.83064846451546,0.0439634762105266));
#2228=CARTESIAN_POINT('Ctrl Pts',(281.016,-9.46193647999186,0.00188635551562246));
#2229=CARTESIAN_POINT('Ctrl Pts',(281.016,-9.09186126747337,1.25940924355916E-14));
#2230=CARTESIAN_POINT('Ctrl Pts',(281.016,-8.71786214204601,1.55691431968918E-14));
#2231=CARTESIAN_POINT('',(281.016,-13.717862142046,10.));
#2232=CARTESIAN_POINT('',(281.016,-13.717862142046,42.1875));
#2233=CARTESIAN_POINT('Ctrl Pts',(281.016,-8.71786214204601,15.));
#2234=CARTESIAN_POINT('Ctrl Pts',(281.016,-9.09186126747337,15.));
#2235=CARTESIAN_POINT('Ctrl Pts',(281.016,-9.46189781222113,14.9980969614441));
#2236=CARTESIAN_POINT('Ctrl Pts',(281.016,-9.83053166121142,14.9561680790216));
#2237=CARTESIAN_POINT('Ctrl Pts',(281.016,-10.1991655102017,14.9142391965991));
#2238=CARTESIAN_POINT('Ctrl Pts',(281.016,-10.5663966634345,14.8322844703101));
#2239=CARTESIAN_POINT('Ctrl Pts',(281.016,-10.9252211290825,14.693253314455));
#2240=CARTESIAN_POINT('Ctrl Pts',(281.016,-11.2840455947305,14.5542221585999));
#2241=CARTESIAN_POINT('Ctrl Pts',(281.016,-11.6344633727937,14.3581145731787));
#2242=CARTESIAN_POINT('Ctrl Pts',(281.016,-11.9589040710031,14.1109008900698));
#2243=CARTESIAN_POINT('Ctrl Pts',(281.016,-12.2833447692125,13.8636872069609));
#2244=CARTESIAN_POINT('Ctrl Pts',(281.016,-12.5818083875681,13.5653674261643));
#2245=CARTESIAN_POINT('Ctrl Pts',(281.016,-12.8288757476555,13.2410655953403));
#2246=CARTESIAN_POINT('Ctrl Pts',(281.016,-13.0759431077428,12.9167637645163));
#2247=CARTESIAN_POINT('Ctrl Pts',(281.016,-13.2716142095619,12.5664798836648));
#2248=CARTESIAN_POINT('Ctrl Pts',(281.016,-13.4105837191636,12.2076635586814));
#2249=CARTESIAN_POINT('Ctrl Pts',(281.016,-13.5495532287653,11.8488472336979));
#2250=CARTESIAN_POINT('Ctrl Pts',(281.016,-13.6318211461496,11.4814984645824));
#2251=CARTESIAN_POINT('Ctrl Pts',(281.016,-13.6738983744698,11.1127864375148));
#2252=CARTESIAN_POINT('Ctrl Pts',(281.016,-13.7159756027899,10.7440744104471));
#2253=CARTESIAN_POINT('Ctrl Pts',(281.016,-13.717862142046,10.3739991254274));
#2254=CARTESIAN_POINT('Ctrl Pts',(281.016,-13.717862142046,10.));
#2255=CARTESIAN_POINT('',(281.016,-6.21786214204601,5.25));
#2256=CARTESIAN_POINT('Origin',(281.016,-6.21786214204601,7.5));
#2257=CARTESIAN_POINT('Origin',(281.015999999998,281.282137857954,168.75));
#2258=CARTESIAN_POINT('',(282.032,-8.71786214204601,168.75));
#2259=CARTESIAN_POINT('',(281.524,-8.71786214204601,168.75));
#2260=CARTESIAN_POINT('',(282.031999999998,281.282137857954,168.75));
#2261=CARTESIAN_POINT('Origin',(-2.032,141.282137857954,84.375));
#2262=CARTESIAN_POINT('',(-2.03200000000001,-13.717862142046,158.75));
#2263=CARTESIAN_POINT('Ctrl Pts',(-2.03200000000001,-13.717862142046,158.75));
#2264=CARTESIAN_POINT('Ctrl Pts',(-2.03200000000001,-13.717862142046,158.376000874573));
#2265=CARTESIAN_POINT('Ctrl Pts',(-2.03200000000001,-13.715981048467,158.005927761047));
#2266=CARTESIAN_POINT('Ctrl Pts',(-2.03200000000001,-13.6739070048509,157.637217006013));
#2267=CARTESIAN_POINT('Ctrl Pts',(-2.03200000000001,-13.6318329612347,157.26850625098));
#2268=CARTESIAN_POINT('Ctrl Pts',(-2.03200000000001,-13.5495659675814,156.901157854439));
#2269=CARTESIAN_POINT('Ctrl Pts',(-2.03200000000001,-13.4105965441375,156.542341353362));
#2270=CARTESIAN_POINT('Ctrl Pts',(-2.03200000000001,-13.2716271206935,156.183524852286));
#2271=CARTESIAN_POINT('Ctrl Pts',(-2.03200000000001,-13.0759552674591,155.833240246674));
#2272=CARTESIAN_POINT('Ctrl Pts',(-2.03200000000001,-12.8288871966092,155.508937527037));
#2273=CARTESIAN_POINT('Ctrl Pts',(-2.03200000000001,-12.5818191257593,155.1846348074));
#2274=CARTESIAN_POINT('Ctrl Pts',(-2.03200000000001,-12.283354837294,154.886313973739));
#2275=CARTESIAN_POINT('Ctrl Pts',(-2.03200000000001,-11.9589133599189,154.639099945732));
#2276=CARTESIAN_POINT('Ctrl Pts',(-2.03200000000001,-11.6344718825438,154.391885917725));
#2277=CARTESIAN_POINT('Ctrl Pts',(-2.03200000000001,-11.2840532162589,154.195778695371));
#2278=CARTESIAN_POINT('Ctrl Pts',(-2.03200000000001,-10.9252278464982,154.05674732343));
#2279=CARTESIAN_POINT('Ctrl Pts',(-2.03200000000001,-10.5664024767375,153.917715951489));
#2280=CARTESIAN_POINT('Ctrl Pts',(-2.03200000000001,-10.199170403501,153.835760429961));
#2281=CARTESIAN_POINT('Ctrl Pts',(-2.03200000000001,-9.83053510118494,153.793831442088));
#2282=CARTESIAN_POINT('Ctrl Pts',(-2.03200000000001,-9.4618997988689,153.751902454216));
#2283=CARTESIAN_POINT('Ctrl Pts',(-2.03200000000001,-9.09186126747334,153.75));
#2284=CARTESIAN_POINT('Ctrl Pts',(-2.03200000000001,-8.71786214204598,153.75));
#2285=CARTESIAN_POINT('',(-2.03200000000001,-13.717862142046,163.75));
#2286=CARTESIAN_POINT('',(-2.03200000000001,-13.717862142046,168.75));
#2287=CARTESIAN_POINT('',(-2.03200000000001,-8.71786214204598,168.75));
#2288=CARTESIAN_POINT('Ctrl Pts',(-2.03200000000001,-8.71786214204598,168.75));
#2289=CARTESIAN_POINT('Ctrl Pts',(-2.03200000000001,-9.09186126747334,168.75));
#2290=CARTESIAN_POINT('Ctrl Pts',(-2.03200000000001,-9.46193457802434,168.748118417199));
#2291=CARTESIAN_POINT('Ctrl Pts',(-2.03200000000001,-9.83064544827834,168.706044087928));
#2292=CARTESIAN_POINT('Ctrl Pts',(-2.03200000000001,-10.1993563185323,168.663969758656));
#2293=CARTESIAN_POINT('Ctrl Pts',(-2.03200000000001,-10.5667047484893,168.581702682913));
#2294=CARTESIAN_POINT('Ctrl Pts',(-2.03200000000001,-10.9255212325438,168.442733254335));
#2295=CARTESIAN_POINT('Ctrl Pts',(-2.03200000000001,-11.2843377165983,168.303763825757));
#2296=CARTESIAN_POINT('Ctrl Pts',(-2.03200000000001,-11.6346222547503,168.108092044345));
#2297=CARTESIAN_POINT('Ctrl Pts',(-2.03200000000001,-11.9589248916604,167.861024041782));
#2298=CARTESIAN_POINT('Ctrl Pts',(-2.03200000000001,-12.2832275285704,167.613956039219));
#2299=CARTESIAN_POINT('Ctrl Pts',(-2.03200000000001,-12.5815482642385,167.315491815506));
#2300=CARTESIAN_POINT('Ctrl Pts',(-2.03200000000001,-12.828762261151,166.991050408348));
#2301=CARTESIAN_POINT('Ctrl Pts',(-2.03200000000001,-13.0759762580634,166.666609001191));
#2302=CARTESIAN_POINT('Ctrl Pts',(-2.03200000000001,-13.2720835162202,166.316190410591));
#2303=CARTESIAN_POINT('Ctrl Pts',(-2.03200000000001,-13.4111148693347,165.957365120237));
#2304=CARTESIAN_POINT('Ctrl Pts',(-2.03200000000001,-13.5501462224492,165.598539829884));
#2305=CARTESIAN_POINT('Ctrl Pts',(-2.03200000000001,-13.6321016705214,165.231307839779));
#2306=CARTESIAN_POINT('Ctrl Pts',(-2.03200000000001,-13.6740306504206,164.862672663665));
#2307=CARTESIAN_POINT('Ctrl Pts',(-2.03200000000001,-13.7159596303198,164.49403748755));
#2308=CARTESIAN_POINT('Ctrl Pts',(-2.03200000000001,-13.717862142046,164.123999125427));
#2309=CARTESIAN_POINT('Ctrl Pts',(-2.03200000000001,-13.717862142046,163.75));
#2310=CARTESIAN_POINT('',(-2.03200000000001,1.28213785795402,168.75));
#2311=CARTESIAN_POINT('',(-2.03200000000001,-6.217862142046,159.));
#2312=CARTESIAN_POINT('Origin',(-2.03200000000001,-6.217862142046,161.25));
#2313=CARTESIAN_POINT('Origin',(280.,0.508,153.75));
#2314=CARTESIAN_POINT('',(280.,0.508,155.25));
#2315=CARTESIAN_POINT('',(280.,0.508,152.25));
#2316=CARTESIAN_POINT('Origin',(280.,-1.016,84.375));
#2317=CARTESIAN_POINT('',(280.868528012963,-0.488823472924725,153.75));
#2318=CARTESIAN_POINT('Ctrl Pts',(280.,0.,155.25));
#2319=CARTESIAN_POINT('Ctrl Pts',(280.155832968928,0.,155.25));
#2320=CARTESIAN_POINT('Ctrl Pts',(280.311204511609,-0.0386031997674249,
155.198657225328));
#2321=CARTESIAN_POINT('Ctrl Pts',(280.437809819469,-0.0985903347395077,
155.101296549612));
#2322=CARTESIAN_POINT('Ctrl Pts',(280.564415127329,-0.158577469711591,155.003935873896));
#2323=CARTESIAN_POINT('Ctrl Pts',(280.662254200367,-0.239948539888332,154.860557297136));
#2324=CARTESIAN_POINT('Ctrl Pts',(280.730480076676,-0.309062114437781,154.685107716022));
#2325=CARTESIAN_POINT('Ctrl Pts',(280.83281889114,-0.412732476261956,154.421933344351));
#2326=CARTESIAN_POINT('Ctrl Pts',(280.868528012963,-0.488823472924725,154.086599212885));
#2327=CARTESIAN_POINT('Ctrl Pts',(280.868528012963,-0.488823472924725,153.75));
#2328=CARTESIAN_POINT('Origin',(280.,-1.016,153.75));
#2329=CARTESIAN_POINT('Origin',(282.031999999999,141.282137857954,84.375));
#2330=CARTESIAN_POINT('',(282.032,-13.717862142046,10.));
#2331=CARTESIAN_POINT('Ctrl Pts',(282.032,-13.717862142046,10.));
#2332=CARTESIAN_POINT('Ctrl Pts',(282.032,-13.717862142046,10.3739991254274));
#2333=CARTESIAN_POINT('Ctrl Pts',(282.032,-13.7159756027899,10.7440744104471));
#2334=CARTESIAN_POINT('Ctrl Pts',(282.032,-13.6738983744698,11.1127864375148));
#2335=CARTESIAN_POINT('Ctrl Pts',(282.032,-13.6318211461496,11.4814984645824));
#2336=CARTESIAN_POINT('Ctrl Pts',(282.032,-13.5495532287653,11.8488472336979));
#2337=CARTESIAN_POINT('Ctrl Pts',(282.032,-13.4105837191636,12.2076635586814));
#2338=CARTESIAN_POINT('Ctrl Pts',(282.032,-13.2716142095619,12.5664798836648));
#2339=CARTESIAN_POINT('Ctrl Pts',(282.032,-13.0759431077428,12.9167637645163));
#2340=CARTESIAN_POINT('Ctrl Pts',(282.032,-12.8288757476555,13.2410655953403));
#2341=CARTESIAN_POINT('Ctrl Pts',(282.032,-12.5818083875681,13.5653674261643));
#2342=CARTESIAN_POINT('Ctrl Pts',(282.032,-12.2833447692124,13.8636872069609));
#2343=CARTESIAN_POINT('Ctrl Pts',(282.032,-11.958904071003,14.1109008900698));
#2344=CARTESIAN_POINT('Ctrl Pts',(282.032,-11.6344633727936,14.3581145731787));
#2345=CARTESIAN_POINT('Ctrl Pts',(282.032,-11.2840455947305,14.5542221585999));
#2346=CARTESIAN_POINT('Ctrl Pts',(282.032,-10.9252211290825,14.693253314455));
#2347=CARTESIAN_POINT('Ctrl Pts',(282.032,-10.5663966634345,14.8322844703101));
#2348=CARTESIAN_POINT('Ctrl Pts',(282.032,-10.1991655102017,14.9142391965991));
#2349=CARTESIAN_POINT('Ctrl Pts',(282.032,-9.83053166121142,14.9561680790216));
#2350=CARTESIAN_POINT('Ctrl Pts',(282.032,-9.46189781222113,14.9980969614441));
#2351=CARTESIAN_POINT('Ctrl Pts',(282.032,-9.09186126747337,15.));
#2352=CARTESIAN_POINT('Ctrl Pts',(282.032,-8.71786214204601,15.));
#2353=CARTESIAN_POINT('',(282.032,-13.717862142046,5.));
#2354=CARTESIAN_POINT('',(282.032,-13.717862142046,-4.93038065763132E-31));
#2355=CARTESIAN_POINT('',(282.032,-8.71786214204601,-3.28692043842088E-31));
#2356=CARTESIAN_POINT('Ctrl Pts',(282.032,-8.71786214204601,1.55517959621321E-14));
#2357=CARTESIAN_POINT('Ctrl Pts',(282.032,-9.09186126747337,1.25854188182117E-14));
#2358=CARTESIAN_POINT('Ctrl Pts',(282.032,-9.46193647999185,0.00188635551562235));
#2359=CARTESIAN_POINT('Ctrl Pts',(282.032,-9.83064846451546,0.0439634762105265));
#2360=CARTESIAN_POINT('Ctrl Pts',(282.032,-10.1993604490391,0.0860405969054308));
#2361=CARTESIAN_POINT('Ctrl Pts',(282.032,-10.5667092055678,0.168308482779629));
#2362=CARTESIAN_POINT('Ctrl Pts',(282.032,-10.9255255360214,0.307277988453598));
#2363=CARTESIAN_POINT('Ctrl Pts',(282.032,-11.2843418664749,0.446247494127567));
#2364=CARTESIAN_POINT('Ctrl Pts',(282.032,-11.6346257708533,0.641918619601305));
#2365=CARTESIAN_POINT('Ctrl Pts',(282.032,-11.9589276305311,0.888986001919565));
#2366=CARTESIAN_POINT('Ctrl Pts',(282.032,-12.2832294902089,1.13605338423782));
#2367=CARTESIAN_POINT('Ctrl Pts',(282.032,-12.5815493051862,1.43451702340061));
#2368=CARTESIAN_POINT('Ctrl Pts',(282.032,-12.82876299988,1.75895774780273));
#2369=CARTESIAN_POINT('Ctrl Pts',(282.032,-13.0759766945739,2.08339847220486));
#2370=CARTESIAN_POINT('Ctrl Pts',(282.032,-13.2720842689843,2.43381628184634));
#2371=CARTESIAN_POINT('Ctrl Pts',(282.032,-13.4111154323586,2.79264077870968));
#2372=CARTESIAN_POINT('Ctrl Pts',(282.032,-13.5501465957328,3.15146527557301));
#2373=CARTESIAN_POINT('Ctrl Pts',(282.032,-13.6321013480708,3.5186964596582));
#2374=CARTESIAN_POINT('Ctrl Pts',(282.032,-13.6740302346491,3.88733035940811));
#2375=CARTESIAN_POINT('Ctrl Pts',(282.032,-13.7159591212274,4.25596425915801));
#2376=CARTESIAN_POINT('Ctrl Pts',(282.032,-13.717862142046,4.62600087457264));
#2377=CARTESIAN_POINT('Ctrl Pts',(282.032,-13.717862142046,5.));
#2378=CARTESIAN_POINT('',(282.032,1.28213785795399,0.));
#2379=CARTESIAN_POINT('',(282.032,-6.21786214204601,5.25));
#2380=CARTESIAN_POINT('Origin',(282.032,-6.21786214204601,7.5));
#2381=CARTESIAN_POINT('Origin',(280.,0.,8.32001735975286E-31));
#2382=CARTESIAN_POINT('',(270.,0.508,9.86076131526265E-31));
#2383=CARTESIAN_POINT('Origin',(-1.016,141.282137857954,84.375));
#2384=CARTESIAN_POINT('',(-1.016,-13.717862142046,10.));
#2385=CARTESIAN_POINT('Ctrl Pts',(-1.016,-13.717862142046,10.));
#2386=CARTESIAN_POINT('Ctrl Pts',(-1.016,-13.717862142046,10.3739991254274));
#2387=CARTESIAN_POINT('Ctrl Pts',(-1.016,-13.7157500488797,10.7441569324651));
#2388=CARTESIAN_POINT('Ctrl Pts',(-1.016,-13.6737820986853,11.1128131032427));
#2389=CARTESIAN_POINT('Ctrl Pts',(-1.016,-13.6318141484909,11.4814692740204));
#2390=CARTESIAN_POINT('Ctrl Pts',(-1.016,-13.5499903412684,11.848623808538));
#2391=CARTESIAN_POINT('Ctrl Pts',(-1.016,-13.4110605668967,12.2074135533979));
#2392=CARTESIAN_POINT('Ctrl Pts',(-1.016,-13.272130792525,12.5662032982577));
#2393=CARTESIAN_POINT('Ctrl Pts',(-1.016,-13.0760950510041,12.9166282534598));
#2394=CARTESIAN_POINT('Ctrl Pts',(-1.016,-12.8288897623572,13.2410580817451));
#2395=CARTESIAN_POINT('Ctrl Pts',(-1.016,-12.5816844737102,13.5654879100304));
#2396=CARTESIAN_POINT('Ctrl Pts',(-1.016,-12.2833096379371,13.8639226113989));
#2397=CARTESIAN_POINT('Ctrl Pts',(-1.016,-11.9589484025411,14.1110417834955));
#2398=CARTESIAN_POINT('Ctrl Pts',(-1.016,-11.6345871671452,14.3581609555922));
#2399=CARTESIAN_POINT('Ctrl Pts',(-1.016,-11.2842395321263,14.5539645984169));
#2400=CARTESIAN_POINT('Ctrl Pts',(-1.016,-10.9253997709294,14.6929822401583));
#2401=CARTESIAN_POINT('Ctrl Pts',(-1.016,-10.5665600097325,14.8319998818997));
#2402=CARTESIAN_POINT('Ctrl Pts',(-1.016,-10.1992281223574,14.9142315225579));
#2403=CARTESIAN_POINT('Ctrl Pts',(-1.016,-9.83055343679264,14.9562315520829));
#2404=CARTESIAN_POINT('Ctrl Pts',(-1.016,-9.46187875122786,14.998231581608));
#2405=CARTESIAN_POINT('Ctrl Pts',(-1.016,-9.09186126747335,15.));
#2406=CARTESIAN_POINT('Ctrl Pts',(-1.016,-8.71786214204599,15.));
#2407=CARTESIAN_POINT('',(-1.016,-13.717862142046,5.));
#2408=CARTESIAN_POINT('',(-1.016,-13.717862142046,49.6875));
#2409=CARTESIAN_POINT('',(-1.016,-8.71786214204599,6.12323399573684E-16));
#2410=CARTESIAN_POINT('Ctrl Pts',(-1.016,-8.71786214204601,1.11022302462516E-15));
#2411=CARTESIAN_POINT('Ctrl Pts',(-1.016,-9.09186126747336,2.18980136924687E-15));
#2412=CARTESIAN_POINT('Ctrl Pts',(-1.016,-9.46193278326479,0.00192485379504988));
#2413=CARTESIAN_POINT('Ctrl Pts',(-1.016,-9.830589776078,0.0438924962718996));
#2414=CARTESIAN_POINT('Ctrl Pts',(-1.016,-10.1992467688912,0.0858601387487493));
#2415=CARTESIAN_POINT('Ctrl Pts',(-1.016,-10.5664892387262,0.167870569907401));
#2416=CARTESIAN_POINT('Ctrl Pts',(-1.016,-10.9253130757299,0.306872764619798));
#2417=CARTESIAN_POINT('Ctrl Pts',(-1.016,-11.2841369127336,0.445874959332194));
#2418=CARTESIAN_POINT('Ctrl Pts',(-1.016,-11.6345421169059,0.641868917598336));
#2419=CARTESIAN_POINT('Ctrl Pts',(-1.016,-11.9589620102077,0.889052774456029));
#2420=CARTESIAN_POINT('Ctrl Pts',(-1.016,-12.2833819035095,1.13623663131372));
#2421=CARTESIAN_POINT('Ctrl Pts',(-1.016,-12.5818164859407,1.43461038676297));
#2422=CARTESIAN_POINT('Ctrl Pts',(-1.016,-12.828933096113,1.75896482131433));
#2423=CARTESIAN_POINT('Ctrl Pts',(-1.016,-13.0760497062854,2.08331925586569));
#2424=CARTESIAN_POINT('Ctrl Pts',(-1.016,-13.2718483441989,2.43365436951916));
#2425=CARTESIAN_POINT('Ctrl Pts',(-1.016,-13.4108638345541,2.79248841753442));
#2426=CARTESIAN_POINT('Ctrl Pts',(-1.016,-13.5498793249094,3.15132246554968));
#2427=CARTESIAN_POINT('Ctrl Pts',(-1.016,-13.6321116677064,3.51865544792672));
#2428=CARTESIAN_POINT('Ctrl Pts',(-1.016,-13.6741073719905,3.88732505018246));
#2429=CARTESIAN_POINT('Ctrl Pts',(-1.016,-13.7161030762747,4.2559946524382));
#2430=CARTESIAN_POINT('Ctrl Pts',(-1.016,-13.717862142046,4.62600087457264));
#2431=CARTESIAN_POINT('Ctrl Pts',(-1.016,-13.717862142046,5.));
#2432=CARTESIAN_POINT('',(-1.01599999999999,211.282137857954,-1.28587913910472E-14));
#2433=CARTESIAN_POINT('',(-1.016,-6.21786214204599,5.25));
#2434=CARTESIAN_POINT('Origin',(-1.016,-6.21786214204599,7.5));
#2435=CARTESIAN_POINT('Ctrl Pts',(280.,1.016,13.5));
#2436=CARTESIAN_POINT('Ctrl Pts',(280.467498906784,1.016,13.5));
#2437=CARTESIAN_POINT('Ctrl Pts',(281.214301995515,0.702255861729643,13.6968161790007));
#2438=CARTESIAN_POINT('Ctrl Pts',(281.667142810927,0.159635674248066,14.3276591386818));
#2439=CARTESIAN_POINT('Ctrl Pts',(281.737056025925,0.0383530541505511,14.7756005247436));
#2440=CARTESIAN_POINT('Ctrl Pts',(281.737056025925,0.0383530541505511,15.));
#2441=CARTESIAN_POINT('Ctrl Pts',(280.,0.677333333333333,13.5));
#2442=CARTESIAN_POINT('Ctrl Pts',(280.38958242232,0.677333333333333,13.5));
#2443=CARTESIAN_POINT('Ctrl Pts',(281.011918329596,0.415879884774703,13.6968161790007));
#2444=CARTESIAN_POINT('Ctrl Pts',(281.389285675773,-0.0363036047932786,
14.3276591386818));
#2445=CARTESIAN_POINT('Ctrl Pts',(281.447546688271,-0.137372454874541,14.7756005247436));
#2446=CARTESIAN_POINT('Ctrl Pts',(281.447546688271,-0.137372454874541,15.));
#2447=CARTESIAN_POINT('Ctrl Pts',(280.,0.338666666666667,13.5));
#2448=CARTESIAN_POINT('Ctrl Pts',(280.311665937856,0.338666666666667,13.5));
#2449=CARTESIAN_POINT('Ctrl Pts',(280.809534663677,0.129503907819762,13.6968161790007));
#2450=CARTESIAN_POINT('Ctrl Pts',(281.111428540618,-0.232242883834623,14.3276591386818));
#2451=CARTESIAN_POINT('Ctrl Pts',(281.158037350617,-0.313097963899633,14.7756005247436));
#2452=CARTESIAN_POINT('Ctrl Pts',(281.158037350617,-0.313097963899633,15.));
#2453=CARTESIAN_POINT('Ctrl Pts',(280.,0.,13.5));
#2454=CARTESIAN_POINT('Ctrl Pts',(280.233749453392,0.,13.5));
#2455=CARTESIAN_POINT('Ctrl Pts',(280.607150997758,-0.156872069135178,13.6968161790007));
#2456=CARTESIAN_POINT('Ctrl Pts',(280.833571405464,-0.428182162875967,14.3276591386818));
#2457=CARTESIAN_POINT('Ctrl Pts',(280.868528012963,-0.488823472924725,14.7756005247436));
#2458=CARTESIAN_POINT('Ctrl Pts',(280.868528012963,-0.488823472924725,15.));
#2459=CARTESIAN_POINT('',(280.,0.508,13.5));
#2460=CARTESIAN_POINT('',(280.868528012963,-0.488823472924725,15.));
#2461=CARTESIAN_POINT('Ctrl Pts',(280.868528012963,-0.488823472924724,15.));
#2462=CARTESIAN_POINT('Ctrl Pts',(280.868528012963,-0.488823472924724,14.7756005247436));
#2463=CARTESIAN_POINT('Ctrl Pts',(280.851049709213,-0.458502817900346,14.5516298317127));
#2464=CARTESIAN_POINT('Ctrl Pts',(280.809964784809,-0.404583905568044,14.3495240623856));
#2465=CARTESIAN_POINT('Ctrl Pts',(280.768879860405,-0.350664993235742,14.1474182930586));
#2466=CARTESIAN_POINT('Ctrl Pts',(280.704188315346,-0.273147823595516,13.9671774474354));
#2467=CARTESIAN_POINT('Ctrl Pts',(280.605629141212,-0.201537990749753,13.8275423514214));
#2468=CARTESIAN_POINT('Ctrl Pts',(280.457790380011,-0.0941232414811069,
13.6180897074004));
#2469=CARTESIAN_POINT('Ctrl Pts',(280.233749453392,0.,13.5));
#2470=CARTESIAN_POINT('Ctrl Pts',(280.,0.,13.5));
#2471=CARTESIAN_POINT('',(281.302792019444,-0.225235209387087,15.));
#2472=CARTESIAN_POINT('Origin',(270.,1.016,1.77635683940025E-14));
#2473=CARTESIAN_POINT('',(270.,1.016,118.75));
#2474=CARTESIAN_POINT('Origin',(167.44,1.016,118.75));
#2475=CARTESIAN_POINT('',(167.44,1.016,118.75));
#2476=CARTESIAN_POINT('Origin',(270.,1.016,118.75));
#2477=CARTESIAN_POINT('Origin',(-1.01599999999998,281.282137857954,-1.71450551880629E-14));
#2478=CARTESIAN_POINT('',(-1.524,-8.71786214204599,5.81217370875334E-16));
#2479=CARTESIAN_POINT('Origin',(281.016,1.28213785795399,8.32001735975286E-31));
#2480=CARTESIAN_POINT('',(281.524,-8.71786214204601,0.));
#2481=CARTESIAN_POINT('Origin',(282.031999999999,141.282137857954,84.375));
#2482=CARTESIAN_POINT('',(282.032,-13.717862142046,163.75));
#2483=CARTESIAN_POINT('Ctrl Pts',(282.032,-13.717862142046,163.75));
#2484=CARTESIAN_POINT('Ctrl Pts',(282.032,-13.717862142046,164.123999125427));
#2485=CARTESIAN_POINT('Ctrl Pts',(282.032,-13.7159730596065,164.494075408571));
#2486=CARTESIAN_POINT('Ctrl Pts',(282.032,-13.6738943404776,164.862788021832));
#2487=CARTESIAN_POINT('Ctrl Pts',(282.032,-13.6318156213486,165.231500635092));
#2488=CARTESIAN_POINT('Ctrl Pts',(282.032,-13.5495472655302,165.598849578469));
#2489=CARTESIAN_POINT('Ctrl Pts',(282.032,-13.4105776944641,165.957665831025));
#2490=CARTESIAN_POINT('Ctrl Pts',(282.032,-13.2716081233981,166.31648208358));
#2491=CARTESIAN_POINT('Ctrl Pts',(282.032,-13.0759373370845,166.666765645314));
#2492=CARTESIAN_POINT('Ctrl Pts',(282.032,-12.8288702723626,166.991067084754));
#2493=CARTESIAN_POINT('Ctrl Pts',(282.032,-12.5818032076406,167.315368524194));
#2494=CARTESIAN_POINT('Ctrl Pts',(282.032,-12.2833398645103,167.613687841341));
#2495=CARTESIAN_POINT('Ctrl Pts',(282.032,-11.9588995280468,167.860901364564));
#2496=CARTESIAN_POINT('Ctrl Pts',(282.032,-11.6344591915833,168.108114887787));
#2497=CARTESIAN_POINT('Ctrl Pts',(282.032,-11.2840418617865,168.304222617086));
#2498=CARTESIAN_POINT('Ctrl Pts',(282.032,-10.9252178331256,168.443253667294));
#2499=CARTESIAN_POINT('Ctrl Pts',(282.032,-10.5663938044647,168.582284717502));
#2500=CARTESIAN_POINT('Ctrl Pts',(282.032,-10.1991630769396,168.664239088619));
#2501=CARTESIAN_POINT('Ctrl Pts',(282.032,-9.83052994269179,168.706167909244));
#2502=CARTESIAN_POINT('Ctrl Pts',(282.032,-9.46189680844396,168.748096729868));
#2503=CARTESIAN_POINT('Ctrl Pts',(282.032,-9.09186126747336,168.75));
#2504=CARTESIAN_POINT('Ctrl Pts',(282.032,-8.717862142046,168.75));
#2505=CARTESIAN_POINT('',(282.032,-13.717862142046,158.75));
#2506=CARTESIAN_POINT('',(282.032,-13.717862142046,168.75));
#2507=CARTESIAN_POINT('Ctrl Pts',(282.032,-8.71786214204601,153.75));
#2508=CARTESIAN_POINT('Ctrl Pts',(282.032,-9.09186126747337,153.75));
#2509=CARTESIAN_POINT('Ctrl Pts',(282.032,-9.4619375174371,153.751888997488));
#2510=CARTESIAN_POINT('Ctrl Pts',(282.032,-9.83065011119657,153.793967666784));
#2511=CARTESIAN_POINT('Ctrl Pts',(282.032,-10.199362704956,153.836046336081));
#2512=CARTESIAN_POINT('Ctrl Pts',(282.032,-10.5667116425112,153.918314677187));
#2513=CARTESIAN_POINT('Ctrl Pts',(282.032,-10.925527897388,154.057284245988));
#2514=CARTESIAN_POINT('Ctrl Pts',(282.032,-11.2843441522648,154.196253814789));
#2515=CARTESIAN_POINT('Ctrl Pts',(282.032,-11.6346277244631,154.391924611286));
#2516=CARTESIAN_POINT('Ctrl Pts',(282.032,-11.9589291767382,154.638991685505));
#2517=CARTESIAN_POINT('Ctrl Pts',(282.032,-12.2832306290134,154.886058759724));
#2518=CARTESIAN_POINT('Ctrl Pts',(282.032,-12.5815499613653,155.184522111666));
#2519=CARTESIAN_POINT('Ctrl Pts',(282.032,-12.8287634899143,155.508962460188));
#2520=CARTESIAN_POINT('Ctrl Pts',(282.032,-13.0759770184632,155.83340280871));
#2521=CARTESIAN_POINT('Ctrl Pts',(282.032,-13.2720847432092,156.183820153814));
#2522=CARTESIAN_POINT('Ctrl Pts',(282.032,-13.411115796993,156.542644197219));
#2523=CARTESIAN_POINT('Ctrl Pts',(282.032,-13.5501468507768,156.901468240624));
#2524=CARTESIAN_POINT('Ctrl Pts',(282.032,-13.6321012335984,157.268698982329));
#2525=CARTESIAN_POINT('Ctrl Pts',(282.032,-13.6740300564157,157.637332140817));
#2526=CARTESIAN_POINT('Ctrl Pts',(282.032,-13.715958879233,158.005965299304));
#2527=CARTESIAN_POINT('Ctrl Pts',(282.032,-13.717862142046,158.376000874573));
#2528=CARTESIAN_POINT('Ctrl Pts',(282.032,-13.717862142046,158.75));
#2529=CARTESIAN_POINT('',(282.032,-6.21786214204601,159.));
#2530=CARTESIAN_POINT('Origin',(282.032,-6.21786214204601,161.25));
#2531=CARTESIAN_POINT('Ctrl Pts',(282.032,-13.717862142046,5.));
#2532=CARTESIAN_POINT('Ctrl Pts',(281.693333333333,-13.717862142046,5.));
#2533=CARTESIAN_POINT('Ctrl Pts',(281.354666666667,-13.717862142046,5.));
#2534=CARTESIAN_POINT('Ctrl Pts',(281.016,-13.717862142046,5.));
#2535=CARTESIAN_POINT('Ctrl Pts',(282.032,-13.717862142046,4.62600087457264));
#2536=CARTESIAN_POINT('Ctrl Pts',(281.693333333333,-13.717862142046,4.62600087457264));
#2537=CARTESIAN_POINT('Ctrl Pts',(281.354666666667,-13.717862142046,4.62600087457264));
#2538=CARTESIAN_POINT('Ctrl Pts',(281.016,-13.717862142046,4.62600087457264));
#2539=CARTESIAN_POINT('Ctrl Pts',(282.032,-13.7140561004088,3.88592764374339));
#2540=CARTESIAN_POINT('Ctrl Pts',(281.693333333333,-13.7140561004088,3.88592764374339));
#2541=CARTESIAN_POINT('Ctrl Pts',(281.354666666667,-13.7140561004088,3.88592764374339));
#2542=CARTESIAN_POINT('Ctrl Pts',(281.016,-13.7140561004088,3.88592764374339));
#2543=CARTESIAN_POINT('Ctrl Pts',(282.032,-13.4681918433948,2.78423409148782));
#2544=CARTESIAN_POINT('Ctrl Pts',(281.693333333333,-13.4681918433948,2.78423409148782));
#2545=CARTESIAN_POINT('Ctrl Pts',(281.354666666667,-13.4681918433948,2.78423409148782));
#2546=CARTESIAN_POINT('Ctrl Pts',(281.016,-13.4681918433948,2.78423409148782));
#2547=CARTESIAN_POINT('Ctrl Pts',(282.032,-12.8798691201635,1.73298066256339));
#2548=CARTESIAN_POINT('Ctrl Pts',(281.693333333333,-12.8798691201635,1.73298066256339));
#2549=CARTESIAN_POINT('Ctrl Pts',(281.354666666667,-12.8798691201635,1.73298066256339));
#2550=CARTESIAN_POINT('Ctrl Pts',(281.016,-12.8798691201635,1.73298066256339));
#2551=CARTESIAN_POINT('Ctrl Pts',(282.032,-11.9849096752317,0.837589745075044));
#2552=CARTESIAN_POINT('Ctrl Pts',(281.693333333333,-11.9849096752317,0.837589745075044));
#2553=CARTESIAN_POINT('Ctrl Pts',(281.354666666667,-11.9849096752317,0.837589745075044));
#2554=CARTESIAN_POINT('Ctrl Pts',(281.016,-11.9849096752317,0.837589745075044));
#2555=CARTESIAN_POINT('Ctrl Pts',(282.032,-10.9340579620965,0.250576368653828));
#2556=CARTESIAN_POINT('Ctrl Pts',(281.693333333333,-10.9340579620965,0.250576368653828));
#2557=CARTESIAN_POINT('Ctrl Pts',(281.354666666667,-10.9340579620965,0.250576368653828));
#2558=CARTESIAN_POINT('Ctrl Pts',(281.016,-10.9340579620965,0.250576368653828));
#2559=CARTESIAN_POINT('Ctrl Pts',(282.032,-9.83201169251034,0.00377271103123212));
#2560=CARTESIAN_POINT('Ctrl Pts',(281.693333333333,-9.83201169251034,0.00377271103123212));
#2561=CARTESIAN_POINT('Ctrl Pts',(281.354666666667,-9.83201169251034,0.00377271103123229));
#2562=CARTESIAN_POINT('Ctrl Pts',(281.016,-9.83201169251034,0.00377271103123229));
#2563=CARTESIAN_POINT('Ctrl Pts',(282.032,-9.09186126747337,1.25825276124184E-14));
#2564=CARTESIAN_POINT('Ctrl Pts',(281.693333333333,-9.09186126747337,1.25825276124184E-14));
#2565=CARTESIAN_POINT('Ctrl Pts',(281.354666666667,-9.09186126747337,1.25825276124184E-14));
#2566=CARTESIAN_POINT('Ctrl Pts',(281.016,-9.09186126747337,1.25825276124184E-14));
#2567=CARTESIAN_POINT('Ctrl Pts',(282.032,-8.71786214204601,1.55431223447522E-14));
#2568=CARTESIAN_POINT('Ctrl Pts',(281.693333333333,-8.71786214204601,1.55431223447522E-14));
#2569=CARTESIAN_POINT('Ctrl Pts',(281.354666666667,-8.71786214204601,1.55431223447522E-14));
#2570=CARTESIAN_POINT('Ctrl Pts',(281.016,-8.71786214204601,1.55431223447522E-14));
#2571=CARTESIAN_POINT('',(281.524,-13.717862142046,5.));
#2572=CARTESIAN_POINT('Origin',(282.032,-13.717862142046,-4.93038065763132E-31));
#2573=CARTESIAN_POINT('',(282.032,-13.717862142046,10.));
#2574=CARTESIAN_POINT('Ctrl Pts',(282.032,-8.71786214204601,15.));
#2575=CARTESIAN_POINT('Ctrl Pts',(281.693333333333,-8.71786214204601,15.));
#2576=CARTESIAN_POINT('Ctrl Pts',(281.354666666667,-8.71786214204601,15.));
#2577=CARTESIAN_POINT('Ctrl Pts',(281.016,-8.71786214204601,15.));
#2578=CARTESIAN_POINT('Ctrl Pts',(282.032,-9.09186126747337,15.));
#2579=CARTESIAN_POINT('Ctrl Pts',(281.693333333333,-9.09186126747337,15.));
#2580=CARTESIAN_POINT('Ctrl Pts',(281.354666666667,-9.09186126747337,15.));
#2581=CARTESIAN_POINT('Ctrl Pts',(281.016,-9.09186126747337,15.));
#2582=CARTESIAN_POINT('Ctrl Pts',(282.032,-9.83193435696889,14.9961939228881));
#2583=CARTESIAN_POINT('Ctrl Pts',(281.693333333333,-9.83193435696889,14.9961939228881));
#2584=CARTESIAN_POINT('Ctrl Pts',(281.354666666667,-9.83193435696889,14.9961939228881));
#2585=CARTESIAN_POINT('Ctrl Pts',(281.016,-9.83193435696889,14.9961939228881));
#2586=CARTESIAN_POINT('Ctrl Pts',(282.032,-10.9336278166674,14.7503297440211));
#2587=CARTESIAN_POINT('Ctrl Pts',(281.693333333333,-10.9336278166674,14.7503297440211));
#2588=CARTESIAN_POINT('Ctrl Pts',(281.354666666667,-10.9336278166674,14.7503297440211));
#2589=CARTESIAN_POINT('Ctrl Pts',(281.016,-10.9336278166674,14.7503297440211));
#2590=CARTESIAN_POINT('Ctrl Pts',(282.032,-11.9848811508568,14.1620069877575));
#2591=CARTESIAN_POINT('Ctrl Pts',(281.693333333333,-11.9848811508568,14.1620069877575));
#2592=CARTESIAN_POINT('Ctrl Pts',(281.354666666667,-11.9848811508568,14.1620069877575));
#2593=CARTESIAN_POINT('Ctrl Pts',(281.016,-11.9848811508568,14.1620069877575));
#2594=CARTESIAN_POINT('Ctrl Pts',(282.032,-12.8802720059238,13.2670476453677));
#2595=CARTESIAN_POINT('Ctrl Pts',(281.693333333333,-12.8802720059238,13.2670476453677));
#2596=CARTESIAN_POINT('Ctrl Pts',(281.354666666667,-12.8802720059238,13.2670476453677));
#2597=CARTESIAN_POINT('Ctrl Pts',(281.016,-12.8802720059238,13.2670476453677));
#2598=CARTESIAN_POINT('Ctrl Pts',(282.032,-13.467285311381,12.2161960028134));
#2599=CARTESIAN_POINT('Ctrl Pts',(281.693333333333,-13.467285311381,12.2161960028134));
#2600=CARTESIAN_POINT('Ctrl Pts',(281.354666666667,-13.467285311381,12.2161960028134));
#2601=CARTESIAN_POINT('Ctrl Pts',(281.016,-13.467285311381,12.2161960028134));
#2602=CARTESIAN_POINT('Ctrl Pts',(282.032,-13.7140890635339,11.1141496954669));
#2603=CARTESIAN_POINT('Ctrl Pts',(281.693333333333,-13.7140890635339,11.1141496954669));
#2604=CARTESIAN_POINT('Ctrl Pts',(281.354666666667,-13.7140890635339,11.1141496954669));
#2605=CARTESIAN_POINT('Ctrl Pts',(281.016,-13.7140890635339,11.1141496954669));
#2606=CARTESIAN_POINT('Ctrl Pts',(282.032,-13.717862142046,10.3739991254274));
#2607=CARTESIAN_POINT('Ctrl Pts',(281.693333333333,-13.717862142046,10.3739991254274));
#2608=CARTESIAN_POINT('Ctrl Pts',(281.354666666667,-13.717862142046,10.3739991254274));
#2609=CARTESIAN_POINT('Ctrl Pts',(281.016,-13.717862142046,10.3739991254274));
#2610=CARTESIAN_POINT('Ctrl Pts',(282.032,-13.717862142046,10.));
#2611=CARTESIAN_POINT('Ctrl Pts',(281.693333333333,-13.717862142046,10.));
#2612=CARTESIAN_POINT('Ctrl Pts',(281.354666666667,-13.717862142046,10.));
#2613=CARTESIAN_POINT('Ctrl Pts',(281.016,-13.717862142046,10.));
#2614=CARTESIAN_POINT('Origin',(282.032,-1.01599999999999,15.));
#2615=CARTESIAN_POINT('Origin',(280.,-1.016,15.));
#2616=CARTESIAN_POINT('Ctrl Pts',(282.032,-13.717862142046,158.75));
#2617=CARTESIAN_POINT('Ctrl Pts',(281.693333333333,-13.717862142046,158.75));
#2618=CARTESIAN_POINT('Ctrl Pts',(281.354666666667,-13.717862142046,158.75));
#2619=CARTESIAN_POINT('Ctrl Pts',(281.016,-13.717862142046,158.75));
#2620=CARTESIAN_POINT('Ctrl Pts',(282.032,-13.717862142046,158.376000874573));
#2621=CARTESIAN_POINT('Ctrl Pts',(281.693333333333,-13.717862142046,158.376000874573));
#2622=CARTESIAN_POINT('Ctrl Pts',(281.354666666667,-13.717862142046,158.376000874573));
#2623=CARTESIAN_POINT('Ctrl Pts',(281.016,-13.717862142046,158.376000874573));
#2624=CARTESIAN_POINT('Ctrl Pts',(282.032,-13.7140556164201,157.635929724035));
#2625=CARTESIAN_POINT('Ctrl Pts',(281.693333333333,-13.7140556164201,157.635929724035));
#2626=CARTESIAN_POINT('Ctrl Pts',(281.354666666667,-13.7140556164201,157.635929724035));
#2627=CARTESIAN_POINT('Ctrl Pts',(281.016,-13.7140556164201,157.635929724035));
#2628=CARTESIAN_POINT('Ctrl Pts',(282.032,-13.4681924679551,156.534237498918));
#2629=CARTESIAN_POINT('Ctrl Pts',(281.693333333333,-13.4681924679551,156.534237498918));
#2630=CARTESIAN_POINT('Ctrl Pts',(281.354666666667,-13.4681924679551,156.534237498918));
#2631=CARTESIAN_POINT('Ctrl Pts',(281.016,-13.4681924679551,156.534237498918));
#2632=CARTESIAN_POINT('Ctrl Pts',(282.032,-12.8798692937173,155.482985463607));
#2633=CARTESIAN_POINT('Ctrl Pts',(281.693333333333,-12.8798692937173,155.482985463607));
#2634=CARTESIAN_POINT('Ctrl Pts',(281.354666666667,-12.8798692937173,155.482985463607));
#2635=CARTESIAN_POINT('Ctrl Pts',(281.016,-12.8798692937173,155.482985463607));
#2636=CARTESIAN_POINT('Ctrl Pts',(282.032,-11.9849112966614,154.587595407783));
#2637=CARTESIAN_POINT('Ctrl Pts',(281.693333333333,-11.9849112966614,154.587595407783));
#2638=CARTESIAN_POINT('Ctrl Pts',(281.354666666667,-11.9849112966614,154.587595407783));
#2639=CARTESIAN_POINT('Ctrl Pts',(281.016,-11.9849112966614,154.587595407783));
#2640=CARTESIAN_POINT('Ctrl Pts',(282.032,-10.9340605800664,154.000583018292));
#2641=CARTESIAN_POINT('Ctrl Pts',(281.693333333333,-10.9340605800664,154.000583018292));
#2642=CARTESIAN_POINT('Ctrl Pts',(281.354666666667,-10.9340605800664,154.000583018292));
#2643=CARTESIAN_POINT('Ctrl Pts',(281.016,-10.9340605800664,154.000583018292));
#2644=CARTESIAN_POINT('Ctrl Pts',(282.032,-9.83201376740084,153.753777994976));
#2645=CARTESIAN_POINT('Ctrl Pts',(281.693333333333,-9.83201376740084,153.753777994976));
#2646=CARTESIAN_POINT('Ctrl Pts',(281.354666666667,-9.83201376740084,153.753777994976));
#2647=CARTESIAN_POINT('Ctrl Pts',(281.016,-9.83201376740084,153.753777994976));
#2648=CARTESIAN_POINT('Ctrl Pts',(282.032,-9.09186126747337,153.75));
#2649=CARTESIAN_POINT('Ctrl Pts',(281.693333333333,-9.09186126747337,153.75));
#2650=CARTESIAN_POINT('Ctrl Pts',(281.354666666667,-9.09186126747337,153.75));
#2651=CARTESIAN_POINT('Ctrl Pts',(281.016,-9.09186126747337,153.75));
#2652=CARTESIAN_POINT('Ctrl Pts',(282.032,-8.71786214204601,153.75));
#2653=CARTESIAN_POINT('Ctrl Pts',(281.693333333333,-8.71786214204601,153.75));
#2654=CARTESIAN_POINT('Ctrl Pts',(281.354666666667,-8.71786214204601,153.75));
#2655=CARTESIAN_POINT('Ctrl Pts',(281.016,-8.71786214204602,153.75));
#2656=CARTESIAN_POINT('',(282.032,-13.717862142046,158.75));
#2657=CARTESIAN_POINT('Origin',(282.032,-13.717862142046,153.75));
#2658=CARTESIAN_POINT('',(281.524,-13.717862142046,163.75));
#2659=CARTESIAN_POINT('Ctrl Pts',(282.032,-8.717862142046,168.75));
#2660=CARTESIAN_POINT('Ctrl Pts',(281.693333333333,-8.71786214204601,168.75));
#2661=CARTESIAN_POINT('Ctrl Pts',(281.354666666667,-8.71786214204601,168.75));
#2662=CARTESIAN_POINT('Ctrl Pts',(281.016,-8.71786214204601,168.75));
#2663=CARTESIAN_POINT('Ctrl Pts',(282.032,-9.09186126747336,168.75));
#2664=CARTESIAN_POINT('Ctrl Pts',(281.693333333333,-9.09186126747336,168.75));
#2665=CARTESIAN_POINT('Ctrl Pts',(281.354666666667,-9.09186126747336,168.75));
#2666=CARTESIAN_POINT('Ctrl Pts',(281.016,-9.09186126747337,168.75));
#2667=CARTESIAN_POINT('Ctrl Pts',(282.032,-9.83193234941456,168.746193459737));
#2668=CARTESIAN_POINT('Ctrl Pts',(281.693333333333,-9.83193234941456,168.746193459737));
#2669=CARTESIAN_POINT('Ctrl Pts',(281.354666666667,-9.83193234941457,168.746193459737));
#2670=CARTESIAN_POINT('Ctrl Pts',(281.016,-9.83193234941457,168.746193459737));
#2671=CARTESIAN_POINT('Ctrl Pts',(282.032,-10.9336245319897,168.500330346385));
#2672=CARTESIAN_POINT('Ctrl Pts',(281.693333333333,-10.9336245319897,168.500330346385));
#2673=CARTESIAN_POINT('Ctrl Pts',(281.354666666667,-10.9336245319898,168.500330346385));
#2674=CARTESIAN_POINT('Ctrl Pts',(281.016,-10.9336245319898,168.500330346385));
#2675=CARTESIAN_POINT('Ctrl Pts',(282.032,-11.9848765213801,167.912007158488));
#2676=CARTESIAN_POINT('Ctrl Pts',(281.693333333333,-11.9848765213801,167.912007158488));
#2677=CARTESIAN_POINT('Ctrl Pts',(281.354666666667,-11.9848765213801,167.912007158488));
#2678=CARTESIAN_POINT('Ctrl Pts',(281.016,-11.9848765213801,167.912007158488));
#2679=CARTESIAN_POINT('Ctrl Pts',(282.032,-12.8802665507709,167.017049207047));
#2680=CARTESIAN_POINT('Ctrl Pts',(281.693333333333,-12.8802665507709,167.017049207047));
#2681=CARTESIAN_POINT('Ctrl Pts',(281.354666666667,-12.8802665507709,167.017049207047));
#2682=CARTESIAN_POINT('Ctrl Pts',(281.016,-12.8802665507709,167.017049207047));
#2683=CARTESIAN_POINT('Ctrl Pts',(282.032,-13.4672789097117,165.966198521846));
#2684=CARTESIAN_POINT('Ctrl Pts',(281.693333333333,-13.4672789097117,165.966198521846));
#2685=CARTESIAN_POINT('Ctrl Pts',(281.354666666667,-13.4672789097117,165.966198521846));
#2686=CARTESIAN_POINT('Ctrl Pts',(281.016,-13.4672789097117,165.966198521846));
#2687=CARTESIAN_POINT('Ctrl Pts',(282.032,-13.7140839771671,164.864151691715));
#2688=CARTESIAN_POINT('Ctrl Pts',(281.693333333333,-13.7140839771671,164.864151691715));
#2689=CARTESIAN_POINT('Ctrl Pts',(281.354666666667,-13.7140839771671,164.864151691715));
#2690=CARTESIAN_POINT('Ctrl Pts',(281.016,-13.7140839771671,164.864151691715));
#2691=CARTESIAN_POINT('Ctrl Pts',(282.032,-13.717862142046,164.123999125427));
#2692=CARTESIAN_POINT('Ctrl Pts',(281.693333333333,-13.717862142046,164.123999125427));
#2693=CARTESIAN_POINT('Ctrl Pts',(281.354666666667,-13.717862142046,164.123999125427));
#2694=CARTESIAN_POINT('Ctrl Pts',(281.016,-13.717862142046,164.123999125427));
#2695=CARTESIAN_POINT('Ctrl Pts',(282.032,-13.717862142046,163.75));
#2696=CARTESIAN_POINT('Ctrl Pts',(281.693333333333,-13.717862142046,163.75));
#2697=CARTESIAN_POINT('Ctrl Pts',(281.354666666667,-13.717862142046,163.75));
#2698=CARTESIAN_POINT('Ctrl Pts',(281.016,-13.717862142046,163.75));
#2699=CARTESIAN_POINT('Origin',(-1.01600000000001,1.28213785795402,168.75));
#2700=CARTESIAN_POINT('',(-1.52400000000001,-8.71786214204598,168.75));
#2701=CARTESIAN_POINT('Ctrl Pts',(-2.03200000000001,-13.717862142046,163.75));
#2702=CARTESIAN_POINT('Ctrl Pts',(-1.69333333333334,-13.717862142046,163.75));
#2703=CARTESIAN_POINT('Ctrl Pts',(-1.35466666666668,-13.717862142046,163.75));
#2704=CARTESIAN_POINT('Ctrl Pts',(-1.01600000000001,-13.717862142046,163.75));
#2705=CARTESIAN_POINT('Ctrl Pts',(-2.03200000000001,-13.717862142046,164.123999125427));
#2706=CARTESIAN_POINT('Ctrl Pts',(-1.69333333333334,-13.717862142046,164.123999125427));
#2707=CARTESIAN_POINT('Ctrl Pts',(-1.35466666666668,-13.717862142046,164.123999125427));
#2708=CARTESIAN_POINT('Ctrl Pts',(-1.01600000000001,-13.717862142046,164.123999125427));
#2709=CARTESIAN_POINT('Ctrl Pts',(-2.03200000000001,-13.7140571185936,164.864075849673));
#2710=CARTESIAN_POINT('Ctrl Pts',(-1.69333333333334,-13.7140571185936,164.864075849673));
#2711=CARTESIAN_POINT('Ctrl Pts',(-1.35466666666668,-13.7140571185936,164.864075849673));
#2712=CARTESIAN_POINT('Ctrl Pts',(-1.01600000000001,-13.7140571185936,164.864075849673));
#2713=CARTESIAN_POINT('Ctrl Pts',(-2.03200000000001,-13.468190774377,165.96577181999));
#2714=CARTESIAN_POINT('Ctrl Pts',(-1.69333333333334,-13.468190774377,165.96577181999));
#2715=CARTESIAN_POINT('Ctrl Pts',(-1.35466666666668,-13.468190774377,165.96577181999));
#2716=CARTESIAN_POINT('Ctrl Pts',(-1.01600000000001,-13.468190774377,165.96577181999));
#2717=CARTESIAN_POINT('Ctrl Pts',(-2.03200000000001,-12.8798689999066,167.017027591792));
#2718=CARTESIAN_POINT('Ctrl Pts',(-1.69333333333334,-12.8798689999066,167.017027591792));
#2719=CARTESIAN_POINT('Ctrl Pts',(-1.35466666666668,-12.8798689999066,167.017027591792));
#2720=CARTESIAN_POINT('Ctrl Pts',(-1.01600000000001,-12.8798689999066,167.017027591792));
#2721=CARTESIAN_POINT('Ctrl Pts',(-2.03200000000001,-11.9849067929023,167.912420262932));
#2722=CARTESIAN_POINT('Ctrl Pts',(-1.69333333333334,-11.9849067929023,167.912420262932));
#2723=CARTESIAN_POINT('Ctrl Pts',(-1.35466666666668,-11.9849067929023,167.912420262932));
#2724=CARTESIAN_POINT('Ctrl Pts',(-1.01600000000001,-11.9849067929023,167.912420262932));
#2725=CARTESIAN_POINT('Ctrl Pts',(-2.03200000000001,-10.9340531784463,168.49943560717));
#2726=CARTESIAN_POINT('Ctrl Pts',(-1.69333333333334,-10.9340531784463,168.49943560717));
#2727=CARTESIAN_POINT('Ctrl Pts',(-1.35466666666668,-10.9340531784463,168.49943560717));
#2728=CARTESIAN_POINT('Ctrl Pts',(-1.01600000000001,-10.9340531784463,168.49943560717));
#2729=CARTESIAN_POINT('Ctrl Pts',(-2.03200000000001,-9.83200788857534,168.746236834399));
#2730=CARTESIAN_POINT('Ctrl Pts',(-1.69333333333334,-9.83200788857534,168.746236834399));
#2731=CARTESIAN_POINT('Ctrl Pts',(-1.35466666666668,-9.83200788857534,168.746236834399));
#2732=CARTESIAN_POINT('Ctrl Pts',(-1.01600000000001,-9.83200788857534,168.746236834399));
#2733=CARTESIAN_POINT('Ctrl Pts',(-2.03200000000001,-9.09186126747334,168.75));
#2734=CARTESIAN_POINT('Ctrl Pts',(-1.69333333333334,-9.09186126747334,168.75));
#2735=CARTESIAN_POINT('Ctrl Pts',(-1.35466666666668,-9.09186126747334,168.75));
#2736=CARTESIAN_POINT('Ctrl Pts',(-1.01600000000001,-9.09186126747334,168.75));
#2737=CARTESIAN_POINT('Ctrl Pts',(-2.03200000000001,-8.71786214204598,168.75));
#2738=CARTESIAN_POINT('Ctrl Pts',(-1.69333333333334,-8.71786214204598,168.75));
#2739=CARTESIAN_POINT('Ctrl Pts',(-1.35466666666668,-8.71786214204598,168.75));
#2740=CARTESIAN_POINT('Ctrl Pts',(-1.01600000000001,-8.71786214204598,168.75));
#2741=CARTESIAN_POINT('',(-1.52400000000001,-13.717862142046,163.75));
#2742=CARTESIAN_POINT('Origin',(-2.03200000000001,-13.717862142046,168.75));
#2743=CARTESIAN_POINT('',(-2.03200000000001,-13.717862142046,158.75));
#2744=CARTESIAN_POINT('Ctrl Pts',(-2.03200000000001,-8.71786214204598,153.75));
#2745=CARTESIAN_POINT('Ctrl Pts',(-1.69333333333334,-8.71786214204598,153.75));
#2746=CARTESIAN_POINT('Ctrl Pts',(-1.35466666666667,-8.71786214204598,153.75));
#2747=CARTESIAN_POINT('Ctrl Pts',(-1.01600000000001,-8.71786214204598,153.75));
#2748=CARTESIAN_POINT('Ctrl Pts',(-2.03200000000001,-9.09186126747334,153.75));
#2749=CARTESIAN_POINT('Ctrl Pts',(-1.69333333333334,-9.09186126747334,153.75));
#2750=CARTESIAN_POINT('Ctrl Pts',(-1.35466666666668,-9.09186126747334,153.75));
#2751=CARTESIAN_POINT('Ctrl Pts',(-1.01600000000001,-9.09186126747334,153.75));
#2752=CARTESIAN_POINT('Ctrl Pts',(-2.03200000000001,-9.83193833026446,153.753804908432));
#2753=CARTESIAN_POINT('Ctrl Pts',(-1.69333333333334,-9.83193833026446,153.753804908432));
#2754=CARTESIAN_POINT('Ctrl Pts',(-1.35466666666667,-9.83193833026446,153.753804908432));
#2755=CARTESIAN_POINT('Ctrl Pts',(-1.01600000000001,-9.83193833026446,153.753804908432));
#2756=CARTESIAN_POINT('Ctrl Pts',(-2.03200000000001,-10.933634549974,153.999671473018));
#2757=CARTESIAN_POINT('Ctrl Pts',(-1.69333333333334,-10.933634549974,153.999671473018));
#2758=CARTESIAN_POINT('Ctrl Pts',(-1.35466666666668,-10.933634549974,153.999671473018));
#2759=CARTESIAN_POINT('Ctrl Pts',(-1.01600000000001,-10.933634549974,153.999671473018));
#2760=CARTESIAN_POINT('Ctrl Pts',(-2.03200000000001,-11.9848905488287,154.587993140078));
#2761=CARTESIAN_POINT('Ctrl Pts',(-1.69333333333334,-11.9848905488287,154.587993140078));
#2762=CARTESIAN_POINT('Ctrl Pts',(-1.35466666666667,-11.9848905488287,154.587993140078));
#2763=CARTESIAN_POINT('Ctrl Pts',(-1.01600000000001,-11.9848905488287,154.587993140078));
#2764=CARTESIAN_POINT('Ctrl Pts',(-2.03200000000001,-12.8802834142246,155.482955641061));
#2765=CARTESIAN_POINT('Ctrl Pts',(-1.69333333333334,-12.8802834142246,155.482955641061));
#2766=CARTESIAN_POINT('Ctrl Pts',(-1.35466666666668,-12.8802834142246,155.482955641061));
#2767=CARTESIAN_POINT('Ctrl Pts',(-1.01600000000001,-12.8802834142246,155.482955641061));
#2768=CARTESIAN_POINT('Ctrl Pts',(-2.03200000000001,-13.467298973928,156.533809457898));
#2769=CARTESIAN_POINT('Ctrl Pts',(-1.69333333333334,-13.467298973928,156.533809457898));
#2770=CARTESIAN_POINT('Ctrl Pts',(-1.35466666666668,-13.467298973928,156.533809457898));
#2771=CARTESIAN_POINT('Ctrl Pts',(-1.01600000000001,-13.467298973928,156.533809457898));
#2772=CARTESIAN_POINT('Ctrl Pts',(-2.03200000000001,-13.714099954888,157.635854647521));
#2773=CARTESIAN_POINT('Ctrl Pts',(-1.69333333333334,-13.714099954888,157.635854647521));
#2774=CARTESIAN_POINT('Ctrl Pts',(-1.35466666666667,-13.714099954888,157.635854647521));
#2775=CARTESIAN_POINT('Ctrl Pts',(-1.01600000000001,-13.714099954888,157.635854647521));
#2776=CARTESIAN_POINT('Ctrl Pts',(-2.03200000000001,-13.717862142046,158.376000874573));
#2777=CARTESIAN_POINT('Ctrl Pts',(-1.69333333333334,-13.717862142046,158.376000874573));
#2778=CARTESIAN_POINT('Ctrl Pts',(-1.35466666666668,-13.717862142046,158.376000874573));
#2779=CARTESIAN_POINT('Ctrl Pts',(-1.01600000000001,-13.717862142046,158.376000874573));
#2780=CARTESIAN_POINT('Ctrl Pts',(-2.03200000000001,-13.717862142046,158.75));
#2781=CARTESIAN_POINT('Ctrl Pts',(-1.69333333333334,-13.717862142046,158.75));
#2782=CARTESIAN_POINT('Ctrl Pts',(-1.35466666666668,-13.717862142046,158.75));
#2783=CARTESIAN_POINT('Ctrl Pts',(-1.01600000000001,-13.717862142046,158.75));
#2784=CARTESIAN_POINT('Origin',(-2.03200000000001,-1.01599999999999,153.75));
#2785=CARTESIAN_POINT('Ctrl Pts',(-2.032,-13.717862142046,10.));
#2786=CARTESIAN_POINT('Ctrl Pts',(-1.69333333333333,-13.717862142046,10.));
#2787=CARTESIAN_POINT('Ctrl Pts',(-1.35466666666667,-13.717862142046,10.));
#2788=CARTESIAN_POINT('Ctrl Pts',(-1.016,-13.717862142046,10.));
#2789=CARTESIAN_POINT('Ctrl Pts',(-2.032,-13.717862142046,10.3739991254274));
#2790=CARTESIAN_POINT('Ctrl Pts',(-1.69333333333333,-13.717862142046,10.3739991254274));
#2791=CARTESIAN_POINT('Ctrl Pts',(-1.35466666666667,-13.717862142046,10.3739991254274));
#2792=CARTESIAN_POINT('Ctrl Pts',(-1.016,-13.717862142046,10.3739991254274));
#2793=CARTESIAN_POINT('Ctrl Pts',(-2.032,-13.7136379557133,11.1143147395028));
#2794=CARTESIAN_POINT('Ctrl Pts',(-1.69333333333333,-13.7136379557133,11.1143147395028));
#2795=CARTESIAN_POINT('Ctrl Pts',(-1.35466666666667,-13.7136379557133,11.1143147395028));
#2796=CARTESIAN_POINT('Ctrl Pts',(-1.016,-13.7136379557133,11.1143147395028));
#2797=CARTESIAN_POINT('Ctrl Pts',(-2.032,-13.4681665340459,12.2157783430556));
#2798=CARTESIAN_POINT('Ctrl Pts',(-1.69333333333333,-13.4681665340459,12.2157783430556));
#2799=CARTESIAN_POINT('Ctrl Pts',(-1.35466666666667,-13.4681665340459,12.2157783430556));
#2800=CARTESIAN_POINT('Ctrl Pts',(-1.016,-13.4681665340459,12.2157783430556));
#2801=CARTESIAN_POINT('Ctrl Pts',(-2.032,-12.8800593094833,13.2670532086619));
#2802=CARTESIAN_POINT('Ctrl Pts',(-1.69333333333333,-12.8800593094833,13.2670532086619));
#2803=CARTESIAN_POINT('Ctrl Pts',(-1.35466666666667,-12.8800593094833,13.2670532086619));
#2804=CARTESIAN_POINT('Ctrl Pts',(-1.016,-12.8800593094833,13.2670532086619));
#2805=CARTESIAN_POINT('Ctrl Pts',(-2.032,-11.984934802164,14.1623573127674));
#2806=CARTESIAN_POINT('Ctrl Pts',(-1.69333333333334,-11.984934802164,14.1623573127674));
#2807=CARTESIAN_POINT('Ctrl Pts',(-1.35466666666667,-11.984934802164,14.1623573127674));
#2808=CARTESIAN_POINT('Ctrl Pts',(-1.016,-11.984934802164,14.1623573127674));
#2809=CARTESIAN_POINT('Ctrl Pts',(-2.032,-10.9338918971075,14.7497682412416));
#2810=CARTESIAN_POINT('Ctrl Pts',(-1.69333333333333,-10.9338918971075,14.7497682412416));
#2811=CARTESIAN_POINT('Ctrl Pts',(-1.35466666666667,-10.9338918971075,14.7497682412416));
#2812=CARTESIAN_POINT('Ctrl Pts',(-1.016,-10.9338918971075,14.7497682412416));
#2813=CARTESIAN_POINT('Ctrl Pts',(-2.032,-9.83189623498238,14.996463163216));
#2814=CARTESIAN_POINT('Ctrl Pts',(-1.69333333333333,-9.83189623498238,14.996463163216));
#2815=CARTESIAN_POINT('Ctrl Pts',(-1.35466666666666,-9.83189623498238,14.996463163216));
#2816=CARTESIAN_POINT('Ctrl Pts',(-1.016,-9.83189623498238,14.996463163216));
#2817=CARTESIAN_POINT('Ctrl Pts',(-2.032,-9.09186126747335,15.));
#2818=CARTESIAN_POINT('Ctrl Pts',(-1.69333333333333,-9.09186126747335,15.));
#2819=CARTESIAN_POINT('Ctrl Pts',(-1.35466666666667,-9.09186126747335,15.));
#2820=CARTESIAN_POINT('Ctrl Pts',(-1.016,-9.09186126747335,15.));
#2821=CARTESIAN_POINT('Ctrl Pts',(-2.032,-8.71786214204599,15.));
#2822=CARTESIAN_POINT('Ctrl Pts',(-1.69333333333333,-8.71786214204599,15.));
#2823=CARTESIAN_POINT('Ctrl Pts',(-1.35466666666667,-8.71786214204599,15.));
#2824=CARTESIAN_POINT('Ctrl Pts',(-1.016,-8.71786214204599,15.));
#2825=CARTESIAN_POINT('',(-2.032,-13.717862142046,10.));
#2826=CARTESIAN_POINT('Origin',(-2.032,-13.717862142046,15.));
#2827=CARTESIAN_POINT('',(-1.524,-13.717862142046,5.));
#2828=CARTESIAN_POINT('Ctrl Pts',(-2.032,-8.71786214204601,0.));
#2829=CARTESIAN_POINT('Ctrl Pts',(-1.69333333333333,-8.71786214204601,2.07373524655619E-17));
#2830=CARTESIAN_POINT('Ctrl Pts',(-1.35466666666667,-8.71786214204601,1.08948567215959E-15));
#2831=CARTESIAN_POINT('Ctrl Pts',(-1.016,-8.71786214204601,1.11022302462516E-15));
#2832=CARTESIAN_POINT('Ctrl Pts',(-2.032,-9.09186126747336,1.07957834462172E-15));
#2833=CARTESIAN_POINT('Ctrl Pts',(-1.69333333333333,-9.09186126747336,1.10031569708728E-15));
#2834=CARTESIAN_POINT('Ctrl Pts',(-1.35466666666667,-9.09186126747336,2.16906401678131E-15));
#2835=CARTESIAN_POINT('Ctrl Pts',(-1.016,-9.09186126747336,2.18980136924687E-15));
#2836=CARTESIAN_POINT('Ctrl Pts',(-2.032,-9.83200429905621,0.00384970759009645));
#2837=CARTESIAN_POINT('Ctrl Pts',(-1.69333333333333,-9.83200429905621,0.00384970759009647));
#2838=CARTESIAN_POINT('Ctrl Pts',(-1.35466666666667,-9.83200429905621,0.00384970759009755));
#2839=CARTESIAN_POINT('Ctrl Pts',(-1.016,-9.83200429905621,0.00384970759009757));
#2840=CARTESIAN_POINT('Ctrl Pts',(-2.032,-10.9337317085612,0.249881001066051));
#2841=CARTESIAN_POINT('Ctrl Pts',(-1.69333333333333,-10.9337317085612,0.249881001066051));
#2842=CARTESIAN_POINT('Ctrl Pts',(-1.35466666666667,-10.9337317085612,0.249881001066053));
#2843=CARTESIAN_POINT('Ctrl Pts',(-1.016,-10.9337317085612,0.249881001066053));
#2844=CARTESIAN_POINT('Ctrl Pts',(-2.032,-11.9849473210783,0.837862875864476));
#2845=CARTESIAN_POINT('Ctrl Pts',(-1.69333333333333,-11.9849473210783,0.837862875864476));
#2846=CARTESIAN_POINT('Ctrl Pts',(-1.35466666666667,-11.9849473210783,0.837862875864478));
#2847=CARTESIAN_POINT('Ctrl Pts',(-1.016,-11.9849473210783,0.837862875864478));
#2848=CARTESIAN_POINT('Ctrl Pts',(-2.032,-12.8802510683719,1.73298414221221));
#2849=CARTESIAN_POINT('Ctrl Pts',(-1.69333333333333,-12.8802510683719,1.73298414221221));
#2850=CARTESIAN_POINT('Ctrl Pts',(-1.35466666666667,-12.8802510683719,1.73298414221221));
#2851=CARTESIAN_POINT('Ctrl Pts',(-1.016,-12.8802510683719,1.73298414221221));
#2852=CARTESIAN_POINT('Ctrl Pts',(-2.032,-13.4676469821124,2.78398948317263));
#2853=CARTESIAN_POINT('Ctrl Pts',(-1.69333333333333,-13.4676469821124,2.78398948317263));
#2854=CARTESIAN_POINT('Ctrl Pts',(-1.35466666666667,-13.4676469821124,2.78398948317263));
#2855=CARTESIAN_POINT('Ctrl Pts',(-1.016,-13.4676469821124,2.78398948317263));
#2856=CARTESIAN_POINT('Ctrl Pts',(-2.032,-13.7143440105034,3.88598843030376));
#2857=CARTESIAN_POINT('Ctrl Pts',(-1.69333333333333,-13.7143440105034,3.88598843030376));
#2858=CARTESIAN_POINT('Ctrl Pts',(-1.35466666666667,-13.7143440105034,3.88598843030376));
#2859=CARTESIAN_POINT('Ctrl Pts',(-1.016,-13.7143440105034,3.88598843030376));
#2860=CARTESIAN_POINT('Ctrl Pts',(-2.032,-13.717862142046,4.62600087457264));
#2861=CARTESIAN_POINT('Ctrl Pts',(-1.69333333333333,-13.717862142046,4.62600087457264));
#2862=CARTESIAN_POINT('Ctrl Pts',(-1.35466666666667,-13.717862142046,4.62600087457264));
#2863=CARTESIAN_POINT('Ctrl Pts',(-1.016,-13.717862142046,4.62600087457264));
#2864=CARTESIAN_POINT('Ctrl Pts',(-2.032,-13.717862142046,5.));
#2865=CARTESIAN_POINT('Ctrl Pts',(-1.69333333333333,-13.717862142046,5.));
#2866=CARTESIAN_POINT('Ctrl Pts',(-1.35466666666667,-13.717862142046,5.));
#2867=CARTESIAN_POINT('Ctrl Pts',(-1.016,-13.717862142046,5.));
#2868=CARTESIAN_POINT('Origin',(35.36,1.016,152.44));
#2869=CARTESIAN_POINT('',(35.36,1.016,12.5));
#2870=CARTESIAN_POINT('',(35.36,1.016,152.44));
#2871=CARTESIAN_POINT('Origin',(152.44,1.016,152.44));
#2872=CARTESIAN_POINT('',(152.44,1.016,152.44));
#2873=CARTESIAN_POINT('Origin',(152.44,1.016,12.5));
#2874=CARTESIAN_POINT('',(152.44,1.016,12.5));
#2875=CARTESIAN_POINT('Origin',(35.36,1.016,12.5));
#2876=CARTESIAN_POINT('Origin',(159.94,0.508,163.75));
#2877=CARTESIAN_POINT('',(159.94,0.508,162.05));
#2878=CARTESIAN_POINT('Origin',(27.86,0.508,5.));
#2879=CARTESIAN_POINT('',(27.86,0.508,3.3));
#2880=CARTESIAN_POINT('Origin',(5.,0.508,163.75));
#2881=CARTESIAN_POINT('',(5.,0.508,162.05));
#2882=CARTESIAN_POINT('Origin',(159.94,0.508,5.));
#2883=CARTESIAN_POINT('',(159.94,0.508,3.3));
#2884=CARTESIAN_POINT('Origin',(0.,0.508,153.75));
#2885=CARTESIAN_POINT('',(7.84533982612622E-31,0.508,152.25));
#2886=CARTESIAN_POINT('Ctrl Pts',(281.737056025925,0.0383530541505511,153.75));
#2887=CARTESIAN_POINT('Ctrl Pts',(281.737056025925,0.0383530541505512,154.086599212885));
#2888=CARTESIAN_POINT('Ctrl Pts',(281.61802561985,0.291989709693114,154.645489431996));
#2889=CARTESIAN_POINT('Ctrl Pts',(280.933152108581,0.861587200930301,155.147314450655));
#2890=CARTESIAN_POINT('Ctrl Pts',(280.311665937856,1.016,155.25));
#2891=CARTESIAN_POINT('Ctrl Pts',(280.,1.016,155.25));
#2892=CARTESIAN_POINT('Ctrl Pts',(281.447546688271,-0.137372454874541,153.75));
#2893=CARTESIAN_POINT('Ctrl Pts',(281.447546688271,-0.137372454874541,154.086599212885));
#2894=CARTESIAN_POINT('Ctrl Pts',(281.348354683209,0.073991424744262,154.645489431996));
#2895=CARTESIAN_POINT('Ctrl Pts',(280.777626757151,0.548656000775251,155.147314450655));
#2896=CARTESIAN_POINT('Ctrl Pts',(280.25972161488,0.677333333333333,155.25));
#2897=CARTESIAN_POINT('Ctrl Pts',(280.,0.677333333333333,155.25));
#2898=CARTESIAN_POINT('Ctrl Pts',(281.158037350617,-0.313097963899633,153.75));
#2899=CARTESIAN_POINT('Ctrl Pts',(281.158037350617,-0.313097963899633,154.086599212885));
#2900=CARTESIAN_POINT('Ctrl Pts',(281.078683746567,-0.14400686020459,154.645489431996));
#2901=CARTESIAN_POINT('Ctrl Pts',(280.622101405721,0.2357248006202,155.147314450655));
#2902=CARTESIAN_POINT('Ctrl Pts',(280.207777291904,0.338666666666667,155.25));
#2903=CARTESIAN_POINT('Ctrl Pts',(280.,0.338666666666667,155.25));
#2904=CARTESIAN_POINT('Ctrl Pts',(280.868528012963,-0.488823472924725,153.75));
#2905=CARTESIAN_POINT('Ctrl Pts',(280.868528012963,-0.488823472924725,154.086599212885));
#2906=CARTESIAN_POINT('Ctrl Pts',(280.809012809925,-0.362005145153443,154.645489431996));
#2907=CARTESIAN_POINT('Ctrl Pts',(280.46657605429,-0.0772063995348497,155.147314450655));
#2908=CARTESIAN_POINT('Ctrl Pts',(280.155832968928,0.,155.25));
#2909=CARTESIAN_POINT('Ctrl Pts',(280.,0.,155.25));
#2910=CARTESIAN_POINT('',(281.302792019444,-0.225235209387087,153.75));
#2911=CARTESIAN_POINT('Origin',(0.,0.508,15.));
#2912=CARTESIAN_POINT('',(8.50233872782152E-32,0.508,16.5));
#2913=CARTESIAN_POINT('Origin',(280.,0.508,15.));
#2914=CARTESIAN_POINT('',(280.,0.508,16.5));
#2915=CARTESIAN_POINT('Origin',(280.,0.,168.75));
#2916=CARTESIAN_POINT('Origin',(281.4732,-6.21786214204601,161.25));
#2917=CARTESIAN_POINT('',(281.4732,-6.21786214204601,159.));
#2918=CARTESIAN_POINT('Origin',(-1.4732,-6.21786214204599,7.5));
#2919=CARTESIAN_POINT('',(-1.4732,-6.21786214204599,5.25));
#2920=CARTESIAN_POINT('Origin',(-1.47320000000001,-6.217862142046,161.25));
#2921=CARTESIAN_POINT('',(-1.47320000000001,-6.217862142046,159.));
#2922=CARTESIAN_POINT('Origin',(281.4732,-6.21786214204601,7.5));
#2923=CARTESIAN_POINT('',(281.4732,-6.21786214204601,5.25));
#2924=CARTESIAN_POINT('Origin',(281.016,-1.01599999999999,153.75));
#2925=CARTESIAN_POINT('Origin',(-1.016,-1.01599999999999,15.));
#2926=CARTESIAN_POINT('Origin',(0.,0.,0.));
#2927=CARTESIAN_POINT('Origin',(280.,-1.016,84.375));
#2928=UNCERTAINTY_MEASURE_WITH_UNIT(LENGTH_MEASURE(0.01),#2932,
'DISTANCE_ACCURACY_VALUE',
'Maximum model space distance between geometric entities at asserted c
onnectivities');
#2929=UNCERTAINTY_MEASURE_WITH_UNIT(LENGTH_MEASURE(0.01),#2932,
'DISTANCE_ACCURACY_VALUE',
'Maximum model space distance between geometric entities at asserted c
onnectivities');
#2930=(
GEOMETRIC_REPRESENTATION_CONTEXT(3)
GLOBAL_UNCERTAINTY_ASSIGNED_CONTEXT((#2928))
GLOBAL_UNIT_ASSIGNED_CONTEXT((#2932,#2934,#2935))
REPRESENTATION_CONTEXT('','3D')
);
#2931=(
GEOMETRIC_REPRESENTATION_CONTEXT(3)
GLOBAL_UNCERTAINTY_ASSIGNED_CONTEXT((#2929))
GLOBAL_UNIT_ASSIGNED_CONTEXT((#2932,#2934,#2935))
REPRESENTATION_CONTEXT('','3D')
);
#2932=(
LENGTH_UNIT()
NAMED_UNIT(*)
SI_UNIT(.MILLI.,.METRE.)
);
#2933=(
LENGTH_UNIT()
NAMED_UNIT(*)
SI_UNIT($,.METRE.)
);
#2934=(
NAMED_UNIT(*)
PLANE_ANGLE_UNIT()
SI_UNIT($,.RADIAN.)
);
#2935=(
NAMED_UNIT(*)
SI_UNIT($,.STERADIAN.)
SOLID_ANGLE_UNIT()
);
#2936=SHAPE_DEFINITION_REPRESENTATION(#2937,#2938);
#2937=PRODUCT_DEFINITION_SHAPE('',$,#2940);
#2938=SHAPE_REPRESENTATION('',(#1328),#2930);
#2939=PRODUCT_DEFINITION_CONTEXT('part definition',#2944,'design');
#2940=PRODUCT_DEFINITION('Motherboard Plate','Motherboard Plate v7',#2941,
#2939);
#2941=PRODUCT_DEFINITION_FORMATION('',$,#2946);
#2942=PRODUCT_RELATED_PRODUCT_CATEGORY('Motherboard Plate v7',
'Motherboard Plate v7',(#2946));
#2943=APPLICATION_PROTOCOL_DEFINITION('international standard',
'automotive_design',2009,#2944);
#2944=APPLICATION_CONTEXT(
'Core Data for Automotive Mechanical Design Process');
#2945=PRODUCT_CONTEXT('part definition',#2944,'mechanical');
#2946=PRODUCT('Motherboard Plate','Motherboard Plate v7',$,(#2945));
#2947=PRESENTATION_STYLE_ASSIGNMENT((#2948));
#2948=SURFACE_STYLE_USAGE(.BOTH.,#2949);
#2949=SURFACE_SIDE_STYLE('',(#2950));
#2950=SURFACE_STYLE_FILL_AREA(#2951);
#2951=FILL_AREA_STYLE('Steel - Satin',(#2952));
#2952=FILL_AREA_STYLE_COLOUR('Steel - Satin',#2953);
#2953=COLOUR_RGB('Steel - Satin',0.627450980392157,0.627450980392157,0.627450980392157);
ENDSEC;
END-ISO-10303-21;
