ISO-10303-21;
HEADER;
/* Generated by software containing ST-Developer
 * from STEP Tools, Inc. (www.steptools.com) 
 */

FILE_DESCRIPTION(
/* description */ (''),
/* implementation_level */ '2;1');

FILE_NAME(
/* name */ 'Assembly.step',
/* time_stamp */ '2026-03-10T15:57:41-04:00',
/* author */ (''),
/* organization */ (''),
/* preprocessor_version */ 'ST-DEVELOPER v20.1',
/* originating_system */ 'Autodesk Translation Framework v14.24.0.0',
/* authorisation */ '');

FILE_SCHEMA (('AUTOMOTIVE_DESIGN { 1 0 10303 214 3 1 1 }'));
ENDSEC;

DATA;
#10=MECHANICAL_DESIGN_GEOMETRIC_PRESENTATION_REPRESENTATION('',(#29,#30,
#31),#10642);
#11=ITEM_DEFINED_TRANSFORMATION($,$,#3792,#4073);
#12=ITEM_DEFINED_TRANSFORMATION($,$,#3895,#4074);
#13=ITEM_DEFINED_TRANSFORMATION($,$,#3974,#4075);
#14=(
REPRESENTATION_RELATIONSHIP($,$,#10659,#10658)
REPRESENTATION_RELATIONSHIP_WITH_TRANSFORMATION(#11)
SHAPE_REPRESENTATION_RELATIONSHIP()
);
#15=(
REPRESENTATION_RELATIONSHIP($,$,#10660,#10658)
REPRESENTATION_RELATIONSHIP_WITH_TRANSFORMATION(#12)
SHAPE_REPRESENTATION_RELATIONSHIP()
);
#16=(
REPRESENTATION_RELATIONSHIP($,$,#10661,#10658)
REPRESENTATION_RELATIONSHIP_WITH_TRANSFORMATION(#13)
SHAPE_REPRESENTATION_RELATIONSHIP()
);
#17=CONTEXT_DEPENDENT_SHAPE_REPRESENTATION(#14,#10655);
#18=CONTEXT_DEPENDENT_SHAPE_REPRESENTATION(#15,#10656);
#19=CONTEXT_DEPENDENT_SHAPE_REPRESENTATION(#16,#10657);
#20=NEXT_ASSEMBLY_USAGE_OCCURRENCE('backplate v2:1','backplate v2:1',
'backplate v2:1',#10663,#10664,'backplate v2:1');
#21=NEXT_ASSEMBLY_USAGE_OCCURRENCE('AIO plate sheet metal v6:1',
'AIO plate sheet metal v6:1','AIO plate sheet metal v6:1',#10663,#10665,
'AIO plate sheet metal v6:1');
#22=NEXT_ASSEMBLY_USAGE_OCCURRENCE('Motherboard Plate v3:1',
'Motherboard Plate v3:1','Motherboard Plate v3:1',#10663,#10666,
'Motherboard Plate v3:1');
#23=SHAPE_REPRESENTATION_RELATIONSHIP('SRR','None',#10659,#26);
#24=SHAPE_REPRESENTATION_RELATIONSHIP('SRR','None',#10660,#27);
#25=SHAPE_REPRESENTATION_RELATIONSHIP('SRR','None',#10661,#28);
#26=ADVANCED_BREP_SHAPE_REPRESENTATION('',(#32),#10639);
#27=ADVANCED_BREP_SHAPE_REPRESENTATION('',(#33),#10640);
#28=ADVANCED_BREP_SHAPE_REPRESENTATION('',(#34),#10641);
#29=STYLED_ITEM('',(#10682),#32);
#30=STYLED_ITEM('',(#10682),#33);
#31=STYLED_ITEM('',(#10682),#34);
#32=MANIFOLD_SOLID_BREP('Body1',#3754);
#33=MANIFOLD_SOLID_BREP('Body1',#3755);
#34=MANIFOLD_SOLID_BREP('Body1',#3756);
#35=FACE_BOUND('',#466,.T.);
#36=FACE_BOUND('',#472,.T.);
#37=FACE_BOUND('',#473,.T.);
#38=FACE_BOUND('',#479,.T.);
#39=FACE_BOUND('',#480,.T.);
#40=FACE_BOUND('',#481,.T.);
#41=FACE_BOUND('',#482,.T.);
#42=FACE_BOUND('',#484,.T.);
#43=FACE_BOUND('',#490,.T.);
#44=FACE_BOUND('',#491,.T.);
#45=FACE_BOUND('',#492,.T.);
#46=FACE_BOUND('',#496,.T.);
#47=FACE_BOUND('',#502,.T.);
#48=FACE_BOUND('',#507,.T.);
#49=FACE_BOUND('',#540,.T.);
#50=FACE_BOUND('',#541,.T.);
#51=FACE_BOUND('',#542,.T.);
#52=FACE_BOUND('',#544,.T.);
#53=FACE_BOUND('',#552,.T.);
#54=FACE_BOUND('',#555,.T.);
#55=FACE_BOUND('',#556,.T.);
#56=FACE_BOUND('',#557,.T.);
#57=FACE_BOUND('',#558,.T.);
#58=FACE_BOUND('',#559,.T.);
#59=FACE_BOUND('',#564,.T.);
#60=FACE_BOUND('',#568,.T.);
#61=FACE_BOUND('',#576,.T.);
#62=FACE_BOUND('',#579,.T.);
#63=FACE_BOUND('',#583,.T.);
#64=FACE_BOUND('',#586,.T.);
#65=FACE_BOUND('',#602,.T.);
#66=FACE_BOUND('',#603,.T.);
#67=FACE_BOUND('',#604,.T.);
#68=FACE_BOUND('',#605,.T.);
#69=FACE_BOUND('',#606,.T.);
#70=CONICAL_SURFACE('',#3873,0.63225,1.02974425867665);
#71=CONICAL_SURFACE('',#3875,0.63225,1.02974425867665);
#72=B_SPLINE_SURFACE_WITH_KNOTS('',3,3,((#7304,#7305,#7306,#7307,#7308,
#7309,#7310,#7311,#7312,#7313,#7314,#7315,#7316,#7317,#7318,#7319,#7320,
#7321,#7322,#7323,#7324,#7325,#7326,#7327,#7328,#7329,#7330,#7331,#7332,
#7333,#7334,#7335,#7336,#7337,#7338,#7339,#7340,#7341,#7342,#7343,#7344,
#7345,#7346,#7347,#7348,#7349,#7350,#7351,#7352,#7353,#7354,#7355,#7356,
#7357,#7358,#7359,#7360,#7361,#7362,#7363,#7364,#7365,#7366,#7367,#7368,
#7369,#7370,#7371,#7372,#7373,#7374,#7375,#7376,#7377,#7378,#7379,#7380,
#7381,#7382,#7383,#7384,#7385,#7386,#7387,#7388,#7389,#7390,#7391,#7392,
#7393,#7394,#7395,#7396,#7397,#7398,#7399,#7400,#7401,#7402,#7403),(#7404,
#7405,#7406,#7407,#7408,#7409,#7410,#7411,#7412,#7413,#7414,#7415,#7416,
#7417,#7418,#7419,#7420,#7421,#7422,#7423,#7424,#7425,#7426,#7427,#7428,
#7429,#7430,#7431,#7432,#7433,#7434,#7435,#7436,#7437,#7438,#7439,#7440,
#7441,#7442,#7443,#7444,#7445,#7446,#7447,#7448,#7449,#7450,#7451,#7452,
#7453,#7454,#7455,#7456,#7457,#7458,#7459,#7460,#7461,#7462,#7463,#7464,
#7465,#7466,#7467,#7468,#7469,#7470,#7471,#7472,#7473,#7474,#7475,#7476,
#7477,#7478,#7479,#7480,#7481,#7482,#7483,#7484,#7485,#7486,#7487,#7488,
#7489,#7490,#7491,#7492,#7493,#7494,#7495,#7496,#7497,#7498,#7499,#7500,
#7501,#7502,#7503),(#7504,#7505,#7506,#7507,#7508,#7509,#7510,#7511,#7512,
#7513,#7514,#7515,#7516,#7517,#7518,#7519,#7520,#7521,#7522,#7523,#7524,
#7525,#7526,#7527,#7528,#7529,#7530,#7531,#7532,#7533,#7534,#7535,#7536,
#7537,#7538,#7539,#7540,#7541,#7542,#7543,#7544,#7545,#7546,#7547,#7548,
#7549,#7550,#7551,#7552,#7553,#7554,#7555,#7556,#7557,#7558,#7559,#7560,
#7561,#7562,#7563,#7564,#7565,#7566,#7567,#7568,#7569,#7570,#7571,#7572,
#7573,#7574,#7575,#7576,#7577,#7578,#7579,#7580,#7581,#7582,#7583,#7584,
#7585,#7586,#7587,#7588,#7589,#7590,#7591,#7592,#7593,#7594,#7595,#7596,
#7597,#7598,#7599,#7600,#7601,#7602,#7603),(#7604,#7605,#7606,#7607,#7608,
#7609,#7610,#7611,#7612,#7613,#7614,#7615,#7616,#7617,#7618,#7619,#7620,
#7621,#7622,#7623,#7624,#7625,#7626,#7627,#7628,#7629,#7630,#7631,#7632,
#7633,#7634,#7635,#7636,#7637,#7638,#7639,#7640,#7641,#7642,#7643,#7644,
#7645,#7646,#7647,#7648,#7649,#7650,#7651,#7652,#7653,#7654,#7655,#7656,
#7657,#7658,#7659,#7660,#7661,#7662,#7663,#7664,#7665,#7666,#7667,#7668,
#7669,#7670,#7671,#7672,#7673,#7674,#7675,#7676,#7677,#7678,#7679,#7680,
#7681,#7682,#7683,#7684,#7685,#7686,#7687,#7688,#7689,#7690,#7691,#7692,
#7693,#7694,#7695,#7696,#7697,#7698,#7699,#7700,#7701,#7702,#7703)),
 .UNSPECIFIED.,.F.,.F.,.F.,(4,4),(4,1,1,1,1,1,1,1,1,1,1,1,1,1,1,1,1,1,1,
1,1,1,1,1,1,1,1,1,1,1,1,1,1,1,1,1,1,1,1,1,1,1,1,1,1,1,1,1,1,1,1,1,1,1,1,
1,1,1,1,1,1,1,1,1,1,1,1,1,1,1,1,1,1,1,1,1,1,1,1,1,1,1,1,1,1,1,1,1,1,1,1,
1,1,1,1,1,1,4),(0.,0.0321584099938597),(11.8553612635793,12.8478185017179,
13.8402757398566,14.8327329779953,15.8251902161339,16.8176474542726,17.8101046924113,
18.8025619305499,19.7950191686886,20.7874764068273,21.7799336449659,22.7723908831046,
23.7648481212433,24.7573053593819,25.7497625975206,26.7422198356593,27.7346770737979,
28.7271343119366,29.7195915500753,30.7120487882139,31.7045060263526,32.6969632644913,
33.68942050263,34.6818777407686,35.6743349789073,36.666792217046,37.6592494551846,
38.6517066933233,39.644163931462,40.6366211696006,41.6290784077393,42.621535645878,
43.6139928840166,44.6064501221553,45.5989073602939,46.5913645984326,47.5838218365713,
48.57627907471,49.5687363128486,50.5611935509873,51.553650789126,52.5461080272646,
53.5385652654033,54.531022503542,55.5234797416806,56.5159369798193,57.508394217958,
58.5008514560966,59.4933086942353,60.485765932374,61.4782231705126,62.4706804086513,
63.46313764679,64.4555948849286,65.4480521230673,66.440509361206,67.4329665993446,
68.4254238374833,69.417881075622,70.4103383137606,71.4027955518993,72.395252790038,
73.3877100281766,74.3801672663153,75.372624504454,76.3650817425926,77.3575389807313,
78.34999621887,79.3424534570086,80.3349106951473,81.327367933286,82.3198251714246,
83.3122824095633,84.304739647702,85.2971968858406,86.2896541239793,87.282111362118,
88.2745686002566,89.2670258383953,90.259483076534,91.2519403146726,92.2443975528113,
93.23685479095,94.2293120290886,95.2217692672273,96.214226505366,97.2066837435046,
98.1991409816433,99.191598219782,100.184055457921,101.176512696059,102.168969934198,
103.161427172337,104.153884410475,105.146341648614,106.138798886753,107.131256124891,
108.12371336303),.UNSPECIFIED.);
#73=B_SPLINE_SURFACE_WITH_KNOTS('',3,3,((#7811,#7812,#7813,#7814,#7815,
#7816,#7817,#7818,#7819,#7820,#7821,#7822,#7823,#7824,#7825,#7826,#7827,
#7828,#7829,#7830,#7831,#7832,#7833,#7834,#7835,#7836,#7837,#7838,#7839,
#7840,#7841,#7842,#7843,#7844,#7845,#7846,#7847,#7848,#7849,#7850,#7851,
#7852,#7853,#7854,#7855,#7856,#7857,#7858,#7859,#7860,#7861,#7862,#7863,
#7864,#7865,#7866,#7867,#7868,#7869,#7870,#7871,#7872,#7873,#7874,#7875,
#7876,#7877,#7878,#7879,#7880,#7881,#7882,#7883,#7884,#7885,#7886,#7887,
#7888,#7889,#7890,#7891,#7892,#7893,#7894,#7895,#7896,#7897,#7898,#7899,
#7900,#7901,#7902,#7903,#7904,#7905,#7906,#7907,#7908,#7909,#7910),(#7911,
#7912,#7913,#7914,#7915,#7916,#7917,#7918,#7919,#7920,#7921,#7922,#7923,
#7924,#7925,#7926,#7927,#7928,#7929,#7930,#7931,#7932,#7933,#7934,#7935,
#7936,#7937,#7938,#7939,#7940,#7941,#7942,#7943,#7944,#7945,#7946,#7947,
#7948,#7949,#7950,#7951,#7952,#7953,#7954,#7955,#7956,#7957,#7958,#7959,
#7960,#7961,#7962,#7963,#7964,#7965,#7966,#7967,#7968,#7969,#7970,#7971,
#7972,#7973,#7974,#7975,#7976,#7977,#7978,#7979,#7980,#7981,#7982,#7983,
#7984,#7985,#7986,#7987,#7988,#7989,#7990,#7991,#7992,#7993,#7994,#7995,
#7996,#7997,#7998,#7999,#8000,#8001,#8002,#8003,#8004,#8005,#8006,#8007,
#8008,#8009,#8010),(#8011,#8012,#8013,#8014,#8015,#8016,#8017,#8018,#8019,
#8020,#8021,#8022,#8023,#8024,#8025,#8026,#8027,#8028,#8029,#8030,#8031,
#8032,#8033,#8034,#8035,#8036,#8037,#8038,#8039,#8040,#8041,#8042,#8043,
#8044,#8045,#8046,#8047,#8048,#8049,#8050,#8051,#8052,#8053,#8054,#8055,
#8056,#8057,#8058,#8059,#8060,#8061,#8062,#8063,#8064,#8065,#8066,#8067,
#8068,#8069,#8070,#8071,#8072,#8073,#8074,#8075,#8076,#8077,#8078,#8079,
#8080,#8081,#8082,#8083,#8084,#8085,#8086,#8087,#8088,#8089,#8090,#8091,
#8092,#8093,#8094,#8095,#8096,#8097,#8098,#8099,#8100,#8101,#8102,#8103,
#8104,#8105,#8106,#8107,#8108,#8109,#8110),(#8111,#8112,#8113,#8114,#8115,
#8116,#8117,#8118,#8119,#8120,#8121,#8122,#8123,#8124,#8125,#8126,#8127,
#8128,#8129,#8130,#8131,#8132,#8133,#8134,#8135,#8136,#8137,#8138,#8139,
#8140,#8141,#8142,#8143,#8144,#8145,#8146,#8147,#8148,#8149,#8150,#8151,
#8152,#8153,#8154,#8155,#8156,#8157,#8158,#8159,#8160,#8161,#8162,#8163,
#8164,#8165,#8166,#8167,#8168,#8169,#8170,#8171,#8172,#8173,#8174,#8175,
#8176,#8177,#8178,#8179,#8180,#8181,#8182,#8183,#8184,#8185,#8186,#8187,
#8188,#8189,#8190,#8191,#8192,#8193,#8194,#8195,#8196,#8197,#8198,#8199,
#8200,#8201,#8202,#8203,#8204,#8205,#8206,#8207,#8208,#8209,#8210)),
 .UNSPECIFIED.,.F.,.F.,.F.,(4,4),(4,1,1,1,1,1,1,1,1,1,1,1,1,1,1,1,1,1,1,
1,1,1,1,1,1,1,1,1,1,1,1,1,1,1,1,1,1,1,1,1,1,1,1,1,1,1,1,1,1,1,1,1,1,1,1,
1,1,1,1,1,1,1,1,1,1,1,1,1,1,1,1,1,1,1,1,1,1,1,1,1,1,1,1,1,1,1,1,1,1,1,1,
1,1,1,1,1,1,4),(0.,0.0321584099938598),(14.3984001269718,15.3908573651104,
16.3833146032491,17.3757718413878,18.3682290795264,19.3606863176651,20.3531435558038,
21.3456007939424,22.3380580320811,23.3305152702198,24.3229725083584,25.3154297464971,
26.3078869846358,27.3003442227744,28.2928014609131,29.2852586990518,30.2777159371905,
31.2701731753291,32.2626304134678,33.2550876516065,34.2475448897451,35.2400021278838,
36.2324593660225,37.2249166041611,38.2173738422998,39.2098310804385,40.2022883185771,
41.1947455567158,42.1872027948545,43.1796600329931,44.1721172711318,45.1645745092705,
46.1570317474091,47.1494889855478,48.1419462236865,49.1344034618251,50.1268606999638,
51.1193179381025,52.1117751762411,53.1042324143798,54.0966896525185,55.0891468906571,
56.0816041287958,57.0740613669345,58.0665186050731,59.0589758432118,60.0514330813505,
61.0438903194891,62.0363475576278,63.0288047957665,64.0212620339051,65.0137192720438,
66.0061765101825,66.9986337483211,67.9910909864598,68.9835482245985,69.9760054627371,
70.9684627008758,71.9609199390145,72.9533771771531,73.9458344152918,74.9382916534305,
75.9307488915692,76.9232061297078,77.9156633678465,78.9081206059851,79.9005778441238,
80.8930350822625,81.8854923204012,82.8779495585398,83.8704067966785,84.8628640348172,
85.8553212729558,86.8477785110945,87.8402357492332,88.8326929873718,89.8251502255105,
90.8176074636492,91.8100647017878,92.8025219399265,93.7949791780652,94.7874364162038,
95.7798936543425,96.7723508924812,97.7648081306198,98.7572653687585,99.7497226068972,
100.742179845036,101.734637083175,102.727094321313,103.719551559452,104.71200879759,
105.704466035729,106.696923273868,107.689380512007,108.681837750145,109.674294988284,
110.666752226423),.UNSPECIFIED.);
#74=B_SPLINE_SURFACE_WITH_KNOTS('',3,3,((#8490,#8491,#8492,#8493,#8494,
#8495,#8496,#8497,#8498,#8499,#8500,#8501,#8502,#8503,#8504,#8505,#8506,
#8507,#8508,#8509,#8510,#8511,#8512,#8513,#8514,#8515,#8516,#8517,#8518,
#8519,#8520,#8521,#8522,#8523,#8524,#8525,#8526,#8527,#8528,#8529,#8530,
#8531,#8532,#8533,#8534,#8535,#8536,#8537,#8538,#8539,#8540,#8541,#8542,
#8543,#8544,#8545,#8546,#8547,#8548,#8549,#8550,#8551,#8552,#8553,#8554,
#8555,#8556,#8557,#8558,#8559,#8560,#8561,#8562,#8563,#8564,#8565,#8566,
#8567,#8568,#8569,#8570,#8571,#8572,#8573,#8574,#8575,#8576,#8577,#8578,
#8579,#8580,#8581,#8582,#8583,#8584,#8585,#8586,#8587,#8588,#8589),(#8590,
#8591,#8592,#8593,#8594,#8595,#8596,#8597,#8598,#8599,#8600,#8601,#8602,
#8603,#8604,#8605,#8606,#8607,#8608,#8609,#8610,#8611,#8612,#8613,#8614,
#8615,#8616,#8617,#8618,#8619,#8620,#8621,#8622,#8623,#8624,#8625,#8626,
#8627,#8628,#8629,#8630,#8631,#8632,#8633,#8634,#8635,#8636,#8637,#8638,
#8639,#8640,#8641,#8642,#8643,#8644,#8645,#8646,#8647,#8648,#8649,#8650,
#8651,#8652,#8653,#8654,#8655,#8656,#8657,#8658,#8659,#8660,#8661,#8662,
#8663,#8664,#8665,#8666,#8667,#8668,#8669,#8670,#8671,#8672,#8673,#8674,
#8675,#8676,#8677,#8678,#8679,#8680,#8681,#8682,#8683,#8684,#8685,#8686,
#8687,#8688,#8689),(#8690,#8691,#8692,#8693,#8694,#8695,#8696,#8697,#8698,
#8699,#8700,#8701,#8702,#8703,#8704,#8705,#8706,#8707,#8708,#8709,#8710,
#8711,#8712,#8713,#8714,#8715,#8716,#8717,#8718,#8719,#8720,#8721,#8722,
#8723,#8724,#8725,#8726,#8727,#8728,#8729,#8730,#8731,#8732,#8733,#8734,
#8735,#8736,#8737,#8738,#8739,#8740,#8741,#8742,#8743,#8744,#8745,#8746,
#8747,#8748,#8749,#8750,#8751,#8752,#8753,#8754,#8755,#8756,#8757,#8758,
#8759,#8760,#8761,#8762,#8763,#8764,#8765,#8766,#8767,#8768,#8769,#8770,
#8771,#8772,#8773,#8774,#8775,#8776,#8777,#8778,#8779,#8780,#8781,#8782,
#8783,#8784,#8785,#8786,#8787,#8788,#8789),(#8790,#8791,#8792,#8793,#8794,
#8795,#8796,#8797,#8798,#8799,#8800,#8801,#8802,#8803,#8804,#8805,#8806,
#8807,#8808,#8809,#8810,#8811,#8812,#8813,#8814,#8815,#8816,#8817,#8818,
#8819,#8820,#8821,#8822,#8823,#8824,#8825,#8826,#8827,#8828,#8829,#8830,
#8831,#8832,#8833,#8834,#8835,#8836,#8837,#8838,#8839,#8840,#8841,#8842,
#8843,#8844,#8845,#8846,#8847,#8848,#8849,#8850,#8851,#8852,#8853,#8854,
#8855,#8856,#8857,#8858,#8859,#8860,#8861,#8862,#8863,#8864,#8865,#8866,
#8867,#8868,#8869,#8870,#8871,#8872,#8873,#8874,#8875,#8876,#8877,#8878,
#8879,#8880,#8881,#8882,#8883,#8884,#8885,#8886,#8887,#8888,#8889)),
 .UNSPECIFIED.,.F.,.F.,.F.,(4,4),(4,1,1,1,1,1,1,1,1,1,1,1,1,1,1,1,1,1,1,
1,1,1,1,1,1,1,1,1,1,1,1,1,1,1,1,1,1,1,1,1,1,1,1,1,1,1,1,1,1,1,1,1,1,1,1,
1,1,1,1,1,1,1,1,1,1,1,1,1,1,1,1,1,1,1,1,1,1,1,1,1,1,1,1,1,1,1,1,1,1,1,1,
1,1,1,1,1,1,4),(0.,0.0321584099938597),(11.8553612635793,12.8478185017179,
13.8402757398566,14.8327329779953,15.8251902161339,16.8176474542726,17.8101046924113,
18.8025619305499,19.7950191686886,20.7874764068273,21.7799336449659,22.7723908831046,
23.7648481212433,24.7573053593819,25.7497625975206,26.7422198356593,27.7346770737979,
28.7271343119366,29.7195915500753,30.7120487882139,31.7045060263526,32.6969632644913,
33.68942050263,34.6818777407686,35.6743349789073,36.666792217046,37.6592494551846,
38.6517066933233,39.644163931462,40.6366211696006,41.6290784077393,42.621535645878,
43.6139928840166,44.6064501221553,45.5989073602939,46.5913645984326,47.5838218365713,
48.57627907471,49.5687363128486,50.5611935509873,51.553650789126,52.5461080272646,
53.5385652654033,54.531022503542,55.5234797416806,56.5159369798193,57.508394217958,
58.5008514560966,59.4933086942353,60.485765932374,61.4782231705126,62.4706804086513,
63.46313764679,64.4555948849286,65.4480521230673,66.440509361206,67.4329665993446,
68.4254238374833,69.417881075622,70.4103383137606,71.4027955518993,72.395252790038,
73.3877100281766,74.3801672663153,75.372624504454,76.3650817425926,77.3575389807313,
78.34999621887,79.3424534570086,80.3349106951473,81.327367933286,82.3198251714246,
83.3122824095633,84.304739647702,85.2971968858406,86.2896541239793,87.282111362118,
88.2745686002566,89.2670258383953,90.259483076534,91.2519403146726,92.2443975528113,
93.23685479095,94.2293120290886,95.2217692672273,96.214226505366,97.2066837435046,
98.1991409816433,99.191598219782,100.184055457921,101.176512696059,102.168969934198,
103.161427172337,104.153884410475,105.146341648614,106.138798886753,107.131256124891,
108.12371336303),.UNSPECIFIED.);
#75=B_SPLINE_SURFACE_WITH_KNOTS('',3,3,((#8997,#8998,#8999,#9000,#9001,
#9002,#9003,#9004,#9005,#9006,#9007,#9008,#9009,#9010,#9011,#9012,#9013,
#9014,#9015,#9016,#9017,#9018,#9019,#9020,#9021,#9022,#9023,#9024,#9025,
#9026,#9027,#9028,#9029,#9030,#9031,#9032,#9033,#9034,#9035,#9036,#9037,
#9038,#9039,#9040,#9041,#9042,#9043,#9044,#9045,#9046,#9047,#9048,#9049,
#9050,#9051,#9052,#9053,#9054,#9055,#9056,#9057,#9058,#9059,#9060,#9061,
#9062,#9063,#9064,#9065,#9066,#9067,#9068,#9069,#9070,#9071,#9072,#9073,
#9074,#9075,#9076,#9077,#9078,#9079,#9080,#9081,#9082,#9083,#9084,#9085,
#9086,#9087,#9088,#9089,#9090,#9091,#9092,#9093,#9094,#9095,#9096),(#9097,
#9098,#9099,#9100,#9101,#9102,#9103,#9104,#9105,#9106,#9107,#9108,#9109,
#9110,#9111,#9112,#9113,#9114,#9115,#9116,#9117,#9118,#9119,#9120,#9121,
#9122,#9123,#9124,#9125,#9126,#9127,#9128,#9129,#9130,#9131,#9132,#9133,
#9134,#9135,#9136,#9137,#9138,#9139,#9140,#9141,#9142,#9143,#9144,#9145,
#9146,#9147,#9148,#9149,#9150,#9151,#9152,#9153,#9154,#9155,#9156,#9157,
#9158,#9159,#9160,#9161,#9162,#9163,#9164,#9165,#9166,#9167,#9168,#9169,
#9170,#9171,#9172,#9173,#9174,#9175,#9176,#9177,#9178,#9179,#9180,#9181,
#9182,#9183,#9184,#9185,#9186,#9187,#9188,#9189,#9190,#9191,#9192,#9193,
#9194,#9195,#9196),(#9197,#9198,#9199,#9200,#9201,#9202,#9203,#9204,#9205,
#9206,#9207,#9208,#9209,#9210,#9211,#9212,#9213,#9214,#9215,#9216,#9217,
#9218,#9219,#9220,#9221,#9222,#9223,#9224,#9225,#9226,#9227,#9228,#9229,
#9230,#9231,#9232,#9233,#9234,#9235,#9236,#9237,#9238,#9239,#9240,#9241,
#9242,#9243,#9244,#9245,#9246,#9247,#9248,#9249,#9250,#9251,#9252,#9253,
#9254,#9255,#9256,#9257,#9258,#9259,#9260,#9261,#9262,#9263,#9264,#9265,
#9266,#9267,#9268,#9269,#9270,#9271,#9272,#9273,#9274,#9275,#9276,#9277,
#9278,#9279,#9280,#9281,#9282,#9283,#9284,#9285,#9286,#9287,#9288,#9289,
#9290,#9291,#9292,#9293,#9294,#9295,#9296),(#9297,#9298,#9299,#9300,#9301,
#9302,#9303,#9304,#9305,#9306,#9307,#9308,#9309,#9310,#9311,#9312,#9313,
#9314,#9315,#9316,#9317,#9318,#9319,#9320,#9321,#9322,#9323,#9324,#9325,
#9326,#9327,#9328,#9329,#9330,#9331,#9332,#9333,#9334,#9335,#9336,#9337,
#9338,#9339,#9340,#9341,#9342,#9343,#9344,#9345,#9346,#9347,#9348,#9349,
#9350,#9351,#9352,#9353,#9354,#9355,#9356,#9357,#9358,#9359,#9360,#9361,
#9362,#9363,#9364,#9365,#9366,#9367,#9368,#9369,#9370,#9371,#9372,#9373,
#9374,#9375,#9376,#9377,#9378,#9379,#9380,#9381,#9382,#9383,#9384,#9385,
#9386,#9387,#9388,#9389,#9390,#9391,#9392,#9393,#9394,#9395,#9396)),
 .UNSPECIFIED.,.F.,.F.,.F.,(4,4),(4,1,1,1,1,1,1,1,1,1,1,1,1,1,1,1,1,1,1,
1,1,1,1,1,1,1,1,1,1,1,1,1,1,1,1,1,1,1,1,1,1,1,1,1,1,1,1,1,1,1,1,1,1,1,1,
1,1,1,1,1,1,1,1,1,1,1,1,1,1,1,1,1,1,1,1,1,1,1,1,1,1,1,1,1,1,1,1,1,1,1,1,
1,1,1,1,1,1,4),(0.,0.0321584099938598),(14.3984001269718,15.3908573651104,
16.3833146032491,17.3757718413878,18.3682290795264,19.3606863176651,20.3531435558038,
21.3456007939424,22.3380580320811,23.3305152702198,24.3229725083584,25.3154297464971,
26.3078869846358,27.3003442227744,28.2928014609131,29.2852586990518,30.2777159371904,
31.2701731753291,32.2626304134678,33.2550876516064,34.2475448897451,35.2400021278838,
36.2324593660225,37.2249166041611,38.2173738422998,39.2098310804385,40.2022883185771,
41.1947455567158,42.1872027948545,43.1796600329931,44.1721172711318,45.1645745092705,
46.1570317474091,47.1494889855478,48.1419462236865,49.1344034618251,50.1268606999638,
51.1193179381025,52.1117751762411,53.1042324143798,54.0966896525185,55.0891468906571,
56.0816041287958,57.0740613669345,58.0665186050731,59.0589758432118,60.0514330813505,
61.0438903194891,62.0363475576278,63.0288047957665,64.0212620339051,65.0137192720438,
66.0061765101825,66.9986337483211,67.9910909864598,68.9835482245985,69.9760054627371,
70.9684627008758,71.9609199390145,72.9533771771532,73.9458344152918,74.9382916534305,
75.9307488915692,76.9232061297078,77.9156633678465,78.9081206059852,79.9005778441238,
80.8930350822625,81.8854923204012,82.8779495585398,83.8704067966785,84.8628640348172,
85.8553212729558,86.8477785110945,87.8402357492332,88.8326929873718,89.8251502255105,
90.8176074636492,91.8100647017878,92.8025219399265,93.7949791780652,94.7874364162038,
95.7798936543425,96.7723508924812,97.7648081306198,98.7572653687585,99.7497226068972,
100.742179845036,101.734637083175,102.727094321313,103.719551559452,104.712008797591,
105.704466035729,106.696923273868,107.689380512007,108.681837750145,109.674294988284,
110.666752226423),.UNSPECIFIED.);
#76=B_SPLINE_SURFACE_WITH_KNOTS('',3,3,((#9874,#9875,#9876,#9877),(#9878,
#9879,#9880,#9881),(#9882,#9883,#9884,#9885),(#9886,#9887,#9888,#9889),
(#9890,#9891,#9892,#9893),(#9894,#9895,#9896,#9897),(#9898,#9899,#9900,
#9901),(#9902,#9903,#9904,#9905),(#9906,#9907,#9908,#9909),(#9910,#9911,
#9912,#9913)),.UNSPECIFIED.,.F.,.F.,.F.,(4,1,1,1,1,1,1,4),(4,4),(0.,0.142857142857143,
0.285714285714286,0.428571428571429,0.571428571428571,0.714285714285714,
0.857142857142857,1.),(0.,0.1016),.UNSPECIFIED.);
#77=B_SPLINE_SURFACE_WITH_KNOTS('',3,3,((#9973,#9974,#9975,#9976),(#9977,
#9978,#9979,#9980),(#9981,#9982,#9983,#9984),(#9985,#9986,#9987,#9988),
(#9989,#9990,#9991,#9992),(#9993,#9994,#9995,#9996),(#9997,#9998,#9999,
#10000),(#10001,#10002,#10003,#10004),(#10005,#10006,#10007,#10008),(#10009,
#10010,#10011,#10012)),.UNSPECIFIED.,.F.,.F.,.F.,(4,1,1,1,1,1,1,4),(4,4),
(0.,0.142857142857143,0.285714285714286,0.428571428571429,0.571428571428571,
0.714285714285714,0.857142857142857,1.),(0.,0.1016),.UNSPECIFIED.);
#78=B_SPLINE_SURFACE_WITH_KNOTS('',3,3,((#10013,#10014,#10015,#10016),(#10017,
#10018,#10019,#10020),(#10021,#10022,#10023,#10024),(#10025,#10026,#10027,
#10028),(#10029,#10030,#10031,#10032),(#10033,#10034,#10035,#10036),(#10037,
#10038,#10039,#10040),(#10041,#10042,#10043,#10044),(#10045,#10046,#10047,
#10048),(#10049,#10050,#10051,#10052)),.UNSPECIFIED.,.F.,.F.,.F.,(4,1,1,
1,1,1,1,4),(4,4),(0.,0.142857142857143,0.285714285714286,0.428571428571429,
0.571428571428571,0.714285714285714,0.857142857142857,1.),(0.,0.1016),
 .UNSPECIFIED.);
#79=B_SPLINE_SURFACE_WITH_KNOTS('',3,3,((#10056,#10057,#10058,#10059),(#10060,
#10061,#10062,#10063),(#10064,#10065,#10066,#10067),(#10068,#10069,#10070,
#10071),(#10072,#10073,#10074,#10075),(#10076,#10077,#10078,#10079),(#10080,
#10081,#10082,#10083),(#10084,#10085,#10086,#10087),(#10088,#10089,#10090,
#10091),(#10092,#10093,#10094,#10095)),.UNSPECIFIED.,.F.,.F.,.F.,(4,1,1,
1,1,1,1,4),(4,4),(0.,0.142857142857143,0.285714285714286,0.428571428571429,
0.571428571428571,0.714285714285714,0.857142857142857,1.),(0.,0.1016),
 .UNSPECIFIED.);
#80=B_SPLINE_SURFACE_WITH_KNOTS('',3,3,((#10317,#10318,#10319,#10320,#10321,
#10322),(#10323,#10324,#10325,#10326,#10327,#10328),(#10329,#10330,#10331,
#10332,#10333,#10334),(#10335,#10336,#10337,#10338,#10339,#10340)),
 .UNSPECIFIED.,.F.,.F.,.F.,(4,4),(4,1,1,4),(-0.338666666666667,0.338666666666667),
(1.5707963267949,2.24399475256414,2.69279370307697,3.14159265358979),
 .UNSPECIFIED.);
#81=B_SPLINE_SURFACE_WITH_KNOTS('',3,3,((#10515,#10516,#10517,#10518,#10519,
#10520),(#10521,#10522,#10523,#10524,#10525,#10526),(#10527,#10528,#10529,
#10530,#10531,#10532),(#10533,#10534,#10535,#10536,#10537,#10538)),
 .UNSPECIFIED.,.F.,.F.,.F.,(4,4),(4,1,1,4),(-0.338666666666667,0.338666666666667),
(-3.0118904933435E-17,0.673198425769241,1.12199737628207,1.5707963267949),
 .UNSPECIFIED.);
#82=B_SPLINE_SURFACE_WITH_KNOTS('',3,3,((#10540,#10541,#10542,#10543,#10544,
#10545),(#10546,#10547,#10548,#10549,#10550,#10551),(#10552,#10553,#10554,
#10555,#10556,#10557),(#10558,#10559,#10560,#10561,#10562,#10563)),
 .UNSPECIFIED.,.F.,.F.,.F.,(4,4),(4,1,1,4),(-0.338666666666667,0.338666666666667),
(-1.5707963267949,-0.897597901025645,-0.448798950512811,2.368475785867E-14),
 .UNSPECIFIED.);
#83=B_SPLINE_SURFACE_WITH_KNOTS('',3,3,((#10578,#10579,#10580,#10581,#10582,
#10583),(#10584,#10585,#10586,#10587,#10588,#10589),(#10590,#10591,#10592,
#10593,#10594,#10595),(#10596,#10597,#10598,#10599,#10600,#10601)),
 .UNSPECIFIED.,.F.,.F.,.F.,(4,4),(4,1,1,4),(-0.338666666666667,0.338666666666667),
(-3.14159265358979,-2.46839422782055,-2.01959527730772,-1.5707963267949),
 .UNSPECIFIED.);
#84=PLANE('',#3861);
#85=PLANE('',#3862);
#86=PLANE('',#3863);
#87=PLANE('',#3864);
#88=PLANE('',#3865);
#89=PLANE('',#3869);
#90=PLANE('',#3877);
#91=PLANE('',#3878);
#92=PLANE('',#3879);
#93=PLANE('',#3880);
#94=PLANE('',#3881);
#95=PLANE('',#3882);
#96=PLANE('',#3883);
#97=PLANE('',#3884);
#98=PLANE('',#3885);
#99=PLANE('',#3886);
#100=PLANE('',#3887);
#101=PLANE('',#3888);
#102=PLANE('',#3889);
#103=PLANE('',#3890);
#104=PLANE('',#3891);
#105=PLANE('',#3892);
#106=PLANE('',#3893);
#107=PLANE('',#3894);
#108=PLANE('',#3896);
#109=PLANE('',#3899);
#110=PLANE('',#3904);
#111=PLANE('',#3905);
#112=PLANE('',#3906);
#113=PLANE('',#3915);
#114=PLANE('',#3918);
#115=PLANE('',#3921);
#116=PLANE('',#3926);
#117=PLANE('',#3927);
#118=PLANE('',#3928);
#119=PLANE('',#3931);
#120=PLANE('',#3934);
#121=PLANE('',#3937);
#122=PLANE('',#3938);
#123=PLANE('',#3940);
#124=PLANE('',#3942);
#125=PLANE('',#3944);
#126=PLANE('',#3946);
#127=PLANE('',#3947);
#128=PLANE('',#3950);
#129=PLANE('',#3953);
#130=PLANE('',#3956);
#131=PLANE('',#3961);
#132=PLANE('',#3964);
#133=PLANE('',#3965);
#134=PLANE('',#3968);
#135=PLANE('',#3971);
#136=PLANE('',#3972);
#137=PLANE('',#3973);
#138=PLANE('',#3975);
#139=PLANE('',#3977);
#140=PLANE('',#3982);
#141=PLANE('',#3983);
#142=PLANE('',#3987);
#143=PLANE('',#3989);
#144=PLANE('',#3991);
#145=PLANE('',#3992);
#146=PLANE('',#4005);
#147=PLANE('',#4007);
#148=PLANE('',#4010);
#149=PLANE('',#4012);
#150=PLANE('',#4017);
#151=PLANE('',#4018);
#152=PLANE('',#4022);
#153=PLANE('',#4024);
#154=PLANE('',#4026);
#155=PLANE('',#4027);
#156=PLANE('',#4033);
#157=PLANE('',#4037);
#158=PLANE('',#4039);
#159=PLANE('',#4041);
#160=PLANE('',#4042);
#161=PLANE('',#4043);
#162=PLANE('',#4044);
#163=PLANE('',#4055);
#164=PLANE('',#4056);
#165=PLANE('',#4057);
#166=PLANE('',#4058);
#167=PLANE('',#4063);
#168=PLANE('',#4064);
#169=PLANE('',#4065);
#170=PLANE('',#4066);
#171=PLANE('',#4067);
#172=PLANE('',#4068);
#173=PLANE('',#4069);
#174=PLANE('',#4070);
#175=PLANE('',#4071);
#176=FACE_OUTER_BOUND('',#382,.T.);
#177=FACE_OUTER_BOUND('',#383,.T.);
#178=FACE_OUTER_BOUND('',#384,.T.);
#179=FACE_OUTER_BOUND('',#385,.T.);
#180=FACE_OUTER_BOUND('',#386,.T.);
#181=FACE_OUTER_BOUND('',#387,.T.);
#182=FACE_OUTER_BOUND('',#388,.T.);
#183=FACE_OUTER_BOUND('',#389,.T.);
#184=FACE_OUTER_BOUND('',#390,.T.);
#185=FACE_OUTER_BOUND('',#391,.T.);
#186=FACE_OUTER_BOUND('',#392,.T.);
#187=FACE_OUTER_BOUND('',#393,.T.);
#188=FACE_OUTER_BOUND('',#394,.T.);
#189=FACE_OUTER_BOUND('',#395,.T.);
#190=FACE_OUTER_BOUND('',#396,.T.);
#191=FACE_OUTER_BOUND('',#397,.T.);
#192=FACE_OUTER_BOUND('',#398,.T.);
#193=FACE_OUTER_BOUND('',#399,.T.);
#194=FACE_OUTER_BOUND('',#400,.T.);
#195=FACE_OUTER_BOUND('',#401,.T.);
#196=FACE_OUTER_BOUND('',#402,.T.);
#197=FACE_OUTER_BOUND('',#403,.T.);
#198=FACE_OUTER_BOUND('',#404,.T.);
#199=FACE_OUTER_BOUND('',#405,.T.);
#200=FACE_OUTER_BOUND('',#406,.T.);
#201=FACE_OUTER_BOUND('',#407,.T.);
#202=FACE_OUTER_BOUND('',#408,.T.);
#203=FACE_OUTER_BOUND('',#409,.T.);
#204=FACE_OUTER_BOUND('',#410,.T.);
#205=FACE_OUTER_BOUND('',#411,.T.);
#206=FACE_OUTER_BOUND('',#412,.T.);
#207=FACE_OUTER_BOUND('',#413,.T.);
#208=FACE_OUTER_BOUND('',#414,.T.);
#209=FACE_OUTER_BOUND('',#415,.T.);
#210=FACE_OUTER_BOUND('',#416,.T.);
#211=FACE_OUTER_BOUND('',#417,.T.);
#212=FACE_OUTER_BOUND('',#418,.T.);
#213=FACE_OUTER_BOUND('',#419,.T.);
#214=FACE_OUTER_BOUND('',#420,.T.);
#215=FACE_OUTER_BOUND('',#421,.T.);
#216=FACE_OUTER_BOUND('',#422,.T.);
#217=FACE_OUTER_BOUND('',#423,.T.);
#218=FACE_OUTER_BOUND('',#424,.T.);
#219=FACE_OUTER_BOUND('',#425,.T.);
#220=FACE_OUTER_BOUND('',#426,.T.);
#221=FACE_OUTER_BOUND('',#427,.T.);
#222=FACE_OUTER_BOUND('',#428,.T.);
#223=FACE_OUTER_BOUND('',#429,.T.);
#224=FACE_OUTER_BOUND('',#430,.T.);
#225=FACE_OUTER_BOUND('',#431,.T.);
#226=FACE_OUTER_BOUND('',#432,.T.);
#227=FACE_OUTER_BOUND('',#433,.T.);
#228=FACE_OUTER_BOUND('',#434,.T.);
#229=FACE_OUTER_BOUND('',#435,.T.);
#230=FACE_OUTER_BOUND('',#436,.T.);
#231=FACE_OUTER_BOUND('',#437,.T.);
#232=FACE_OUTER_BOUND('',#438,.T.);
#233=FACE_OUTER_BOUND('',#439,.T.);
#234=FACE_OUTER_BOUND('',#440,.T.);
#235=FACE_OUTER_BOUND('',#441,.T.);
#236=FACE_OUTER_BOUND('',#442,.T.);
#237=FACE_OUTER_BOUND('',#443,.T.);
#238=FACE_OUTER_BOUND('',#444,.T.);
#239=FACE_OUTER_BOUND('',#445,.T.);
#240=FACE_OUTER_BOUND('',#446,.T.);
#241=FACE_OUTER_BOUND('',#447,.T.);
#242=FACE_OUTER_BOUND('',#448,.T.);
#243=FACE_OUTER_BOUND('',#449,.T.);
#244=FACE_OUTER_BOUND('',#450,.T.);
#245=FACE_OUTER_BOUND('',#451,.T.);
#246=FACE_OUTER_BOUND('',#452,.T.);
#247=FACE_OUTER_BOUND('',#453,.T.);
#248=FACE_OUTER_BOUND('',#454,.T.);
#249=FACE_OUTER_BOUND('',#455,.T.);
#250=FACE_OUTER_BOUND('',#456,.T.);
#251=FACE_OUTER_BOUND('',#457,.T.);
#252=FACE_OUTER_BOUND('',#458,.T.);
#253=FACE_OUTER_BOUND('',#459,.T.);
#254=FACE_OUTER_BOUND('',#460,.T.);
#255=FACE_OUTER_BOUND('',#461,.T.);
#256=FACE_OUTER_BOUND('',#462,.T.);
#257=FACE_OUTER_BOUND('',#463,.T.);
#258=FACE_OUTER_BOUND('',#464,.T.);
#259=FACE_OUTER_BOUND('',#465,.T.);
#260=FACE_OUTER_BOUND('',#467,.T.);
#261=FACE_OUTER_BOUND('',#468,.T.);
#262=FACE_OUTER_BOUND('',#469,.T.);
#263=FACE_OUTER_BOUND('',#470,.T.);
#264=FACE_OUTER_BOUND('',#471,.T.);
#265=FACE_OUTER_BOUND('',#474,.T.);
#266=FACE_OUTER_BOUND('',#475,.T.);
#267=FACE_OUTER_BOUND('',#476,.T.);
#268=FACE_OUTER_BOUND('',#477,.T.);
#269=FACE_OUTER_BOUND('',#478,.T.);
#270=FACE_OUTER_BOUND('',#483,.T.);
#271=FACE_OUTER_BOUND('',#485,.T.);
#272=FACE_OUTER_BOUND('',#486,.T.);
#273=FACE_OUTER_BOUND('',#487,.T.);
#274=FACE_OUTER_BOUND('',#488,.T.);
#275=FACE_OUTER_BOUND('',#489,.T.);
#276=FACE_OUTER_BOUND('',#493,.T.);
#277=FACE_OUTER_BOUND('',#494,.T.);
#278=FACE_OUTER_BOUND('',#495,.T.);
#279=FACE_OUTER_BOUND('',#497,.T.);
#280=FACE_OUTER_BOUND('',#498,.T.);
#281=FACE_OUTER_BOUND('',#499,.T.);
#282=FACE_OUTER_BOUND('',#500,.T.);
#283=FACE_OUTER_BOUND('',#501,.T.);
#284=FACE_OUTER_BOUND('',#503,.T.);
#285=FACE_OUTER_BOUND('',#504,.T.);
#286=FACE_OUTER_BOUND('',#505,.T.);
#287=FACE_OUTER_BOUND('',#506,.T.);
#288=FACE_OUTER_BOUND('',#508,.T.);
#289=FACE_OUTER_BOUND('',#509,.T.);
#290=FACE_OUTER_BOUND('',#510,.T.);
#291=FACE_OUTER_BOUND('',#511,.T.);
#292=FACE_OUTER_BOUND('',#512,.T.);
#293=FACE_OUTER_BOUND('',#513,.T.);
#294=FACE_OUTER_BOUND('',#514,.T.);
#295=FACE_OUTER_BOUND('',#515,.T.);
#296=FACE_OUTER_BOUND('',#516,.T.);
#297=FACE_OUTER_BOUND('',#517,.T.);
#298=FACE_OUTER_BOUND('',#518,.T.);
#299=FACE_OUTER_BOUND('',#519,.T.);
#300=FACE_OUTER_BOUND('',#520,.T.);
#301=FACE_OUTER_BOUND('',#521,.T.);
#302=FACE_OUTER_BOUND('',#522,.T.);
#303=FACE_OUTER_BOUND('',#523,.T.);
#304=FACE_OUTER_BOUND('',#524,.T.);
#305=FACE_OUTER_BOUND('',#525,.T.);
#306=FACE_OUTER_BOUND('',#526,.T.);
#307=FACE_OUTER_BOUND('',#527,.T.);
#308=FACE_OUTER_BOUND('',#528,.T.);
#309=FACE_OUTER_BOUND('',#529,.T.);
#310=FACE_OUTER_BOUND('',#530,.T.);
#311=FACE_OUTER_BOUND('',#531,.T.);
#312=FACE_OUTER_BOUND('',#532,.T.);
#313=FACE_OUTER_BOUND('',#533,.T.);
#314=FACE_OUTER_BOUND('',#534,.T.);
#315=FACE_OUTER_BOUND('',#535,.T.);
#316=FACE_OUTER_BOUND('',#536,.T.);
#317=FACE_OUTER_BOUND('',#537,.T.);
#318=FACE_OUTER_BOUND('',#538,.T.);
#319=FACE_OUTER_BOUND('',#539,.T.);
#320=FACE_OUTER_BOUND('',#543,.T.);
#321=FACE_OUTER_BOUND('',#545,.T.);
#322=FACE_OUTER_BOUND('',#546,.T.);
#323=FACE_OUTER_BOUND('',#547,.T.);
#324=FACE_OUTER_BOUND('',#548,.T.);
#325=FACE_OUTER_BOUND('',#549,.T.);
#326=FACE_OUTER_BOUND('',#550,.T.);
#327=FACE_OUTER_BOUND('',#551,.T.);
#328=FACE_OUTER_BOUND('',#553,.T.);
#329=FACE_OUTER_BOUND('',#554,.T.);
#330=FACE_OUTER_BOUND('',#560,.T.);
#331=FACE_OUTER_BOUND('',#561,.T.);
#332=FACE_OUTER_BOUND('',#562,.T.);
#333=FACE_OUTER_BOUND('',#563,.T.);
#334=FACE_OUTER_BOUND('',#565,.T.);
#335=FACE_OUTER_BOUND('',#566,.T.);
#336=FACE_OUTER_BOUND('',#567,.T.);
#337=FACE_OUTER_BOUND('',#569,.T.);
#338=FACE_OUTER_BOUND('',#570,.T.);
#339=FACE_OUTER_BOUND('',#571,.T.);
#340=FACE_OUTER_BOUND('',#572,.T.);
#341=FACE_OUTER_BOUND('',#573,.T.);
#342=FACE_OUTER_BOUND('',#574,.T.);
#343=FACE_OUTER_BOUND('',#575,.T.);
#344=FACE_OUTER_BOUND('',#577,.T.);
#345=FACE_OUTER_BOUND('',#578,.T.);
#346=FACE_OUTER_BOUND('',#580,.T.);
#347=FACE_OUTER_BOUND('',#581,.T.);
#348=FACE_OUTER_BOUND('',#582,.T.);
#349=FACE_OUTER_BOUND('',#584,.T.);
#350=FACE_OUTER_BOUND('',#585,.T.);
#351=FACE_OUTER_BOUND('',#587,.T.);
#352=FACE_OUTER_BOUND('',#588,.T.);
#353=FACE_OUTER_BOUND('',#589,.T.);
#354=FACE_OUTER_BOUND('',#590,.T.);
#355=FACE_OUTER_BOUND('',#591,.T.);
#356=FACE_OUTER_BOUND('',#592,.T.);
#357=FACE_OUTER_BOUND('',#593,.T.);
#358=FACE_OUTER_BOUND('',#594,.T.);
#359=FACE_OUTER_BOUND('',#595,.T.);
#360=FACE_OUTER_BOUND('',#596,.T.);
#361=FACE_OUTER_BOUND('',#597,.T.);
#362=FACE_OUTER_BOUND('',#598,.T.);
#363=FACE_OUTER_BOUND('',#599,.T.);
#364=FACE_OUTER_BOUND('',#600,.T.);
#365=FACE_OUTER_BOUND('',#601,.T.);
#366=FACE_OUTER_BOUND('',#607,.T.);
#367=FACE_OUTER_BOUND('',#608,.T.);
#368=FACE_OUTER_BOUND('',#609,.T.);
#369=FACE_OUTER_BOUND('',#610,.T.);
#370=FACE_OUTER_BOUND('',#611,.T.);
#371=FACE_OUTER_BOUND('',#612,.T.);
#372=FACE_OUTER_BOUND('',#613,.T.);
#373=FACE_OUTER_BOUND('',#614,.T.);
#374=FACE_OUTER_BOUND('',#615,.T.);
#375=FACE_OUTER_BOUND('',#616,.T.);
#376=FACE_OUTER_BOUND('',#617,.T.);
#377=FACE_OUTER_BOUND('',#618,.T.);
#378=FACE_OUTER_BOUND('',#619,.T.);
#379=FACE_OUTER_BOUND('',#620,.T.);
#380=FACE_OUTER_BOUND('',#621,.T.);
#381=FACE_OUTER_BOUND('',#622,.T.);
#382=EDGE_LOOP('',(#2362,#2363,#2364,#2365));
#383=EDGE_LOOP('',(#2366,#2367,#2368,#2369));
#384=EDGE_LOOP('',(#2370,#2371,#2372,#2373));
#385=EDGE_LOOP('',(#2374,#2375,#2376,#2377));
#386=EDGE_LOOP('',(#2378,#2379,#2380,#2381));
#387=EDGE_LOOP('',(#2382,#2383,#2384,#2385));
#388=EDGE_LOOP('',(#2386,#2387,#2388,#2389));
#389=EDGE_LOOP('',(#2390,#2391,#2392,#2393));
#390=EDGE_LOOP('',(#2394,#2395,#2396,#2397));
#391=EDGE_LOOP('',(#2398,#2399,#2400,#2401));
#392=EDGE_LOOP('',(#2402,#2403,#2404,#2405));
#393=EDGE_LOOP('',(#2406,#2407,#2408,#2409));
#394=EDGE_LOOP('',(#2410,#2411,#2412,#2413));
#395=EDGE_LOOP('',(#2414,#2415,#2416,#2417));
#396=EDGE_LOOP('',(#2418,#2419,#2420,#2421));
#397=EDGE_LOOP('',(#2422,#2423,#2424,#2425));
#398=EDGE_LOOP('',(#2426,#2427,#2428,#2429));
#399=EDGE_LOOP('',(#2430,#2431,#2432,#2433));
#400=EDGE_LOOP('',(#2434,#2435,#2436,#2437));
#401=EDGE_LOOP('',(#2438,#2439,#2440,#2441));
#402=EDGE_LOOP('',(#2442,#2443,#2444,#2445));
#403=EDGE_LOOP('',(#2446,#2447,#2448,#2449));
#404=EDGE_LOOP('',(#2450,#2451,#2452,#2453));
#405=EDGE_LOOP('',(#2454,#2455,#2456,#2457));
#406=EDGE_LOOP('',(#2458,#2459,#2460,#2461));
#407=EDGE_LOOP('',(#2462,#2463,#2464,#2465));
#408=EDGE_LOOP('',(#2466,#2467,#2468,#2469));
#409=EDGE_LOOP('',(#2470,#2471,#2472,#2473));
#410=EDGE_LOOP('',(#2474,#2475,#2476,#2477));
#411=EDGE_LOOP('',(#2478,#2479,#2480,#2481));
#412=EDGE_LOOP('',(#2482,#2483,#2484,#2485));
#413=EDGE_LOOP('',(#2486,#2487,#2488,#2489));
#414=EDGE_LOOP('',(#2490,#2491,#2492,#2493));
#415=EDGE_LOOP('',(#2494,#2495,#2496,#2497));
#416=EDGE_LOOP('',(#2498,#2499,#2500,#2501));
#417=EDGE_LOOP('',(#2502,#2503,#2504,#2505));
#418=EDGE_LOOP('',(#2506,#2507,#2508,#2509));
#419=EDGE_LOOP('',(#2510,#2511,#2512,#2513));
#420=EDGE_LOOP('',(#2514,#2515,#2516,#2517));
#421=EDGE_LOOP('',(#2518,#2519,#2520,#2521));
#422=EDGE_LOOP('',(#2522,#2523,#2524,#2525));
#423=EDGE_LOOP('',(#2526,#2527,#2528,#2529));
#424=EDGE_LOOP('',(#2530,#2531,#2532,#2533));
#425=EDGE_LOOP('',(#2534,#2535,#2536,#2537));
#426=EDGE_LOOP('',(#2538,#2539,#2540,#2541));
#427=EDGE_LOOP('',(#2542,#2543,#2544,#2545));
#428=EDGE_LOOP('',(#2546,#2547,#2548,#2549));
#429=EDGE_LOOP('',(#2550,#2551,#2552,#2553));
#430=EDGE_LOOP('',(#2554,#2555,#2556,#2557));
#431=EDGE_LOOP('',(#2558,#2559,#2560,#2561));
#432=EDGE_LOOP('',(#2562,#2563,#2564,#2565));
#433=EDGE_LOOP('',(#2566,#2567,#2568,#2569));
#434=EDGE_LOOP('',(#2570,#2571,#2572,#2573));
#435=EDGE_LOOP('',(#2574,#2575,#2576,#2577));
#436=EDGE_LOOP('',(#2578,#2579,#2580,#2581));
#437=EDGE_LOOP('',(#2582,#2583,#2584,#2585));
#438=EDGE_LOOP('',(#2586,#2587,#2588,#2589));
#439=EDGE_LOOP('',(#2590,#2591,#2592,#2593));
#440=EDGE_LOOP('',(#2594,#2595,#2596,#2597));
#441=EDGE_LOOP('',(#2598,#2599,#2600,#2601));
#442=EDGE_LOOP('',(#2602,#2603,#2604,#2605));
#443=EDGE_LOOP('',(#2606,#2607,#2608,#2609));
#444=EDGE_LOOP('',(#2610,#2611,#2612,#2613));
#445=EDGE_LOOP('',(#2614,#2615,#2616,#2617,#2618,#2619));
#446=EDGE_LOOP('',(#2620,#2621,#2622,#2623,#2624));
#447=EDGE_LOOP('',(#2625,#2626,#2627,#2628));
#448=EDGE_LOOP('',(#2629,#2630,#2631,#2632,#2633,#2634,#2635,#2636,#2637,
#2638,#2639,#2640,#2641,#2642,#2643,#2644,#2645,#2646,#2647,#2648,#2649,
#2650,#2651,#2652,#2653,#2654,#2655,#2656,#2657,#2658,#2659,#2660,#2661,
#2662));
#449=EDGE_LOOP('',(#2663,#2664,#2665,#2666,#2667,#2668,#2669,#2670,#2671,
#2672,#2673,#2674,#2675,#2676,#2677,#2678,#2679,#2680,#2681,#2682,#2683,
#2684,#2685,#2686,#2687,#2688,#2689,#2690,#2691,#2692,#2693,#2694,#2695,
#2696));
#450=EDGE_LOOP('',(#2697,#2698,#2699,#2700,#2701));
#451=EDGE_LOOP('',(#2702,#2703,#2704,#2705));
#452=EDGE_LOOP('',(#2706,#2707,#2708,#2709,#2710,#2711,#2712,#2713,#2714,
#2715,#2716,#2717,#2718,#2719,#2720,#2721,#2722,#2723,#2724,#2725,#2726,
#2727,#2728,#2729,#2730,#2731,#2732,#2733,#2734,#2735,#2736,#2737,#2738,
#2739));
#453=EDGE_LOOP('',(#2740,#2741,#2742,#2743,#2744,#2745,#2746,#2747,#2748,
#2749,#2750,#2751,#2752,#2753,#2754,#2755,#2756,#2757,#2758,#2759,#2760,
#2761,#2762,#2763,#2764,#2765,#2766,#2767,#2768,#2769,#2770,#2771,#2772,
#2773));
#454=EDGE_LOOP('',(#2774,#2775,#2776,#2777,#2778));
#455=EDGE_LOOP('',(#2779,#2780,#2781,#2782));
#456=EDGE_LOOP('',(#2783,#2784,#2785,#2786,#2787));
#457=EDGE_LOOP('',(#2788,#2789,#2790,#2791));
#458=EDGE_LOOP('',(#2792,#2793,#2794,#2795,#2796,#2797));
#459=EDGE_LOOP('',(#2798,#2799,#2800,#2801));
#460=EDGE_LOOP('',(#2802,#2803,#2804,#2805));
#461=EDGE_LOOP('',(#2806,#2807,#2808,#2809));
#462=EDGE_LOOP('',(#2810,#2811,#2812,#2813));
#463=EDGE_LOOP('',(#2814,#2815,#2816,#2817));
#464=EDGE_LOOP('',(#2818,#2819,#2820,#2821));
#465=EDGE_LOOP('',(#2822,#2823,#2824,#2825));
#466=EDGE_LOOP('',(#2826,#2827,#2828,#2829));
#467=EDGE_LOOP('',(#2830,#2831,#2832,#2833));
#468=EDGE_LOOP('',(#2834,#2835,#2836,#2837));
#469=EDGE_LOOP('',(#2838,#2839,#2840,#2841));
#470=EDGE_LOOP('',(#2842,#2843,#2844,#2845));
#471=EDGE_LOOP('',(#2846,#2847,#2848,#2849));
#472=EDGE_LOOP('',(#2850,#2851,#2852,#2853));
#473=EDGE_LOOP('',(#2854,#2855,#2856,#2857));
#474=EDGE_LOOP('',(#2858,#2859,#2860,#2861));
#475=EDGE_LOOP('',(#2862,#2863,#2864,#2865));
#476=EDGE_LOOP('',(#2866,#2867,#2868,#2869));
#477=EDGE_LOOP('',(#2870,#2871,#2872,#2873));
#478=EDGE_LOOP('',(#2874,#2875,#2876,#2877));
#479=EDGE_LOOP('',(#2878,#2879,#2880,#2881,#2882,#2883));
#480=EDGE_LOOP('',(#2884,#2885,#2886,#2887));
#481=EDGE_LOOP('',(#2888,#2889,#2890,#2891));
#482=EDGE_LOOP('',(#2892,#2893,#2894,#2895));
#483=EDGE_LOOP('',(#2896,#2897,#2898,#2899,#2900,#2901));
#484=EDGE_LOOP('',(#2902,#2903,#2904,#2905));
#485=EDGE_LOOP('',(#2906,#2907,#2908,#2909));
#486=EDGE_LOOP('',(#2910,#2911,#2912,#2913));
#487=EDGE_LOOP('',(#2914,#2915,#2916,#2917));
#488=EDGE_LOOP('',(#2918,#2919,#2920,#2921));
#489=EDGE_LOOP('',(#2922,#2923,#2924,#2925));
#490=EDGE_LOOP('',(#2926,#2927,#2928,#2929,#2930,#2931,#2932,#2933));
#491=EDGE_LOOP('',(#2934,#2935,#2936,#2937));
#492=EDGE_LOOP('',(#2938,#2939,#2940,#2941));
#493=EDGE_LOOP('',(#2942,#2943,#2944,#2945));
#494=EDGE_LOOP('',(#2946,#2947,#2948,#2949));
#495=EDGE_LOOP('',(#2950,#2951,#2952,#2953,#2954,#2955));
#496=EDGE_LOOP('',(#2956,#2957,#2958,#2959));
#497=EDGE_LOOP('',(#2960,#2961,#2962,#2963));
#498=EDGE_LOOP('',(#2964,#2965,#2966,#2967));
#499=EDGE_LOOP('',(#2968,#2969,#2970,#2971));
#500=EDGE_LOOP('',(#2972,#2973,#2974,#2975));
#501=EDGE_LOOP('',(#2976,#2977,#2978,#2979,#2980,#2981));
#502=EDGE_LOOP('',(#2982,#2983,#2984,#2985));
#503=EDGE_LOOP('',(#2986,#2987,#2988,#2989));
#504=EDGE_LOOP('',(#2990,#2991,#2992,#2993));
#505=EDGE_LOOP('',(#2994,#2995,#2996,#2997));
#506=EDGE_LOOP('',(#2998,#2999,#3000,#3001,#3002,#3003));
#507=EDGE_LOOP('',(#3004,#3005,#3006,#3007));
#508=EDGE_LOOP('',(#3008,#3009,#3010,#3011));
#509=EDGE_LOOP('',(#3012,#3013,#3014,#3015));
#510=EDGE_LOOP('',(#3016,#3017,#3018,#3019));
#511=EDGE_LOOP('',(#3020,#3021,#3022,#3023));
#512=EDGE_LOOP('',(#3024,#3025,#3026,#3027));
#513=EDGE_LOOP('',(#3028,#3029,#3030,#3031));
#514=EDGE_LOOP('',(#3032,#3033,#3034,#3035));
#515=EDGE_LOOP('',(#3036,#3037,#3038,#3039));
#516=EDGE_LOOP('',(#3040,#3041,#3042,#3043));
#517=EDGE_LOOP('',(#3044,#3045,#3046,#3047));
#518=EDGE_LOOP('',(#3048,#3049,#3050,#3051));
#519=EDGE_LOOP('',(#3052,#3053,#3054,#3055));
#520=EDGE_LOOP('',(#3056,#3057,#3058,#3059));
#521=EDGE_LOOP('',(#3060,#3061,#3062,#3063));
#522=EDGE_LOOP('',(#3064,#3065,#3066,#3067));
#523=EDGE_LOOP('',(#3068,#3069,#3070,#3071));
#524=EDGE_LOOP('',(#3072,#3073,#3074,#3075));
#525=EDGE_LOOP('',(#3076,#3077,#3078,#3079));
#526=EDGE_LOOP('',(#3080,#3081,#3082,#3083));
#527=EDGE_LOOP('',(#3084,#3085,#3086,#3087));
#528=EDGE_LOOP('',(#3088,#3089,#3090,#3091));
#529=EDGE_LOOP('',(#3092,#3093,#3094,#3095));
#530=EDGE_LOOP('',(#3096,#3097,#3098,#3099));
#531=EDGE_LOOP('',(#3100,#3101,#3102,#3103));
#532=EDGE_LOOP('',(#3104,#3105,#3106,#3107));
#533=EDGE_LOOP('',(#3108,#3109,#3110,#3111));
#534=EDGE_LOOP('',(#3112,#3113,#3114,#3115));
#535=EDGE_LOOP('',(#3116,#3117,#3118,#3119));
#536=EDGE_LOOP('',(#3120,#3121,#3122,#3123));
#537=EDGE_LOOP('',(#3124,#3125,#3126,#3127));
#538=EDGE_LOOP('',(#3128,#3129,#3130,#3131));
#539=EDGE_LOOP('',(#3132,#3133,#3134,#3135));
#540=EDGE_LOOP('',(#3136,#3137,#3138,#3139,#3140,#3141,#3142,#3143));
#541=EDGE_LOOP('',(#3144,#3145,#3146,#3147));
#542=EDGE_LOOP('',(#3148,#3149,#3150,#3151));
#543=EDGE_LOOP('',(#3152,#3153,#3154,#3155));
#544=EDGE_LOOP('',(#3156));
#545=EDGE_LOOP('',(#3157,#3158,#3159,#3160));
#546=EDGE_LOOP('',(#3161,#3162,#3163,#3164,#3165));
#547=EDGE_LOOP('',(#3166,#3167,#3168,#3169));
#548=EDGE_LOOP('',(#3170,#3171,#3172,#3173));
#549=EDGE_LOOP('',(#3174,#3175,#3176,#3177,#3178));
#550=EDGE_LOOP('',(#3179,#3180,#3181,#3182));
#551=EDGE_LOOP('',(#3183,#3184,#3185,#3186));
#552=EDGE_LOOP('',(#3187));
#553=EDGE_LOOP('',(#3188,#3189,#3190,#3191));
#554=EDGE_LOOP('',(#3192,#3193,#3194,#3195,#3196,#3197,#3198,#3199,#3200,
#3201,#3202,#3203));
#555=EDGE_LOOP('',(#3204,#3205,#3206,#3207));
#556=EDGE_LOOP('',(#3208));
#557=EDGE_LOOP('',(#3209));
#558=EDGE_LOOP('',(#3210));
#559=EDGE_LOOP('',(#3211));
#560=EDGE_LOOP('',(#3212,#3213,#3214,#3215));
#561=EDGE_LOOP('',(#3216,#3217,#3218,#3219,#3220));
#562=EDGE_LOOP('',(#3221,#3222,#3223,#3224));
#563=EDGE_LOOP('',(#3225,#3226,#3227,#3228));
#564=EDGE_LOOP('',(#3229));
#565=EDGE_LOOP('',(#3230,#3231,#3232,#3233));
#566=EDGE_LOOP('',(#3234,#3235,#3236,#3237,#3238));
#567=EDGE_LOOP('',(#3239,#3240,#3241,#3242));
#568=EDGE_LOOP('',(#3243));
#569=EDGE_LOOP('',(#3244,#3245,#3246,#3247));
#570=EDGE_LOOP('',(#3248,#3249,#3250,#3251,#3252));
#571=EDGE_LOOP('',(#3253,#3254,#3255,#3256));
#572=EDGE_LOOP('',(#3257,#3258,#3259,#3260));
#573=EDGE_LOOP('',(#3261,#3262,#3263,#3264,#3265));
#574=EDGE_LOOP('',(#3266,#3267,#3268,#3269));
#575=EDGE_LOOP('',(#3270,#3271,#3272,#3273));
#576=EDGE_LOOP('',(#3274));
#577=EDGE_LOOP('',(#3275,#3276,#3277,#3278));
#578=EDGE_LOOP('',(#3279,#3280,#3281,#3282));
#579=EDGE_LOOP('',(#3283));
#580=EDGE_LOOP('',(#3284,#3285,#3286,#3287));
#581=EDGE_LOOP('',(#3288,#3289,#3290,#3291,#3292));
#582=EDGE_LOOP('',(#3293,#3294,#3295,#3296));
#583=EDGE_LOOP('',(#3297));
#584=EDGE_LOOP('',(#3298,#3299,#3300,#3301));
#585=EDGE_LOOP('',(#3302,#3303,#3304,#3305));
#586=EDGE_LOOP('',(#3306));
#587=EDGE_LOOP('',(#3307,#3308,#3309,#3310));
#588=EDGE_LOOP('',(#3311,#3312,#3313,#3314));
#589=EDGE_LOOP('',(#3315,#3316,#3317,#3318));
#590=EDGE_LOOP('',(#3319,#3320,#3321,#3322));
#591=EDGE_LOOP('',(#3323,#3324,#3325,#3326));
#592=EDGE_LOOP('',(#3327,#3328,#3329,#3330));
#593=EDGE_LOOP('',(#3331,#3332,#3333,#3334));
#594=EDGE_LOOP('',(#3335,#3336,#3337,#3338));
#595=EDGE_LOOP('',(#3339,#3340,#3341,#3342));
#596=EDGE_LOOP('',(#3343,#3344,#3345,#3346));
#597=EDGE_LOOP('',(#3347,#3348,#3349,#3350));
#598=EDGE_LOOP('',(#3351,#3352,#3353,#3354));
#599=EDGE_LOOP('',(#3355,#3356,#3357,#3358));
#600=EDGE_LOOP('',(#3359,#3360,#3361,#3362));
#601=EDGE_LOOP('',(#3363,#3364,#3365,#3366,#3367,#3368,#3369,#3370,#3371,
#3372,#3373,#3374));
#602=EDGE_LOOP('',(#3375,#3376,#3377,#3378));
#603=EDGE_LOOP('',(#3379));
#604=EDGE_LOOP('',(#3380));
#605=EDGE_LOOP('',(#3381));
#606=EDGE_LOOP('',(#3382));
#607=EDGE_LOOP('',(#3383,#3384,#3385,#3386));
#608=EDGE_LOOP('',(#3387,#3388,#3389,#3390));
#609=EDGE_LOOP('',(#3391,#3392,#3393,#3394));
#610=EDGE_LOOP('',(#3395,#3396,#3397,#3398));
#611=EDGE_LOOP('',(#3399,#3400,#3401,#3402));
#612=EDGE_LOOP('',(#3403,#3404,#3405,#3406));
#613=EDGE_LOOP('',(#3407,#3408,#3409,#3410));
#614=EDGE_LOOP('',(#3411,#3412,#3413,#3414));
#615=EDGE_LOOP('',(#3415,#3416,#3417,#3418));
#616=EDGE_LOOP('',(#3419,#3420,#3421,#3422));
#617=EDGE_LOOP('',(#3423,#3424,#3425,#3426));
#618=EDGE_LOOP('',(#3427,#3428,#3429,#3430));
#619=EDGE_LOOP('',(#3431,#3432,#3433,#3434));
#620=EDGE_LOOP('',(#3435,#3436,#3437,#3438));
#621=EDGE_LOOP('',(#3439,#3440,#3441,#3442));
#622=EDGE_LOOP('',(#3443,#3444,#3445,#3446,#3447));
#623=CIRCLE('',#3794,1.2645);
#624=CIRCLE('',#3809,1.2645);
#625=CIRCLE('',#3811,1.2645);
#626=CIRCLE('',#3826,1.2645);
#627=CIRCLE('',#3828,1.54300000000003);
#628=CIRCLE('',#3843,1.54300000000003);
#629=CIRCLE('',#3845,1.54300000000003);
#630=CIRCLE('',#3860,1.54300000000003);
#631=CIRCLE('',#3866,1.2645);
#632=CIRCLE('',#3867,1.2645);
#633=CIRCLE('',#3870,1.2645);
#634=CIRCLE('',#3871,1.2645);
#635=CIRCLE('',#3897,3.);
#636=CIRCLE('',#3898,3.);
#637=CIRCLE('',#3900,2.032);
#638=CIRCLE('',#3901,1.01600000000001);
#639=CIRCLE('',#3903,2.03199999999999);
#640=CIRCLE('',#3907,3.00000000000001);
#641=CIRCLE('',#3908,3.);
#642=CIRCLE('',#3909,3.);
#643=CIRCLE('',#3910,3.00000000000001);
#644=CIRCLE('',#3911,3.);
#645=CIRCLE('',#3912,3.00000000000001);
#646=CIRCLE('',#3913,3.);
#647=CIRCLE('',#3914,3.00000000000001);
#648=CIRCLE('',#3917,1.016);
#649=CIRCLE('',#3919,3.);
#650=CIRCLE('',#3920,3.);
#651=CIRCLE('',#3922,2.032);
#652=CIRCLE('',#3923,1.016);
#653=CIRCLE('',#3925,2.032);
#654=CIRCLE('',#3929,3.);
#655=CIRCLE('',#3930,3.);
#656=CIRCLE('',#3933,1.016);
#657=CIRCLE('',#3935,3.);
#658=CIRCLE('',#3936,3.);
#659=CIRCLE('',#3949,3.00000000000001);
#660=CIRCLE('',#3952,3.);
#661=CIRCLE('',#3955,3.);
#662=CIRCLE('',#3958,3.00000000000001);
#663=CIRCLE('',#3960,3.);
#664=CIRCLE('',#3963,3.00000000000001);
#665=CIRCLE('',#3967,3.00000000000001);
#666=CIRCLE('',#3970,3.);
#667=CIRCLE('',#3976,2.25);
#668=CIRCLE('',#3978,1.016);
#669=CIRCLE('',#3979,2.032);
#670=CIRCLE('',#3981,1.016);
#671=CIRCLE('',#3985,1.016);
#672=CIRCLE('',#3986,1.016);
#673=CIRCLE('',#3988,2.032);
#674=CIRCLE('',#3990,2.25);
#675=CIRCLE('',#3993,1.5);
#676=CIRCLE('',#3994,1.5);
#677=CIRCLE('',#3995,1.5);
#678=CIRCLE('',#3996,1.5);
#679=CIRCLE('',#3997,1.7);
#680=CIRCLE('',#3998,1.7);
#681=CIRCLE('',#3999,1.7);
#682=CIRCLE('',#4000,1.7);
#683=CIRCLE('',#4002,1.5);
#684=CIRCLE('',#4004,2.032);
#685=CIRCLE('',#4006,2.25);
#686=CIRCLE('',#4009,2.032);
#687=CIRCLE('',#4011,2.25);
#688=CIRCLE('',#4013,1.01600000000001);
#689=CIRCLE('',#4014,2.032);
#690=CIRCLE('',#4016,1.01599999999999);
#691=CIRCLE('',#4020,2.03199999999999);
#692=CIRCLE('',#4021,2.03199999999999);
#693=CIRCLE('',#4023,1.01600000000001);
#694=CIRCLE('',#4025,2.25);
#695=CIRCLE('',#4028,2.25);
#696=CIRCLE('',#4030,1.5);
#697=CIRCLE('',#4032,2.03199999999999);
#698=CIRCLE('',#4034,2.25);
#699=CIRCLE('',#4036,1.5);
#700=CIRCLE('',#4038,2.25);
#701=CIRCLE('',#4040,1.01600000000001);
#702=CIRCLE('',#4046,1.7);
#703=CIRCLE('',#4048,1.7);
#704=CIRCLE('',#4050,1.7);
#705=CIRCLE('',#4052,1.7);
#706=CIRCLE('',#4054,1.5);
#707=B_SPLINE_CURVE_WITH_KNOTS('',3,(#4960,#4961,#4962,#4963),
 .UNSPECIFIED.,.F.,.F.,(4,4),(95.5573427486709,96.2683520994508),
 .UNSPECIFIED.);
#708=B_SPLINE_CURVE_WITH_KNOTS('',3,(#4966,#4967,#4968,#4969,#4970,#4971,
#4972,#4973,#4974,#4975),.UNSPECIFIED.,.F.,.F.,(4,3,3,4),(-94.2477796076934,
-93.2909803850347,-92.298523146896,-91.8171963048839),.UNSPECIFIED.);
#709=B_SPLINE_CURVE_WITH_KNOTS('',3,(#4980,#4981,#4982,#4983,#4984,#4985,
#4986,#4987,#4988,#4989,#4990,#4991,#4992,#4993,#4994,#4995,#4996,#4997,
#4998,#4999,#5000,#5001,#5002,#5003,#5004),.UNSPECIFIED.,.F.,.F.,(4,3,3,
3,3,3,3,3,4),(89.2741574414913,89.3211514324801,90.3136086706187,91.3060659087574,
92.2985231468961,93.2909803850348,94.2834376231734,95.2758948613121,95.5573427486709),
 .UNSPECIFIED.);
#710=B_SPLINE_CURVE_WITH_KNOTS('',3,(#5005,#5006,#5007,#5008,#5009,#5010,
#5011,#5012,#5013,#5014,#5015,#5016,#5017,#5018,#5019,#5020,#5021,#5022,
#5023,#5024,#5025,#5026),.UNSPECIFIED.,.F.,.F.,(4,3,3,3,3,3,3,4),(-91.8171963048839,
-91.3060659087574,-90.3136086706187,-89.3211514324801,-88.3286941943414,
-87.3362369562027,-86.343779718064,-85.5340109977043),.UNSPECIFIED.);
#711=B_SPLINE_CURVE_WITH_KNOTS('',3,(#5031,#5032,#5033,#5034,#5035,#5036,
#5037,#5038,#5039,#5040,#5041,#5042,#5043,#5044,#5045,#5046,#5047,#5048,
#5049,#5050,#5051,#5052),.UNSPECIFIED.,.F.,.F.,(4,3,3,3,3,3,3,4),(82.9909721343117,
83.3664080036481,84.3588652417867,85.3513224799254,86.3437797180641,87.3362369562028,
88.3286941943414,89.2741574414913),.UNSPECIFIED.);
#712=B_SPLINE_CURVE_WITH_KNOTS('',3,(#5053,#5054,#5055,#5056,#5057,#5058,
#5059,#5060,#5061,#5062,#5063,#5064,#5065,#5066,#5067,#5068,#5069,#5070,
#5071,#5072,#5073,#5074,#5075,#5076,#5077),.UNSPECIFIED.,.F.,.F.,(4,3,3,
3,3,3,3,3,4),(-85.5340109977043,-85.3513224799254,-84.3588652417867,-83.366408003648,
-82.3739507655094,-81.3814935273707,-80.389036289232,-79.3965790510934,
-79.2508256905247),.UNSPECIFIED.);
#713=B_SPLINE_CURVE_WITH_KNOTS('',3,(#5082,#5083,#5084,#5085,#5086,#5087,
#5088,#5089,#5090,#5091,#5092,#5093,#5094,#5095,#5096,#5097,#5098,#5099,
#5100,#5101,#5102,#5103),.UNSPECIFIED.,.F.,.F.,(4,3,3,3,3,3,3,4),(76.7077868271321,
77.4116645748161,78.4041218129547,79.3965790510934,80.3890362892321,81.3814935273708,
82.3739507655094,82.9909721343117),.UNSPECIFIED.);
#714=B_SPLINE_CURVE_WITH_KNOTS('',3,(#5104,#5105,#5106,#5107,#5108,#5109,
#5110,#5111,#5112,#5113,#5114,#5115,#5116,#5117,#5118,#5119,#5120,#5121,
#5122,#5123,#5124,#5125),.UNSPECIFIED.,.F.,.F.,(4,3,3,3,3,3,3,4),(-79.2508256905247,
-78.4041218129547,-77.411664574816,-76.4192073366774,-75.4267500985387,
-74.4342928604,-73.4418356222614,-72.9676403833451),.UNSPECIFIED.);
#715=B_SPLINE_CURVE_WITH_KNOTS('',3,(#5130,#5131,#5132,#5133,#5134,#5135,
#5136,#5137,#5138,#5139,#5140,#5141,#5142,#5143,#5144,#5145,#5146,#5147,
#5148,#5149,#5150,#5151,#5152,#5153,#5154),.UNSPECIFIED.,.F.,.F.,(4,3,3,
3,3,3,3,3,4),(70.4246015199525,70.4644639078454,71.4569211459841,72.4493783841227,
73.4418356222614,74.4342928604001,75.4267500985387,76.4192073366774,76.7077868271321),
 .UNSPECIFIED.);
#716=B_SPLINE_CURVE_WITH_KNOTS('',3,(#5155,#5156,#5157,#5158,#5159,#5160,
#5161,#5162,#5163,#5164,#5165,#5166,#5167,#5168,#5169,#5170,#5171,#5172,
#5173,#5174,#5175,#5176),.UNSPECIFIED.,.F.,.F.,(4,3,3,3,3,3,3,4),(-72.9676403833451,
-72.4493783841227,-71.456921145984,-70.4644639078454,-69.4720066697067,
-68.479549431568,-67.4870921934294,-66.6844550761655),.UNSPECIFIED.);
#717=B_SPLINE_CURVE_WITH_KNOTS('',3,(#5181,#5182,#5183,#5184,#5185,#5186,
#5187,#5188,#5189,#5190,#5191,#5192,#5193,#5194,#5195,#5196,#5197,#5198,
#5199,#5200,#5201,#5202),.UNSPECIFIED.,.F.,.F.,(4,3,3,3,3,3,3,4),(64.1414162127729,
64.5097204790134,65.5021777171521,66.4946349552907,67.4870921934294,68.4795494315681,
69.4720066697067,70.4246015199525),.UNSPECIFIED.);
#718=B_SPLINE_CURVE_WITH_KNOTS('',3,(#5203,#5204,#5205,#5206,#5207,#5208,
#5209,#5210,#5211,#5212,#5213,#5214,#5215,#5216,#5217,#5218,#5219,#5220,
#5221,#5222,#5223,#5224,#5225,#5226,#5227),.UNSPECIFIED.,.F.,.F.,(4,3,3,
3,3,3,3,3,4),(-66.6844550761655,-66.4946349552907,-65.502177717152,-64.5097204790134,
-63.5172632408747,-62.524806002736,-61.5323487645974,-60.5398915264587,
-60.4012697689859),.UNSPECIFIED.);
#719=B_SPLINE_CURVE_WITH_KNOTS('',3,(#5232,#5233,#5234,#5235,#5236,#5237,
#5238,#5239,#5240,#5241,#5242,#5243,#5244,#5245,#5246,#5247,#5248,#5249,
#5250,#5251,#5252,#5253),.UNSPECIFIED.,.F.,.F.,(4,3,3,3,3,3,3,4),(57.8582309055933,
58.5549770501814,59.5474342883201,60.5398915264587,61.5323487645974,62.5248060027361,
63.5172632408747,64.1414162127729),.UNSPECIFIED.);
#720=B_SPLINE_CURVE_WITH_KNOTS('',3,(#5254,#5255,#5256,#5257,#5258,#5259,
#5260,#5261,#5262,#5263,#5264,#5265,#5266,#5267,#5268,#5269,#5270,#5271,
#5272,#5273,#5274,#5275),.UNSPECIFIED.,.F.,.F.,(4,3,3,3,3,3,3,4),(-60.4012697689859,
-59.54743428832,-58.5549770501814,-57.5625198120427,-56.570062573904,-55.5776053357654,
-54.5851480976267,-54.1180844618063),.UNSPECIFIED.);
#721=B_SPLINE_CURVE_WITH_KNOTS('',3,(#5280,#5281,#5282,#5283,#5284,#5285,
#5286,#5287,#5288,#5289,#5290,#5291,#5292,#5293,#5294,#5295,#5296,#5297,
#5298,#5299,#5300,#5301,#5302,#5303,#5304),.UNSPECIFIED.,.F.,.F.,(4,3,3,
3,3,3,3,3,4),(51.5750455984137,51.6077763832107,52.6002336213494,53.5926908594881,
54.5851480976267,55.5776053357654,56.5700625739041,57.5625198120427,57.8582309055933),
 .UNSPECIFIED.);
#722=B_SPLINE_CURVE_WITH_KNOTS('',3,(#5305,#5306,#5307,#5308,#5309,#5310,
#5311,#5312,#5313,#5314,#5315,#5316,#5317,#5318,#5319,#5320,#5321,#5322,
#5323,#5324,#5325,#5326),.UNSPECIFIED.,.F.,.F.,(4,3,3,3,3,3,3,4),(-54.1180844618063,
-53.592690859488,-52.6002336213494,-51.6077763832107,-50.615319145072,-49.6228619069334,
-48.6304046687947,-47.8348991546267),.UNSPECIFIED.);
#723=B_SPLINE_CURVE_WITH_KNOTS('',3,(#5331,#5332,#5333,#5334,#5335,#5336,
#5337,#5338,#5339,#5340,#5341,#5342,#5343,#5344,#5345,#5346,#5347,#5348,
#5349,#5350,#5351,#5352),.UNSPECIFIED.,.F.,.F.,(4,3,3,3,3,3,3,4),(45.2918602912341,
45.6530329543787,46.6454901925174,47.637947430656,48.6304046687947,49.6228619069334,
50.6153191450721,51.5750455984137),.UNSPECIFIED.);
#724=B_SPLINE_CURVE_WITH_KNOTS('',3,(#5353,#5354,#5355,#5356,#5357,#5358,
#5359,#5360,#5361,#5362,#5363,#5364,#5365,#5366,#5367,#5368,#5369,#5370,
#5371,#5372,#5373,#5374,#5375,#5376,#5377),.UNSPECIFIED.,.F.,.F.,(4,3,3,
3,3,3,3,3,4),(-47.8348991546267,-47.637947430656,-46.6454901925174,-45.6530329543787,
-44.66057571624,-43.6681184781013,-42.6756612399627,-41.683204001824,-41.5517138474471),
 .UNSPECIFIED.);
#725=B_SPLINE_CURVE_WITH_KNOTS('',3,(#5382,#5383,#5384,#5385,#5386,#5387,
#5388,#5389,#5390,#5391,#5392,#5393,#5394,#5395,#5396,#5397,#5398,#5399,
#5400,#5401,#5402,#5403),.UNSPECIFIED.,.F.,.F.,(4,3,3,3,3,3,3,4),(39.0086749840545,
39.6982895255467,40.6907467636854,41.683204001824,42.6756612399627,43.6681184781014,
44.66057571624,45.2918602912341),.UNSPECIFIED.);
#726=B_SPLINE_CURVE_WITH_KNOTS('',3,(#5404,#5405,#5406,#5407,#5408,#5409,
#5410,#5411,#5412,#5413,#5414,#5415,#5416,#5417,#5418,#5419,#5420,#5421,
#5422,#5423,#5424,#5425),.UNSPECIFIED.,.F.,.F.,(4,3,3,3,3,3,3,4),(-41.5517138474471,
-40.6907467636853,-39.6982895255467,-38.705832287408,-37.7133750492693,
-36.7209178111307,-35.728460572992,-35.2685285402675),.UNSPECIFIED.);
#727=B_SPLINE_CURVE_WITH_KNOTS('',3,(#5430,#5431,#5432,#5433,#5434,#5435,
#5436,#5437,#5438,#5439,#5440,#5441,#5442,#5443,#5444,#5445,#5446,#5447,
#5448,#5449,#5450,#5451,#5452,#5453,#5454),.UNSPECIFIED.,.F.,.F.,(4,3,3,
3,3,3,3,3,4),(32.725489676875,32.751088858576,33.7435460967147,34.7360033348534,
35.728460572992,36.7209178111307,37.7133750492694,38.705832287408,39.0086749840545),
 .UNSPECIFIED.);
#728=B_SPLINE_CURVE_WITH_KNOTS('',3,(#5455,#5456,#5457,#5458,#5459,#5460,
#5461,#5462,#5463,#5464,#5465,#5466,#5467,#5468,#5469,#5470,#5471,#5472,
#5473,#5474,#5475,#5476),.UNSPECIFIED.,.F.,.F.,(4,3,3,3,3,3,3,4),(-35.2685285402675,
-34.7360033348533,-33.7435460967147,-32.751088858576,-31.7586316204374,
-30.7661743822987,-29.77371714416,-28.9853432330879),.UNSPECIFIED.);
#729=B_SPLINE_CURVE_WITH_KNOTS('',3,(#5481,#5482,#5483,#5484,#5485,#5486,
#5487,#5488,#5489,#5490,#5491,#5492,#5493,#5494,#5495,#5496,#5497,#5498,
#5499,#5500,#5501,#5502),.UNSPECIFIED.,.F.,.F.,(4,3,3,3,3,3,3,4),(26.4423043696954,
26.796345429744,27.7888026678827,28.7812599060214,29.77371714416,30.7661743822987,
31.7586316204374,32.725489676875),.UNSPECIFIED.);
#730=B_SPLINE_CURVE_WITH_KNOTS('',3,(#5503,#5504,#5505,#5506,#5507,#5508,
#5509,#5510,#5511,#5512,#5513,#5514,#5515,#5516,#5517,#5518,#5519,#5520,
#5521,#5522,#5523,#5524,#5525,#5526,#5527),.UNSPECIFIED.,.F.,.F.,(4,3,3,
3,3,3,3,3,4),(-28.9853432330879,-28.7812599060213,-27.7888026678827,-26.796345429744,
-25.8038881916053,-24.8114309534667,-23.818973715328,-22.8265164771893,
-22.7021579259084),.UNSPECIFIED.);
#731=B_SPLINE_CURVE_WITH_KNOTS('',3,(#5532,#5533,#5534,#5535,#5536,#5537,
#5538,#5539,#5540,#5541,#5542,#5543,#5544,#5545,#5546,#5547,#5548,#5549,
#5550,#5551,#5552,#5553),.UNSPECIFIED.,.F.,.F.,(4,3,3,3,3,3,3,4),(20.1591190625158,
20.841602000912,21.8340592390507,22.8265164771894,23.818973715328,24.8114309534667,
25.8038881916054,26.4423043696954),.UNSPECIFIED.);
#732=B_SPLINE_CURVE_WITH_KNOTS('',3,(#5554,#5555,#5556,#5557,#5558,#5559,
#5560,#5561,#5562,#5563,#5564,#5565,#5566,#5567,#5568,#5569,#5570,#5571,
#5572,#5573,#5574,#5575),.UNSPECIFIED.,.F.,.F.,(4,3,3,3,3,3,3,4),(-22.7021579259084,
-21.8340592390507,-20.841602000912,-19.8491447627733,-18.8566875246347,
-17.864230286496,-16.8717730483573,-16.4189726187288),.UNSPECIFIED.);
#733=B_SPLINE_CURVE_WITH_KNOTS('',3,(#5580,#5581,#5582,#5583,#5584,#5585,
#5586,#5587,#5588,#5589,#5590,#5591,#5592,#5593,#5594,#5595,#5596,#5597,
#5598,#5599,#5600,#5601,#5602,#5603,#5604),.UNSPECIFIED.,.F.,.F.,(4,3,3,
3,3,3,3,3,4),(13.8759337553362,13.8944013339414,14.88685857208,15.8793158102187,
16.8717730483574,17.864230286496,18.8566875246347,19.8491447627733,20.1591190625158),
 .UNSPECIFIED.);
#734=B_SPLINE_CURVE_WITH_KNOTS('',3,(#5605,#5606,#5607,#5608,#5609,#5610,
#5611,#5612,#5613,#5614,#5615,#5616,#5617,#5618,#5619,#5620,#5621,#5622,
#5623,#5624,#5625,#5626),.UNSPECIFIED.,.F.,.F.,(4,3,3,3,3,3,3,4),(-16.4189726187288,
-15.8793158102187,-14.88685857208,-13.8944013339413,-12.9019440958027,-11.909486857664,
-10.9170296195253,-10.1357873115492),.UNSPECIFIED.);
#735=B_SPLINE_CURVE_WITH_KNOTS('',3,(#5632,#5633,#5634,#5635,#5636,#5637,
#5638,#5639,#5640,#5641,#5642,#5643,#5644),.UNSPECIFIED.,.F.,.F.,(4,3,3,
3,4),(-3.85260200436959,-2.977371714416,-1.98491447627733,-0.992457238138666,
0.),.UNSPECIFIED.);
#736=B_SPLINE_CURVE_WITH_KNOTS('',3,(#5647,#5648,#5649,#5650,#5651,#5652,
#5653,#5654,#5655,#5656,#5657,#5658,#5659,#5660,#5661,#5662,#5663,#5664,
#5665),.UNSPECIFIED.,.F.,.F.,(4,3,3,3,3,3,4),(2.02057249175724,2.97737171441601,
3.96982895255468,4.96228619069334,5.95474342883201,6.94720066697068,7.59274844815661),
 .UNSPECIFIED.);
#737=B_SPLINE_CURVE_WITH_KNOTS('',3,(#5671,#5672,#5673,#5674),
 .UNSPECIFIED.,.F.,.F.,(4,4),(95.5573427486709,96.2683520994507),
 .UNSPECIFIED.);
#738=B_SPLINE_CURVE_WITH_KNOTS('',3,(#5677,#5678,#5679,#5680,#5681,#5682,
#5683,#5684,#5685,#5686),.UNSPECIFIED.,.F.,.F.,(4,3,3,4),(-94.2477796076934,
-93.2909803850347,-92.298523146896,-91.8171963048839),.UNSPECIFIED.);
#739=B_SPLINE_CURVE_WITH_KNOTS('',3,(#5691,#5692,#5693,#5694,#5695,#5696,
#5697,#5698,#5699,#5700,#5701,#5702,#5703,#5704,#5705,#5706,#5707,#5708,
#5709,#5710,#5711,#5712,#5713,#5714,#5715),.UNSPECIFIED.,.F.,.F.,(4,3,3,
3,3,3,3,3,4),(89.2741574414913,89.3211514324801,90.3136086706187,91.3060659087574,
92.2985231468961,93.2909803850347,94.2834376231734,95.2758948613121,95.5573427486709),
 .UNSPECIFIED.);
#740=B_SPLINE_CURVE_WITH_KNOTS('',3,(#5716,#5717,#5718,#5719,#5720,#5721,
#5722,#5723,#5724,#5725,#5726,#5727,#5728,#5729,#5730,#5731,#5732,#5733,
#5734,#5735,#5736,#5737),.UNSPECIFIED.,.F.,.F.,(4,3,3,3,3,3,3,4),(-91.8171963048839,
-91.3060659087574,-90.3136086706187,-89.3211514324801,-88.3286941943414,
-87.3362369562027,-86.343779718064,-85.5340109977043),.UNSPECIFIED.);
#741=B_SPLINE_CURVE_WITH_KNOTS('',3,(#5742,#5743,#5744,#5745,#5746,#5747,
#5748,#5749,#5750,#5751,#5752,#5753,#5754,#5755,#5756,#5757,#5758,#5759,
#5760,#5761,#5762,#5763),.UNSPECIFIED.,.F.,.F.,(4,3,3,3,3,3,3,4),(82.9909721343117,
83.3664080036481,84.3588652417867,85.3513224799254,86.3437797180641,87.3362369562027,
88.3286941943414,89.2741574414913),.UNSPECIFIED.);
#742=B_SPLINE_CURVE_WITH_KNOTS('',3,(#5764,#5765,#5766,#5767,#5768,#5769,
#5770,#5771,#5772,#5773,#5774,#5775,#5776,#5777,#5778,#5779,#5780,#5781,
#5782,#5783,#5784,#5785,#5786,#5787,#5788),.UNSPECIFIED.,.F.,.F.,(4,3,3,
3,3,3,3,3,4),(-85.5340109977043,-85.3513224799254,-84.3588652417867,-83.366408003648,
-82.3739507655094,-81.3814935273707,-80.389036289232,-79.3965790510934,
-79.2508256905247),.UNSPECIFIED.);
#743=B_SPLINE_CURVE_WITH_KNOTS('',3,(#5793,#5794,#5795,#5796,#5797,#5798,
#5799,#5800,#5801,#5802,#5803,#5804,#5805,#5806,#5807,#5808,#5809,#5810,
#5811,#5812,#5813,#5814),.UNSPECIFIED.,.F.,.F.,(4,3,3,3,3,3,3,4),(76.7077868271321,
77.411664574816,78.4041218129547,79.3965790510934,80.3890362892321,81.3814935273707,
82.3739507655094,82.9909721343117),.UNSPECIFIED.);
#744=B_SPLINE_CURVE_WITH_KNOTS('',3,(#5815,#5816,#5817,#5818,#5819,#5820,
#5821,#5822,#5823,#5824,#5825,#5826,#5827,#5828,#5829,#5830,#5831,#5832,
#5833,#5834,#5835,#5836),.UNSPECIFIED.,.F.,.F.,(4,3,3,3,3,3,3,4),(-79.2508256905247,
-78.4041218129547,-77.411664574816,-76.4192073366774,-75.4267500985387,
-74.4342928604,-73.4418356222614,-72.9676403833451),.UNSPECIFIED.);
#745=B_SPLINE_CURVE_WITH_KNOTS('',3,(#5841,#5842,#5843,#5844,#5845,#5846,
#5847,#5848,#5849,#5850,#5851,#5852,#5853,#5854,#5855,#5856,#5857,#5858,
#5859,#5860,#5861,#5862,#5863,#5864,#5865),.UNSPECIFIED.,.F.,.F.,(4,3,3,
3,3,3,3,3,4),(70.4246015199525,70.4644639078454,71.456921145984,72.4493783841227,
73.4418356222614,74.4342928604,75.4267500985387,76.4192073366774,76.7077868271321),
 .UNSPECIFIED.);
#746=B_SPLINE_CURVE_WITH_KNOTS('',3,(#5866,#5867,#5868,#5869,#5870,#5871,
#5872,#5873,#5874,#5875,#5876,#5877,#5878,#5879,#5880,#5881,#5882,#5883,
#5884,#5885,#5886,#5887),.UNSPECIFIED.,.F.,.F.,(4,3,3,3,3,3,3,4),(-72.9676403833451,
-72.4493783841227,-71.456921145984,-70.4644639078454,-69.4720066697067,
-68.479549431568,-67.4870921934294,-66.6844550761655),.UNSPECIFIED.);
#747=B_SPLINE_CURVE_WITH_KNOTS('',3,(#5892,#5893,#5894,#5895,#5896,#5897,
#5898,#5899,#5900,#5901,#5902,#5903,#5904,#5905,#5906,#5907,#5908,#5909,
#5910,#5911,#5912,#5913),.UNSPECIFIED.,.F.,.F.,(4,3,3,3,3,3,3,4),(64.1414162127729,
64.5097204790134,65.502177717152,66.4946349552907,67.4870921934294,68.479549431568,
69.4720066697067,70.4246015199525),.UNSPECIFIED.);
#748=B_SPLINE_CURVE_WITH_KNOTS('',3,(#5914,#5915,#5916,#5917,#5918,#5919,
#5920,#5921,#5922,#5923,#5924,#5925,#5926,#5927,#5928,#5929,#5930,#5931,
#5932,#5933,#5934,#5935,#5936,#5937,#5938),.UNSPECIFIED.,.F.,.F.,(4,3,3,
3,3,3,3,3,4),(-66.6844550761655,-66.4946349552907,-65.502177717152,-64.5097204790134,
-63.5172632408747,-62.524806002736,-61.5323487645974,-60.5398915264587,
-60.4012697689859),.UNSPECIFIED.);
#749=B_SPLINE_CURVE_WITH_KNOTS('',3,(#5943,#5944,#5945,#5946,#5947,#5948,
#5949,#5950,#5951,#5952,#5953,#5954,#5955,#5956,#5957,#5958,#5959,#5960,
#5961,#5962,#5963,#5964),.UNSPECIFIED.,.F.,.F.,(4,3,3,3,3,3,3,4),(57.8582309055933,
58.5549770501814,59.54743428832,60.5398915264587,61.5323487645974,62.524806002736,
63.5172632408747,64.1414162127729),.UNSPECIFIED.);
#750=B_SPLINE_CURVE_WITH_KNOTS('',3,(#5965,#5966,#5967,#5968,#5969,#5970,
#5971,#5972,#5973,#5974,#5975,#5976,#5977,#5978,#5979,#5980,#5981,#5982,
#5983,#5984,#5985,#5986),.UNSPECIFIED.,.F.,.F.,(4,3,3,3,3,3,3,4),(-60.4012697689859,
-59.54743428832,-58.5549770501814,-57.5625198120427,-56.570062573904,-55.5776053357654,
-54.5851480976267,-54.1180844618063),.UNSPECIFIED.);
#751=B_SPLINE_CURVE_WITH_KNOTS('',3,(#5991,#5992,#5993,#5994,#5995,#5996,
#5997,#5998,#5999,#6000,#6001,#6002,#6003,#6004,#6005,#6006,#6007,#6008,
#6009,#6010,#6011,#6012,#6013,#6014,#6015),.UNSPECIFIED.,.F.,.F.,(4,3,3,
3,3,3,3,3,4),(51.5750455984137,51.6077763832107,52.6002336213494,53.592690859488,
54.5851480976267,55.5776053357654,56.570062573904,57.5625198120427,57.8582309055933),
 .UNSPECIFIED.);
#752=B_SPLINE_CURVE_WITH_KNOTS('',3,(#6016,#6017,#6018,#6019,#6020,#6021,
#6022,#6023,#6024,#6025,#6026,#6027,#6028,#6029,#6030,#6031,#6032,#6033,
#6034,#6035,#6036,#6037),.UNSPECIFIED.,.F.,.F.,(4,3,3,3,3,3,3,4),(-54.1180844618063,
-53.592690859488,-52.6002336213494,-51.6077763832107,-50.615319145072,-49.6228619069334,
-48.6304046687947,-47.8348991546267),.UNSPECIFIED.);
#753=B_SPLINE_CURVE_WITH_KNOTS('',3,(#6042,#6043,#6044,#6045,#6046,#6047,
#6048,#6049,#6050,#6051,#6052,#6053,#6054,#6055,#6056,#6057,#6058,#6059,
#6060,#6061,#6062,#6063),.UNSPECIFIED.,.F.,.F.,(4,3,3,3,3,3,3,4),(45.2918602912341,
45.6530329543787,46.6454901925174,47.637947430656,48.6304046687947,49.6228619069334,
50.615319145072,51.5750455984137),.UNSPECIFIED.);
#754=B_SPLINE_CURVE_WITH_KNOTS('',3,(#6064,#6065,#6066,#6067,#6068,#6069,
#6070,#6071,#6072,#6073,#6074,#6075,#6076,#6077,#6078,#6079,#6080,#6081,
#6082,#6083,#6084,#6085,#6086,#6087,#6088),.UNSPECIFIED.,.F.,.F.,(4,3,3,
3,3,3,3,3,4),(-47.8348991546267,-47.637947430656,-46.6454901925174,-45.6530329543787,
-44.66057571624,-43.6681184781013,-42.6756612399627,-41.683204001824,-41.5517138474471),
 .UNSPECIFIED.);
#755=B_SPLINE_CURVE_WITH_KNOTS('',3,(#6093,#6094,#6095,#6096,#6097,#6098,
#6099,#6100,#6101,#6102,#6103,#6104,#6105,#6106,#6107,#6108,#6109,#6110,
#6111,#6112,#6113,#6114),.UNSPECIFIED.,.F.,.F.,(4,3,3,3,3,3,3,4),(39.0086749840545,
39.6982895255467,40.6907467636854,41.683204001824,42.6756612399627,43.6681184781014,
44.66057571624,45.2918602912341),.UNSPECIFIED.);
#756=B_SPLINE_CURVE_WITH_KNOTS('',3,(#6115,#6116,#6117,#6118,#6119,#6120,
#6121,#6122,#6123,#6124,#6125,#6126,#6127,#6128,#6129,#6130,#6131,#6132,
#6133,#6134,#6135,#6136),.UNSPECIFIED.,.F.,.F.,(4,3,3,3,3,3,3,4),(-41.5517138474471,
-40.6907467636853,-39.6982895255467,-38.705832287408,-37.7133750492693,
-36.7209178111307,-35.728460572992,-35.2685285402675),.UNSPECIFIED.);
#757=B_SPLINE_CURVE_WITH_KNOTS('',3,(#6141,#6142,#6143,#6144,#6145,#6146,
#6147,#6148,#6149,#6150,#6151,#6152,#6153,#6154,#6155,#6156,#6157,#6158,
#6159,#6160,#6161,#6162,#6163,#6164,#6165),.UNSPECIFIED.,.F.,.F.,(4,3,3,
3,3,3,3,3,4),(32.725489676875,32.751088858576,33.7435460967147,34.7360033348534,
35.728460572992,36.7209178111307,37.7133750492694,38.705832287408,39.0086749840545),
 .UNSPECIFIED.);
#758=B_SPLINE_CURVE_WITH_KNOTS('',3,(#6166,#6167,#6168,#6169,#6170,#6171,
#6172,#6173,#6174,#6175,#6176,#6177,#6178,#6179,#6180,#6181,#6182,#6183,
#6184,#6185,#6186,#6187),.UNSPECIFIED.,.F.,.F.,(4,3,3,3,3,3,3,4),(-35.2685285402675,
-34.7360033348533,-33.7435460967147,-32.751088858576,-31.7586316204373,
-30.7661743822987,-29.77371714416,-28.9853432330879),.UNSPECIFIED.);
#759=B_SPLINE_CURVE_WITH_KNOTS('',3,(#6192,#6193,#6194,#6195,#6196,#6197,
#6198,#6199,#6200,#6201,#6202,#6203,#6204,#6205,#6206,#6207,#6208,#6209,
#6210,#6211,#6212,#6213),.UNSPECIFIED.,.F.,.F.,(4,3,3,3,3,3,3,4),(26.4423043696954,
26.796345429744,27.7888026678827,28.7812599060214,29.77371714416,30.7661743822987,
31.7586316204374,32.725489676875),.UNSPECIFIED.);
#760=B_SPLINE_CURVE_WITH_KNOTS('',3,(#6214,#6215,#6216,#6217,#6218,#6219,
#6220,#6221,#6222,#6223,#6224,#6225,#6226,#6227,#6228,#6229,#6230,#6231,
#6232,#6233,#6234,#6235,#6236,#6237,#6238),.UNSPECIFIED.,.F.,.F.,(4,3,3,
3,3,3,3,3,4),(-28.9853432330879,-28.7812599060213,-27.7888026678827,-26.796345429744,
-25.8038881916053,-24.8114309534667,-23.818973715328,-22.8265164771893,
-22.7021579259084),.UNSPECIFIED.);
#761=B_SPLINE_CURVE_WITH_KNOTS('',3,(#6243,#6244,#6245,#6246,#6247,#6248,
#6249,#6250,#6251,#6252,#6253,#6254,#6255,#6256,#6257,#6258,#6259,#6260,
#6261,#6262,#6263,#6264),.UNSPECIFIED.,.F.,.F.,(4,3,3,3,3,3,3,4),(20.1591190625158,
20.841602000912,21.8340592390507,22.8265164771893,23.818973715328,24.8114309534667,
25.8038881916054,26.4423043696954),.UNSPECIFIED.);
#762=B_SPLINE_CURVE_WITH_KNOTS('',3,(#6265,#6266,#6267,#6268,#6269,#6270,
#6271,#6272,#6273,#6274,#6275,#6276,#6277,#6278,#6279,#6280,#6281,#6282,
#6283,#6284,#6285,#6286),.UNSPECIFIED.,.F.,.F.,(4,3,3,3,3,3,3,4),(-22.7021579259084,
-21.8340592390507,-20.841602000912,-19.8491447627733,-18.8566875246347,
-17.864230286496,-16.8717730483573,-16.4189726187288),.UNSPECIFIED.);
#763=B_SPLINE_CURVE_WITH_KNOTS('',3,(#6291,#6292,#6293,#6294,#6295,#6296,
#6297,#6298,#6299,#6300,#6301,#6302,#6303,#6304,#6305,#6306,#6307,#6308,
#6309,#6310,#6311,#6312,#6313,#6314,#6315),.UNSPECIFIED.,.F.,.F.,(4,3,3,
3,3,3,3,3,4),(13.8759337553362,13.8944013339413,14.88685857208,15.8793158102187,
16.8717730483573,17.864230286496,18.8566875246347,19.8491447627733,20.1591190625158),
 .UNSPECIFIED.);
#764=B_SPLINE_CURVE_WITH_KNOTS('',3,(#6316,#6317,#6318,#6319,#6320,#6321,
#6322,#6323,#6324,#6325,#6326,#6327,#6328,#6329,#6330,#6331,#6332,#6333,
#6334,#6335,#6336,#6337),.UNSPECIFIED.,.F.,.F.,(4,3,3,3,3,3,3,4),(-16.4189726187288,
-15.8793158102187,-14.88685857208,-13.8944013339413,-12.9019440958027,-11.909486857664,
-10.9170296195253,-10.1357873115492),.UNSPECIFIED.);
#765=B_SPLINE_CURVE_WITH_KNOTS('',3,(#6343,#6344,#6345,#6346,#6347,#6348,
#6349,#6350,#6351,#6352,#6353,#6354,#6355),.UNSPECIFIED.,.F.,.F.,(4,3,3,
3,4),(-3.85260200436961,-2.97737171441599,-1.98491447627733,-0.992457238138661,
0.),.UNSPECIFIED.);
#766=B_SPLINE_CURVE_WITH_KNOTS('',3,(#6358,#6359,#6360,#6361,#6362,#6363,
#6364,#6365,#6366,#6367,#6368,#6369,#6370,#6371,#6372,#6373,#6374,#6375,
#6376),.UNSPECIFIED.,.F.,.F.,(4,3,3,3,3,3,4),(2.02057249175735,2.977371714416,
3.96982895255467,4.96228619069334,5.954743428832,6.94720066697067,7.59274844815661),
 .UNSPECIFIED.);
#767=B_SPLINE_CURVE_WITH_KNOTS('',3,(#6382,#6383,#6384,#6385,#6386,#6387,
#6388,#6389),.UNSPECIFIED.,.F.,.F.,(4,1,1,1,1,4),(103.672557568463,104.153884410475,
105.146341648614,106.138798886753,107.131256124891,108.12371336303),
 .UNSPECIFIED.);
#768=B_SPLINE_CURVE_WITH_KNOTS('',3,(#6392,#6393,#6394,#6395,#6396,#6397,
#6398,#6399,#6400),.UNSPECIFIED.,.F.,.F.,(4,1,1,1,1,1,4),(103.672557568463,
103.719551559452,104.712008797591,105.704466035729,106.696923273868,107.689380512007,
108.646179734666),.UNSPECIFIED.);
#769=B_SPLINE_CURVE_WITH_KNOTS('',3,(#6405,#6406,#6407,#6408,#6409,#6410,
#6411,#6412,#6413,#6414),.UNSPECIFIED.,.F.,.F.,(4,1,1,1,1,1,1,4),(97.3893722612835,
98.1991409816433,99.191598219782,100.184055457921,101.176512696059,102.168969934198,
103.161427172337,103.672557568463),.UNSPECIFIED.);
#770=B_SPLINE_CURVE_WITH_KNOTS('',3,(#6415,#6416,#6417,#6418,#6419,#6420,
#6421,#6422,#6423,#6424),.UNSPECIFIED.,.F.,.F.,(4,1,1,1,1,1,1,4),(97.3893722612835,
97.7648081306198,98.7572653687585,99.7497226068972,100.742179845036,101.734637083175,
102.727094321313,103.672557568463),.UNSPECIFIED.);
#771=B_SPLINE_CURVE_WITH_KNOTS('',3,(#6429,#6430,#6431,#6432,#6433,#6434,
#6435,#6436,#6437,#6438,#6439),.UNSPECIFIED.,.F.,.F.,(4,1,1,1,1,1,1,1,4),
(91.106186954104,91.2519403146726,92.2443975528113,93.23685479095,94.2293120290886,
95.2217692672273,96.214226505366,97.2066837435046,97.3893722612835),
 .UNSPECIFIED.);
#772=B_SPLINE_CURVE_WITH_KNOTS('',3,(#6440,#6441,#6442,#6443,#6444,#6445,
#6446,#6447,#6448,#6449),.UNSPECIFIED.,.F.,.F.,(4,1,1,1,1,1,1,4),(91.106186954104,
91.8100647017878,92.8025219399265,93.7949791780652,94.7874364162038,95.7798936543425,
96.7723508924812,97.3893722612835),.UNSPECIFIED.);
#773=B_SPLINE_CURVE_WITH_KNOTS('',3,(#6454,#6455,#6456,#6457,#6458,#6459,
#6460,#6461,#6462,#6463),.UNSPECIFIED.,.F.,.F.,(4,1,1,1,1,1,1,4),(84.8230016469244,
85.2971968858406,86.2896541239793,87.282111362118,88.2745686002566,89.2670258383953,
90.259483076534,91.106186954104),.UNSPECIFIED.);
#774=B_SPLINE_CURVE_WITH_KNOTS('',3,(#6464,#6465,#6466,#6467,#6468,#6469,
#6470,#6471,#6472,#6473,#6474),.UNSPECIFIED.,.F.,.F.,(4,1,1,1,1,1,1,1,4),
(84.8230016469244,84.8628640348172,85.8553212729558,86.8477785110945,87.8402357492332,
88.8326929873718,89.8251502255105,90.8176074636492,91.106186954104),
 .UNSPECIFIED.);
#775=B_SPLINE_CURVE_WITH_KNOTS('',3,(#6479,#6480,#6481,#6482,#6483,#6484,
#6485,#6486,#6487,#6488),.UNSPECIFIED.,.F.,.F.,(4,1,1,1,1,1,1,4),(78.5398163397448,
79.3424534570086,80.3349106951473,81.327367933286,82.3198251714246,83.3122824095633,
84.304739647702,84.8230016469244),.UNSPECIFIED.);
#776=B_SPLINE_CURVE_WITH_KNOTS('',3,(#6489,#6490,#6491,#6492,#6493,#6494,
#6495,#6496,#6497,#6498),.UNSPECIFIED.,.F.,.F.,(4,1,1,1,1,1,1,4),(78.5398163397448,
78.9081206059852,79.9005778441238,80.8930350822625,81.8854923204012,82.8779495585398,
83.8704067966785,84.8230016469244),.UNSPECIFIED.);
#777=B_SPLINE_CURVE_WITH_KNOTS('',3,(#6503,#6504,#6505,#6506,#6507,#6508,
#6509,#6510,#6511,#6512,#6513),.UNSPECIFIED.,.F.,.F.,(4,1,1,1,1,1,1,1,4),
(72.2566310325652,72.395252790038,73.3877100281766,74.3801672663153,75.372624504454,
76.3650817425926,77.3575389807313,78.34999621887,78.5398163397448),
 .UNSPECIFIED.);
#778=B_SPLINE_CURVE_WITH_KNOTS('',3,(#6514,#6515,#6516,#6517,#6518,#6519,
#6520,#6521,#6522,#6523),.UNSPECIFIED.,.F.,.F.,(4,1,1,1,1,1,1,4),(72.2566310325652,
72.9533771771532,73.9458344152918,74.9382916534305,75.9307488915692,76.9232061297078,
77.9156633678465,78.5398163397448),.UNSPECIFIED.);
#779=B_SPLINE_CURVE_WITH_KNOTS('',3,(#6528,#6529,#6530,#6531,#6532,#6533,
#6534,#6535,#6536,#6537),.UNSPECIFIED.,.F.,.F.,(4,1,1,1,1,1,1,4),(65.9734457253856,
66.440509361206,67.4329665993446,68.4254238374833,69.417881075622,70.4103383137606,
71.4027955518993,72.2566310325652),.UNSPECIFIED.);
#780=B_SPLINE_CURVE_WITH_KNOTS('',3,(#6538,#6539,#6540,#6541,#6542,#6543,
#6544,#6545,#6546,#6547,#6548),.UNSPECIFIED.,.F.,.F.,(4,1,1,1,1,1,1,1,4),
(65.9734457253856,66.0061765101825,66.9986337483211,67.9910909864598,68.9835482245985,
69.9760054627371,70.9684627008758,71.9609199390145,72.2566310325652),
 .UNSPECIFIED.);
#781=B_SPLINE_CURVE_WITH_KNOTS('',3,(#6553,#6554,#6555,#6556,#6557,#6558,
#6559,#6560,#6561,#6562),.UNSPECIFIED.,.F.,.F.,(4,1,1,1,1,1,1,4),(59.690260418206,
60.485765932374,61.4782231705126,62.4706804086513,63.46313764679,64.4555948849286,
65.4480521230673,65.9734457253856),.UNSPECIFIED.);
#782=B_SPLINE_CURVE_WITH_KNOTS('',3,(#6563,#6564,#6565,#6566,#6567,#6568,
#6569,#6570,#6571,#6572),.UNSPECIFIED.,.F.,.F.,(4,1,1,1,1,1,1,4),(59.690260418206,
60.0514330813505,61.0438903194891,62.0363475576278,63.0288047957665,64.0212620339051,
65.0137192720438,65.9734457253856),.UNSPECIFIED.);
#783=B_SPLINE_CURVE_WITH_KNOTS('',3,(#6577,#6578,#6579,#6580,#6581,#6582,
#6583,#6584,#6585,#6586,#6587),.UNSPECIFIED.,.F.,.F.,(4,1,1,1,1,1,1,1,4),
(53.4070751110264,53.5385652654033,54.531022503542,55.5234797416806,56.5159369798193,
57.508394217958,58.5008514560966,59.4933086942353,59.690260418206),
 .UNSPECIFIED.);
#784=B_SPLINE_CURVE_WITH_KNOTS('',3,(#6588,#6589,#6590,#6591,#6592,#6593,
#6594,#6595,#6596,#6597),.UNSPECIFIED.,.F.,.F.,(4,1,1,1,1,1,1,4),(53.4070751110264,
54.0966896525185,55.0891468906571,56.0816041287958,57.0740613669345,58.0665186050731,
59.0589758432118,59.690260418206),.UNSPECIFIED.);
#785=B_SPLINE_CURVE_WITH_KNOTS('',3,(#6602,#6603,#6604,#6605,#6606,#6607,
#6608,#6609,#6610,#6611),.UNSPECIFIED.,.F.,.F.,(4,1,1,1,1,1,1,4),(47.1238898038468,
47.5838218365713,48.57627907471,49.5687363128486,50.5611935509873,51.553650789126,
52.5461080272646,53.4070751110264),.UNSPECIFIED.);
#786=B_SPLINE_CURVE_WITH_KNOTS('',3,(#6612,#6613,#6614,#6615,#6616,#6617,
#6618,#6619,#6620,#6621,#6622),.UNSPECIFIED.,.F.,.F.,(4,1,1,1,1,1,1,1,4),
(47.1238898038468,47.1494889855478,48.1419462236865,49.1344034618251,50.1268606999638,
51.1193179381025,52.1117751762411,53.1042324143798,53.4070751110264),
 .UNSPECIFIED.);
#787=B_SPLINE_CURVE_WITH_KNOTS('',3,(#6627,#6628,#6629,#6630,#6631,#6632,
#6633,#6634,#6635,#6636),.UNSPECIFIED.,.F.,.F.,(4,1,1,1,1,1,1,4),(40.8407044966672,
41.6290784077393,42.621535645878,43.6139928840166,44.6064501221553,45.5989073602939,
46.5913645984326,47.1238898038468),.UNSPECIFIED.);
#788=B_SPLINE_CURVE_WITH_KNOTS('',3,(#6637,#6638,#6639,#6640,#6641,#6642,
#6643,#6644,#6645,#6646),.UNSPECIFIED.,.F.,.F.,(4,1,1,1,1,1,1,4),(40.8407044966672,
41.1947455567158,42.1872027948545,43.1796600329931,44.1721172711318,45.1645745092705,
46.1570317474091,47.1238898038468),.UNSPECIFIED.);
#789=B_SPLINE_CURVE_WITH_KNOTS('',3,(#6651,#6652,#6653,#6654,#6655,#6656,
#6657,#6658,#6659,#6660,#6661),.UNSPECIFIED.,.F.,.F.,(4,1,1,1,1,1,1,1,4),
(34.5575191894876,34.6818777407686,35.6743349789073,36.666792217046,37.6592494551846,
38.6517066933233,39.644163931462,40.6366211696006,40.8407044966672),
 .UNSPECIFIED.);
#790=B_SPLINE_CURVE_WITH_KNOTS('',3,(#6662,#6663,#6664,#6665,#6666,#6667,
#6668,#6669,#6670,#6671),.UNSPECIFIED.,.F.,.F.,(4,1,1,1,1,1,1,4),(34.5575191894876,
35.2400021278838,36.2324593660225,37.2249166041611,38.2173738422998,39.2098310804385,
40.2022883185771,40.8407044966672),.UNSPECIFIED.);
#791=B_SPLINE_CURVE_WITH_KNOTS('',3,(#6676,#6677,#6678,#6679,#6680,#6681,
#6682,#6683,#6684,#6685),.UNSPECIFIED.,.F.,.F.,(4,1,1,1,1,1,1,4),(28.2743338823081,
28.7271343119366,29.7195915500753,30.7120487882139,31.7045060263526,32.6969632644913,
33.68942050263,34.5575191894876),.UNSPECIFIED.);
#792=B_SPLINE_CURVE_WITH_KNOTS('',3,(#6686,#6687,#6688,#6689,#6690,#6691,
#6692,#6693,#6694,#6695,#6696),.UNSPECIFIED.,.F.,.F.,(4,1,1,1,1,1,1,1,4),
(28.274333882308,28.2928014609131,29.2852586990518,30.2777159371904,31.2701731753291,
32.2626304134678,33.2550876516064,34.2475448897451,34.5575191894876),
 .UNSPECIFIED.);
#793=B_SPLINE_CURVE_WITH_KNOTS('',3,(#6701,#6702,#6703,#6704,#6705,#6706,
#6707,#6708,#6709,#6710),.UNSPECIFIED.,.F.,.F.,(4,1,1,1,1,1,1,4),(21.9911485751285,
22.7723908831046,23.7648481212433,24.7573053593819,25.7497625975206,26.7422198356593,
27.7346770737979,28.2743338823081),.UNSPECIFIED.);
#794=B_SPLINE_CURVE_WITH_KNOTS('',3,(#6711,#6712,#6713,#6714,#6715,#6716,
#6717,#6718,#6719,#6720),.UNSPECIFIED.,.F.,.F.,(4,1,1,1,1,1,1,4),(21.9911485751285,
22.3380580320811,23.3305152702198,24.3229725083584,25.3154297464971,26.3078869846358,
27.3003442227744,28.274333882308),.UNSPECIFIED.);
#795=B_SPLINE_CURVE_WITH_KNOTS('',3,(#6726,#6727,#6728,#6729,#6730),
 .UNSPECIFIED.,.F.,.F.,(4,1,4),(14.3984001269718,15.3908573651104,15.7079632679489),
 .UNSPECIFIED.);
#796=B_SPLINE_CURVE_WITH_KNOTS('',3,(#6733,#6734,#6735,#6736,#6737),
 .UNSPECIFIED.,.F.,.F.,(4,1,4),(13.8759337553362,14.8327329779953,15.7079632679489),
 .UNSPECIFIED.);
#797=B_SPLINE_CURVE_WITH_KNOTS('',3,(#6743,#6744,#6745,#6746,#6747,#6748,
#6749,#6750),.UNSPECIFIED.,.F.,.F.,(4,1,1,1,1,4),(103.672557568463,104.153884410475,
105.146341648614,106.138798886753,107.131256124891,108.12371336303),
 .UNSPECIFIED.);
#798=B_SPLINE_CURVE_WITH_KNOTS('',3,(#6753,#6754,#6755,#6756,#6757,#6758,
#6759,#6760,#6761),.UNSPECIFIED.,.F.,.F.,(4,1,1,1,1,1,4),(103.672557568463,
103.719551559452,104.71200879759,105.704466035729,106.696923273868,107.689380512007,
108.646179734666),.UNSPECIFIED.);
#799=B_SPLINE_CURVE_WITH_KNOTS('',3,(#6766,#6767,#6768,#6769,#6770,#6771,
#6772,#6773,#6774,#6775),.UNSPECIFIED.,.F.,.F.,(4,1,1,1,1,1,1,4),(97.3893722612836,
98.1991409816433,99.191598219782,100.184055457921,101.176512696059,102.168969934198,
103.161427172337,103.672557568463),.UNSPECIFIED.);
#800=B_SPLINE_CURVE_WITH_KNOTS('',3,(#6776,#6777,#6778,#6779,#6780,#6781,
#6782,#6783,#6784,#6785),.UNSPECIFIED.,.F.,.F.,(4,1,1,1,1,1,1,4),(97.3893722612835,
97.7648081306198,98.7572653687585,99.7497226068972,100.742179845036,101.734637083175,
102.727094321313,103.672557568463),.UNSPECIFIED.);
#801=B_SPLINE_CURVE_WITH_KNOTS('',3,(#6790,#6791,#6792,#6793,#6794,#6795,
#6796,#6797,#6798,#6799,#6800),.UNSPECIFIED.,.F.,.F.,(4,1,1,1,1,1,1,1,4),
(91.106186954104,91.2519403146726,92.2443975528113,93.23685479095,94.2293120290886,
95.2217692672273,96.214226505366,97.2066837435046,97.3893722612836),
 .UNSPECIFIED.);
#802=B_SPLINE_CURVE_WITH_KNOTS('',3,(#6801,#6802,#6803,#6804,#6805,#6806,
#6807,#6808,#6809,#6810),.UNSPECIFIED.,.F.,.F.,(4,1,1,1,1,1,1,4),(91.106186954104,
91.8100647017878,92.8025219399265,93.7949791780652,94.7874364162038,95.7798936543425,
96.7723508924812,97.3893722612835),.UNSPECIFIED.);
#803=B_SPLINE_CURVE_WITH_KNOTS('',3,(#6815,#6816,#6817,#6818,#6819,#6820,
#6821,#6822,#6823,#6824),.UNSPECIFIED.,.F.,.F.,(4,1,1,1,1,1,1,4),(84.8230016469244,
85.2971968858406,86.2896541239793,87.282111362118,88.2745686002566,89.2670258383953,
90.259483076534,91.106186954104),.UNSPECIFIED.);
#804=B_SPLINE_CURVE_WITH_KNOTS('',3,(#6825,#6826,#6827,#6828,#6829,#6830,
#6831,#6832,#6833,#6834,#6835),.UNSPECIFIED.,.F.,.F.,(4,1,1,1,1,1,1,1,4),
(84.8230016469244,84.8628640348172,85.8553212729558,86.8477785110945,87.8402357492332,
88.8326929873718,89.8251502255105,90.8176074636492,91.106186954104),
 .UNSPECIFIED.);
#805=B_SPLINE_CURVE_WITH_KNOTS('',3,(#6840,#6841,#6842,#6843,#6844,#6845,
#6846,#6847,#6848,#6849),.UNSPECIFIED.,.F.,.F.,(4,1,1,1,1,1,1,4),(78.5398163397448,
79.3424534570086,80.3349106951473,81.327367933286,82.3198251714246,83.3122824095633,
84.304739647702,84.8230016469244),.UNSPECIFIED.);
#806=B_SPLINE_CURVE_WITH_KNOTS('',3,(#6850,#6851,#6852,#6853,#6854,#6855,
#6856,#6857,#6858,#6859),.UNSPECIFIED.,.F.,.F.,(4,1,1,1,1,1,1,4),(78.5398163397448,
78.9081206059851,79.9005778441238,80.8930350822625,81.8854923204012,82.8779495585398,
83.8704067966785,84.8230016469244),.UNSPECIFIED.);
#807=B_SPLINE_CURVE_WITH_KNOTS('',3,(#6864,#6865,#6866,#6867,#6868,#6869,
#6870,#6871,#6872,#6873,#6874),.UNSPECIFIED.,.F.,.F.,(4,1,1,1,1,1,1,1,4),
(72.2566310325652,72.395252790038,73.3877100281766,74.3801672663153,75.372624504454,
76.3650817425926,77.3575389807313,78.34999621887,78.5398163397448),
 .UNSPECIFIED.);
#808=B_SPLINE_CURVE_WITH_KNOTS('',3,(#6875,#6876,#6877,#6878,#6879,#6880,
#6881,#6882,#6883,#6884),.UNSPECIFIED.,.F.,.F.,(4,1,1,1,1,1,1,4),(72.2566310325652,
72.9533771771531,73.9458344152918,74.9382916534305,75.9307488915692,76.9232061297078,
77.9156633678465,78.5398163397448),.UNSPECIFIED.);
#809=B_SPLINE_CURVE_WITH_KNOTS('',3,(#6889,#6890,#6891,#6892,#6893,#6894,
#6895,#6896,#6897,#6898),.UNSPECIFIED.,.F.,.F.,(4,1,1,1,1,1,1,4),(65.9734457253856,
66.440509361206,67.4329665993446,68.4254238374833,69.417881075622,70.4103383137606,
71.4027955518993,72.2566310325652),.UNSPECIFIED.);
#810=B_SPLINE_CURVE_WITH_KNOTS('',3,(#6899,#6900,#6901,#6902,#6903,#6904,
#6905,#6906,#6907,#6908,#6909),.UNSPECIFIED.,.F.,.F.,(4,1,1,1,1,1,1,1,4),
(65.9734457253856,66.0061765101825,66.9986337483211,67.9910909864598,68.9835482245985,
69.9760054627371,70.9684627008758,71.9609199390145,72.2566310325652),
 .UNSPECIFIED.);
#811=B_SPLINE_CURVE_WITH_KNOTS('',3,(#6914,#6915,#6916,#6917,#6918,#6919,
#6920,#6921,#6922,#6923),.UNSPECIFIED.,.F.,.F.,(4,1,1,1,1,1,1,4),(59.690260418206,
60.485765932374,61.4782231705126,62.4706804086513,63.46313764679,64.4555948849286,
65.4480521230673,65.9734457253856),.UNSPECIFIED.);
#812=B_SPLINE_CURVE_WITH_KNOTS('',3,(#6924,#6925,#6926,#6927,#6928,#6929,
#6930,#6931,#6932,#6933),.UNSPECIFIED.,.F.,.F.,(4,1,1,1,1,1,1,4),(59.690260418206,
60.0514330813505,61.0438903194891,62.0363475576278,63.0288047957665,64.0212620339051,
65.0137192720438,65.9734457253856),.UNSPECIFIED.);
#813=B_SPLINE_CURVE_WITH_KNOTS('',3,(#6938,#6939,#6940,#6941,#6942,#6943,
#6944,#6945,#6946,#6947,#6948),.UNSPECIFIED.,.F.,.F.,(4,1,1,1,1,1,1,1,4),
(53.4070751110264,53.5385652654033,54.531022503542,55.5234797416806,56.5159369798193,
57.508394217958,58.5008514560966,59.4933086942353,59.690260418206),
 .UNSPECIFIED.);
#814=B_SPLINE_CURVE_WITH_KNOTS('',3,(#6949,#6950,#6951,#6952,#6953,#6954,
#6955,#6956,#6957,#6958),.UNSPECIFIED.,.F.,.F.,(4,1,1,1,1,1,1,4),(53.4070751110264,
54.0966896525185,55.0891468906571,56.0816041287958,57.0740613669345,58.0665186050731,
59.0589758432118,59.690260418206),.UNSPECIFIED.);
#815=B_SPLINE_CURVE_WITH_KNOTS('',3,(#6963,#6964,#6965,#6966,#6967,#6968,
#6969,#6970,#6971,#6972),.UNSPECIFIED.,.F.,.F.,(4,1,1,1,1,1,1,4),(47.1238898038468,
47.5838218365713,48.57627907471,49.5687363128486,50.5611935509873,51.553650789126,
52.5461080272646,53.4070751110264),.UNSPECIFIED.);
#816=B_SPLINE_CURVE_WITH_KNOTS('',3,(#6973,#6974,#6975,#6976,#6977,#6978,
#6979,#6980,#6981,#6982,#6983),.UNSPECIFIED.,.F.,.F.,(4,1,1,1,1,1,1,1,4),
(47.1238898038468,47.1494889855478,48.1419462236865,49.1344034618251,50.1268606999638,
51.1193179381025,52.1117751762411,53.1042324143798,53.4070751110264),
 .UNSPECIFIED.);
#817=B_SPLINE_CURVE_WITH_KNOTS('',3,(#6988,#6989,#6990,#6991,#6992,#6993,
#6994,#6995,#6996,#6997),.UNSPECIFIED.,.F.,.F.,(4,1,1,1,1,1,1,4),(40.8407044966673,
41.6290784077393,42.621535645878,43.6139928840166,44.6064501221553,45.5989073602939,
46.5913645984326,47.1238898038468),.UNSPECIFIED.);
#818=B_SPLINE_CURVE_WITH_KNOTS('',3,(#6998,#6999,#7000,#7001,#7002,#7003,
#7004,#7005,#7006,#7007),.UNSPECIFIED.,.F.,.F.,(4,1,1,1,1,1,1,4),(40.8407044966672,
41.1947455567158,42.1872027948545,43.1796600329931,44.1721172711318,45.1645745092705,
46.1570317474091,47.1238898038468),.UNSPECIFIED.);
#819=B_SPLINE_CURVE_WITH_KNOTS('',3,(#7012,#7013,#7014,#7015,#7016,#7017,
#7018,#7019,#7020,#7021,#7022),.UNSPECIFIED.,.F.,.F.,(4,1,1,1,1,1,1,1,4),
(34.5575191894877,34.6818777407686,35.6743349789073,36.666792217046,37.6592494551846,
38.6517066933233,39.644163931462,40.6366211696006,40.8407044966673),
 .UNSPECIFIED.);
#820=B_SPLINE_CURVE_WITH_KNOTS('',3,(#7023,#7024,#7025,#7026,#7027,#7028,
#7029,#7030,#7031,#7032),.UNSPECIFIED.,.F.,.F.,(4,1,1,1,1,1,1,4),(34.5575191894876,
35.2400021278838,36.2324593660225,37.2249166041611,38.2173738422998,39.2098310804385,
40.2022883185771,40.8407044966672),.UNSPECIFIED.);
#821=B_SPLINE_CURVE_WITH_KNOTS('',3,(#7037,#7038,#7039,#7040,#7041,#7042,
#7043,#7044,#7045,#7046),.UNSPECIFIED.,.F.,.F.,(4,1,1,1,1,1,1,4),(28.2743338823081,
28.7271343119366,29.7195915500753,30.7120487882139,31.7045060263526,32.6969632644913,
33.68942050263,34.5575191894877),.UNSPECIFIED.);
#822=B_SPLINE_CURVE_WITH_KNOTS('',3,(#7047,#7048,#7049,#7050,#7051,#7052,
#7053,#7054,#7055,#7056,#7057),.UNSPECIFIED.,.F.,.F.,(4,1,1,1,1,1,1,1,4),
(28.274333882308,28.2928014609131,29.2852586990518,30.2777159371905,31.2701731753291,
32.2626304134678,33.2550876516065,34.2475448897451,34.5575191894876),
 .UNSPECIFIED.);
#823=B_SPLINE_CURVE_WITH_KNOTS('',3,(#7062,#7063,#7064,#7065,#7066,#7067,
#7068,#7069,#7070,#7071),.UNSPECIFIED.,.F.,.F.,(4,1,1,1,1,1,1,4),(21.9911485751285,
22.7723908831046,23.7648481212433,24.7573053593819,25.7497625975206,26.7422198356593,
27.7346770737979,28.2743338823081),.UNSPECIFIED.);
#824=B_SPLINE_CURVE_WITH_KNOTS('',3,(#7072,#7073,#7074,#7075,#7076,#7077,
#7078,#7079,#7080,#7081),.UNSPECIFIED.,.F.,.F.,(4,1,1,1,1,1,1,4),(21.9911485751285,
22.3380580320811,23.3305152702198,24.3229725083584,25.3154297464971,26.3078869846358,
27.3003442227744,28.274333882308),.UNSPECIFIED.);
#825=B_SPLINE_CURVE_WITH_KNOTS('',3,(#7087,#7088,#7089,#7090,#7091),
 .UNSPECIFIED.,.F.,.F.,(4,1,4),(14.3984001269718,15.3908573651104,15.7079632679489),
 .UNSPECIFIED.);
#826=B_SPLINE_CURVE_WITH_KNOTS('',3,(#7094,#7095,#7096,#7097,#7098),
 .UNSPECIFIED.,.F.,.F.,(4,1,4),(13.8759337553362,14.8327329779953,15.7079632679489),
 .UNSPECIFIED.);
#827=B_SPLINE_CURVE_WITH_KNOTS('',3,(#7130,#7131,#7132,#7133,#7134,#7135,
#7136,#7137,#7138,#7139,#7140,#7141,#7142,#7143,#7144,#7145,#7146,#7147,
#7148,#7149,#7150,#7151,#7152,#7153,#7154,#7155,#7156,#7157,#7158,#7159,
#7160,#7161,#7162,#7163,#7164,#7165,#7166,#7167,#7168,#7169,#7170,#7171,
#7172,#7173,#7174,#7175,#7176,#7177,#7178,#7179,#7180,#7181,#7182,#7183,
#7184,#7185,#7186,#7187,#7188,#7189,#7190,#7191,#7192,#7193,#7194,#7195,
#7196,#7197,#7198,#7199,#7200,#7201,#7202,#7203,#7204,#7205),
 .UNSPECIFIED.,.F.,.F.,(4,3,3,3,3,3,3,3,3,3,3,3,3,3,3,3,3,3,3,3,3,3,3,3,
3,4),(-0.286347380332403,-0.271029041907367,-0.260283342315657,-0.256026388243518,
-0.252354733696348,-0.236175150154767,-0.224186769991007,-0.220711318557119,
-0.203700994320411,-0.186917947481354,-0.178355966013588,-0.172671473073223,
-0.168869119339269,-0.152670021610287,-0.136083592216305,-0.119763160776336,
-0.116553990167067,-0.11367167760419,-0.096350224135377,-0.078655190930722,
-0.0603714283721785,-0.0569754877283038,-0.038754002112527,-0.020701649839247,
-0.00552014069654773,0.),.UNSPECIFIED.);
#828=B_SPLINE_CURVE_WITH_KNOTS('',3,(#7206,#7207,#7208,#7209,#7210,#7211,
#7212,#7213,#7214,#7215,#7216,#7217,#7218,#7219,#7220,#7221,#7222,#7223,
#7224,#7225,#7226,#7227,#7228,#7229,#7230,#7231,#7232,#7233,#7234,#7235,
#7236,#7237,#7238,#7239,#7240,#7241,#7242,#7243,#7244,#7245,#7246,#7247,
#7248,#7249,#7250,#7251,#7252,#7253,#7254,#7255,#7256,#7257,#7258,#7259,
#7260,#7261,#7262,#7263,#7264,#7265,#7266,#7267,#7268,#7269,#7270,#7271,
#7272,#7273,#7274,#7275,#7276,#7277,#7278,#7279,#7280,#7281),
 .UNSPECIFIED.,.F.,.F.,(4,3,3,3,3,3,3,3,3,3,3,3,3,3,3,3,3,3,3,3,3,3,3,3,
3,4),(-0.285142803995169,-0.266788589054996,-0.249468876095463,-0.245940445765056,
-0.227962043971663,-0.216755424034428,-0.21321306660708,-0.209976375099195,
-0.192059552442843,-0.174924819303595,-0.16540333646203,-0.157278333430455,
-0.15428733253854,-0.138309084473786,-0.121217788502723,-0.106634038433907,
-0.103134590038973,-0.100180000074259,-0.083569965988572,-0.0670544224565034,
-0.0511795749595073,-0.0481793771581979,-0.032265262012529,-0.0169055867990613,
-0.00454778795219058,0.),.UNSPECIFIED.);
#829=B_SPLINE_CURVE_WITH_KNOTS('',3,(#7283,#7284,#7285,#7286,#7287,#7288,
#7289,#7290,#7291,#7292,#7293),.UNSPECIFIED.,.F.,.F.,(4,1,1,1,1,1,1,1,4),
(15.7079632679489,15.8251902161339,16.8176474542726,17.8101046924113,18.8025619305499,
19.7950191686886,20.7874764068273,21.7799336449659,21.9911485751285),
 .UNSPECIFIED.);
#830=B_SPLINE_CURVE_WITH_KNOTS('',3,(#7294,#7295,#7296,#7297,#7298,#7299,
#7300,#7301,#7302,#7303),.UNSPECIFIED.,.F.,.F.,(4,1,1,1,1,1,1,4),(15.7079632679489,
16.3833146032491,17.3757718413878,18.3682290795264,19.3606863176651,20.3531435558038,
21.3456007939424,21.9911485751285),.UNSPECIFIED.);
#831=B_SPLINE_CURVE_WITH_KNOTS('',3,(#7704,#7705,#7706,#7707,#7708,#7709,
#7710,#7711,#7712,#7713,#7714,#7715,#7716,#7717,#7718,#7719,#7720,#7721,
#7722,#7723,#7724,#7725,#7726,#7727,#7728,#7729,#7730,#7731,#7732,#7733,
#7734,#7735,#7736,#7737,#7738,#7739,#7740,#7741,#7742,#7743,#7744,#7745,
#7746,#7747,#7748,#7749,#7750,#7751,#7752,#7753,#7754,#7755,#7756,#7757,
#7758,#7759,#7760,#7761,#7762,#7763,#7764,#7765,#7766,#7767,#7768,#7769,
#7770,#7771,#7772,#7773,#7774,#7775,#7776,#7777,#7778,#7779,#7780,#7781,
#7782,#7783,#7784,#7785),.UNSPECIFIED.,.F.,.F.,(4,3,3,3,3,3,3,3,3,3,3,3,
3,3,3,3,3,3,3,3,3,3,3,3,3,3,3,4),(0.,0.0151342137043177,0.0309497132055427,
0.0437394989956317,0.0494469967101537,0.0520444922221838,0.0683449828258475,
0.0849537823163309,0.0970323366188118,0.101259395627493,0.10426386866387,
0.121342598615856,0.133267999526255,0.149906304240144,0.154468836676503,
0.15857856752123,0.175609551917676,0.193046478202691,0.203871320712346,
0.209261415903612,0.212658193341911,0.215917104270202,0.233915410060519,
0.246343298186945,0.251348598997144,0.26953871744472,0.279645218279937,
0.28514280399519),.UNSPECIFIED.);
#832=B_SPLINE_CURVE_WITH_KNOTS('',3,(#7786,#7787,#7788,#7789,#7790,#7791,
#7792,#7793,#7794,#7795,#7796,#7797,#7798,#7799,#7800,#7801,#7802,#7803,
#7804,#7805,#7806,#7807,#7808,#7809,#7810),.UNSPECIFIED.,.F.,.F.,(4,3,3,
3,3,3,3,3,4),(-10.1357873115492,-9.92457238138667,-8.932115143248,-7.93965790510933,
-6.94720066697066,-5.954743428832,-4.96228619069333,-3.96982895255466,-3.85260200436961),
 .UNSPECIFIED.);
#833=B_SPLINE_CURVE_WITH_KNOTS('',3,(#8211,#8212,#8213,#8214,#8215,#8216,
#8217,#8218,#8219,#8220,#8221,#8222,#8223,#8224,#8225,#8226,#8227,#8228,
#8229,#8230,#8231,#8232),.UNSPECIFIED.,.F.,.F.,(4,3,3,3,3,3,3,4),(7.59274844815661,
7.93965790510934,8.932115143248,9.92457238138667,10.9170296195253,11.909486857664,
12.9019440958027,13.8759337553362),.UNSPECIFIED.);
#834=B_SPLINE_CURVE_WITH_KNOTS('',3,(#8233,#8234,#8235,#8236,#8237,#8238,
#8239,#8240,#8241,#8242,#8243,#8244,#8245,#8246,#8247,#8248,#8249,#8250,
#8251,#8252,#8253,#8254,#8255,#8256,#8257,#8258,#8259,#8260,#8261,#8262,
#8263,#8264,#8265,#8266,#8267,#8268,#8269,#8270,#8271,#8272,#8273,#8274,
#8275,#8276,#8277,#8278,#8279,#8280,#8281,#8282,#8283,#8284,#8285,#8286,
#8287,#8288,#8289,#8290,#8291,#8292,#8293,#8294,#8295,#8296,#8297,#8298,
#8299,#8300,#8301,#8302,#8303,#8304,#8305,#8306,#8307,#8308,#8309,#8310,
#8311),.UNSPECIFIED.,.F.,.F.,(4,3,3,3,3,3,3,3,3,3,3,3,3,3,3,3,3,3,3,3,3,
3,3,3,3,3,4),(0.,0.0184509483471361,0.0366917744234925,0.0505562509676921,
0.0579157618916935,0.0610987885236226,0.0788526551465953,0.0962454950535051,
0.109086017984401,0.115645414416978,0.119081255923655,0.135921016056261,
0.147607586777089,0.164379691989523,0.169298764273767,0.173073155588956,
0.18984293127416,0.206599744305243,0.216992731256888,0.222362078519729,
0.226273725470667,0.242366235026569,0.253088202752454,0.258078381511211,
0.273545572026172,0.281784428476558,0.286347380332306),.UNSPECIFIED.);
#835=B_SPLINE_CURVE_WITH_KNOTS('',3,(#8316,#8317,#8318,#8319,#8320,#8321,
#8322,#8323,#8324,#8325,#8326,#8327,#8328,#8329,#8330,#8331,#8332,#8333,
#8334,#8335,#8336,#8337,#8338,#8339,#8340,#8341,#8342,#8343,#8344,#8345,
#8346,#8347,#8348,#8349,#8350,#8351,#8352,#8353,#8354,#8355,#8356,#8357,
#8358,#8359,#8360,#8361,#8362,#8363,#8364,#8365,#8366,#8367,#8368,#8369,
#8370,#8371,#8372,#8373,#8374,#8375,#8376,#8377,#8378,#8379,#8380,#8381,
#8382,#8383,#8384,#8385,#8386,#8387,#8388,#8389,#8390,#8391),
 .UNSPECIFIED.,.F.,.F.,(4,3,3,3,3,3,3,3,3,3,3,3,3,3,3,3,3,3,3,3,3,3,3,3,
3,4),(-0.286347380332086,-0.271031031371601,-0.260290655103744,-0.256114275596231,
-0.252606277502606,-0.236433506704422,-0.224717905466194,-0.221435786175825,
-0.20424434503442,-0.187457475368228,-0.178760611928722,-0.173543908658844,
-0.170777955403901,-0.152670021610204,-0.13608233288211,-0.119762058858916,
-0.116550949452636,-0.11366611595035,-0.0963435543491083,-0.0786480726042146,
-0.0603660896273,-0.0569765144006604,-0.0387548580693835,-0.0207024690459535,
-0.00552014069655625,0.),.UNSPECIFIED.);
#836=B_SPLINE_CURVE_WITH_KNOTS('',3,(#8392,#8393,#8394,#8395,#8396,#8397,
#8398,#8399,#8400,#8401,#8402,#8403,#8404,#8405,#8406,#8407,#8408,#8409,
#8410,#8411,#8412,#8413,#8414,#8415,#8416,#8417,#8418,#8419,#8420,#8421,
#8422,#8423,#8424,#8425,#8426,#8427,#8428,#8429,#8430,#8431,#8432,#8433,
#8434,#8435,#8436,#8437,#8438,#8439,#8440,#8441,#8442,#8443,#8444,#8445,
#8446,#8447,#8448,#8449,#8450,#8451,#8452,#8453,#8454,#8455,#8456,#8457,
#8458,#8459,#8460,#8461,#8462,#8463,#8464,#8465,#8466,#8467),
 .UNSPECIFIED.,.F.,.F.,(4,3,3,3,3,3,3,3,3,3,3,3,3,3,3,3,3,3,3,3,3,3,3,3,
3,4),(-0.285142803995167,-0.26678858905499,-0.249469606409718,-0.245941259172344,
-0.227962804145435,-0.216756089186474,-0.213216461439986,-0.209983468932329,
-0.192064872817685,-0.174929503375246,-0.165407059482969,-0.15728388014007,
-0.154292246038271,-0.138309084473751,-0.121217882725568,-0.106634120878896,
-0.103134465290636,-0.100179808832439,-0.0835698703843715,-0.0670542172332189,
-0.0511788589618763,-0.048179085012836,-0.0322647041910625,-0.016904100003586,
-0.00454778795219087,0.),.UNSPECIFIED.);
#837=B_SPLINE_CURVE_WITH_KNOTS('',3,(#8469,#8470,#8471,#8472,#8473,#8474,
#8475,#8476,#8477,#8478,#8479),.UNSPECIFIED.,.F.,.F.,(4,1,1,1,1,1,1,1,4),
(15.7079632679489,15.8251902161339,16.8176474542726,17.8101046924113,18.8025619305499,
19.7950191686886,20.7874764068273,21.7799336449659,21.9911485751285),
 .UNSPECIFIED.);
#838=B_SPLINE_CURVE_WITH_KNOTS('',3,(#8480,#8481,#8482,#8483,#8484,#8485,
#8486,#8487,#8488,#8489),.UNSPECIFIED.,.F.,.F.,(4,1,1,1,1,1,1,4),(15.7079632679489,
16.3833146032491,17.3757718413878,18.3682290795264,19.3606863176651,20.3531435558038,
21.3456007939424,21.9911485751285),.UNSPECIFIED.);
#839=B_SPLINE_CURVE_WITH_KNOTS('',3,(#8890,#8891,#8892,#8893,#8894,#8895,
#8896,#8897,#8898,#8899,#8900,#8901,#8902,#8903,#8904,#8905,#8906,#8907,
#8908,#8909,#8910,#8911,#8912,#8913,#8914,#8915,#8916,#8917,#8918,#8919,
#8920,#8921,#8922,#8923,#8924,#8925,#8926,#8927,#8928,#8929,#8930,#8931,
#8932,#8933,#8934,#8935,#8936,#8937,#8938,#8939,#8940,#8941,#8942,#8943,
#8944,#8945,#8946,#8947,#8948,#8949,#8950,#8951,#8952,#8953,#8954,#8955,
#8956,#8957,#8958,#8959,#8960,#8961,#8962,#8963,#8964,#8965,#8966,#8967,
#8968,#8969,#8970,#8971),.UNSPECIFIED.,.F.,.F.,(4,3,3,3,3,3,3,3,3,3,3,3,
3,3,3,3,3,3,3,3,3,3,3,3,3,3,3,4),(0.,0.0151321384035509,0.0309461455684703,
0.043736377313181,0.0494361316102428,0.0520321011614807,0.0683308383201256,
0.0849390334182892,0.0970212749452559,0.101216494248349,0.104273403359374,
0.121352275165749,0.133267999526156,0.149907267773583,0.154469881436598,
0.158578734087664,0.175610802582034,0.193048243239209,0.20387286511929,
0.20926212476687,0.212660933131984,0.215917823675368,0.233916173093653,
0.246344600791437,0.251349115334952,0.269539200593983,0.279645218279858,
0.285142803995114),.UNSPECIFIED.);
#840=B_SPLINE_CURVE_WITH_KNOTS('',3,(#8972,#8973,#8974,#8975,#8976,#8977,
#8978,#8979,#8980,#8981,#8982,#8983,#8984,#8985,#8986,#8987,#8988,#8989,
#8990,#8991,#8992,#8993,#8994,#8995,#8996),.UNSPECIFIED.,.F.,.F.,(4,3,3,
3,3,3,3,3,4),(-10.1357873115492,-9.92457238138667,-8.932115143248,-7.93965790510933,
-6.94720066697067,-5.954743428832,-4.96228619069333,-3.96982895255466,-3.85260200436959),
 .UNSPECIFIED.);
#841=B_SPLINE_CURVE_WITH_KNOTS('',3,(#9397,#9398,#9399,#9400,#9401,#9402,
#9403,#9404,#9405,#9406,#9407,#9408,#9409,#9410,#9411,#9412,#9413,#9414,
#9415,#9416,#9417,#9418),.UNSPECIFIED.,.F.,.F.,(4,3,3,3,3,3,3,4),(7.59274844815661,
7.93965790510935,8.93211514324801,9.92457238138668,10.9170296195254,11.909486857664,
12.9019440958027,13.8759337553362),.UNSPECIFIED.);
#842=B_SPLINE_CURVE_WITH_KNOTS('',3,(#9419,#9420,#9421,#9422,#9423,#9424,
#9425,#9426,#9427,#9428,#9429,#9430,#9431,#9432,#9433,#9434,#9435,#9436,
#9437,#9438,#9439,#9440,#9441,#9442,#9443,#9444,#9445,#9446,#9447,#9448,
#9449,#9450,#9451,#9452,#9453,#9454,#9455,#9456,#9457,#9458,#9459,#9460,
#9461,#9462,#9463,#9464,#9465,#9466,#9467,#9468,#9469,#9470,#9471,#9472,
#9473,#9474,#9475,#9476,#9477,#9478,#9479,#9480,#9481,#9482,#9483,#9484,
#9485,#9486,#9487,#9488,#9489,#9490,#9491,#9492,#9493,#9494,#9495,#9496,
#9497),.UNSPECIFIED.,.F.,.F.,(4,3,3,3,3,3,3,3,3,3,3,3,3,3,3,3,3,3,3,3,3,
3,3,3,3,3,4),(0.,0.0184509483471305,0.0366916470604223,0.0505561395250001,
0.0579154226299779,0.0610986298576325,0.0788524778845528,0.0962458635613245,
0.109086294365254,0.115645414111156,0.119081151881846,0.13592142058587,
0.147607586777044,0.164379691989467,0.169298772796813,0.173073198857673,
0.189842906902886,0.206599740064979,0.216992041171488,0.222362004840596,
0.226273859204644,0.242366815008314,0.253089278389657,0.25807851374805,
0.273546527783912,0.281784428476427,0.286347380332172),.UNSPECIFIED.);
#843=B_SPLINE_CURVE_WITH_KNOTS('',3,(#9604,#9605,#9606,#9607,#9608,#9609,
#9610,#9611,#9612,#9613,#9614,#9615,#9616,#9617,#9618,#9619,#9620,#9621,
#9622,#9623,#9624,#9625),.UNSPECIFIED.,.F.,.F.,(4,3,3,3,3,3,3,4),(0.,0.0971383117259558,
0.194276623451912,0.291414935177867,0.388553246903823,0.485691558629779,
0.582829870355735,0.679968182081691),.UNSPECIFIED.);
#844=B_SPLINE_CURVE_WITH_KNOTS('',3,(#9629,#9630,#9631,#9632,#9633,#9634,
#9635,#9636,#9637,#9638,#9639,#9640,#9641,#9642,#9643,#9644,#9645,#9646,
#9647,#9648,#9649,#9650),.UNSPECIFIED.,.F.,.F.,(4,3,3,3,3,3,3,4),(0.,0.0971383117258585,
0.194276623451717,0.291414935177575,0.388553246903434,0.485691558629292,
0.582829870355151,0.679968182081009),.UNSPECIFIED.);
#845=B_SPLINE_CURVE_WITH_KNOTS('',3,(#9737,#9738,#9739,#9740,#9741,#9742,
#9743,#9744,#9745,#9746,#9747,#9748,#9749,#9750,#9751,#9752,#9753,#9754,
#9755,#9756,#9757,#9758),.UNSPECIFIED.,.F.,.F.,(4,3,3,3,3,3,3,4),(0.,0.0971383117259407,
0.194276623451881,0.291414935177822,0.388553246903763,0.485691558629704,
0.582829870355644,0.679968182081585),.UNSPECIFIED.);
#846=B_SPLINE_CURVE_WITH_KNOTS('',3,(#9762,#9763,#9764,#9765,#9766,#9767,
#9768,#9769,#9770,#9771,#9772,#9773,#9774,#9775,#9776,#9777,#9778,#9779,
#9780,#9781,#9782,#9783),.UNSPECIFIED.,.F.,.F.,(4,3,3,3,3,3,3,4),(0.,0.0971383117259013,
0.194276623451803,0.291414935177704,0.388553246903605,0.485691558629507,
0.582829870355408,0.679968182081309),.UNSPECIFIED.);
#847=B_SPLINE_CURVE_WITH_KNOTS('',3,(#9813,#9814,#9815,#9816,#9817,#9818,
#9819,#9820,#9821,#9822,#9823,#9824,#9825,#9826,#9827,#9828,#9829,#9830,
#9831,#9832,#9833,#9834),.UNSPECIFIED.,.F.,.F.,(4,3,3,3,3,3,3,4),(0.,0.0971383117261493,
0.194276623452299,0.291414935178448,0.388553246904597,0.485691558630746,
0.582829870356896,0.679968182083045),.UNSPECIFIED.);
#848=B_SPLINE_CURVE_WITH_KNOTS('',3,(#9837,#9838,#9839,#9840,#9841,#9842,
#9843,#9844,#9845,#9846,#9847,#9848,#9849,#9850,#9851,#9852,#9853,#9854,
#9855,#9856,#9857,#9858),.UNSPECIFIED.,.F.,.F.,(4,3,3,3,3,3,3,4),(0.,0.0971383117263551,
0.19427662345271,0.291414935179065,0.38855324690542,0.485691558631776,0.582829870358131,
0.679968182084486),.UNSPECIFIED.);
#849=B_SPLINE_CURVE_WITH_KNOTS('',3,(#9916,#9917,#9918,#9919,#9920,#9921,
#9922,#9923,#9924,#9925,#9926,#9927,#9928,#9929,#9930,#9931,#9932,#9933,
#9934,#9935,#9936,#9937),.UNSPECIFIED.,.F.,.F.,(4,3,3,3,3,3,3,4),(0.,0.097138311726021,
0.194276623452042,0.291414935178063,0.388553246904084,0.485691558630105,
0.582829870356126,0.679968182082147),.UNSPECIFIED.);
#850=B_SPLINE_CURVE_WITH_KNOTS('',3,(#9941,#9942,#9943,#9944,#9945,#9946,
#9947,#9948,#9949,#9950,#9951,#9952,#9953,#9954,#9955,#9956,#9957,#9958,
#9959,#9960,#9961,#9962),.UNSPECIFIED.,.F.,.F.,(4,3,3,3,3,3,3,4),(0.,0.0971383117259452,
0.19427662345189,0.291414935177836,0.388553246903781,0.485691558629726,
0.582829870355671,0.679968182081616),.UNSPECIFIED.);
#851=B_SPLINE_CURVE_WITH_KNOTS('',3,(#10205,#10206,#10207,#10208,#10209,
#10210,#10211,#10212,#10213,#10214),.UNSPECIFIED.,.F.,.F.,(4,3,3,4),(-1.5707963267949,
-1.12199737628207,-0.673198425769241,3.01189049334349E-17),
 .UNSPECIFIED.);
#852=B_SPLINE_CURVE_WITH_KNOTS('',3,(#10238,#10239,#10240,#10241,#10242,
#10243,#10244,#10245,#10246,#10247),.UNSPECIFIED.,.F.,.F.,(4,3,3,4),(3.14159265358979,
3.59039160410262,4.03919055461545,4.71238898038469),.UNSPECIFIED.);
#853=B_SPLINE_CURVE_WITH_KNOTS('',3,(#10310,#10311,#10312,#10313,#10314,
#10315),.UNSPECIFIED.,.F.,.F.,(4,1,1,4),(-3.0118904933435E-17,0.673198425769241,
1.12199737628207,1.5707963267949),.UNSPECIFIED.);
#854=B_SPLINE_CURVE_WITH_KNOTS('',3,(#10344,#10345,#10346,#10347,#10348,
#10349),.UNSPECIFIED.,.F.,.F.,(4,1,1,4),(1.5707963267949,2.24399475256414,
2.69279370307697,3.14159265358979),.UNSPECIFIED.);
#855=B_SPLINE_CURVE_WITH_KNOTS('',3,(#10383,#10384,#10385,#10386,#10387,
#10388,#10389,#10390,#10391,#10392),.UNSPECIFIED.,.F.,.F.,(4,3,3,4),(1.5707963267949,
2.01959527730773,2.46839422782056,3.14159265358982),.UNSPECIFIED.);
#856=B_SPLINE_CURVE_WITH_KNOTS('',3,(#10413,#10414,#10415,#10416,#10417,
#10418),.UNSPECIFIED.,.F.,.F.,(4,1,1,4),(-1.5707963267949,-0.897597901025645,
-0.448798950512811,2.368475785867E-14),.UNSPECIFIED.);
#857=B_SPLINE_CURVE_WITH_KNOTS('',3,(#10454,#10455,#10456,#10457,#10458,
#10459,#10460,#10461,#10462,#10463),.UNSPECIFIED.,.F.,.F.,(4,3,3,4),(3.14159265358977,
3.81479107935902,4.26359002987185,4.71238898038469),.UNSPECIFIED.);
#858=B_SPLINE_CURVE_WITH_KNOTS('',3,(#10564,#10565,#10566,#10567,#10568,
#10569,#10570,#10571,#10572,#10573),.UNSPECIFIED.,.F.,.F.,(4,3,3,4),(-2.36847578586699E-14,
0.448798950512811,0.897597901025645,1.5707963267949),.UNSPECIFIED.);
#859=LINE('',#4958,#1166);
#860=LINE('',#4979,#1167);
#861=LINE('',#5030,#1168);
#862=LINE('',#5081,#1169);
#863=LINE('',#5129,#1170);
#864=LINE('',#5180,#1171);
#865=LINE('',#5231,#1172);
#866=LINE('',#5279,#1173);
#867=LINE('',#5330,#1174);
#868=LINE('',#5381,#1175);
#869=LINE('',#5429,#1176);
#870=LINE('',#5480,#1177);
#871=LINE('',#5531,#1178);
#872=LINE('',#5579,#1179);
#873=LINE('',#5630,#1180);
#874=LINE('',#5669,#1181);
#875=LINE('',#5690,#1182);
#876=LINE('',#5741,#1183);
#877=LINE('',#5792,#1184);
#878=LINE('',#5840,#1185);
#879=LINE('',#5891,#1186);
#880=LINE('',#5942,#1187);
#881=LINE('',#5990,#1188);
#882=LINE('',#6041,#1189);
#883=LINE('',#6092,#1190);
#884=LINE('',#6140,#1191);
#885=LINE('',#6191,#1192);
#886=LINE('',#6242,#1193);
#887=LINE('',#6290,#1194);
#888=LINE('',#6341,#1195);
#889=LINE('',#6380,#1196);
#890=LINE('',#6404,#1197);
#891=LINE('',#6428,#1198);
#892=LINE('',#6453,#1199);
#893=LINE('',#6478,#1200);
#894=LINE('',#6502,#1201);
#895=LINE('',#6527,#1202);
#896=LINE('',#6552,#1203);
#897=LINE('',#6576,#1204);
#898=LINE('',#6601,#1205);
#899=LINE('',#6626,#1206);
#900=LINE('',#6650,#1207);
#901=LINE('',#6675,#1208);
#902=LINE('',#6700,#1209);
#903=LINE('',#6724,#1210);
#904=LINE('',#6741,#1211);
#905=LINE('',#6765,#1212);
#906=LINE('',#6789,#1213);
#907=LINE('',#6814,#1214);
#908=LINE('',#6839,#1215);
#909=LINE('',#6863,#1216);
#910=LINE('',#6888,#1217);
#911=LINE('',#6913,#1218);
#912=LINE('',#6937,#1219);
#913=LINE('',#6962,#1220);
#914=LINE('',#6987,#1221);
#915=LINE('',#7011,#1222);
#916=LINE('',#7036,#1223);
#917=LINE('',#7061,#1224);
#918=LINE('',#7085,#1225);
#919=LINE('',#7102,#1226);
#920=LINE('',#7104,#1227);
#921=LINE('',#7106,#1228);
#922=LINE('',#7107,#1229);
#923=LINE('',#7110,#1230);
#924=LINE('',#7112,#1231);
#925=LINE('',#7113,#1232);
#926=LINE('',#7116,#1233);
#927=LINE('',#7117,#1234);
#928=LINE('',#7120,#1235);
#929=LINE('',#7122,#1236);
#930=LINE('',#7124,#1237);
#931=LINE('',#7125,#1238);
#932=LINE('',#9500,#1239);
#933=LINE('',#9504,#1240);
#934=LINE('',#9508,#1241);
#935=LINE('',#9510,#1242);
#936=LINE('',#9511,#1243);
#937=LINE('',#9514,#1244);
#938=LINE('',#9516,#1245);
#939=LINE('',#9517,#1246);
#940=LINE('',#9519,#1247);
#941=LINE('',#9520,#1248);
#942=LINE('',#9524,#1249);
#943=LINE('',#9526,#1250);
#944=LINE('',#9528,#1251);
#945=LINE('',#9529,#1252);
#946=LINE('',#9532,#1253);
#947=LINE('',#9534,#1254);
#948=LINE('',#9535,#1255);
#949=LINE('',#9538,#1256);
#950=LINE('',#9540,#1257);
#951=LINE('',#9541,#1258);
#952=LINE('',#9543,#1259);
#953=LINE('',#9544,#1260);
#954=LINE('',#9548,#1261);
#955=LINE('',#9550,#1262);
#956=LINE('',#9552,#1263);
#957=LINE('',#9553,#1264);
#958=LINE('',#9556,#1265);
#959=LINE('',#9558,#1266);
#960=LINE('',#9560,#1267);
#961=LINE('',#9561,#1268);
#962=LINE('',#9564,#1269);
#963=LINE('',#9566,#1270);
#964=LINE('',#9567,#1271);
#965=LINE('',#9570,#1272);
#966=LINE('',#9571,#1273);
#967=LINE('',#9574,#1274);
#968=LINE('',#9575,#1275);
#969=LINE('',#9577,#1276);
#970=LINE('',#9581,#1277);
#971=LINE('',#9583,#1278);
#972=LINE('',#9584,#1279);
#973=LINE('',#9587,#1280);
#974=LINE('',#9588,#1281);
#975=LINE('',#9591,#1282);
#976=LINE('',#9592,#1283);
#977=LINE('',#9594,#1284);
#978=LINE('',#9600,#1285);
#979=LINE('',#9602,#1286);
#980=LINE('',#9627,#1287);
#981=LINE('',#9651,#1288);
#982=LINE('',#9656,#1289);
#983=LINE('',#9659,#1290);
#984=LINE('',#9662,#1291);
#985=LINE('',#9666,#1292);
#986=LINE('',#9670,#1293);
#987=LINE('',#9673,#1294);
#988=LINE('',#9675,#1295);
#989=LINE('',#9677,#1296);
#990=LINE('',#9678,#1297);
#991=LINE('',#9681,#1298);
#992=LINE('',#9682,#1299);
#993=LINE('',#9685,#1300);
#994=LINE('',#9687,#1301);
#995=LINE('',#9688,#1302);
#996=LINE('',#9691,#1303);
#997=LINE('',#9695,#1304);
#998=LINE('',#9699,#1305);
#999=LINE('',#9703,#1306);
#1000=LINE('',#9709,#1307);
#1001=LINE('',#9712,#1308);
#1002=LINE('',#9715,#1309);
#1003=LINE('',#9719,#1310);
#1004=LINE('',#9723,#1311);
#1005=LINE('',#9725,#1312);
#1006=LINE('',#9726,#1313);
#1007=LINE('',#9728,#1314);
#1008=LINE('',#9733,#1315);
#1009=LINE('',#9735,#1316);
#1010=LINE('',#9760,#1317);
#1011=LINE('',#9784,#1318);
#1012=LINE('',#9789,#1319);
#1013=LINE('',#9792,#1320);
#1014=LINE('',#9795,#1321);
#1015=LINE('',#9800,#1322);
#1016=LINE('',#9803,#1323);
#1017=LINE('',#9805,#1324);
#1018=LINE('',#9806,#1325);
#1019=LINE('',#9809,#1326);
#1020=LINE('',#9810,#1327);
#1021=LINE('',#9836,#1328);
#1022=LINE('',#9863,#1329);
#1023=LINE('',#9866,#1330);
#1024=LINE('',#9869,#1331);
#1025=LINE('',#9870,#1332);
#1026=LINE('',#9872,#1333);
#1027=LINE('',#9915,#1334);
#1028=LINE('',#9940,#1335);
#1029=LINE('',#9967,#1336);
#1030=LINE('',#9970,#1337);
#1031=LINE('',#9972,#1338);
#1032=LINE('',#10053,#1339);
#1033=LINE('',#10055,#1340);
#1034=LINE('',#10097,#1341);
#1035=LINE('',#10098,#1342);
#1036=LINE('',#10100,#1343);
#1037=LINE('',#10102,#1344);
#1038=LINE('',#10105,#1345);
#1039=LINE('',#10106,#1346);
#1040=LINE('',#10108,#1347);
#1041=LINE('',#10110,#1348);
#1042=LINE('',#10114,#1349);
#1043=LINE('',#10116,#1350);
#1044=LINE('',#10117,#1351);
#1045=LINE('',#10121,#1352);
#1046=LINE('',#10124,#1353);
#1047=LINE('',#10125,#1354);
#1048=LINE('',#10129,#1355);
#1049=LINE('',#10132,#1356);
#1050=LINE('',#10133,#1357);
#1051=LINE('',#10137,#1358);
#1052=LINE('',#10140,#1359);
#1053=LINE('',#10141,#1360);
#1054=LINE('',#10146,#1361);
#1055=LINE('',#10149,#1362);
#1056=LINE('',#10152,#1363);
#1057=LINE('',#10153,#1364);
#1058=LINE('',#10157,#1365);
#1059=LINE('',#10159,#1366);
#1060=LINE('',#10162,#1367);
#1061=LINE('',#10164,#1368);
#1062=LINE('',#10165,#1369);
#1063=LINE('',#10169,#1370);
#1064=LINE('',#10172,#1371);
#1065=LINE('',#10173,#1372);
#1066=LINE('',#10183,#1373);
#1067=LINE('',#10185,#1374);
#1068=LINE('',#10187,#1375);
#1069=LINE('',#10188,#1376);
#1070=LINE('',#10193,#1377);
#1071=LINE('',#10197,#1378);
#1072=LINE('',#10201,#1379);
#1073=LINE('',#10215,#1380);
#1074=LINE('',#10217,#1381);
#1075=LINE('',#10219,#1382);
#1076=LINE('',#10220,#1383);
#1077=LINE('',#10224,#1384);
#1078=LINE('',#10226,#1385);
#1079=LINE('',#10228,#1386);
#1080=LINE('',#10229,#1387);
#1081=LINE('',#10232,#1388);
#1082=LINE('',#10236,#1389);
#1083=LINE('',#10251,#1390);
#1084=LINE('',#10254,#1391);
#1085=LINE('',#10256,#1392);
#1086=LINE('',#10258,#1393);
#1087=LINE('',#10259,#1394);
#1088=LINE('',#10264,#1395);
#1089=LINE('',#10265,#1396);
#1090=LINE('',#10270,#1397);
#1091=LINE('',#10273,#1398);
#1092=LINE('',#10275,#1399);
#1093=LINE('',#10279,#1400);
#1094=LINE('',#10283,#1401);
#1095=LINE('',#10284,#1402);
#1096=LINE('',#10287,#1403);
#1097=LINE('',#10289,#1404);
#1098=LINE('',#10291,#1405);
#1099=LINE('',#10292,#1406);
#1100=LINE('',#10303,#1407);
#1101=LINE('',#10306,#1408);
#1102=LINE('',#10308,#1409);
#1103=LINE('',#10342,#1410);
#1104=LINE('',#10350,#1411);
#1105=LINE('',#10352,#1412);
#1106=LINE('',#10357,#1413);
#1107=LINE('',#10358,#1414);
#1108=LINE('',#10361,#1415);
#1109=LINE('',#10365,#1416);
#1110=LINE('',#10367,#1417);
#1111=LINE('',#10369,#1418);
#1112=LINE('',#10370,#1419);
#1113=LINE('',#10375,#1420);
#1114=LINE('',#10380,#1421);
#1115=LINE('',#10394,#1422);
#1116=LINE('',#10396,#1423);
#1117=LINE('',#10397,#1424);
#1118=LINE('',#10401,#1425);
#1119=LINE('',#10403,#1426);
#1120=LINE('',#10405,#1427);
#1121=LINE('',#10406,#1428);
#1122=LINE('',#10409,#1429);
#1123=LINE('',#10420,#1430);
#1124=LINE('',#10424,#1431);
#1125=LINE('',#10427,#1432);
#1126=LINE('',#10429,#1433);
#1127=LINE('',#10431,#1434);
#1128=LINE('',#10432,#1435);
#1129=LINE('',#10437,#1436);
#1130=LINE('',#10438,#1437);
#1131=LINE('',#10441,#1438);
#1132=LINE('',#10442,#1439);
#1133=LINE('',#10447,#1440);
#1134=LINE('',#10450,#1441);
#1135=LINE('',#10452,#1442);
#1136=LINE('',#10467,#1443);
#1137=LINE('',#10468,#1444);
#1138=LINE('',#10472,#1445);
#1139=LINE('',#10474,#1446);
#1140=LINE('',#10477,#1447);
#1141=LINE('',#10481,#1448);
#1142=LINE('',#10485,#1449);
#1143=LINE('',#10487,#1450);
#1144=LINE('',#10488,#1451);
#1145=LINE('',#10491,#1452);
#1146=LINE('',#10492,#1453);
#1147=LINE('',#10495,#1454);
#1148=LINE('',#10496,#1455);
#1149=LINE('',#10498,#1456);
#1150=LINE('',#10502,#1457);
#1151=LINE('',#10506,#1458);
#1152=LINE('',#10510,#1459);
#1153=LINE('',#10514,#1460);
#1154=LINE('',#10539,#1461);
#1155=LINE('',#10576,#1462);
#1156=LINE('',#10602,#1463);
#1157=LINE('',#10605,#1464);
#1158=LINE('',#10606,#1465);
#1159=LINE('',#10607,#1466);
#1160=LINE('',#10611,#1467);
#1161=LINE('',#10613,#1468);
#1162=LINE('',#10615,#1469);
#1163=LINE('',#10617,#1470);
#1164=LINE('',#10619,#1471);
#1165=LINE('',#10623,#1472);
#1166=VECTOR('',#4082,1.2645);
#1167=VECTOR('',#4087,1.2645);
#1168=VECTOR('',#4090,1.2645);
#1169=VECTOR('',#4093,1.2645);
#1170=VECTOR('',#4096,1.2645);
#1171=VECTOR('',#4099,1.2645);
#1172=VECTOR('',#4102,1.2645);
#1173=VECTOR('',#4105,1.2645);
#1174=VECTOR('',#4108,1.2645);
#1175=VECTOR('',#4111,1.2645);
#1176=VECTOR('',#4114,1.2645);
#1177=VECTOR('',#4117,1.2645);
#1178=VECTOR('',#4120,1.2645);
#1179=VECTOR('',#4123,1.2645);
#1180=VECTOR('',#4126,1.2645);
#1181=VECTOR('',#4131,1.2645);
#1182=VECTOR('',#4136,1.2645);
#1183=VECTOR('',#4139,1.2645);
#1184=VECTOR('',#4142,1.2645);
#1185=VECTOR('',#4145,1.2645);
#1186=VECTOR('',#4148,1.2645);
#1187=VECTOR('',#4151,1.2645);
#1188=VECTOR('',#4154,1.2645);
#1189=VECTOR('',#4157,1.2645);
#1190=VECTOR('',#4160,1.2645);
#1191=VECTOR('',#4163,1.2645);
#1192=VECTOR('',#4166,1.2645);
#1193=VECTOR('',#4169,1.2645);
#1194=VECTOR('',#4172,1.2645);
#1195=VECTOR('',#4175,1.2645);
#1196=VECTOR('',#4180,1.54300000000003);
#1197=VECTOR('',#4185,1.54300000000003);
#1198=VECTOR('',#4188,1.54300000000003);
#1199=VECTOR('',#4191,1.54300000000003);
#1200=VECTOR('',#4194,1.54300000000003);
#1201=VECTOR('',#4197,1.54300000000003);
#1202=VECTOR('',#4200,1.54300000000003);
#1203=VECTOR('',#4203,1.54300000000003);
#1204=VECTOR('',#4206,1.54300000000003);
#1205=VECTOR('',#4209,1.54300000000003);
#1206=VECTOR('',#4212,1.54300000000003);
#1207=VECTOR('',#4215,1.54300000000003);
#1208=VECTOR('',#4218,1.54300000000003);
#1209=VECTOR('',#4221,1.54300000000003);
#1210=VECTOR('',#4224,1.54300000000003);
#1211=VECTOR('',#4229,1.54300000000003);
#1212=VECTOR('',#4234,1.54300000000003);
#1213=VECTOR('',#4237,1.54300000000003);
#1214=VECTOR('',#4240,1.54300000000003);
#1215=VECTOR('',#4243,1.54300000000003);
#1216=VECTOR('',#4246,1.54300000000003);
#1217=VECTOR('',#4249,1.54300000000003);
#1218=VECTOR('',#4252,1.54300000000003);
#1219=VECTOR('',#4255,1.54300000000003);
#1220=VECTOR('',#4258,1.54300000000003);
#1221=VECTOR('',#4261,1.54300000000003);
#1222=VECTOR('',#4264,1.54300000000003);
#1223=VECTOR('',#4267,1.54300000000003);
#1224=VECTOR('',#4270,1.54300000000003);
#1225=VECTOR('',#4273,1.54300000000003);
#1226=VECTOR('',#4278,10.);
#1227=VECTOR('',#4279,10.);
#1228=VECTOR('',#4280,10.);
#1229=VECTOR('',#4281,10.);
#1230=VECTOR('',#4284,10.);
#1231=VECTOR('',#4285,10.);
#1232=VECTOR('',#4286,10.);
#1233=VECTOR('',#4289,10.);
#1234=VECTOR('',#4290,10.);
#1235=VECTOR('',#4293,10.);
#1236=VECTOR('',#4294,10.);
#1237=VECTOR('',#4295,10.);
#1238=VECTOR('',#4296,10.);
#1239=VECTOR('',#4315,0.63225);
#1240=VECTOR('',#4320,0.63225);
#1241=VECTOR('',#4325,10.);
#1242=VECTOR('',#4326,10.);
#1243=VECTOR('',#4327,10.);
#1244=VECTOR('',#4330,10.);
#1245=VECTOR('',#4331,10.);
#1246=VECTOR('',#4332,10.);
#1247=VECTOR('',#4335,10.);
#1248=VECTOR('',#4336,10.);
#1249=VECTOR('',#4339,10.);
#1250=VECTOR('',#4340,10.);
#1251=VECTOR('',#4341,10.);
#1252=VECTOR('',#4342,10.);
#1253=VECTOR('',#4345,10.);
#1254=VECTOR('',#4346,10.);
#1255=VECTOR('',#4347,10.);
#1256=VECTOR('',#4350,10.);
#1257=VECTOR('',#4351,10.);
#1258=VECTOR('',#4352,10.);
#1259=VECTOR('',#4355,10.);
#1260=VECTOR('',#4356,10.);
#1261=VECTOR('',#4359,10.);
#1262=VECTOR('',#4360,10.);
#1263=VECTOR('',#4361,10.);
#1264=VECTOR('',#4362,10.);
#1265=VECTOR('',#4363,10.);
#1266=VECTOR('',#4364,10.);
#1267=VECTOR('',#4365,10.);
#1268=VECTOR('',#4366,10.);
#1269=VECTOR('',#4369,10.);
#1270=VECTOR('',#4370,10.);
#1271=VECTOR('',#4371,10.);
#1272=VECTOR('',#4374,10.);
#1273=VECTOR('',#4375,10.);
#1274=VECTOR('',#4378,10.);
#1275=VECTOR('',#4379,10.);
#1276=VECTOR('',#4382,10.);
#1277=VECTOR('',#4387,10.);
#1278=VECTOR('',#4388,10.);
#1279=VECTOR('',#4389,10.);
#1280=VECTOR('',#4392,10.);
#1281=VECTOR('',#4393,10.);
#1282=VECTOR('',#4396,10.);
#1283=VECTOR('',#4397,10.);
#1284=VECTOR('',#4400,10.);
#1285=VECTOR('',#4407,10.);
#1286=VECTOR('',#4408,10.);
#1287=VECTOR('',#4409,10.);
#1288=VECTOR('',#4410,10.);
#1289=VECTOR('',#4413,10.);
#1290=VECTOR('',#4416,10.);
#1291=VECTOR('',#4419,10.);
#1292=VECTOR('',#4422,10.);
#1293=VECTOR('',#4427,10.);
#1294=VECTOR('',#4430,10.);
#1295=VECTOR('',#4433,10.);
#1296=VECTOR('',#4434,10.);
#1297=VECTOR('',#4435,10.);
#1298=VECTOR('',#4438,10.);
#1299=VECTOR('',#4439,10.);
#1300=VECTOR('',#4442,10.);
#1301=VECTOR('',#4443,10.);
#1302=VECTOR('',#4444,10.);
#1303=VECTOR('',#4445,10.);
#1304=VECTOR('',#4448,10.);
#1305=VECTOR('',#4451,10.);
#1306=VECTOR('',#4454,10.);
#1307=VECTOR('',#4459,10.);
#1308=VECTOR('',#4462,10.);
#1309=VECTOR('',#4463,10.);
#1310=VECTOR('',#4466,10.);
#1311=VECTOR('',#4471,10.);
#1312=VECTOR('',#4472,10.);
#1313=VECTOR('',#4473,10.);
#1314=VECTOR('',#4476,10.);
#1315=VECTOR('',#4481,10.);
#1316=VECTOR('',#4482,10.);
#1317=VECTOR('',#4483,10.);
#1318=VECTOR('',#4484,10.);
#1319=VECTOR('',#4487,10.);
#1320=VECTOR('',#4490,10.);
#1321=VECTOR('',#4493,10.);
#1322=VECTOR('',#4500,10.);
#1323=VECTOR('',#4505,10.);
#1324=VECTOR('',#4506,10.);
#1325=VECTOR('',#4507,10.);
#1326=VECTOR('',#4510,10.);
#1327=VECTOR('',#4511,10.);
#1328=VECTOR('',#4514,10.);
#1329=VECTOR('',#4517,10.);
#1330=VECTOR('',#4520,10.);
#1331=VECTOR('',#4523,10.);
#1332=VECTOR('',#4524,10.);
#1333=VECTOR('',#4527,10.);
#1334=VECTOR('',#4530,10.);
#1335=VECTOR('',#4533,10.);
#1336=VECTOR('',#4536,10.);
#1337=VECTOR('',#4539,10.);
#1338=VECTOR('',#4542,10.);
#1339=VECTOR('',#4543,10.);
#1340=VECTOR('',#4546,10.);
#1341=VECTOR('',#4549,10.);
#1342=VECTOR('',#4550,10.);
#1343=VECTOR('',#4553,10.);
#1344=VECTOR('',#4556,10.);
#1345=VECTOR('',#4561,10.);
#1346=VECTOR('',#4562,10.);
#1347=VECTOR('',#4565,10.);
#1348=VECTOR('',#4568,10.);
#1349=VECTOR('',#4573,10.);
#1350=VECTOR('',#4574,10.);
#1351=VECTOR('',#4575,10.);
#1352=VECTOR('',#4580,10.);
#1353=VECTOR('',#4583,10.);
#1354=VECTOR('',#4584,10.);
#1355=VECTOR('',#4589,10.);
#1356=VECTOR('',#4592,10.);
#1357=VECTOR('',#4593,10.);
#1358=VECTOR('',#4598,10.);
#1359=VECTOR('',#4601,10.);
#1360=VECTOR('',#4602,10.);
#1361=VECTOR('',#4609,10.);
#1362=VECTOR('',#4612,10.);
#1363=VECTOR('',#4615,10.);
#1364=VECTOR('',#4616,10.);
#1365=VECTOR('',#4621,10.);
#1366=VECTOR('',#4624,10.);
#1367=VECTOR('',#4627,10.);
#1368=VECTOR('',#4628,10.);
#1369=VECTOR('',#4629,10.);
#1370=VECTOR('',#4634,10.);
#1371=VECTOR('',#4637,10.);
#1372=VECTOR('',#4638,10.);
#1373=VECTOR('',#4653,10.);
#1374=VECTOR('',#4654,10.);
#1375=VECTOR('',#4655,10.);
#1376=VECTOR('',#4656,10.);
#1377=VECTOR('',#4661,10.);
#1378=VECTOR('',#4664,10.);
#1379=VECTOR('',#4669,10.);
#1380=VECTOR('',#4672,10.);
#1381=VECTOR('',#4675,10.);
#1382=VECTOR('',#4676,10.);
#1383=VECTOR('',#4677,10.);
#1384=VECTOR('',#4680,10.);
#1385=VECTOR('',#4681,10.);
#1386=VECTOR('',#4682,10.);
#1387=VECTOR('',#4683,10.);
#1388=VECTOR('',#4686,10.);
#1389=VECTOR('',#4689,10.);
#1390=VECTOR('',#4694,10.);
#1391=VECTOR('',#4697,10.);
#1392=VECTOR('',#4700,10.);
#1393=VECTOR('',#4701,10.);
#1394=VECTOR('',#4702,10.);
#1395=VECTOR('',#4707,10.);
#1396=VECTOR('',#4708,10.);
#1397=VECTOR('',#4713,10.);
#1398=VECTOR('',#4716,10.);
#1399=VECTOR('',#4717,10.);
#1400=VECTOR('',#4720,10.);
#1401=VECTOR('',#4723,10.);
#1402=VECTOR('',#4724,10.);
#1403=VECTOR('',#4725,10.);
#1404=VECTOR('',#4726,10.);
#1405=VECTOR('',#4727,10.);
#1406=VECTOR('',#4728,10.);
#1407=VECTOR('',#4739,10.);
#1408=VECTOR('',#4742,10.);
#1409=VECTOR('',#4745,10.);
#1410=VECTOR('',#4748,10.);
#1411=VECTOR('',#4749,10.);
#1412=VECTOR('',#4752,10.);
#1413=VECTOR('',#4757,10.);
#1414=VECTOR('',#4758,10.);
#1415=VECTOR('',#4763,10.);
#1416=VECTOR('',#4766,10.);
#1417=VECTOR('',#4767,10.);
#1418=VECTOR('',#4768,10.);
#1419=VECTOR('',#4769,10.);
#1420=VECTOR('',#4774,10.);
#1421=VECTOR('',#4781,10.);
#1422=VECTOR('',#4786,10.);
#1423=VECTOR('',#4787,10.);
#1424=VECTOR('',#4788,10.);
#1425=VECTOR('',#4791,10.);
#1426=VECTOR('',#4792,10.);
#1427=VECTOR('',#4793,10.);
#1428=VECTOR('',#4794,10.);
#1429=VECTOR('',#4797,10.);
#1430=VECTOR('',#4800,10.);
#1431=VECTOR('',#4805,10.);
#1432=VECTOR('',#4808,10.);
#1433=VECTOR('',#4811,10.);
#1434=VECTOR('',#4812,10.);
#1435=VECTOR('',#4813,10.);
#1436=VECTOR('',#4818,10.);
#1437=VECTOR('',#4819,10.);
#1438=VECTOR('',#4822,10.);
#1439=VECTOR('',#4823,10.);
#1440=VECTOR('',#4828,10.);
#1441=VECTOR('',#4831,10.);
#1442=VECTOR('',#4834,10.);
#1443=VECTOR('',#4839,10.);
#1444=VECTOR('',#4840,10.);
#1445=VECTOR('',#4845,10.);
#1446=VECTOR('',#4846,10.);
#1447=VECTOR('',#4851,10.);
#1448=VECTOR('',#4856,10.);
#1449=VECTOR('',#4861,10.);
#1450=VECTOR('',#4862,10.);
#1451=VECTOR('',#4863,10.);
#1452=VECTOR('',#4866,10.);
#1453=VECTOR('',#4867,10.);
#1454=VECTOR('',#4870,10.);
#1455=VECTOR('',#4871,10.);
#1456=VECTOR('',#4874,10.);
#1457=VECTOR('',#4879,1.7);
#1458=VECTOR('',#4884,1.7);
#1459=VECTOR('',#4889,1.7);
#1460=VECTOR('',#4894,1.7);
#1461=VECTOR('',#4895,10.);
#1462=VECTOR('',#4898,10.);
#1463=VECTOR('',#4901,10.);
#1464=VECTOR('',#4906,10.);
#1465=VECTOR('',#4907,10.);
#1466=VECTOR('',#4908,10.);
#1467=VECTOR('',#4915,2.25);
#1468=VECTOR('',#4918,2.25);
#1469=VECTOR('',#4921,2.25);
#1470=VECTOR('',#4924,2.25);
#1471=VECTOR('',#4927,10.);
#1472=VECTOR('',#4934,10.);
#1473=VERTEX_POINT('',#4956);
#1474=VERTEX_POINT('',#4957);
#1475=VERTEX_POINT('',#4959);
#1476=VERTEX_POINT('',#4964);
#1477=VERTEX_POINT('',#4977);
#1478=VERTEX_POINT('',#4978);
#1479=VERTEX_POINT('',#5028);
#1480=VERTEX_POINT('',#5029);
#1481=VERTEX_POINT('',#5079);
#1482=VERTEX_POINT('',#5080);
#1483=VERTEX_POINT('',#5127);
#1484=VERTEX_POINT('',#5128);
#1485=VERTEX_POINT('',#5178);
#1486=VERTEX_POINT('',#5179);
#1487=VERTEX_POINT('',#5229);
#1488=VERTEX_POINT('',#5230);
#1489=VERTEX_POINT('',#5277);
#1490=VERTEX_POINT('',#5278);
#1491=VERTEX_POINT('',#5328);
#1492=VERTEX_POINT('',#5329);
#1493=VERTEX_POINT('',#5379);
#1494=VERTEX_POINT('',#5380);
#1495=VERTEX_POINT('',#5427);
#1496=VERTEX_POINT('',#5428);
#1497=VERTEX_POINT('',#5478);
#1498=VERTEX_POINT('',#5479);
#1499=VERTEX_POINT('',#5529);
#1500=VERTEX_POINT('',#5530);
#1501=VERTEX_POINT('',#5577);
#1502=VERTEX_POINT('',#5578);
#1503=VERTEX_POINT('',#5628);
#1504=VERTEX_POINT('',#5629);
#1505=VERTEX_POINT('',#5631);
#1506=VERTEX_POINT('',#5645);
#1507=VERTEX_POINT('',#5667);
#1508=VERTEX_POINT('',#5668);
#1509=VERTEX_POINT('',#5670);
#1510=VERTEX_POINT('',#5675);
#1511=VERTEX_POINT('',#5688);
#1512=VERTEX_POINT('',#5689);
#1513=VERTEX_POINT('',#5739);
#1514=VERTEX_POINT('',#5740);
#1515=VERTEX_POINT('',#5790);
#1516=VERTEX_POINT('',#5791);
#1517=VERTEX_POINT('',#5838);
#1518=VERTEX_POINT('',#5839);
#1519=VERTEX_POINT('',#5889);
#1520=VERTEX_POINT('',#5890);
#1521=VERTEX_POINT('',#5940);
#1522=VERTEX_POINT('',#5941);
#1523=VERTEX_POINT('',#5988);
#1524=VERTEX_POINT('',#5989);
#1525=VERTEX_POINT('',#6039);
#1526=VERTEX_POINT('',#6040);
#1527=VERTEX_POINT('',#6090);
#1528=VERTEX_POINT('',#6091);
#1529=VERTEX_POINT('',#6138);
#1530=VERTEX_POINT('',#6139);
#1531=VERTEX_POINT('',#6189);
#1532=VERTEX_POINT('',#6190);
#1533=VERTEX_POINT('',#6240);
#1534=VERTEX_POINT('',#6241);
#1535=VERTEX_POINT('',#6288);
#1536=VERTEX_POINT('',#6289);
#1537=VERTEX_POINT('',#6339);
#1538=VERTEX_POINT('',#6340);
#1539=VERTEX_POINT('',#6342);
#1540=VERTEX_POINT('',#6356);
#1541=VERTEX_POINT('',#6378);
#1542=VERTEX_POINT('',#6379);
#1543=VERTEX_POINT('',#6381);
#1544=VERTEX_POINT('',#6390);
#1545=VERTEX_POINT('',#6402);
#1546=VERTEX_POINT('',#6403);
#1547=VERTEX_POINT('',#6426);
#1548=VERTEX_POINT('',#6427);
#1549=VERTEX_POINT('',#6451);
#1550=VERTEX_POINT('',#6452);
#1551=VERTEX_POINT('',#6476);
#1552=VERTEX_POINT('',#6477);
#1553=VERTEX_POINT('',#6500);
#1554=VERTEX_POINT('',#6501);
#1555=VERTEX_POINT('',#6525);
#1556=VERTEX_POINT('',#6526);
#1557=VERTEX_POINT('',#6550);
#1558=VERTEX_POINT('',#6551);
#1559=VERTEX_POINT('',#6574);
#1560=VERTEX_POINT('',#6575);
#1561=VERTEX_POINT('',#6599);
#1562=VERTEX_POINT('',#6600);
#1563=VERTEX_POINT('',#6624);
#1564=VERTEX_POINT('',#6625);
#1565=VERTEX_POINT('',#6648);
#1566=VERTEX_POINT('',#6649);
#1567=VERTEX_POINT('',#6673);
#1568=VERTEX_POINT('',#6674);
#1569=VERTEX_POINT('',#6698);
#1570=VERTEX_POINT('',#6699);
#1571=VERTEX_POINT('',#6722);
#1572=VERTEX_POINT('',#6723);
#1573=VERTEX_POINT('',#6725);
#1574=VERTEX_POINT('',#6731);
#1575=VERTEX_POINT('',#6739);
#1576=VERTEX_POINT('',#6740);
#1577=VERTEX_POINT('',#6742);
#1578=VERTEX_POINT('',#6751);
#1579=VERTEX_POINT('',#6763);
#1580=VERTEX_POINT('',#6764);
#1581=VERTEX_POINT('',#6787);
#1582=VERTEX_POINT('',#6788);
#1583=VERTEX_POINT('',#6812);
#1584=VERTEX_POINT('',#6813);
#1585=VERTEX_POINT('',#6837);
#1586=VERTEX_POINT('',#6838);
#1587=VERTEX_POINT('',#6861);
#1588=VERTEX_POINT('',#6862);
#1589=VERTEX_POINT('',#6886);
#1590=VERTEX_POINT('',#6887);
#1591=VERTEX_POINT('',#6911);
#1592=VERTEX_POINT('',#6912);
#1593=VERTEX_POINT('',#6935);
#1594=VERTEX_POINT('',#6936);
#1595=VERTEX_POINT('',#6960);
#1596=VERTEX_POINT('',#6961);
#1597=VERTEX_POINT('',#6985);
#1598=VERTEX_POINT('',#6986);
#1599=VERTEX_POINT('',#7009);
#1600=VERTEX_POINT('',#7010);
#1601=VERTEX_POINT('',#7034);
#1602=VERTEX_POINT('',#7035);
#1603=VERTEX_POINT('',#7059);
#1604=VERTEX_POINT('',#7060);
#1605=VERTEX_POINT('',#7083);
#1606=VERTEX_POINT('',#7084);
#1607=VERTEX_POINT('',#7086);
#1608=VERTEX_POINT('',#7092);
#1609=VERTEX_POINT('',#7100);
#1610=VERTEX_POINT('',#7101);
#1611=VERTEX_POINT('',#7103);
#1612=VERTEX_POINT('',#7105);
#1613=VERTEX_POINT('',#7109);
#1614=VERTEX_POINT('',#7111);
#1615=VERTEX_POINT('',#7115);
#1616=VERTEX_POINT('',#7119);
#1617=VERTEX_POINT('',#7121);
#1618=VERTEX_POINT('',#7123);
#1619=VERTEX_POINT('',#7127);
#1620=VERTEX_POINT('',#8313);
#1621=VERTEX_POINT('',#9499);
#1622=VERTEX_POINT('',#9503);
#1623=VERTEX_POINT('',#9507);
#1624=VERTEX_POINT('',#9509);
#1625=VERTEX_POINT('',#9513);
#1626=VERTEX_POINT('',#9515);
#1627=VERTEX_POINT('',#9522);
#1628=VERTEX_POINT('',#9523);
#1629=VERTEX_POINT('',#9525);
#1630=VERTEX_POINT('',#9527);
#1631=VERTEX_POINT('',#9531);
#1632=VERTEX_POINT('',#9533);
#1633=VERTEX_POINT('',#9537);
#1634=VERTEX_POINT('',#9539);
#1635=VERTEX_POINT('',#9546);
#1636=VERTEX_POINT('',#9547);
#1637=VERTEX_POINT('',#9549);
#1638=VERTEX_POINT('',#9551);
#1639=VERTEX_POINT('',#9554);
#1640=VERTEX_POINT('',#9555);
#1641=VERTEX_POINT('',#9557);
#1642=VERTEX_POINT('',#9559);
#1643=VERTEX_POINT('',#9563);
#1644=VERTEX_POINT('',#9565);
#1645=VERTEX_POINT('',#9569);
#1646=VERTEX_POINT('',#9573);
#1647=VERTEX_POINT('',#9580);
#1648=VERTEX_POINT('',#9582);
#1649=VERTEX_POINT('',#9586);
#1650=VERTEX_POINT('',#9590);
#1651=VERTEX_POINT('',#9598);
#1652=VERTEX_POINT('',#9599);
#1653=VERTEX_POINT('',#9601);
#1654=VERTEX_POINT('',#9603);
#1655=VERTEX_POINT('',#9626);
#1656=VERTEX_POINT('',#9628);
#1657=VERTEX_POINT('',#9652);
#1658=VERTEX_POINT('',#9653);
#1659=VERTEX_POINT('',#9655);
#1660=VERTEX_POINT('',#9657);
#1661=VERTEX_POINT('',#9661);
#1662=VERTEX_POINT('',#9663);
#1663=VERTEX_POINT('',#9665);
#1664=VERTEX_POINT('',#9669);
#1665=VERTEX_POINT('',#9671);
#1666=VERTEX_POINT('',#9676);
#1667=VERTEX_POINT('',#9680);
#1668=VERTEX_POINT('',#9684);
#1669=VERTEX_POINT('',#9686);
#1670=VERTEX_POINT('',#9689);
#1671=VERTEX_POINT('',#9690);
#1672=VERTEX_POINT('',#9692);
#1673=VERTEX_POINT('',#9694);
#1674=VERTEX_POINT('',#9696);
#1675=VERTEX_POINT('',#9698);
#1676=VERTEX_POINT('',#9700);
#1677=VERTEX_POINT('',#9702);
#1678=VERTEX_POINT('',#9705);
#1679=VERTEX_POINT('',#9706);
#1680=VERTEX_POINT('',#9708);
#1681=VERTEX_POINT('',#9710);
#1682=VERTEX_POINT('',#9713);
#1683=VERTEX_POINT('',#9714);
#1684=VERTEX_POINT('',#9716);
#1685=VERTEX_POINT('',#9718);
#1686=VERTEX_POINT('',#9722);
#1687=VERTEX_POINT('',#9724);
#1688=VERTEX_POINT('',#9731);
#1689=VERTEX_POINT('',#9732);
#1690=VERTEX_POINT('',#9734);
#1691=VERTEX_POINT('',#9736);
#1692=VERTEX_POINT('',#9759);
#1693=VERTEX_POINT('',#9761);
#1694=VERTEX_POINT('',#9785);
#1695=VERTEX_POINT('',#9786);
#1696=VERTEX_POINT('',#9788);
#1697=VERTEX_POINT('',#9790);
#1698=VERTEX_POINT('',#9794);
#1699=VERTEX_POINT('',#9799);
#1700=VERTEX_POINT('',#9804);
#1701=VERTEX_POINT('',#9808);
#1702=VERTEX_POINT('',#9812);
#1703=VERTEX_POINT('',#9835);
#1704=VERTEX_POINT('',#9859);
#1705=VERTEX_POINT('',#9860);
#1706=VERTEX_POINT('',#9862);
#1707=VERTEX_POINT('',#9864);
#1708=VERTEX_POINT('',#9868);
#1709=VERTEX_POINT('',#9914);
#1710=VERTEX_POINT('',#9939);
#1711=VERTEX_POINT('',#9963);
#1712=VERTEX_POINT('',#9964);
#1713=VERTEX_POINT('',#9966);
#1714=VERTEX_POINT('',#9968);
#1715=VERTEX_POINT('',#10113);
#1716=VERTEX_POINT('',#10115);
#1717=VERTEX_POINT('',#10119);
#1718=VERTEX_POINT('',#10123);
#1719=VERTEX_POINT('',#10127);
#1720=VERTEX_POINT('',#10131);
#1721=VERTEX_POINT('',#10135);
#1722=VERTEX_POINT('',#10139);
#1723=VERTEX_POINT('',#10145);
#1724=VERTEX_POINT('',#10147);
#1725=VERTEX_POINT('',#10151);
#1726=VERTEX_POINT('',#10155);
#1727=VERTEX_POINT('',#10161);
#1728=VERTEX_POINT('',#10163);
#1729=VERTEX_POINT('',#10167);
#1730=VERTEX_POINT('',#10171);
#1731=VERTEX_POINT('',#10181);
#1732=VERTEX_POINT('',#10182);
#1733=VERTEX_POINT('',#10184);
#1734=VERTEX_POINT('',#10186);
#1735=VERTEX_POINT('',#10189);
#1736=VERTEX_POINT('',#10192);
#1737=VERTEX_POINT('',#10194);
#1738=VERTEX_POINT('',#10196);
#1739=VERTEX_POINT('',#10200);
#1740=VERTEX_POINT('',#10202);
#1741=VERTEX_POINT('',#10204);
#1742=VERTEX_POINT('',#10218);
#1743=VERTEX_POINT('',#10222);
#1744=VERTEX_POINT('',#10223);
#1745=VERTEX_POINT('',#10225);
#1746=VERTEX_POINT('',#10227);
#1747=VERTEX_POINT('',#10231);
#1748=VERTEX_POINT('',#10233);
#1749=VERTEX_POINT('',#10235);
#1750=VERTEX_POINT('',#10237);
#1751=VERTEX_POINT('',#10250);
#1752=VERTEX_POINT('',#10252);
#1753=VERTEX_POINT('',#10257);
#1754=VERTEX_POINT('',#10260);
#1755=VERTEX_POINT('',#10263);
#1756=VERTEX_POINT('',#10267);
#1757=VERTEX_POINT('',#10269);
#1758=VERTEX_POINT('',#10272);
#1759=VERTEX_POINT('',#10274);
#1760=VERTEX_POINT('',#10276);
#1761=VERTEX_POINT('',#10278);
#1762=VERTEX_POINT('',#10280);
#1763=VERTEX_POINT('',#10282);
#1764=VERTEX_POINT('',#10285);
#1765=VERTEX_POINT('',#10286);
#1766=VERTEX_POINT('',#10288);
#1767=VERTEX_POINT('',#10290);
#1768=VERTEX_POINT('',#10293);
#1769=VERTEX_POINT('',#10295);
#1770=VERTEX_POINT('',#10297);
#1771=VERTEX_POINT('',#10299);
#1772=VERTEX_POINT('',#10302);
#1773=VERTEX_POINT('',#10304);
#1774=VERTEX_POINT('',#10309);
#1775=VERTEX_POINT('',#10341);
#1776=VERTEX_POINT('',#10343);
#1777=VERTEX_POINT('',#10353);
#1778=VERTEX_POINT('',#10356);
#1779=VERTEX_POINT('',#10363);
#1780=VERTEX_POINT('',#10364);
#1781=VERTEX_POINT('',#10366);
#1782=VERTEX_POINT('',#10368);
#1783=VERTEX_POINT('',#10371);
#1784=VERTEX_POINT('',#10374);
#1785=VERTEX_POINT('',#10379);
#1786=VERTEX_POINT('',#10381);
#1787=VERTEX_POINT('',#10395);
#1788=VERTEX_POINT('',#10399);
#1789=VERTEX_POINT('',#10400);
#1790=VERTEX_POINT('',#10402);
#1791=VERTEX_POINT('',#10404);
#1792=VERTEX_POINT('',#10408);
#1793=VERTEX_POINT('',#10410);
#1794=VERTEX_POINT('',#10412);
#1795=VERTEX_POINT('',#10419);
#1796=VERTEX_POINT('',#10423);
#1797=VERTEX_POINT('',#10425);
#1798=VERTEX_POINT('',#10430);
#1799=VERTEX_POINT('',#10433);
#1800=VERTEX_POINT('',#10436);
#1801=VERTEX_POINT('',#10440);
#1802=VERTEX_POINT('',#10443);
#1803=VERTEX_POINT('',#10446);
#1804=VERTEX_POINT('',#10448);
#1805=VERTEX_POINT('',#10453);
#1806=VERTEX_POINT('',#10466);
#1807=VERTEX_POINT('',#10469);
#1808=VERTEX_POINT('',#10473);
#1809=VERTEX_POINT('',#10478);
#1810=VERTEX_POINT('',#10484);
#1811=VERTEX_POINT('',#10486);
#1812=VERTEX_POINT('',#10490);
#1813=VERTEX_POINT('',#10494);
#1814=VERTEX_POINT('',#10500);
#1815=VERTEX_POINT('',#10504);
#1816=VERTEX_POINT('',#10508);
#1817=VERTEX_POINT('',#10512);
#1818=VERTEX_POINT('',#10575);
#1819=EDGE_CURVE('',#1473,#1474,#859,.T.);
#1820=EDGE_CURVE('',#1474,#1475,#707,.T.);
#1821=EDGE_CURVE('',#1475,#1476,#623,.T.);
#1822=EDGE_CURVE('',#1476,#1473,#708,.T.);
#1823=EDGE_CURVE('',#1477,#1478,#860,.T.);
#1824=EDGE_CURVE('',#1478,#1474,#709,.T.);
#1825=EDGE_CURVE('',#1473,#1477,#710,.T.);
#1826=EDGE_CURVE('',#1479,#1480,#861,.T.);
#1827=EDGE_CURVE('',#1480,#1478,#711,.T.);
#1828=EDGE_CURVE('',#1477,#1479,#712,.T.);
#1829=EDGE_CURVE('',#1481,#1482,#862,.T.);
#1830=EDGE_CURVE('',#1482,#1480,#713,.T.);
#1831=EDGE_CURVE('',#1479,#1481,#714,.T.);
#1832=EDGE_CURVE('',#1483,#1484,#863,.T.);
#1833=EDGE_CURVE('',#1484,#1482,#715,.T.);
#1834=EDGE_CURVE('',#1481,#1483,#716,.T.);
#1835=EDGE_CURVE('',#1485,#1486,#864,.T.);
#1836=EDGE_CURVE('',#1486,#1484,#717,.T.);
#1837=EDGE_CURVE('',#1483,#1485,#718,.T.);
#1838=EDGE_CURVE('',#1487,#1488,#865,.T.);
#1839=EDGE_CURVE('',#1488,#1486,#719,.T.);
#1840=EDGE_CURVE('',#1485,#1487,#720,.T.);
#1841=EDGE_CURVE('',#1489,#1490,#866,.T.);
#1842=EDGE_CURVE('',#1490,#1488,#721,.T.);
#1843=EDGE_CURVE('',#1487,#1489,#722,.T.);
#1844=EDGE_CURVE('',#1491,#1492,#867,.T.);
#1845=EDGE_CURVE('',#1492,#1490,#723,.T.);
#1846=EDGE_CURVE('',#1489,#1491,#724,.T.);
#1847=EDGE_CURVE('',#1493,#1494,#868,.T.);
#1848=EDGE_CURVE('',#1494,#1492,#725,.T.);
#1849=EDGE_CURVE('',#1491,#1493,#726,.T.);
#1850=EDGE_CURVE('',#1495,#1496,#869,.T.);
#1851=EDGE_CURVE('',#1496,#1494,#727,.T.);
#1852=EDGE_CURVE('',#1493,#1495,#728,.T.);
#1853=EDGE_CURVE('',#1497,#1498,#870,.T.);
#1854=EDGE_CURVE('',#1498,#1496,#729,.T.);
#1855=EDGE_CURVE('',#1495,#1497,#730,.T.);
#1856=EDGE_CURVE('',#1499,#1500,#871,.T.);
#1857=EDGE_CURVE('',#1500,#1498,#731,.T.);
#1858=EDGE_CURVE('',#1497,#1499,#732,.T.);
#1859=EDGE_CURVE('',#1501,#1502,#872,.T.);
#1860=EDGE_CURVE('',#1502,#1500,#733,.T.);
#1861=EDGE_CURVE('',#1499,#1501,#734,.T.);
#1862=EDGE_CURVE('',#1503,#1504,#873,.T.);
#1863=EDGE_CURVE('',#1503,#1505,#735,.T.);
#1864=EDGE_CURVE('',#1506,#1505,#624,.T.);
#1865=EDGE_CURVE('',#1506,#1504,#736,.T.);
#1866=EDGE_CURVE('',#1507,#1508,#874,.T.);
#1867=EDGE_CURVE('',#1508,#1509,#737,.T.);
#1868=EDGE_CURVE('',#1509,#1510,#625,.T.);
#1869=EDGE_CURVE('',#1510,#1507,#738,.T.);
#1870=EDGE_CURVE('',#1511,#1512,#875,.T.);
#1871=EDGE_CURVE('',#1512,#1508,#739,.T.);
#1872=EDGE_CURVE('',#1507,#1511,#740,.T.);
#1873=EDGE_CURVE('',#1513,#1514,#876,.T.);
#1874=EDGE_CURVE('',#1514,#1512,#741,.T.);
#1875=EDGE_CURVE('',#1511,#1513,#742,.T.);
#1876=EDGE_CURVE('',#1515,#1516,#877,.T.);
#1877=EDGE_CURVE('',#1516,#1514,#743,.T.);
#1878=EDGE_CURVE('',#1513,#1515,#744,.T.);
#1879=EDGE_CURVE('',#1517,#1518,#878,.T.);
#1880=EDGE_CURVE('',#1518,#1516,#745,.T.);
#1881=EDGE_CURVE('',#1515,#1517,#746,.T.);
#1882=EDGE_CURVE('',#1519,#1520,#879,.T.);
#1883=EDGE_CURVE('',#1520,#1518,#747,.T.);
#1884=EDGE_CURVE('',#1517,#1519,#748,.T.);
#1885=EDGE_CURVE('',#1521,#1522,#880,.T.);
#1886=EDGE_CURVE('',#1522,#1520,#749,.T.);
#1887=EDGE_CURVE('',#1519,#1521,#750,.T.);
#1888=EDGE_CURVE('',#1523,#1524,#881,.T.);
#1889=EDGE_CURVE('',#1524,#1522,#751,.T.);
#1890=EDGE_CURVE('',#1521,#1523,#752,.T.);
#1891=EDGE_CURVE('',#1525,#1526,#882,.T.);
#1892=EDGE_CURVE('',#1526,#1524,#753,.T.);
#1893=EDGE_CURVE('',#1523,#1525,#754,.T.);
#1894=EDGE_CURVE('',#1527,#1528,#883,.T.);
#1895=EDGE_CURVE('',#1528,#1526,#755,.T.);
#1896=EDGE_CURVE('',#1525,#1527,#756,.T.);
#1897=EDGE_CURVE('',#1529,#1530,#884,.T.);
#1898=EDGE_CURVE('',#1530,#1528,#757,.T.);
#1899=EDGE_CURVE('',#1527,#1529,#758,.T.);
#1900=EDGE_CURVE('',#1531,#1532,#885,.T.);
#1901=EDGE_CURVE('',#1532,#1530,#759,.T.);
#1902=EDGE_CURVE('',#1529,#1531,#760,.T.);
#1903=EDGE_CURVE('',#1533,#1534,#886,.T.);
#1904=EDGE_CURVE('',#1534,#1532,#761,.T.);
#1905=EDGE_CURVE('',#1531,#1533,#762,.T.);
#1906=EDGE_CURVE('',#1535,#1536,#887,.T.);
#1907=EDGE_CURVE('',#1536,#1534,#763,.T.);
#1908=EDGE_CURVE('',#1533,#1535,#764,.T.);
#1909=EDGE_CURVE('',#1537,#1538,#888,.T.);
#1910=EDGE_CURVE('',#1537,#1539,#765,.T.);
#1911=EDGE_CURVE('',#1540,#1539,#626,.T.);
#1912=EDGE_CURVE('',#1540,#1538,#766,.T.);
#1913=EDGE_CURVE('',#1541,#1542,#889,.T.);
#1914=EDGE_CURVE('',#1542,#1543,#767,.T.);
#1915=EDGE_CURVE('',#1544,#1543,#627,.T.);
#1916=EDGE_CURVE('',#1541,#1544,#768,.T.);
#1917=EDGE_CURVE('',#1545,#1546,#890,.T.);
#1918=EDGE_CURVE('',#1546,#1542,#769,.T.);
#1919=EDGE_CURVE('',#1545,#1541,#770,.T.);
#1920=EDGE_CURVE('',#1547,#1548,#891,.T.);
#1921=EDGE_CURVE('',#1548,#1546,#771,.T.);
#1922=EDGE_CURVE('',#1547,#1545,#772,.T.);
#1923=EDGE_CURVE('',#1549,#1550,#892,.T.);
#1924=EDGE_CURVE('',#1550,#1548,#773,.T.);
#1925=EDGE_CURVE('',#1549,#1547,#774,.T.);
#1926=EDGE_CURVE('',#1551,#1552,#893,.T.);
#1927=EDGE_CURVE('',#1552,#1550,#775,.T.);
#1928=EDGE_CURVE('',#1551,#1549,#776,.T.);
#1929=EDGE_CURVE('',#1553,#1554,#894,.T.);
#1930=EDGE_CURVE('',#1554,#1552,#777,.T.);
#1931=EDGE_CURVE('',#1553,#1551,#778,.T.);
#1932=EDGE_CURVE('',#1555,#1556,#895,.T.);
#1933=EDGE_CURVE('',#1556,#1554,#779,.T.);
#1934=EDGE_CURVE('',#1555,#1553,#780,.T.);
#1935=EDGE_CURVE('',#1557,#1558,#896,.T.);
#1936=EDGE_CURVE('',#1558,#1556,#781,.T.);
#1937=EDGE_CURVE('',#1557,#1555,#782,.T.);
#1938=EDGE_CURVE('',#1559,#1560,#897,.T.);
#1939=EDGE_CURVE('',#1560,#1558,#783,.T.);
#1940=EDGE_CURVE('',#1559,#1557,#784,.T.);
#1941=EDGE_CURVE('',#1561,#1562,#898,.T.);
#1942=EDGE_CURVE('',#1562,#1560,#785,.T.);
#1943=EDGE_CURVE('',#1561,#1559,#786,.T.);
#1944=EDGE_CURVE('',#1563,#1564,#899,.T.);
#1945=EDGE_CURVE('',#1564,#1562,#787,.T.);
#1946=EDGE_CURVE('',#1563,#1561,#788,.T.);
#1947=EDGE_CURVE('',#1565,#1566,#900,.T.);
#1948=EDGE_CURVE('',#1566,#1564,#789,.T.);
#1949=EDGE_CURVE('',#1565,#1563,#790,.T.);
#1950=EDGE_CURVE('',#1567,#1568,#901,.T.);
#1951=EDGE_CURVE('',#1568,#1566,#791,.T.);
#1952=EDGE_CURVE('',#1567,#1565,#792,.T.);
#1953=EDGE_CURVE('',#1569,#1570,#902,.T.);
#1954=EDGE_CURVE('',#1570,#1568,#793,.T.);
#1955=EDGE_CURVE('',#1569,#1567,#794,.T.);
#1956=EDGE_CURVE('',#1571,#1572,#903,.T.);
#1957=EDGE_CURVE('',#1573,#1571,#795,.T.);
#1958=EDGE_CURVE('',#1574,#1573,#628,.T.);
#1959=EDGE_CURVE('',#1574,#1572,#796,.T.);
#1960=EDGE_CURVE('',#1575,#1576,#904,.T.);
#1961=EDGE_CURVE('',#1576,#1577,#797,.T.);
#1962=EDGE_CURVE('',#1578,#1577,#629,.T.);
#1963=EDGE_CURVE('',#1575,#1578,#798,.T.);
#1964=EDGE_CURVE('',#1579,#1580,#905,.T.);
#1965=EDGE_CURVE('',#1580,#1576,#799,.T.);
#1966=EDGE_CURVE('',#1579,#1575,#800,.T.);
#1967=EDGE_CURVE('',#1581,#1582,#906,.T.);
#1968=EDGE_CURVE('',#1582,#1580,#801,.T.);
#1969=EDGE_CURVE('',#1581,#1579,#802,.T.);
#1970=EDGE_CURVE('',#1583,#1584,#907,.T.);
#1971=EDGE_CURVE('',#1584,#1582,#803,.T.);
#1972=EDGE_CURVE('',#1583,#1581,#804,.T.);
#1973=EDGE_CURVE('',#1585,#1586,#908,.T.);
#1974=EDGE_CURVE('',#1586,#1584,#805,.T.);
#1975=EDGE_CURVE('',#1585,#1583,#806,.T.);
#1976=EDGE_CURVE('',#1587,#1588,#909,.T.);
#1977=EDGE_CURVE('',#1588,#1586,#807,.T.);
#1978=EDGE_CURVE('',#1587,#1585,#808,.T.);
#1979=EDGE_CURVE('',#1589,#1590,#910,.T.);
#1980=EDGE_CURVE('',#1590,#1588,#809,.T.);
#1981=EDGE_CURVE('',#1589,#1587,#810,.T.);
#1982=EDGE_CURVE('',#1591,#1592,#911,.T.);
#1983=EDGE_CURVE('',#1592,#1590,#811,.T.);
#1984=EDGE_CURVE('',#1591,#1589,#812,.T.);
#1985=EDGE_CURVE('',#1593,#1594,#912,.T.);
#1986=EDGE_CURVE('',#1594,#1592,#813,.T.);
#1987=EDGE_CURVE('',#1593,#1591,#814,.T.);
#1988=EDGE_CURVE('',#1595,#1596,#913,.T.);
#1989=EDGE_CURVE('',#1596,#1594,#815,.T.);
#1990=EDGE_CURVE('',#1595,#1593,#816,.T.);
#1991=EDGE_CURVE('',#1597,#1598,#914,.T.);
#1992=EDGE_CURVE('',#1598,#1596,#817,.T.);
#1993=EDGE_CURVE('',#1597,#1595,#818,.T.);
#1994=EDGE_CURVE('',#1599,#1600,#915,.T.);
#1995=EDGE_CURVE('',#1600,#1598,#819,.T.);
#1996=EDGE_CURVE('',#1599,#1597,#820,.T.);
#1997=EDGE_CURVE('',#1601,#1602,#916,.T.);
#1998=EDGE_CURVE('',#1602,#1600,#821,.T.);
#1999=EDGE_CURVE('',#1601,#1599,#822,.T.);
#2000=EDGE_CURVE('',#1603,#1604,#917,.T.);
#2001=EDGE_CURVE('',#1604,#1602,#823,.T.);
#2002=EDGE_CURVE('',#1603,#1601,#824,.T.);
#2003=EDGE_CURVE('',#1605,#1606,#918,.T.);
#2004=EDGE_CURVE('',#1607,#1605,#825,.T.);
#2005=EDGE_CURVE('',#1608,#1607,#630,.T.);
#2006=EDGE_CURVE('',#1608,#1606,#826,.T.);
#2007=EDGE_CURVE('',#1609,#1610,#919,.T.);
#2008=EDGE_CURVE('',#1609,#1611,#920,.T.);
#2009=EDGE_CURVE('',#1611,#1612,#921,.T.);
#2010=EDGE_CURVE('',#1610,#1612,#922,.T.);
#2011=EDGE_CURVE('',#1613,#1609,#923,.T.);
#2012=EDGE_CURVE('',#1613,#1614,#924,.T.);
#2013=EDGE_CURVE('',#1614,#1611,#925,.T.);
#2014=EDGE_CURVE('',#1612,#1615,#926,.T.);
#2015=EDGE_CURVE('',#1615,#1614,#927,.T.);
#2016=EDGE_CURVE('',#1615,#1616,#928,.T.);
#2017=EDGE_CURVE('',#1617,#1616,#929,.T.);
#2018=EDGE_CURVE('',#1618,#1617,#930,.T.);
#2019=EDGE_CURVE('',#1610,#1618,#931,.T.);
#2020=EDGE_CURVE('',#1510,#1619,#631,.T.);
#2021=EDGE_CURVE('',#1619,#1509,#632,.T.);
#2022=EDGE_CURVE('',#1509,#1578,#827,.T.);
#2023=EDGE_CURVE('',#1577,#1510,#828,.T.);
#2024=EDGE_CURVE('',#1606,#1604,#829,.T.);
#2025=EDGE_CURVE('',#1605,#1603,#830,.T.);
#2026=EDGE_CURVE('',#1539,#1608,#831,.T.);
#2027=EDGE_CURVE('',#1535,#1537,#832,.T.);
#2028=EDGE_CURVE('',#1538,#1536,#833,.T.);
#2029=EDGE_CURVE('',#1607,#1540,#834,.T.);
#2030=EDGE_CURVE('',#1476,#1620,#633,.T.);
#2031=EDGE_CURVE('',#1620,#1475,#634,.T.);
#2032=EDGE_CURVE('',#1475,#1544,#835,.T.);
#2033=EDGE_CURVE('',#1543,#1476,#836,.T.);
#2034=EDGE_CURVE('',#1572,#1570,#837,.T.);
#2035=EDGE_CURVE('',#1571,#1569,#838,.T.);
#2036=EDGE_CURVE('',#1505,#1574,#839,.T.);
#2037=EDGE_CURVE('',#1501,#1503,#840,.T.);
#2038=EDGE_CURVE('',#1504,#1502,#841,.T.);
#2039=EDGE_CURVE('',#1573,#1506,#842,.T.);
#2040=EDGE_CURVE('',#1619,#1621,#932,.T.);
#2041=EDGE_CURVE('',#1620,#1622,#933,.T.);
#2042=EDGE_CURVE('',#1616,#1623,#934,.T.);
#2043=EDGE_CURVE('',#1624,#1613,#935,.T.);
#2044=EDGE_CURVE('',#1624,#1623,#936,.T.);
#2045=EDGE_CURVE('',#1623,#1625,#937,.T.);
#2046=EDGE_CURVE('',#1626,#1624,#938,.T.);
#2047=EDGE_CURVE('',#1626,#1625,#939,.T.);
#2048=EDGE_CURVE('',#1625,#1617,#940,.T.);
#2049=EDGE_CURVE('',#1618,#1626,#941,.T.);
#2050=EDGE_CURVE('',#1627,#1628,#942,.T.);
#2051=EDGE_CURVE('',#1629,#1627,#943,.T.);
#2052=EDGE_CURVE('',#1630,#1629,#944,.T.);
#2053=EDGE_CURVE('',#1630,#1628,#945,.T.);
#2054=EDGE_CURVE('',#1628,#1631,#946,.T.);
#2055=EDGE_CURVE('',#1632,#1630,#947,.T.);
#2056=EDGE_CURVE('',#1632,#1631,#948,.T.);
#2057=EDGE_CURVE('',#1631,#1633,#949,.T.);
#2058=EDGE_CURVE('',#1634,#1632,#950,.T.);
#2059=EDGE_CURVE('',#1634,#1633,#951,.T.);
#2060=EDGE_CURVE('',#1633,#1627,#952,.T.);
#2061=EDGE_CURVE('',#1629,#1634,#953,.T.);
#2062=EDGE_CURVE('',#1635,#1636,#954,.T.);
#2063=EDGE_CURVE('',#1637,#1635,#955,.T.);
#2064=EDGE_CURVE('',#1638,#1637,#956,.T.);
#2065=EDGE_CURVE('',#1636,#1638,#957,.T.);
#2066=EDGE_CURVE('',#1639,#1640,#958,.T.);
#2067=EDGE_CURVE('',#1641,#1639,#959,.T.);
#2068=EDGE_CURVE('',#1642,#1641,#960,.T.);
#2069=EDGE_CURVE('',#1640,#1642,#961,.T.);
#2070=EDGE_CURVE('',#1635,#1643,#962,.T.);
#2071=EDGE_CURVE('',#1644,#1643,#963,.T.);
#2072=EDGE_CURVE('',#1637,#1644,#964,.T.);
#2073=EDGE_CURVE('',#1645,#1644,#965,.T.);
#2074=EDGE_CURVE('',#1638,#1645,#966,.T.);
#2075=EDGE_CURVE('',#1646,#1645,#967,.T.);
#2076=EDGE_CURVE('',#1636,#1646,#968,.T.);
#2077=EDGE_CURVE('',#1643,#1646,#969,.T.);
#2078=EDGE_CURVE('',#1640,#1647,#970,.T.);
#2079=EDGE_CURVE('',#1648,#1647,#971,.T.);
#2080=EDGE_CURVE('',#1639,#1648,#972,.T.);
#2081=EDGE_CURVE('',#1649,#1648,#973,.T.);
#2082=EDGE_CURVE('',#1641,#1649,#974,.T.);
#2083=EDGE_CURVE('',#1650,#1649,#975,.T.);
#2084=EDGE_CURVE('',#1642,#1650,#976,.T.);
#2085=EDGE_CURVE('',#1647,#1650,#977,.T.);
#2086=EDGE_CURVE('',#1651,#1652,#978,.T.);
#2087=EDGE_CURVE('',#1652,#1653,#979,.T.);
#2088=EDGE_CURVE('',#1654,#1653,#843,.T.);
#2089=EDGE_CURVE('',#1654,#1655,#980,.T.);
#2090=EDGE_CURVE('',#1656,#1655,#844,.T.);
#2091=EDGE_CURVE('',#1656,#1651,#981,.T.);
#2092=EDGE_CURVE('',#1657,#1658,#635,.T.);
#2093=EDGE_CURVE('',#1658,#1659,#982,.T.);
#2094=EDGE_CURVE('',#1659,#1660,#636,.T.);
#2095=EDGE_CURVE('',#1660,#1657,#983,.T.);
#2096=EDGE_CURVE('',#1661,#1651,#984,.T.);
#2097=EDGE_CURVE('',#1662,#1661,#637,.T.);
#2098=EDGE_CURVE('',#1662,#1663,#985,.T.);
#2099=EDGE_CURVE('',#1651,#1663,#638,.T.);
#2100=EDGE_CURVE('',#1664,#1661,#986,.T.);
#2101=EDGE_CURVE('',#1664,#1665,#639,.T.);
#2102=EDGE_CURVE('',#1665,#1662,#987,.T.);
#2103=EDGE_CURVE('',#1652,#1664,#988,.T.);
#2104=EDGE_CURVE('',#1666,#1664,#989,.T.);
#2105=EDGE_CURVE('',#1653,#1666,#990,.T.);
#2106=EDGE_CURVE('',#1667,#1656,#991,.T.);
#2107=EDGE_CURVE('',#1661,#1667,#992,.T.);
#2108=EDGE_CURVE('',#1665,#1668,#993,.T.);
#2109=EDGE_CURVE('',#1669,#1668,#994,.T.);
#2110=EDGE_CURVE('',#1669,#1662,#995,.T.);
#2111=EDGE_CURVE('',#1670,#1671,#996,.T.);
#2112=EDGE_CURVE('',#1671,#1672,#640,.T.);
#2113=EDGE_CURVE('',#1672,#1673,#997,.T.);
#2114=EDGE_CURVE('',#1673,#1674,#641,.T.);
#2115=EDGE_CURVE('',#1674,#1675,#998,.T.);
#2116=EDGE_CURVE('',#1675,#1676,#642,.T.);
#2117=EDGE_CURVE('',#1676,#1677,#999,.T.);
#2118=EDGE_CURVE('',#1677,#1670,#643,.T.);
#2119=EDGE_CURVE('',#1678,#1679,#644,.T.);
#2120=EDGE_CURVE('',#1680,#1678,#1000,.T.);
#2121=EDGE_CURVE('',#1681,#1680,#645,.T.);
#2122=EDGE_CURVE('',#1679,#1681,#1001,.T.);
#2123=EDGE_CURVE('',#1682,#1683,#1002,.T.);
#2124=EDGE_CURVE('',#1684,#1682,#646,.T.);
#2125=EDGE_CURVE('',#1685,#1684,#1003,.T.);
#2126=EDGE_CURVE('',#1683,#1685,#647,.T.);
#2127=EDGE_CURVE('',#1686,#1665,#1004,.T.);
#2128=EDGE_CURVE('',#1687,#1686,#1005,.T.);
#2129=EDGE_CURVE('',#1668,#1687,#1006,.T.);
#2130=EDGE_CURVE('',#1663,#1686,#1007,.T.);
#2131=EDGE_CURVE('',#1686,#1652,#648,.T.);
#2132=EDGE_CURVE('',#1688,#1689,#1008,.T.);
#2133=EDGE_CURVE('',#1689,#1690,#1009,.T.);
#2134=EDGE_CURVE('',#1691,#1690,#845,.T.);
#2135=EDGE_CURVE('',#1691,#1692,#1010,.T.);
#2136=EDGE_CURVE('',#1693,#1692,#846,.T.);
#2137=EDGE_CURVE('',#1693,#1688,#1011,.T.);
#2138=EDGE_CURVE('',#1694,#1695,#649,.T.);
#2139=EDGE_CURVE('',#1695,#1696,#1012,.T.);
#2140=EDGE_CURVE('',#1696,#1697,#650,.T.);
#2141=EDGE_CURVE('',#1697,#1694,#1013,.T.);
#2142=EDGE_CURVE('',#1698,#1688,#1014,.T.);
#2143=EDGE_CURVE('',#1668,#1698,#651,.T.);
#2144=EDGE_CURVE('',#1688,#1687,#652,.T.);
#2145=EDGE_CURVE('',#1699,#1698,#1015,.T.);
#2146=EDGE_CURVE('',#1699,#1669,#653,.T.);
#2147=EDGE_CURVE('',#1689,#1699,#1016,.T.);
#2148=EDGE_CURVE('',#1700,#1699,#1017,.T.);
#2149=EDGE_CURVE('',#1690,#1700,#1018,.T.);
#2150=EDGE_CURVE('',#1701,#1693,#1019,.T.);
#2151=EDGE_CURVE('',#1698,#1701,#1020,.T.);
#2152=EDGE_CURVE('',#1702,#1667,#847,.T.);
#2153=EDGE_CURVE('',#1702,#1703,#1021,.T.);
#2154=EDGE_CURVE('',#1666,#1703,#848,.T.);
#2155=EDGE_CURVE('',#1704,#1705,#654,.T.);
#2156=EDGE_CURVE('',#1705,#1706,#1022,.T.);
#2157=EDGE_CURVE('',#1706,#1707,#655,.T.);
#2158=EDGE_CURVE('',#1707,#1704,#1023,.T.);
#2159=EDGE_CURVE('',#1708,#1669,#1024,.T.);
#2160=EDGE_CURVE('',#1663,#1708,#1025,.T.);
#2161=EDGE_CURVE('',#1687,#1708,#1026,.T.);
#2162=EDGE_CURVE('',#1708,#1689,#656,.T.);
#2163=EDGE_CURVE('',#1692,#1709,#1027,.T.);
#2164=EDGE_CURVE('',#1709,#1701,#849,.T.);
#2165=EDGE_CURVE('',#1709,#1710,#1028,.T.);
#2166=EDGE_CURVE('',#1700,#1710,#850,.T.);
#2167=EDGE_CURVE('',#1711,#1712,#657,.T.);
#2168=EDGE_CURVE('',#1712,#1713,#1029,.T.);
#2169=EDGE_CURVE('',#1713,#1714,#658,.T.);
#2170=EDGE_CURVE('',#1714,#1711,#1030,.T.);
#2171=EDGE_CURVE('',#1710,#1691,#1031,.T.);
#2172=EDGE_CURVE('',#1703,#1654,#1032,.T.);
#2173=EDGE_CURVE('',#1655,#1702,#1033,.T.);
#2174=EDGE_CURVE('',#1658,#1704,#1034,.T.);
#2175=EDGE_CURVE('',#1657,#1705,#1035,.T.);
#2176=EDGE_CURVE('',#1659,#1707,#1036,.T.);
#2177=EDGE_CURVE('',#1660,#1706,#1037,.T.);
#2178=EDGE_CURVE('',#1695,#1711,#1038,.T.);
#2179=EDGE_CURVE('',#1694,#1712,#1039,.T.);
#2180=EDGE_CURVE('',#1697,#1713,#1040,.T.);
#2181=EDGE_CURVE('',#1696,#1714,#1041,.T.);
#2182=EDGE_CURVE('',#1715,#1670,#1042,.T.);
#2183=EDGE_CURVE('',#1716,#1715,#1043,.T.);
#2184=EDGE_CURVE('',#1716,#1671,#1044,.T.);
#2185=EDGE_CURVE('',#1717,#1716,#659,.T.);
#2186=EDGE_CURVE('',#1717,#1672,#1045,.T.);
#2187=EDGE_CURVE('',#1718,#1717,#1046,.T.);
#2188=EDGE_CURVE('',#1718,#1673,#1047,.T.);
#2189=EDGE_CURVE('',#1719,#1718,#660,.T.);
#2190=EDGE_CURVE('',#1719,#1674,#1048,.T.);
#2191=EDGE_CURVE('',#1720,#1719,#1049,.T.);
#2192=EDGE_CURVE('',#1720,#1675,#1050,.T.);
#2193=EDGE_CURVE('',#1721,#1720,#661,.T.);
#2194=EDGE_CURVE('',#1721,#1676,#1051,.T.);
#2195=EDGE_CURVE('',#1722,#1721,#1052,.T.);
#2196=EDGE_CURVE('',#1722,#1677,#1053,.T.);
#2197=EDGE_CURVE('',#1715,#1722,#662,.T.);
#2198=EDGE_CURVE('',#1682,#1723,#1054,.T.);
#2199=EDGE_CURVE('',#1724,#1723,#663,.T.);
#2200=EDGE_CURVE('',#1684,#1724,#1055,.T.);
#2201=EDGE_CURVE('',#1725,#1724,#1056,.T.);
#2202=EDGE_CURVE('',#1685,#1725,#1057,.T.);
#2203=EDGE_CURVE('',#1726,#1725,#664,.T.);
#2204=EDGE_CURVE('',#1683,#1726,#1058,.T.);
#2205=EDGE_CURVE('',#1723,#1726,#1059,.T.);
#2206=EDGE_CURVE('',#1678,#1727,#1060,.T.);
#2207=EDGE_CURVE('',#1728,#1727,#1061,.T.);
#2208=EDGE_CURVE('',#1680,#1728,#1062,.T.);
#2209=EDGE_CURVE('',#1729,#1728,#665,.T.);
#2210=EDGE_CURVE('',#1681,#1729,#1063,.T.);
#2211=EDGE_CURVE('',#1730,#1729,#1064,.T.);
#2212=EDGE_CURVE('',#1679,#1730,#1065,.T.);
#2213=EDGE_CURVE('',#1727,#1730,#666,.T.);
#2214=EDGE_CURVE('',#1731,#1732,#1066,.T.);
#2215=EDGE_CURVE('',#1733,#1732,#1067,.T.);
#2216=EDGE_CURVE('',#1734,#1733,#1068,.T.);
#2217=EDGE_CURVE('',#1731,#1734,#1069,.T.);
#2218=EDGE_CURVE('',#1735,#1735,#667,.T.);
#2219=EDGE_CURVE('',#1736,#1731,#1070,.T.);
#2220=EDGE_CURVE('',#1737,#1736,#668,.T.);
#2221=EDGE_CURVE('',#1737,#1738,#1071,.T.);
#2222=EDGE_CURVE('',#1738,#1731,#669,.T.);
#2223=EDGE_CURVE('',#1739,#1736,#1072,.T.);
#2224=EDGE_CURVE('',#1740,#1739,#670,.T.);
#2225=EDGE_CURVE('',#1740,#1741,#851,.T.);
#2226=EDGE_CURVE('',#1741,#1737,#1073,.T.);
#2227=EDGE_CURVE('',#1732,#1739,#1074,.T.);
#2228=EDGE_CURVE('',#1739,#1742,#1075,.T.);
#2229=EDGE_CURVE('',#1733,#1742,#1076,.T.);
#2230=EDGE_CURVE('',#1743,#1744,#1077,.T.);
#2231=EDGE_CURVE('',#1745,#1744,#1078,.T.);
#2232=EDGE_CURVE('',#1745,#1746,#1079,.T.);
#2233=EDGE_CURVE('',#1746,#1743,#1080,.T.);
#2234=EDGE_CURVE('',#1747,#1743,#1081,.T.);
#2235=EDGE_CURVE('',#1748,#1747,#671,.T.);
#2236=EDGE_CURVE('',#1748,#1749,#1082,.T.);
#2237=EDGE_CURVE('',#1749,#1750,#852,.T.);
#2238=EDGE_CURVE('',#1743,#1750,#672,.T.);
#2239=EDGE_CURVE('',#1751,#1747,#1083,.T.);
#2240=EDGE_CURVE('',#1751,#1752,#673,.T.);
#2241=EDGE_CURVE('',#1752,#1748,#1084,.T.);
#2242=EDGE_CURVE('',#1744,#1751,#1085,.T.);
#2243=EDGE_CURVE('',#1753,#1751,#1086,.T.);
#2244=EDGE_CURVE('',#1753,#1745,#1087,.T.);
#2245=EDGE_CURVE('',#1754,#1754,#674,.T.);
#2246=EDGE_CURVE('',#1734,#1755,#1088,.T.);
#2247=EDGE_CURVE('',#1736,#1755,#1089,.T.);
#2248=EDGE_CURVE('',#1741,#1756,#675,.T.);
#2249=EDGE_CURVE('',#1756,#1757,#1090,.T.);
#2250=EDGE_CURVE('',#1757,#1749,#676,.T.);
#2251=EDGE_CURVE('',#1758,#1748,#1091,.T.);
#2252=EDGE_CURVE('',#1759,#1758,#1092,.T.);
#2253=EDGE_CURVE('',#1759,#1760,#677,.T.);
#2254=EDGE_CURVE('',#1760,#1761,#1093,.T.);
#2255=EDGE_CURVE('',#1761,#1762,#678,.T.);
#2256=EDGE_CURVE('',#1763,#1762,#1094,.T.);
#2257=EDGE_CURVE('',#1763,#1737,#1095,.T.);
#2258=EDGE_CURVE('',#1764,#1765,#1096,.T.);
#2259=EDGE_CURVE('',#1765,#1766,#1097,.T.);
#2260=EDGE_CURVE('',#1766,#1767,#1098,.T.);
#2261=EDGE_CURVE('',#1767,#1764,#1099,.T.);
#2262=EDGE_CURVE('',#1768,#1768,#679,.T.);
#2263=EDGE_CURVE('',#1769,#1769,#680,.T.);
#2264=EDGE_CURVE('',#1770,#1770,#681,.T.);
#2265=EDGE_CURVE('',#1771,#1771,#682,.T.);
#2266=EDGE_CURVE('',#1772,#1741,#1100,.T.);
#2267=EDGE_CURVE('',#1773,#1772,#683,.T.);
#2268=EDGE_CURVE('',#1756,#1773,#1101,.T.);
#2269=EDGE_CURVE('',#1738,#1772,#1102,.T.);
#2270=EDGE_CURVE('',#1772,#1774,#853,.T.);
#2271=EDGE_CURVE('',#1732,#1774,#684,.T.);
#2272=EDGE_CURVE('',#1749,#1775,#1103,.T.);
#2273=EDGE_CURVE('',#1776,#1775,#854,.T.);
#2274=EDGE_CURVE('',#1750,#1776,#1104,.T.);
#2275=EDGE_CURVE('',#1742,#1755,#1105,.T.);
#2276=EDGE_CURVE('',#1777,#1777,#685,.T.);
#2277=EDGE_CURVE('',#1752,#1778,#1106,.T.);
#2278=EDGE_CURVE('',#1758,#1778,#1107,.T.);
#2279=EDGE_CURVE('',#1744,#1776,#686,.T.);
#2280=EDGE_CURVE('',#1775,#1752,#1108,.T.);
#2281=EDGE_CURVE('',#1779,#1780,#1109,.T.);
#2282=EDGE_CURVE('',#1781,#1780,#1110,.T.);
#2283=EDGE_CURVE('',#1782,#1781,#1111,.T.);
#2284=EDGE_CURVE('',#1779,#1782,#1112,.T.);
#2285=EDGE_CURVE('',#1783,#1783,#687,.T.);
#2286=EDGE_CURVE('',#1784,#1779,#1113,.T.);
#2287=EDGE_CURVE('',#1784,#1758,#688,.T.);
#2288=EDGE_CURVE('',#1778,#1779,#689,.T.);
#2289=EDGE_CURVE('',#1785,#1784,#1114,.T.);
#2290=EDGE_CURVE('',#1786,#1785,#690,.T.);
#2291=EDGE_CURVE('',#1786,#1759,#855,.T.);
#2292=EDGE_CURVE('',#1780,#1785,#1115,.T.);
#2293=EDGE_CURVE('',#1785,#1787,#1116,.T.);
#2294=EDGE_CURVE('',#1781,#1787,#1117,.T.);
#2295=EDGE_CURVE('',#1788,#1789,#1118,.T.);
#2296=EDGE_CURVE('',#1790,#1789,#1119,.T.);
#2297=EDGE_CURVE('',#1791,#1790,#1120,.T.);
#2298=EDGE_CURVE('',#1791,#1788,#1121,.T.);
#2299=EDGE_CURVE('',#1792,#1788,#1122,.T.);
#2300=EDGE_CURVE('',#1792,#1793,#691,.T.);
#2301=EDGE_CURVE('',#1793,#1794,#856,.T.);
#2302=EDGE_CURVE('',#1794,#1795,#1123,.T.);
#2303=EDGE_CURVE('',#1788,#1795,#692,.T.);
#2304=EDGE_CURVE('',#1796,#1792,#1124,.T.);
#2305=EDGE_CURVE('',#1796,#1797,#693,.T.);
#2306=EDGE_CURVE('',#1797,#1793,#1125,.T.);
#2307=EDGE_CURVE('',#1789,#1796,#1126,.T.);
#2308=EDGE_CURVE('',#1798,#1796,#1127,.T.);
#2309=EDGE_CURVE('',#1790,#1798,#1128,.T.);
#2310=EDGE_CURVE('',#1799,#1799,#694,.T.);
#2311=EDGE_CURVE('',#1782,#1800,#1129,.T.);
#2312=EDGE_CURVE('',#1800,#1784,#1130,.T.);
#2313=EDGE_CURVE('',#1801,#1746,#1131,.T.);
#2314=EDGE_CURVE('',#1747,#1801,#1132,.T.);
#2315=EDGE_CURVE('',#1802,#1802,#695,.T.);
#2316=EDGE_CURVE('',#1803,#1759,#1133,.T.);
#2317=EDGE_CURVE('',#1804,#1803,#696,.T.);
#2318=EDGE_CURVE('',#1760,#1804,#1134,.T.);
#2319=EDGE_CURVE('',#1778,#1803,#1135,.T.);
#2320=EDGE_CURVE('',#1803,#1805,#857,.T.);
#2321=EDGE_CURVE('',#1780,#1805,#697,.T.);
#2322=EDGE_CURVE('',#1791,#1806,#1136,.T.);
#2323=EDGE_CURVE('',#1806,#1792,#1137,.T.);
#2324=EDGE_CURVE('',#1807,#1807,#698,.T.);
#2325=EDGE_CURVE('',#1762,#1794,#1138,.T.);
#2326=EDGE_CURVE('',#1808,#1761,#1139,.T.);
#2327=EDGE_CURVE('',#1794,#1808,#699,.T.);
#2328=EDGE_CURVE('',#1787,#1800,#1140,.T.);
#2329=EDGE_CURVE('',#1809,#1809,#700,.T.);
#2330=EDGE_CURVE('',#1795,#1763,#1141,.T.);
#2331=EDGE_CURVE('',#1789,#1763,#701,.T.);
#2332=EDGE_CURVE('',#1810,#1764,#1142,.T.);
#2333=EDGE_CURVE('',#1811,#1810,#1143,.T.);
#2334=EDGE_CURVE('',#1811,#1765,#1144,.T.);
#2335=EDGE_CURVE('',#1812,#1811,#1145,.T.);
#2336=EDGE_CURVE('',#1812,#1766,#1146,.T.);
#2337=EDGE_CURVE('',#1813,#1812,#1147,.T.);
#2338=EDGE_CURVE('',#1813,#1767,#1148,.T.);
#2339=EDGE_CURVE('',#1810,#1813,#1149,.T.);
#2340=EDGE_CURVE('',#1814,#1814,#702,.T.);
#2341=EDGE_CURVE('',#1814,#1768,#1150,.T.);
#2342=EDGE_CURVE('',#1815,#1815,#703,.T.);
#2343=EDGE_CURVE('',#1815,#1769,#1151,.T.);
#2344=EDGE_CURVE('',#1816,#1816,#704,.T.);
#2345=EDGE_CURVE('',#1816,#1770,#1152,.T.);
#2346=EDGE_CURVE('',#1817,#1817,#705,.T.);
#2347=EDGE_CURVE('',#1817,#1771,#1153,.T.);
#2348=EDGE_CURVE('',#1774,#1740,#1154,.T.);
#2349=EDGE_CURVE('',#1762,#1797,#858,.T.);
#2350=EDGE_CURVE('',#1818,#1757,#1155,.T.);
#2351=EDGE_CURVE('',#1775,#1818,#706,.T.);
#2352=EDGE_CURVE('',#1805,#1786,#1156,.T.);
#2353=EDGE_CURVE('',#1795,#1738,#1157,.T.);
#2354=EDGE_CURVE('',#1808,#1804,#1158,.T.);
#2355=EDGE_CURVE('',#1818,#1773,#1159,.T.);
#2356=EDGE_CURVE('',#1807,#1799,#1160,.T.);
#2357=EDGE_CURVE('',#1754,#1802,#1161,.T.);
#2358=EDGE_CURVE('',#1735,#1777,#1162,.T.);
#2359=EDGE_CURVE('',#1783,#1809,#1163,.T.);
#2360=EDGE_CURVE('',#1806,#1798,#1164,.T.);
#2361=EDGE_CURVE('',#1753,#1801,#1165,.T.);
#2362=ORIENTED_EDGE('',*,*,#1819,.T.);
#2363=ORIENTED_EDGE('',*,*,#1820,.T.);
#2364=ORIENTED_EDGE('',*,*,#1821,.T.);
#2365=ORIENTED_EDGE('',*,*,#1822,.T.);
#2366=ORIENTED_EDGE('',*,*,#1823,.T.);
#2367=ORIENTED_EDGE('',*,*,#1824,.T.);
#2368=ORIENTED_EDGE('',*,*,#1819,.F.);
#2369=ORIENTED_EDGE('',*,*,#1825,.T.);
#2370=ORIENTED_EDGE('',*,*,#1826,.T.);
#2371=ORIENTED_EDGE('',*,*,#1827,.T.);
#2372=ORIENTED_EDGE('',*,*,#1823,.F.);
#2373=ORIENTED_EDGE('',*,*,#1828,.T.);
#2374=ORIENTED_EDGE('',*,*,#1829,.T.);
#2375=ORIENTED_EDGE('',*,*,#1830,.T.);
#2376=ORIENTED_EDGE('',*,*,#1826,.F.);
#2377=ORIENTED_EDGE('',*,*,#1831,.T.);
#2378=ORIENTED_EDGE('',*,*,#1832,.T.);
#2379=ORIENTED_EDGE('',*,*,#1833,.T.);
#2380=ORIENTED_EDGE('',*,*,#1829,.F.);
#2381=ORIENTED_EDGE('',*,*,#1834,.T.);
#2382=ORIENTED_EDGE('',*,*,#1835,.T.);
#2383=ORIENTED_EDGE('',*,*,#1836,.T.);
#2384=ORIENTED_EDGE('',*,*,#1832,.F.);
#2385=ORIENTED_EDGE('',*,*,#1837,.T.);
#2386=ORIENTED_EDGE('',*,*,#1838,.T.);
#2387=ORIENTED_EDGE('',*,*,#1839,.T.);
#2388=ORIENTED_EDGE('',*,*,#1835,.F.);
#2389=ORIENTED_EDGE('',*,*,#1840,.T.);
#2390=ORIENTED_EDGE('',*,*,#1841,.T.);
#2391=ORIENTED_EDGE('',*,*,#1842,.T.);
#2392=ORIENTED_EDGE('',*,*,#1838,.F.);
#2393=ORIENTED_EDGE('',*,*,#1843,.T.);
#2394=ORIENTED_EDGE('',*,*,#1844,.T.);
#2395=ORIENTED_EDGE('',*,*,#1845,.T.);
#2396=ORIENTED_EDGE('',*,*,#1841,.F.);
#2397=ORIENTED_EDGE('',*,*,#1846,.T.);
#2398=ORIENTED_EDGE('',*,*,#1847,.T.);
#2399=ORIENTED_EDGE('',*,*,#1848,.T.);
#2400=ORIENTED_EDGE('',*,*,#1844,.F.);
#2401=ORIENTED_EDGE('',*,*,#1849,.T.);
#2402=ORIENTED_EDGE('',*,*,#1850,.T.);
#2403=ORIENTED_EDGE('',*,*,#1851,.T.);
#2404=ORIENTED_EDGE('',*,*,#1847,.F.);
#2405=ORIENTED_EDGE('',*,*,#1852,.T.);
#2406=ORIENTED_EDGE('',*,*,#1853,.T.);
#2407=ORIENTED_EDGE('',*,*,#1854,.T.);
#2408=ORIENTED_EDGE('',*,*,#1850,.F.);
#2409=ORIENTED_EDGE('',*,*,#1855,.T.);
#2410=ORIENTED_EDGE('',*,*,#1856,.T.);
#2411=ORIENTED_EDGE('',*,*,#1857,.T.);
#2412=ORIENTED_EDGE('',*,*,#1853,.F.);
#2413=ORIENTED_EDGE('',*,*,#1858,.T.);
#2414=ORIENTED_EDGE('',*,*,#1859,.T.);
#2415=ORIENTED_EDGE('',*,*,#1860,.T.);
#2416=ORIENTED_EDGE('',*,*,#1856,.F.);
#2417=ORIENTED_EDGE('',*,*,#1861,.T.);
#2418=ORIENTED_EDGE('',*,*,#1862,.F.);
#2419=ORIENTED_EDGE('',*,*,#1863,.T.);
#2420=ORIENTED_EDGE('',*,*,#1864,.F.);
#2421=ORIENTED_EDGE('',*,*,#1865,.T.);
#2422=ORIENTED_EDGE('',*,*,#1866,.T.);
#2423=ORIENTED_EDGE('',*,*,#1867,.T.);
#2424=ORIENTED_EDGE('',*,*,#1868,.T.);
#2425=ORIENTED_EDGE('',*,*,#1869,.T.);
#2426=ORIENTED_EDGE('',*,*,#1870,.T.);
#2427=ORIENTED_EDGE('',*,*,#1871,.T.);
#2428=ORIENTED_EDGE('',*,*,#1866,.F.);
#2429=ORIENTED_EDGE('',*,*,#1872,.T.);
#2430=ORIENTED_EDGE('',*,*,#1873,.T.);
#2431=ORIENTED_EDGE('',*,*,#1874,.T.);
#2432=ORIENTED_EDGE('',*,*,#1870,.F.);
#2433=ORIENTED_EDGE('',*,*,#1875,.T.);
#2434=ORIENTED_EDGE('',*,*,#1876,.T.);
#2435=ORIENTED_EDGE('',*,*,#1877,.T.);
#2436=ORIENTED_EDGE('',*,*,#1873,.F.);
#2437=ORIENTED_EDGE('',*,*,#1878,.T.);
#2438=ORIENTED_EDGE('',*,*,#1879,.T.);
#2439=ORIENTED_EDGE('',*,*,#1880,.T.);
#2440=ORIENTED_EDGE('',*,*,#1876,.F.);
#2441=ORIENTED_EDGE('',*,*,#1881,.T.);
#2442=ORIENTED_EDGE('',*,*,#1882,.T.);
#2443=ORIENTED_EDGE('',*,*,#1883,.T.);
#2444=ORIENTED_EDGE('',*,*,#1879,.F.);
#2445=ORIENTED_EDGE('',*,*,#1884,.T.);
#2446=ORIENTED_EDGE('',*,*,#1885,.T.);
#2447=ORIENTED_EDGE('',*,*,#1886,.T.);
#2448=ORIENTED_EDGE('',*,*,#1882,.F.);
#2449=ORIENTED_EDGE('',*,*,#1887,.T.);
#2450=ORIENTED_EDGE('',*,*,#1888,.T.);
#2451=ORIENTED_EDGE('',*,*,#1889,.T.);
#2452=ORIENTED_EDGE('',*,*,#1885,.F.);
#2453=ORIENTED_EDGE('',*,*,#1890,.T.);
#2454=ORIENTED_EDGE('',*,*,#1891,.T.);
#2455=ORIENTED_EDGE('',*,*,#1892,.T.);
#2456=ORIENTED_EDGE('',*,*,#1888,.F.);
#2457=ORIENTED_EDGE('',*,*,#1893,.T.);
#2458=ORIENTED_EDGE('',*,*,#1894,.T.);
#2459=ORIENTED_EDGE('',*,*,#1895,.T.);
#2460=ORIENTED_EDGE('',*,*,#1891,.F.);
#2461=ORIENTED_EDGE('',*,*,#1896,.T.);
#2462=ORIENTED_EDGE('',*,*,#1897,.T.);
#2463=ORIENTED_EDGE('',*,*,#1898,.T.);
#2464=ORIENTED_EDGE('',*,*,#1894,.F.);
#2465=ORIENTED_EDGE('',*,*,#1899,.T.);
#2466=ORIENTED_EDGE('',*,*,#1900,.T.);
#2467=ORIENTED_EDGE('',*,*,#1901,.T.);
#2468=ORIENTED_EDGE('',*,*,#1897,.F.);
#2469=ORIENTED_EDGE('',*,*,#1902,.T.);
#2470=ORIENTED_EDGE('',*,*,#1903,.T.);
#2471=ORIENTED_EDGE('',*,*,#1904,.T.);
#2472=ORIENTED_EDGE('',*,*,#1900,.F.);
#2473=ORIENTED_EDGE('',*,*,#1905,.T.);
#2474=ORIENTED_EDGE('',*,*,#1906,.T.);
#2475=ORIENTED_EDGE('',*,*,#1907,.T.);
#2476=ORIENTED_EDGE('',*,*,#1903,.F.);
#2477=ORIENTED_EDGE('',*,*,#1908,.T.);
#2478=ORIENTED_EDGE('',*,*,#1909,.F.);
#2479=ORIENTED_EDGE('',*,*,#1910,.T.);
#2480=ORIENTED_EDGE('',*,*,#1911,.F.);
#2481=ORIENTED_EDGE('',*,*,#1912,.T.);
#2482=ORIENTED_EDGE('',*,*,#1913,.T.);
#2483=ORIENTED_EDGE('',*,*,#1914,.T.);
#2484=ORIENTED_EDGE('',*,*,#1915,.F.);
#2485=ORIENTED_EDGE('',*,*,#1916,.F.);
#2486=ORIENTED_EDGE('',*,*,#1917,.T.);
#2487=ORIENTED_EDGE('',*,*,#1918,.T.);
#2488=ORIENTED_EDGE('',*,*,#1913,.F.);
#2489=ORIENTED_EDGE('',*,*,#1919,.F.);
#2490=ORIENTED_EDGE('',*,*,#1920,.T.);
#2491=ORIENTED_EDGE('',*,*,#1921,.T.);
#2492=ORIENTED_EDGE('',*,*,#1917,.F.);
#2493=ORIENTED_EDGE('',*,*,#1922,.F.);
#2494=ORIENTED_EDGE('',*,*,#1923,.T.);
#2495=ORIENTED_EDGE('',*,*,#1924,.T.);
#2496=ORIENTED_EDGE('',*,*,#1920,.F.);
#2497=ORIENTED_EDGE('',*,*,#1925,.F.);
#2498=ORIENTED_EDGE('',*,*,#1926,.T.);
#2499=ORIENTED_EDGE('',*,*,#1927,.T.);
#2500=ORIENTED_EDGE('',*,*,#1923,.F.);
#2501=ORIENTED_EDGE('',*,*,#1928,.F.);
#2502=ORIENTED_EDGE('',*,*,#1929,.T.);
#2503=ORIENTED_EDGE('',*,*,#1930,.T.);
#2504=ORIENTED_EDGE('',*,*,#1926,.F.);
#2505=ORIENTED_EDGE('',*,*,#1931,.F.);
#2506=ORIENTED_EDGE('',*,*,#1932,.T.);
#2507=ORIENTED_EDGE('',*,*,#1933,.T.);
#2508=ORIENTED_EDGE('',*,*,#1929,.F.);
#2509=ORIENTED_EDGE('',*,*,#1934,.F.);
#2510=ORIENTED_EDGE('',*,*,#1935,.T.);
#2511=ORIENTED_EDGE('',*,*,#1936,.T.);
#2512=ORIENTED_EDGE('',*,*,#1932,.F.);
#2513=ORIENTED_EDGE('',*,*,#1937,.F.);
#2514=ORIENTED_EDGE('',*,*,#1938,.T.);
#2515=ORIENTED_EDGE('',*,*,#1939,.T.);
#2516=ORIENTED_EDGE('',*,*,#1935,.F.);
#2517=ORIENTED_EDGE('',*,*,#1940,.F.);
#2518=ORIENTED_EDGE('',*,*,#1941,.T.);
#2519=ORIENTED_EDGE('',*,*,#1942,.T.);
#2520=ORIENTED_EDGE('',*,*,#1938,.F.);
#2521=ORIENTED_EDGE('',*,*,#1943,.F.);
#2522=ORIENTED_EDGE('',*,*,#1944,.T.);
#2523=ORIENTED_EDGE('',*,*,#1945,.T.);
#2524=ORIENTED_EDGE('',*,*,#1941,.F.);
#2525=ORIENTED_EDGE('',*,*,#1946,.F.);
#2526=ORIENTED_EDGE('',*,*,#1947,.T.);
#2527=ORIENTED_EDGE('',*,*,#1948,.T.);
#2528=ORIENTED_EDGE('',*,*,#1944,.F.);
#2529=ORIENTED_EDGE('',*,*,#1949,.F.);
#2530=ORIENTED_EDGE('',*,*,#1950,.T.);
#2531=ORIENTED_EDGE('',*,*,#1951,.T.);
#2532=ORIENTED_EDGE('',*,*,#1947,.F.);
#2533=ORIENTED_EDGE('',*,*,#1952,.F.);
#2534=ORIENTED_EDGE('',*,*,#1953,.T.);
#2535=ORIENTED_EDGE('',*,*,#1954,.T.);
#2536=ORIENTED_EDGE('',*,*,#1950,.F.);
#2537=ORIENTED_EDGE('',*,*,#1955,.F.);
#2538=ORIENTED_EDGE('',*,*,#1956,.F.);
#2539=ORIENTED_EDGE('',*,*,#1957,.F.);
#2540=ORIENTED_EDGE('',*,*,#1958,.F.);
#2541=ORIENTED_EDGE('',*,*,#1959,.T.);
#2542=ORIENTED_EDGE('',*,*,#1960,.T.);
#2543=ORIENTED_EDGE('',*,*,#1961,.T.);
#2544=ORIENTED_EDGE('',*,*,#1962,.F.);
#2545=ORIENTED_EDGE('',*,*,#1963,.F.);
#2546=ORIENTED_EDGE('',*,*,#1964,.T.);
#2547=ORIENTED_EDGE('',*,*,#1965,.T.);
#2548=ORIENTED_EDGE('',*,*,#1960,.F.);
#2549=ORIENTED_EDGE('',*,*,#1966,.F.);
#2550=ORIENTED_EDGE('',*,*,#1967,.T.);
#2551=ORIENTED_EDGE('',*,*,#1968,.T.);
#2552=ORIENTED_EDGE('',*,*,#1964,.F.);
#2553=ORIENTED_EDGE('',*,*,#1969,.F.);
#2554=ORIENTED_EDGE('',*,*,#1970,.T.);
#2555=ORIENTED_EDGE('',*,*,#1971,.T.);
#2556=ORIENTED_EDGE('',*,*,#1967,.F.);
#2557=ORIENTED_EDGE('',*,*,#1972,.F.);
#2558=ORIENTED_EDGE('',*,*,#1973,.T.);
#2559=ORIENTED_EDGE('',*,*,#1974,.T.);
#2560=ORIENTED_EDGE('',*,*,#1970,.F.);
#2561=ORIENTED_EDGE('',*,*,#1975,.F.);
#2562=ORIENTED_EDGE('',*,*,#1976,.T.);
#2563=ORIENTED_EDGE('',*,*,#1977,.T.);
#2564=ORIENTED_EDGE('',*,*,#1973,.F.);
#2565=ORIENTED_EDGE('',*,*,#1978,.F.);
#2566=ORIENTED_EDGE('',*,*,#1979,.T.);
#2567=ORIENTED_EDGE('',*,*,#1980,.T.);
#2568=ORIENTED_EDGE('',*,*,#1976,.F.);
#2569=ORIENTED_EDGE('',*,*,#1981,.F.);
#2570=ORIENTED_EDGE('',*,*,#1982,.T.);
#2571=ORIENTED_EDGE('',*,*,#1983,.T.);
#2572=ORIENTED_EDGE('',*,*,#1979,.F.);
#2573=ORIENTED_EDGE('',*,*,#1984,.F.);
#2574=ORIENTED_EDGE('',*,*,#1985,.T.);
#2575=ORIENTED_EDGE('',*,*,#1986,.T.);
#2576=ORIENTED_EDGE('',*,*,#1982,.F.);
#2577=ORIENTED_EDGE('',*,*,#1987,.F.);
#2578=ORIENTED_EDGE('',*,*,#1988,.T.);
#2579=ORIENTED_EDGE('',*,*,#1989,.T.);
#2580=ORIENTED_EDGE('',*,*,#1985,.F.);
#2581=ORIENTED_EDGE('',*,*,#1990,.F.);
#2582=ORIENTED_EDGE('',*,*,#1991,.T.);
#2583=ORIENTED_EDGE('',*,*,#1992,.T.);
#2584=ORIENTED_EDGE('',*,*,#1988,.F.);
#2585=ORIENTED_EDGE('',*,*,#1993,.F.);
#2586=ORIENTED_EDGE('',*,*,#1994,.T.);
#2587=ORIENTED_EDGE('',*,*,#1995,.T.);
#2588=ORIENTED_EDGE('',*,*,#1991,.F.);
#2589=ORIENTED_EDGE('',*,*,#1996,.F.);
#2590=ORIENTED_EDGE('',*,*,#1997,.T.);
#2591=ORIENTED_EDGE('',*,*,#1998,.T.);
#2592=ORIENTED_EDGE('',*,*,#1994,.F.);
#2593=ORIENTED_EDGE('',*,*,#1999,.F.);
#2594=ORIENTED_EDGE('',*,*,#2000,.T.);
#2595=ORIENTED_EDGE('',*,*,#2001,.T.);
#2596=ORIENTED_EDGE('',*,*,#1997,.F.);
#2597=ORIENTED_EDGE('',*,*,#2002,.F.);
#2598=ORIENTED_EDGE('',*,*,#2003,.F.);
#2599=ORIENTED_EDGE('',*,*,#2004,.F.);
#2600=ORIENTED_EDGE('',*,*,#2005,.F.);
#2601=ORIENTED_EDGE('',*,*,#2006,.T.);
#2602=ORIENTED_EDGE('',*,*,#2007,.F.);
#2603=ORIENTED_EDGE('',*,*,#2008,.T.);
#2604=ORIENTED_EDGE('',*,*,#2009,.T.);
#2605=ORIENTED_EDGE('',*,*,#2010,.F.);
#2606=ORIENTED_EDGE('',*,*,#2011,.F.);
#2607=ORIENTED_EDGE('',*,*,#2012,.T.);
#2608=ORIENTED_EDGE('',*,*,#2013,.T.);
#2609=ORIENTED_EDGE('',*,*,#2008,.F.);
#2610=ORIENTED_EDGE('',*,*,#2014,.F.);
#2611=ORIENTED_EDGE('',*,*,#2009,.F.);
#2612=ORIENTED_EDGE('',*,*,#2013,.F.);
#2613=ORIENTED_EDGE('',*,*,#2015,.F.);
#2614=ORIENTED_EDGE('',*,*,#2010,.T.);
#2615=ORIENTED_EDGE('',*,*,#2014,.T.);
#2616=ORIENTED_EDGE('',*,*,#2016,.T.);
#2617=ORIENTED_EDGE('',*,*,#2017,.F.);
#2618=ORIENTED_EDGE('',*,*,#2018,.F.);
#2619=ORIENTED_EDGE('',*,*,#2019,.F.);
#2620=ORIENTED_EDGE('',*,*,#2020,.T.);
#2621=ORIENTED_EDGE('',*,*,#2021,.T.);
#2622=ORIENTED_EDGE('',*,*,#2022,.T.);
#2623=ORIENTED_EDGE('',*,*,#1962,.T.);
#2624=ORIENTED_EDGE('',*,*,#2023,.T.);
#2625=ORIENTED_EDGE('',*,*,#2003,.T.);
#2626=ORIENTED_EDGE('',*,*,#2024,.T.);
#2627=ORIENTED_EDGE('',*,*,#2000,.F.);
#2628=ORIENTED_EDGE('',*,*,#2025,.F.);
#2629=ORIENTED_EDGE('',*,*,#2023,.F.);
#2630=ORIENTED_EDGE('',*,*,#1961,.F.);
#2631=ORIENTED_EDGE('',*,*,#1965,.F.);
#2632=ORIENTED_EDGE('',*,*,#1968,.F.);
#2633=ORIENTED_EDGE('',*,*,#1971,.F.);
#2634=ORIENTED_EDGE('',*,*,#1974,.F.);
#2635=ORIENTED_EDGE('',*,*,#1977,.F.);
#2636=ORIENTED_EDGE('',*,*,#1980,.F.);
#2637=ORIENTED_EDGE('',*,*,#1983,.F.);
#2638=ORIENTED_EDGE('',*,*,#1986,.F.);
#2639=ORIENTED_EDGE('',*,*,#1989,.F.);
#2640=ORIENTED_EDGE('',*,*,#1992,.F.);
#2641=ORIENTED_EDGE('',*,*,#1995,.F.);
#2642=ORIENTED_EDGE('',*,*,#1998,.F.);
#2643=ORIENTED_EDGE('',*,*,#2001,.F.);
#2644=ORIENTED_EDGE('',*,*,#2024,.F.);
#2645=ORIENTED_EDGE('',*,*,#2006,.F.);
#2646=ORIENTED_EDGE('',*,*,#2026,.F.);
#2647=ORIENTED_EDGE('',*,*,#1910,.F.);
#2648=ORIENTED_EDGE('',*,*,#2027,.F.);
#2649=ORIENTED_EDGE('',*,*,#1908,.F.);
#2650=ORIENTED_EDGE('',*,*,#1905,.F.);
#2651=ORIENTED_EDGE('',*,*,#1902,.F.);
#2652=ORIENTED_EDGE('',*,*,#1899,.F.);
#2653=ORIENTED_EDGE('',*,*,#1896,.F.);
#2654=ORIENTED_EDGE('',*,*,#1893,.F.);
#2655=ORIENTED_EDGE('',*,*,#1890,.F.);
#2656=ORIENTED_EDGE('',*,*,#1887,.F.);
#2657=ORIENTED_EDGE('',*,*,#1884,.F.);
#2658=ORIENTED_EDGE('',*,*,#1881,.F.);
#2659=ORIENTED_EDGE('',*,*,#1878,.F.);
#2660=ORIENTED_EDGE('',*,*,#1875,.F.);
#2661=ORIENTED_EDGE('',*,*,#1872,.F.);
#2662=ORIENTED_EDGE('',*,*,#1869,.F.);
#2663=ORIENTED_EDGE('',*,*,#2022,.F.);
#2664=ORIENTED_EDGE('',*,*,#1867,.F.);
#2665=ORIENTED_EDGE('',*,*,#1871,.F.);
#2666=ORIENTED_EDGE('',*,*,#1874,.F.);
#2667=ORIENTED_EDGE('',*,*,#1877,.F.);
#2668=ORIENTED_EDGE('',*,*,#1880,.F.);
#2669=ORIENTED_EDGE('',*,*,#1883,.F.);
#2670=ORIENTED_EDGE('',*,*,#1886,.F.);
#2671=ORIENTED_EDGE('',*,*,#1889,.F.);
#2672=ORIENTED_EDGE('',*,*,#1892,.F.);
#2673=ORIENTED_EDGE('',*,*,#1895,.F.);
#2674=ORIENTED_EDGE('',*,*,#1898,.F.);
#2675=ORIENTED_EDGE('',*,*,#1901,.F.);
#2676=ORIENTED_EDGE('',*,*,#1904,.F.);
#2677=ORIENTED_EDGE('',*,*,#1907,.F.);
#2678=ORIENTED_EDGE('',*,*,#2028,.F.);
#2679=ORIENTED_EDGE('',*,*,#1912,.F.);
#2680=ORIENTED_EDGE('',*,*,#2029,.F.);
#2681=ORIENTED_EDGE('',*,*,#2004,.T.);
#2682=ORIENTED_EDGE('',*,*,#2025,.T.);
#2683=ORIENTED_EDGE('',*,*,#2002,.T.);
#2684=ORIENTED_EDGE('',*,*,#1999,.T.);
#2685=ORIENTED_EDGE('',*,*,#1996,.T.);
#2686=ORIENTED_EDGE('',*,*,#1993,.T.);
#2687=ORIENTED_EDGE('',*,*,#1990,.T.);
#2688=ORIENTED_EDGE('',*,*,#1987,.T.);
#2689=ORIENTED_EDGE('',*,*,#1984,.T.);
#2690=ORIENTED_EDGE('',*,*,#1981,.T.);
#2691=ORIENTED_EDGE('',*,*,#1978,.T.);
#2692=ORIENTED_EDGE('',*,*,#1975,.T.);
#2693=ORIENTED_EDGE('',*,*,#1972,.T.);
#2694=ORIENTED_EDGE('',*,*,#1969,.T.);
#2695=ORIENTED_EDGE('',*,*,#1966,.T.);
#2696=ORIENTED_EDGE('',*,*,#1963,.T.);
#2697=ORIENTED_EDGE('',*,*,#2030,.T.);
#2698=ORIENTED_EDGE('',*,*,#2031,.T.);
#2699=ORIENTED_EDGE('',*,*,#2032,.T.);
#2700=ORIENTED_EDGE('',*,*,#1915,.T.);
#2701=ORIENTED_EDGE('',*,*,#2033,.T.);
#2702=ORIENTED_EDGE('',*,*,#1956,.T.);
#2703=ORIENTED_EDGE('',*,*,#2034,.T.);
#2704=ORIENTED_EDGE('',*,*,#1953,.F.);
#2705=ORIENTED_EDGE('',*,*,#2035,.F.);
#2706=ORIENTED_EDGE('',*,*,#2033,.F.);
#2707=ORIENTED_EDGE('',*,*,#1914,.F.);
#2708=ORIENTED_EDGE('',*,*,#1918,.F.);
#2709=ORIENTED_EDGE('',*,*,#1921,.F.);
#2710=ORIENTED_EDGE('',*,*,#1924,.F.);
#2711=ORIENTED_EDGE('',*,*,#1927,.F.);
#2712=ORIENTED_EDGE('',*,*,#1930,.F.);
#2713=ORIENTED_EDGE('',*,*,#1933,.F.);
#2714=ORIENTED_EDGE('',*,*,#1936,.F.);
#2715=ORIENTED_EDGE('',*,*,#1939,.F.);
#2716=ORIENTED_EDGE('',*,*,#1942,.F.);
#2717=ORIENTED_EDGE('',*,*,#1945,.F.);
#2718=ORIENTED_EDGE('',*,*,#1948,.F.);
#2719=ORIENTED_EDGE('',*,*,#1951,.F.);
#2720=ORIENTED_EDGE('',*,*,#1954,.F.);
#2721=ORIENTED_EDGE('',*,*,#2034,.F.);
#2722=ORIENTED_EDGE('',*,*,#1959,.F.);
#2723=ORIENTED_EDGE('',*,*,#2036,.F.);
#2724=ORIENTED_EDGE('',*,*,#1863,.F.);
#2725=ORIENTED_EDGE('',*,*,#2037,.F.);
#2726=ORIENTED_EDGE('',*,*,#1861,.F.);
#2727=ORIENTED_EDGE('',*,*,#1858,.F.);
#2728=ORIENTED_EDGE('',*,*,#1855,.F.);
#2729=ORIENTED_EDGE('',*,*,#1852,.F.);
#2730=ORIENTED_EDGE('',*,*,#1849,.F.);
#2731=ORIENTED_EDGE('',*,*,#1846,.F.);
#2732=ORIENTED_EDGE('',*,*,#1843,.F.);
#2733=ORIENTED_EDGE('',*,*,#1840,.F.);
#2734=ORIENTED_EDGE('',*,*,#1837,.F.);
#2735=ORIENTED_EDGE('',*,*,#1834,.F.);
#2736=ORIENTED_EDGE('',*,*,#1831,.F.);
#2737=ORIENTED_EDGE('',*,*,#1828,.F.);
#2738=ORIENTED_EDGE('',*,*,#1825,.F.);
#2739=ORIENTED_EDGE('',*,*,#1822,.F.);
#2740=ORIENTED_EDGE('',*,*,#2032,.F.);
#2741=ORIENTED_EDGE('',*,*,#1820,.F.);
#2742=ORIENTED_EDGE('',*,*,#1824,.F.);
#2743=ORIENTED_EDGE('',*,*,#1827,.F.);
#2744=ORIENTED_EDGE('',*,*,#1830,.F.);
#2745=ORIENTED_EDGE('',*,*,#1833,.F.);
#2746=ORIENTED_EDGE('',*,*,#1836,.F.);
#2747=ORIENTED_EDGE('',*,*,#1839,.F.);
#2748=ORIENTED_EDGE('',*,*,#1842,.F.);
#2749=ORIENTED_EDGE('',*,*,#1845,.F.);
#2750=ORIENTED_EDGE('',*,*,#1848,.F.);
#2751=ORIENTED_EDGE('',*,*,#1851,.F.);
#2752=ORIENTED_EDGE('',*,*,#1854,.F.);
#2753=ORIENTED_EDGE('',*,*,#1857,.F.);
#2754=ORIENTED_EDGE('',*,*,#1860,.F.);
#2755=ORIENTED_EDGE('',*,*,#2038,.F.);
#2756=ORIENTED_EDGE('',*,*,#1865,.F.);
#2757=ORIENTED_EDGE('',*,*,#2039,.F.);
#2758=ORIENTED_EDGE('',*,*,#1957,.T.);
#2759=ORIENTED_EDGE('',*,*,#2035,.T.);
#2760=ORIENTED_EDGE('',*,*,#1955,.T.);
#2761=ORIENTED_EDGE('',*,*,#1952,.T.);
#2762=ORIENTED_EDGE('',*,*,#1949,.T.);
#2763=ORIENTED_EDGE('',*,*,#1946,.T.);
#2764=ORIENTED_EDGE('',*,*,#1943,.T.);
#2765=ORIENTED_EDGE('',*,*,#1940,.T.);
#2766=ORIENTED_EDGE('',*,*,#1937,.T.);
#2767=ORIENTED_EDGE('',*,*,#1934,.T.);
#2768=ORIENTED_EDGE('',*,*,#1931,.T.);
#2769=ORIENTED_EDGE('',*,*,#1928,.T.);
#2770=ORIENTED_EDGE('',*,*,#1925,.T.);
#2771=ORIENTED_EDGE('',*,*,#1922,.T.);
#2772=ORIENTED_EDGE('',*,*,#1919,.T.);
#2773=ORIENTED_EDGE('',*,*,#1916,.T.);
#2774=ORIENTED_EDGE('',*,*,#2020,.F.);
#2775=ORIENTED_EDGE('',*,*,#1868,.F.);
#2776=ORIENTED_EDGE('',*,*,#2021,.F.);
#2777=ORIENTED_EDGE('',*,*,#2040,.T.);
#2778=ORIENTED_EDGE('',*,*,#2040,.F.);
#2779=ORIENTED_EDGE('',*,*,#1909,.T.);
#2780=ORIENTED_EDGE('',*,*,#2028,.T.);
#2781=ORIENTED_EDGE('',*,*,#1906,.F.);
#2782=ORIENTED_EDGE('',*,*,#2027,.T.);
#2783=ORIENTED_EDGE('',*,*,#2030,.F.);
#2784=ORIENTED_EDGE('',*,*,#1821,.F.);
#2785=ORIENTED_EDGE('',*,*,#2031,.F.);
#2786=ORIENTED_EDGE('',*,*,#2041,.T.);
#2787=ORIENTED_EDGE('',*,*,#2041,.F.);
#2788=ORIENTED_EDGE('',*,*,#1862,.T.);
#2789=ORIENTED_EDGE('',*,*,#2038,.T.);
#2790=ORIENTED_EDGE('',*,*,#1859,.F.);
#2791=ORIENTED_EDGE('',*,*,#2037,.T.);
#2792=ORIENTED_EDGE('',*,*,#2042,.F.);
#2793=ORIENTED_EDGE('',*,*,#2016,.F.);
#2794=ORIENTED_EDGE('',*,*,#2015,.T.);
#2795=ORIENTED_EDGE('',*,*,#2012,.F.);
#2796=ORIENTED_EDGE('',*,*,#2043,.F.);
#2797=ORIENTED_EDGE('',*,*,#2044,.T.);
#2798=ORIENTED_EDGE('',*,*,#2045,.F.);
#2799=ORIENTED_EDGE('',*,*,#2044,.F.);
#2800=ORIENTED_EDGE('',*,*,#2046,.F.);
#2801=ORIENTED_EDGE('',*,*,#2047,.T.);
#2802=ORIENTED_EDGE('',*,*,#2048,.F.);
#2803=ORIENTED_EDGE('',*,*,#2047,.F.);
#2804=ORIENTED_EDGE('',*,*,#2049,.F.);
#2805=ORIENTED_EDGE('',*,*,#2018,.T.);
#2806=ORIENTED_EDGE('',*,*,#2050,.F.);
#2807=ORIENTED_EDGE('',*,*,#2051,.F.);
#2808=ORIENTED_EDGE('',*,*,#2052,.F.);
#2809=ORIENTED_EDGE('',*,*,#2053,.T.);
#2810=ORIENTED_EDGE('',*,*,#2054,.F.);
#2811=ORIENTED_EDGE('',*,*,#2053,.F.);
#2812=ORIENTED_EDGE('',*,*,#2055,.F.);
#2813=ORIENTED_EDGE('',*,*,#2056,.T.);
#2814=ORIENTED_EDGE('',*,*,#2057,.F.);
#2815=ORIENTED_EDGE('',*,*,#2056,.F.);
#2816=ORIENTED_EDGE('',*,*,#2058,.F.);
#2817=ORIENTED_EDGE('',*,*,#2059,.T.);
#2818=ORIENTED_EDGE('',*,*,#2060,.F.);
#2819=ORIENTED_EDGE('',*,*,#2059,.F.);
#2820=ORIENTED_EDGE('',*,*,#2061,.F.);
#2821=ORIENTED_EDGE('',*,*,#2051,.T.);
#2822=ORIENTED_EDGE('',*,*,#2062,.F.);
#2823=ORIENTED_EDGE('',*,*,#2063,.F.);
#2824=ORIENTED_EDGE('',*,*,#2064,.F.);
#2825=ORIENTED_EDGE('',*,*,#2065,.F.);
#2826=ORIENTED_EDGE('',*,*,#2066,.F.);
#2827=ORIENTED_EDGE('',*,*,#2067,.F.);
#2828=ORIENTED_EDGE('',*,*,#2068,.F.);
#2829=ORIENTED_EDGE('',*,*,#2069,.F.);
#2830=ORIENTED_EDGE('',*,*,#2063,.T.);
#2831=ORIENTED_EDGE('',*,*,#2070,.T.);
#2832=ORIENTED_EDGE('',*,*,#2071,.F.);
#2833=ORIENTED_EDGE('',*,*,#2072,.F.);
#2834=ORIENTED_EDGE('',*,*,#2064,.T.);
#2835=ORIENTED_EDGE('',*,*,#2072,.T.);
#2836=ORIENTED_EDGE('',*,*,#2073,.F.);
#2837=ORIENTED_EDGE('',*,*,#2074,.F.);
#2838=ORIENTED_EDGE('',*,*,#2065,.T.);
#2839=ORIENTED_EDGE('',*,*,#2074,.T.);
#2840=ORIENTED_EDGE('',*,*,#2075,.F.);
#2841=ORIENTED_EDGE('',*,*,#2076,.F.);
#2842=ORIENTED_EDGE('',*,*,#2062,.T.);
#2843=ORIENTED_EDGE('',*,*,#2076,.T.);
#2844=ORIENTED_EDGE('',*,*,#2077,.F.);
#2845=ORIENTED_EDGE('',*,*,#2070,.F.);
#2846=ORIENTED_EDGE('',*,*,#2077,.T.);
#2847=ORIENTED_EDGE('',*,*,#2075,.T.);
#2848=ORIENTED_EDGE('',*,*,#2073,.T.);
#2849=ORIENTED_EDGE('',*,*,#2071,.T.);
#2850=ORIENTED_EDGE('',*,*,#2017,.T.);
#2851=ORIENTED_EDGE('',*,*,#2042,.T.);
#2852=ORIENTED_EDGE('',*,*,#2045,.T.);
#2853=ORIENTED_EDGE('',*,*,#2048,.T.);
#2854=ORIENTED_EDGE('',*,*,#2050,.T.);
#2855=ORIENTED_EDGE('',*,*,#2054,.T.);
#2856=ORIENTED_EDGE('',*,*,#2057,.T.);
#2857=ORIENTED_EDGE('',*,*,#2060,.T.);
#2858=ORIENTED_EDGE('',*,*,#2066,.T.);
#2859=ORIENTED_EDGE('',*,*,#2078,.T.);
#2860=ORIENTED_EDGE('',*,*,#2079,.F.);
#2861=ORIENTED_EDGE('',*,*,#2080,.F.);
#2862=ORIENTED_EDGE('',*,*,#2067,.T.);
#2863=ORIENTED_EDGE('',*,*,#2080,.T.);
#2864=ORIENTED_EDGE('',*,*,#2081,.F.);
#2865=ORIENTED_EDGE('',*,*,#2082,.F.);
#2866=ORIENTED_EDGE('',*,*,#2068,.T.);
#2867=ORIENTED_EDGE('',*,*,#2082,.T.);
#2868=ORIENTED_EDGE('',*,*,#2083,.F.);
#2869=ORIENTED_EDGE('',*,*,#2084,.F.);
#2870=ORIENTED_EDGE('',*,*,#2069,.T.);
#2871=ORIENTED_EDGE('',*,*,#2084,.T.);
#2872=ORIENTED_EDGE('',*,*,#2085,.F.);
#2873=ORIENTED_EDGE('',*,*,#2078,.F.);
#2874=ORIENTED_EDGE('',*,*,#2085,.T.);
#2875=ORIENTED_EDGE('',*,*,#2083,.T.);
#2876=ORIENTED_EDGE('',*,*,#2081,.T.);
#2877=ORIENTED_EDGE('',*,*,#2079,.T.);
#2878=ORIENTED_EDGE('',*,*,#2007,.T.);
#2879=ORIENTED_EDGE('',*,*,#2019,.T.);
#2880=ORIENTED_EDGE('',*,*,#2049,.T.);
#2881=ORIENTED_EDGE('',*,*,#2046,.T.);
#2882=ORIENTED_EDGE('',*,*,#2043,.T.);
#2883=ORIENTED_EDGE('',*,*,#2011,.T.);
#2884=ORIENTED_EDGE('',*,*,#2029,.T.);
#2885=ORIENTED_EDGE('',*,*,#1911,.T.);
#2886=ORIENTED_EDGE('',*,*,#2026,.T.);
#2887=ORIENTED_EDGE('',*,*,#2005,.T.);
#2888=ORIENTED_EDGE('',*,*,#2039,.T.);
#2889=ORIENTED_EDGE('',*,*,#1864,.T.);
#2890=ORIENTED_EDGE('',*,*,#2036,.T.);
#2891=ORIENTED_EDGE('',*,*,#1958,.T.);
#2892=ORIENTED_EDGE('',*,*,#2052,.T.);
#2893=ORIENTED_EDGE('',*,*,#2061,.T.);
#2894=ORIENTED_EDGE('',*,*,#2058,.T.);
#2895=ORIENTED_EDGE('',*,*,#2055,.T.);
#2896=ORIENTED_EDGE('',*,*,#2086,.T.);
#2897=ORIENTED_EDGE('',*,*,#2087,.T.);
#2898=ORIENTED_EDGE('',*,*,#2088,.F.);
#2899=ORIENTED_EDGE('',*,*,#2089,.T.);
#2900=ORIENTED_EDGE('',*,*,#2090,.F.);
#2901=ORIENTED_EDGE('',*,*,#2091,.T.);
#2902=ORIENTED_EDGE('',*,*,#2092,.T.);
#2903=ORIENTED_EDGE('',*,*,#2093,.T.);
#2904=ORIENTED_EDGE('',*,*,#2094,.T.);
#2905=ORIENTED_EDGE('',*,*,#2095,.T.);
#2906=ORIENTED_EDGE('',*,*,#2096,.F.);
#2907=ORIENTED_EDGE('',*,*,#2097,.F.);
#2908=ORIENTED_EDGE('',*,*,#2098,.T.);
#2909=ORIENTED_EDGE('',*,*,#2099,.F.);
#2910=ORIENTED_EDGE('',*,*,#2100,.F.);
#2911=ORIENTED_EDGE('',*,*,#2101,.T.);
#2912=ORIENTED_EDGE('',*,*,#2102,.T.);
#2913=ORIENTED_EDGE('',*,*,#2097,.T.);
#2914=ORIENTED_EDGE('',*,*,#2103,.T.);
#2915=ORIENTED_EDGE('',*,*,#2104,.F.);
#2916=ORIENTED_EDGE('',*,*,#2105,.F.);
#2917=ORIENTED_EDGE('',*,*,#2087,.F.);
#2918=ORIENTED_EDGE('',*,*,#2096,.T.);
#2919=ORIENTED_EDGE('',*,*,#2091,.F.);
#2920=ORIENTED_EDGE('',*,*,#2106,.F.);
#2921=ORIENTED_EDGE('',*,*,#2107,.F.);
#2922=ORIENTED_EDGE('',*,*,#2102,.F.);
#2923=ORIENTED_EDGE('',*,*,#2108,.T.);
#2924=ORIENTED_EDGE('',*,*,#2109,.F.);
#2925=ORIENTED_EDGE('',*,*,#2110,.T.);
#2926=ORIENTED_EDGE('',*,*,#2111,.T.);
#2927=ORIENTED_EDGE('',*,*,#2112,.T.);
#2928=ORIENTED_EDGE('',*,*,#2113,.T.);
#2929=ORIENTED_EDGE('',*,*,#2114,.T.);
#2930=ORIENTED_EDGE('',*,*,#2115,.T.);
#2931=ORIENTED_EDGE('',*,*,#2116,.T.);
#2932=ORIENTED_EDGE('',*,*,#2117,.T.);
#2933=ORIENTED_EDGE('',*,*,#2118,.T.);
#2934=ORIENTED_EDGE('',*,*,#2119,.F.);
#2935=ORIENTED_EDGE('',*,*,#2120,.F.);
#2936=ORIENTED_EDGE('',*,*,#2121,.F.);
#2937=ORIENTED_EDGE('',*,*,#2122,.F.);
#2938=ORIENTED_EDGE('',*,*,#2123,.F.);
#2939=ORIENTED_EDGE('',*,*,#2124,.F.);
#2940=ORIENTED_EDGE('',*,*,#2125,.F.);
#2941=ORIENTED_EDGE('',*,*,#2126,.F.);
#2942=ORIENTED_EDGE('',*,*,#2127,.F.);
#2943=ORIENTED_EDGE('',*,*,#2128,.F.);
#2944=ORIENTED_EDGE('',*,*,#2129,.F.);
#2945=ORIENTED_EDGE('',*,*,#2108,.F.);
#2946=ORIENTED_EDGE('',*,*,#2086,.F.);
#2947=ORIENTED_EDGE('',*,*,#2099,.T.);
#2948=ORIENTED_EDGE('',*,*,#2130,.T.);
#2949=ORIENTED_EDGE('',*,*,#2131,.T.);
#2950=ORIENTED_EDGE('',*,*,#2132,.T.);
#2951=ORIENTED_EDGE('',*,*,#2133,.T.);
#2952=ORIENTED_EDGE('',*,*,#2134,.F.);
#2953=ORIENTED_EDGE('',*,*,#2135,.T.);
#2954=ORIENTED_EDGE('',*,*,#2136,.F.);
#2955=ORIENTED_EDGE('',*,*,#2137,.T.);
#2956=ORIENTED_EDGE('',*,*,#2138,.T.);
#2957=ORIENTED_EDGE('',*,*,#2139,.T.);
#2958=ORIENTED_EDGE('',*,*,#2140,.T.);
#2959=ORIENTED_EDGE('',*,*,#2141,.T.);
#2960=ORIENTED_EDGE('',*,*,#2142,.F.);
#2961=ORIENTED_EDGE('',*,*,#2143,.F.);
#2962=ORIENTED_EDGE('',*,*,#2129,.T.);
#2963=ORIENTED_EDGE('',*,*,#2144,.F.);
#2964=ORIENTED_EDGE('',*,*,#2145,.F.);
#2965=ORIENTED_EDGE('',*,*,#2146,.T.);
#2966=ORIENTED_EDGE('',*,*,#2109,.T.);
#2967=ORIENTED_EDGE('',*,*,#2143,.T.);
#2968=ORIENTED_EDGE('',*,*,#2147,.T.);
#2969=ORIENTED_EDGE('',*,*,#2148,.F.);
#2970=ORIENTED_EDGE('',*,*,#2149,.F.);
#2971=ORIENTED_EDGE('',*,*,#2133,.F.);
#2972=ORIENTED_EDGE('',*,*,#2142,.T.);
#2973=ORIENTED_EDGE('',*,*,#2137,.F.);
#2974=ORIENTED_EDGE('',*,*,#2150,.F.);
#2975=ORIENTED_EDGE('',*,*,#2151,.F.);
#2976=ORIENTED_EDGE('',*,*,#2100,.T.);
#2977=ORIENTED_EDGE('',*,*,#2107,.T.);
#2978=ORIENTED_EDGE('',*,*,#2152,.F.);
#2979=ORIENTED_EDGE('',*,*,#2153,.T.);
#2980=ORIENTED_EDGE('',*,*,#2154,.F.);
#2981=ORIENTED_EDGE('',*,*,#2104,.T.);
#2982=ORIENTED_EDGE('',*,*,#2155,.T.);
#2983=ORIENTED_EDGE('',*,*,#2156,.T.);
#2984=ORIENTED_EDGE('',*,*,#2157,.T.);
#2985=ORIENTED_EDGE('',*,*,#2158,.T.);
#2986=ORIENTED_EDGE('',*,*,#2098,.F.);
#2987=ORIENTED_EDGE('',*,*,#2110,.F.);
#2988=ORIENTED_EDGE('',*,*,#2159,.F.);
#2989=ORIENTED_EDGE('',*,*,#2160,.F.);
#2990=ORIENTED_EDGE('',*,*,#2132,.F.);
#2991=ORIENTED_EDGE('',*,*,#2144,.T.);
#2992=ORIENTED_EDGE('',*,*,#2161,.T.);
#2993=ORIENTED_EDGE('',*,*,#2162,.T.);
#2994=ORIENTED_EDGE('',*,*,#2136,.T.);
#2995=ORIENTED_EDGE('',*,*,#2163,.T.);
#2996=ORIENTED_EDGE('',*,*,#2164,.T.);
#2997=ORIENTED_EDGE('',*,*,#2150,.T.);
#2998=ORIENTED_EDGE('',*,*,#2145,.T.);
#2999=ORIENTED_EDGE('',*,*,#2151,.T.);
#3000=ORIENTED_EDGE('',*,*,#2164,.F.);
#3001=ORIENTED_EDGE('',*,*,#2165,.T.);
#3002=ORIENTED_EDGE('',*,*,#2166,.F.);
#3003=ORIENTED_EDGE('',*,*,#2148,.T.);
#3004=ORIENTED_EDGE('',*,*,#2167,.T.);
#3005=ORIENTED_EDGE('',*,*,#2168,.T.);
#3006=ORIENTED_EDGE('',*,*,#2169,.T.);
#3007=ORIENTED_EDGE('',*,*,#2170,.T.);
#3008=ORIENTED_EDGE('',*,*,#2163,.F.);
#3009=ORIENTED_EDGE('',*,*,#2135,.F.);
#3010=ORIENTED_EDGE('',*,*,#2171,.F.);
#3011=ORIENTED_EDGE('',*,*,#2165,.F.);
#3012=ORIENTED_EDGE('',*,*,#2134,.T.);
#3013=ORIENTED_EDGE('',*,*,#2149,.T.);
#3014=ORIENTED_EDGE('',*,*,#2166,.T.);
#3015=ORIENTED_EDGE('',*,*,#2171,.T.);
#3016=ORIENTED_EDGE('',*,*,#2088,.T.);
#3017=ORIENTED_EDGE('',*,*,#2105,.T.);
#3018=ORIENTED_EDGE('',*,*,#2154,.T.);
#3019=ORIENTED_EDGE('',*,*,#2172,.T.);
#3020=ORIENTED_EDGE('',*,*,#2172,.F.);
#3021=ORIENTED_EDGE('',*,*,#2153,.F.);
#3022=ORIENTED_EDGE('',*,*,#2173,.F.);
#3023=ORIENTED_EDGE('',*,*,#2089,.F.);
#3024=ORIENTED_EDGE('',*,*,#2090,.T.);
#3025=ORIENTED_EDGE('',*,*,#2173,.T.);
#3026=ORIENTED_EDGE('',*,*,#2152,.T.);
#3027=ORIENTED_EDGE('',*,*,#2106,.T.);
#3028=ORIENTED_EDGE('',*,*,#2155,.F.);
#3029=ORIENTED_EDGE('',*,*,#2174,.F.);
#3030=ORIENTED_EDGE('',*,*,#2092,.F.);
#3031=ORIENTED_EDGE('',*,*,#2175,.T.);
#3032=ORIENTED_EDGE('',*,*,#2158,.F.);
#3033=ORIENTED_EDGE('',*,*,#2176,.F.);
#3034=ORIENTED_EDGE('',*,*,#2093,.F.);
#3035=ORIENTED_EDGE('',*,*,#2174,.T.);
#3036=ORIENTED_EDGE('',*,*,#2157,.F.);
#3037=ORIENTED_EDGE('',*,*,#2177,.F.);
#3038=ORIENTED_EDGE('',*,*,#2094,.F.);
#3039=ORIENTED_EDGE('',*,*,#2176,.T.);
#3040=ORIENTED_EDGE('',*,*,#2156,.F.);
#3041=ORIENTED_EDGE('',*,*,#2175,.F.);
#3042=ORIENTED_EDGE('',*,*,#2095,.F.);
#3043=ORIENTED_EDGE('',*,*,#2177,.T.);
#3044=ORIENTED_EDGE('',*,*,#2167,.F.);
#3045=ORIENTED_EDGE('',*,*,#2178,.F.);
#3046=ORIENTED_EDGE('',*,*,#2138,.F.);
#3047=ORIENTED_EDGE('',*,*,#2179,.T.);
#3048=ORIENTED_EDGE('',*,*,#2168,.F.);
#3049=ORIENTED_EDGE('',*,*,#2179,.F.);
#3050=ORIENTED_EDGE('',*,*,#2141,.F.);
#3051=ORIENTED_EDGE('',*,*,#2180,.T.);
#3052=ORIENTED_EDGE('',*,*,#2169,.F.);
#3053=ORIENTED_EDGE('',*,*,#2180,.F.);
#3054=ORIENTED_EDGE('',*,*,#2140,.F.);
#3055=ORIENTED_EDGE('',*,*,#2181,.T.);
#3056=ORIENTED_EDGE('',*,*,#2170,.F.);
#3057=ORIENTED_EDGE('',*,*,#2181,.F.);
#3058=ORIENTED_EDGE('',*,*,#2139,.F.);
#3059=ORIENTED_EDGE('',*,*,#2178,.T.);
#3060=ORIENTED_EDGE('',*,*,#2111,.F.);
#3061=ORIENTED_EDGE('',*,*,#2182,.F.);
#3062=ORIENTED_EDGE('',*,*,#2183,.F.);
#3063=ORIENTED_EDGE('',*,*,#2184,.T.);
#3064=ORIENTED_EDGE('',*,*,#2112,.F.);
#3065=ORIENTED_EDGE('',*,*,#2184,.F.);
#3066=ORIENTED_EDGE('',*,*,#2185,.F.);
#3067=ORIENTED_EDGE('',*,*,#2186,.T.);
#3068=ORIENTED_EDGE('',*,*,#2113,.F.);
#3069=ORIENTED_EDGE('',*,*,#2186,.F.);
#3070=ORIENTED_EDGE('',*,*,#2187,.F.);
#3071=ORIENTED_EDGE('',*,*,#2188,.T.);
#3072=ORIENTED_EDGE('',*,*,#2114,.F.);
#3073=ORIENTED_EDGE('',*,*,#2188,.F.);
#3074=ORIENTED_EDGE('',*,*,#2189,.F.);
#3075=ORIENTED_EDGE('',*,*,#2190,.T.);
#3076=ORIENTED_EDGE('',*,*,#2115,.F.);
#3077=ORIENTED_EDGE('',*,*,#2190,.F.);
#3078=ORIENTED_EDGE('',*,*,#2191,.F.);
#3079=ORIENTED_EDGE('',*,*,#2192,.T.);
#3080=ORIENTED_EDGE('',*,*,#2116,.F.);
#3081=ORIENTED_EDGE('',*,*,#2192,.F.);
#3082=ORIENTED_EDGE('',*,*,#2193,.F.);
#3083=ORIENTED_EDGE('',*,*,#2194,.T.);
#3084=ORIENTED_EDGE('',*,*,#2117,.F.);
#3085=ORIENTED_EDGE('',*,*,#2194,.F.);
#3086=ORIENTED_EDGE('',*,*,#2195,.F.);
#3087=ORIENTED_EDGE('',*,*,#2196,.T.);
#3088=ORIENTED_EDGE('',*,*,#2118,.F.);
#3089=ORIENTED_EDGE('',*,*,#2196,.F.);
#3090=ORIENTED_EDGE('',*,*,#2197,.F.);
#3091=ORIENTED_EDGE('',*,*,#2182,.T.);
#3092=ORIENTED_EDGE('',*,*,#2124,.T.);
#3093=ORIENTED_EDGE('',*,*,#2198,.T.);
#3094=ORIENTED_EDGE('',*,*,#2199,.F.);
#3095=ORIENTED_EDGE('',*,*,#2200,.F.);
#3096=ORIENTED_EDGE('',*,*,#2125,.T.);
#3097=ORIENTED_EDGE('',*,*,#2200,.T.);
#3098=ORIENTED_EDGE('',*,*,#2201,.F.);
#3099=ORIENTED_EDGE('',*,*,#2202,.F.);
#3100=ORIENTED_EDGE('',*,*,#2126,.T.);
#3101=ORIENTED_EDGE('',*,*,#2202,.T.);
#3102=ORIENTED_EDGE('',*,*,#2203,.F.);
#3103=ORIENTED_EDGE('',*,*,#2204,.F.);
#3104=ORIENTED_EDGE('',*,*,#2123,.T.);
#3105=ORIENTED_EDGE('',*,*,#2204,.T.);
#3106=ORIENTED_EDGE('',*,*,#2205,.F.);
#3107=ORIENTED_EDGE('',*,*,#2198,.F.);
#3108=ORIENTED_EDGE('',*,*,#2120,.T.);
#3109=ORIENTED_EDGE('',*,*,#2206,.T.);
#3110=ORIENTED_EDGE('',*,*,#2207,.F.);
#3111=ORIENTED_EDGE('',*,*,#2208,.F.);
#3112=ORIENTED_EDGE('',*,*,#2121,.T.);
#3113=ORIENTED_EDGE('',*,*,#2208,.T.);
#3114=ORIENTED_EDGE('',*,*,#2209,.F.);
#3115=ORIENTED_EDGE('',*,*,#2210,.F.);
#3116=ORIENTED_EDGE('',*,*,#2122,.T.);
#3117=ORIENTED_EDGE('',*,*,#2210,.T.);
#3118=ORIENTED_EDGE('',*,*,#2211,.F.);
#3119=ORIENTED_EDGE('',*,*,#2212,.F.);
#3120=ORIENTED_EDGE('',*,*,#2119,.T.);
#3121=ORIENTED_EDGE('',*,*,#2212,.T.);
#3122=ORIENTED_EDGE('',*,*,#2213,.F.);
#3123=ORIENTED_EDGE('',*,*,#2206,.F.);
#3124=ORIENTED_EDGE('',*,*,#2147,.F.);
#3125=ORIENTED_EDGE('',*,*,#2162,.F.);
#3126=ORIENTED_EDGE('',*,*,#2159,.T.);
#3127=ORIENTED_EDGE('',*,*,#2146,.F.);
#3128=ORIENTED_EDGE('',*,*,#2103,.F.);
#3129=ORIENTED_EDGE('',*,*,#2131,.F.);
#3130=ORIENTED_EDGE('',*,*,#2127,.T.);
#3131=ORIENTED_EDGE('',*,*,#2101,.F.);
#3132=ORIENTED_EDGE('',*,*,#2130,.F.);
#3133=ORIENTED_EDGE('',*,*,#2160,.T.);
#3134=ORIENTED_EDGE('',*,*,#2161,.F.);
#3135=ORIENTED_EDGE('',*,*,#2128,.T.);
#3136=ORIENTED_EDGE('',*,*,#2183,.T.);
#3137=ORIENTED_EDGE('',*,*,#2197,.T.);
#3138=ORIENTED_EDGE('',*,*,#2195,.T.);
#3139=ORIENTED_EDGE('',*,*,#2193,.T.);
#3140=ORIENTED_EDGE('',*,*,#2191,.T.);
#3141=ORIENTED_EDGE('',*,*,#2189,.T.);
#3142=ORIENTED_EDGE('',*,*,#2187,.T.);
#3143=ORIENTED_EDGE('',*,*,#2185,.T.);
#3144=ORIENTED_EDGE('',*,*,#2213,.T.);
#3145=ORIENTED_EDGE('',*,*,#2211,.T.);
#3146=ORIENTED_EDGE('',*,*,#2209,.T.);
#3147=ORIENTED_EDGE('',*,*,#2207,.T.);
#3148=ORIENTED_EDGE('',*,*,#2205,.T.);
#3149=ORIENTED_EDGE('',*,*,#2203,.T.);
#3150=ORIENTED_EDGE('',*,*,#2201,.T.);
#3151=ORIENTED_EDGE('',*,*,#2199,.T.);
#3152=ORIENTED_EDGE('',*,*,#2214,.T.);
#3153=ORIENTED_EDGE('',*,*,#2215,.F.);
#3154=ORIENTED_EDGE('',*,*,#2216,.F.);
#3155=ORIENTED_EDGE('',*,*,#2217,.F.);
#3156=ORIENTED_EDGE('',*,*,#2218,.T.);
#3157=ORIENTED_EDGE('',*,*,#2219,.F.);
#3158=ORIENTED_EDGE('',*,*,#2220,.F.);
#3159=ORIENTED_EDGE('',*,*,#2221,.T.);
#3160=ORIENTED_EDGE('',*,*,#2222,.T.);
#3161=ORIENTED_EDGE('',*,*,#2223,.F.);
#3162=ORIENTED_EDGE('',*,*,#2224,.F.);
#3163=ORIENTED_EDGE('',*,*,#2225,.T.);
#3164=ORIENTED_EDGE('',*,*,#2226,.T.);
#3165=ORIENTED_EDGE('',*,*,#2220,.T.);
#3166=ORIENTED_EDGE('',*,*,#2227,.T.);
#3167=ORIENTED_EDGE('',*,*,#2228,.T.);
#3168=ORIENTED_EDGE('',*,*,#2229,.F.);
#3169=ORIENTED_EDGE('',*,*,#2215,.T.);
#3170=ORIENTED_EDGE('',*,*,#2230,.T.);
#3171=ORIENTED_EDGE('',*,*,#2231,.F.);
#3172=ORIENTED_EDGE('',*,*,#2232,.T.);
#3173=ORIENTED_EDGE('',*,*,#2233,.T.);
#3174=ORIENTED_EDGE('',*,*,#2234,.F.);
#3175=ORIENTED_EDGE('',*,*,#2235,.F.);
#3176=ORIENTED_EDGE('',*,*,#2236,.T.);
#3177=ORIENTED_EDGE('',*,*,#2237,.T.);
#3178=ORIENTED_EDGE('',*,*,#2238,.F.);
#3179=ORIENTED_EDGE('',*,*,#2239,.F.);
#3180=ORIENTED_EDGE('',*,*,#2240,.T.);
#3181=ORIENTED_EDGE('',*,*,#2241,.T.);
#3182=ORIENTED_EDGE('',*,*,#2235,.T.);
#3183=ORIENTED_EDGE('',*,*,#2242,.T.);
#3184=ORIENTED_EDGE('',*,*,#2243,.F.);
#3185=ORIENTED_EDGE('',*,*,#2244,.T.);
#3186=ORIENTED_EDGE('',*,*,#2231,.T.);
#3187=ORIENTED_EDGE('',*,*,#2245,.T.);
#3188=ORIENTED_EDGE('',*,*,#2219,.T.);
#3189=ORIENTED_EDGE('',*,*,#2217,.T.);
#3190=ORIENTED_EDGE('',*,*,#2246,.T.);
#3191=ORIENTED_EDGE('',*,*,#2247,.F.);
#3192=ORIENTED_EDGE('',*,*,#2226,.F.);
#3193=ORIENTED_EDGE('',*,*,#2248,.T.);
#3194=ORIENTED_EDGE('',*,*,#2249,.T.);
#3195=ORIENTED_EDGE('',*,*,#2250,.T.);
#3196=ORIENTED_EDGE('',*,*,#2236,.F.);
#3197=ORIENTED_EDGE('',*,*,#2251,.F.);
#3198=ORIENTED_EDGE('',*,*,#2252,.F.);
#3199=ORIENTED_EDGE('',*,*,#2253,.T.);
#3200=ORIENTED_EDGE('',*,*,#2254,.T.);
#3201=ORIENTED_EDGE('',*,*,#2255,.T.);
#3202=ORIENTED_EDGE('',*,*,#2256,.F.);
#3203=ORIENTED_EDGE('',*,*,#2257,.T.);
#3204=ORIENTED_EDGE('',*,*,#2258,.T.);
#3205=ORIENTED_EDGE('',*,*,#2259,.T.);
#3206=ORIENTED_EDGE('',*,*,#2260,.T.);
#3207=ORIENTED_EDGE('',*,*,#2261,.T.);
#3208=ORIENTED_EDGE('',*,*,#2262,.T.);
#3209=ORIENTED_EDGE('',*,*,#2263,.T.);
#3210=ORIENTED_EDGE('',*,*,#2264,.T.);
#3211=ORIENTED_EDGE('',*,*,#2265,.T.);
#3212=ORIENTED_EDGE('',*,*,#2266,.F.);
#3213=ORIENTED_EDGE('',*,*,#2267,.F.);
#3214=ORIENTED_EDGE('',*,*,#2268,.F.);
#3215=ORIENTED_EDGE('',*,*,#2248,.F.);
#3216=ORIENTED_EDGE('',*,*,#2214,.F.);
#3217=ORIENTED_EDGE('',*,*,#2222,.F.);
#3218=ORIENTED_EDGE('',*,*,#2269,.T.);
#3219=ORIENTED_EDGE('',*,*,#2270,.T.);
#3220=ORIENTED_EDGE('',*,*,#2271,.F.);
#3221=ORIENTED_EDGE('',*,*,#2272,.T.);
#3222=ORIENTED_EDGE('',*,*,#2273,.F.);
#3223=ORIENTED_EDGE('',*,*,#2274,.F.);
#3224=ORIENTED_EDGE('',*,*,#2237,.F.);
#3225=ORIENTED_EDGE('',*,*,#2223,.T.);
#3226=ORIENTED_EDGE('',*,*,#2247,.T.);
#3227=ORIENTED_EDGE('',*,*,#2275,.F.);
#3228=ORIENTED_EDGE('',*,*,#2228,.F.);
#3229=ORIENTED_EDGE('',*,*,#2276,.T.);
#3230=ORIENTED_EDGE('',*,*,#2241,.F.);
#3231=ORIENTED_EDGE('',*,*,#2277,.T.);
#3232=ORIENTED_EDGE('',*,*,#2278,.F.);
#3233=ORIENTED_EDGE('',*,*,#2251,.T.);
#3234=ORIENTED_EDGE('',*,*,#2242,.F.);
#3235=ORIENTED_EDGE('',*,*,#2279,.T.);
#3236=ORIENTED_EDGE('',*,*,#2273,.T.);
#3237=ORIENTED_EDGE('',*,*,#2280,.T.);
#3238=ORIENTED_EDGE('',*,*,#2240,.F.);
#3239=ORIENTED_EDGE('',*,*,#2281,.T.);
#3240=ORIENTED_EDGE('',*,*,#2282,.F.);
#3241=ORIENTED_EDGE('',*,*,#2283,.F.);
#3242=ORIENTED_EDGE('',*,*,#2284,.F.);
#3243=ORIENTED_EDGE('',*,*,#2285,.T.);
#3244=ORIENTED_EDGE('',*,*,#2286,.F.);
#3245=ORIENTED_EDGE('',*,*,#2287,.T.);
#3246=ORIENTED_EDGE('',*,*,#2278,.T.);
#3247=ORIENTED_EDGE('',*,*,#2288,.T.);
#3248=ORIENTED_EDGE('',*,*,#2289,.F.);
#3249=ORIENTED_EDGE('',*,*,#2290,.F.);
#3250=ORIENTED_EDGE('',*,*,#2291,.T.);
#3251=ORIENTED_EDGE('',*,*,#2252,.T.);
#3252=ORIENTED_EDGE('',*,*,#2287,.F.);
#3253=ORIENTED_EDGE('',*,*,#2292,.T.);
#3254=ORIENTED_EDGE('',*,*,#2293,.T.);
#3255=ORIENTED_EDGE('',*,*,#2294,.F.);
#3256=ORIENTED_EDGE('',*,*,#2282,.T.);
#3257=ORIENTED_EDGE('',*,*,#2295,.T.);
#3258=ORIENTED_EDGE('',*,*,#2296,.F.);
#3259=ORIENTED_EDGE('',*,*,#2297,.F.);
#3260=ORIENTED_EDGE('',*,*,#2298,.T.);
#3261=ORIENTED_EDGE('',*,*,#2299,.F.);
#3262=ORIENTED_EDGE('',*,*,#2300,.T.);
#3263=ORIENTED_EDGE('',*,*,#2301,.T.);
#3264=ORIENTED_EDGE('',*,*,#2302,.T.);
#3265=ORIENTED_EDGE('',*,*,#2303,.F.);
#3266=ORIENTED_EDGE('',*,*,#2304,.F.);
#3267=ORIENTED_EDGE('',*,*,#2305,.T.);
#3268=ORIENTED_EDGE('',*,*,#2306,.T.);
#3269=ORIENTED_EDGE('',*,*,#2300,.F.);
#3270=ORIENTED_EDGE('',*,*,#2307,.T.);
#3271=ORIENTED_EDGE('',*,*,#2308,.F.);
#3272=ORIENTED_EDGE('',*,*,#2309,.F.);
#3273=ORIENTED_EDGE('',*,*,#2296,.T.);
#3274=ORIENTED_EDGE('',*,*,#2310,.T.);
#3275=ORIENTED_EDGE('',*,*,#2286,.T.);
#3276=ORIENTED_EDGE('',*,*,#2284,.T.);
#3277=ORIENTED_EDGE('',*,*,#2311,.T.);
#3278=ORIENTED_EDGE('',*,*,#2312,.T.);
#3279=ORIENTED_EDGE('',*,*,#2234,.T.);
#3280=ORIENTED_EDGE('',*,*,#2233,.F.);
#3281=ORIENTED_EDGE('',*,*,#2313,.F.);
#3282=ORIENTED_EDGE('',*,*,#2314,.F.);
#3283=ORIENTED_EDGE('',*,*,#2315,.T.);
#3284=ORIENTED_EDGE('',*,*,#2316,.F.);
#3285=ORIENTED_EDGE('',*,*,#2317,.F.);
#3286=ORIENTED_EDGE('',*,*,#2318,.F.);
#3287=ORIENTED_EDGE('',*,*,#2253,.F.);
#3288=ORIENTED_EDGE('',*,*,#2281,.F.);
#3289=ORIENTED_EDGE('',*,*,#2288,.F.);
#3290=ORIENTED_EDGE('',*,*,#2319,.T.);
#3291=ORIENTED_EDGE('',*,*,#2320,.T.);
#3292=ORIENTED_EDGE('',*,*,#2321,.F.);
#3293=ORIENTED_EDGE('',*,*,#2299,.T.);
#3294=ORIENTED_EDGE('',*,*,#2298,.F.);
#3295=ORIENTED_EDGE('',*,*,#2322,.T.);
#3296=ORIENTED_EDGE('',*,*,#2323,.T.);
#3297=ORIENTED_EDGE('',*,*,#2324,.T.);
#3298=ORIENTED_EDGE('',*,*,#2325,.F.);
#3299=ORIENTED_EDGE('',*,*,#2255,.F.);
#3300=ORIENTED_EDGE('',*,*,#2326,.F.);
#3301=ORIENTED_EDGE('',*,*,#2327,.F.);
#3302=ORIENTED_EDGE('',*,*,#2289,.T.);
#3303=ORIENTED_EDGE('',*,*,#2312,.F.);
#3304=ORIENTED_EDGE('',*,*,#2328,.F.);
#3305=ORIENTED_EDGE('',*,*,#2293,.F.);
#3306=ORIENTED_EDGE('',*,*,#2329,.T.);
#3307=ORIENTED_EDGE('',*,*,#2295,.F.);
#3308=ORIENTED_EDGE('',*,*,#2303,.T.);
#3309=ORIENTED_EDGE('',*,*,#2330,.T.);
#3310=ORIENTED_EDGE('',*,*,#2331,.F.);
#3311=ORIENTED_EDGE('',*,*,#2258,.F.);
#3312=ORIENTED_EDGE('',*,*,#2332,.F.);
#3313=ORIENTED_EDGE('',*,*,#2333,.F.);
#3314=ORIENTED_EDGE('',*,*,#2334,.T.);
#3315=ORIENTED_EDGE('',*,*,#2259,.F.);
#3316=ORIENTED_EDGE('',*,*,#2334,.F.);
#3317=ORIENTED_EDGE('',*,*,#2335,.F.);
#3318=ORIENTED_EDGE('',*,*,#2336,.T.);
#3319=ORIENTED_EDGE('',*,*,#2260,.F.);
#3320=ORIENTED_EDGE('',*,*,#2336,.F.);
#3321=ORIENTED_EDGE('',*,*,#2337,.F.);
#3322=ORIENTED_EDGE('',*,*,#2338,.T.);
#3323=ORIENTED_EDGE('',*,*,#2261,.F.);
#3324=ORIENTED_EDGE('',*,*,#2338,.F.);
#3325=ORIENTED_EDGE('',*,*,#2339,.F.);
#3326=ORIENTED_EDGE('',*,*,#2332,.T.);
#3327=ORIENTED_EDGE('',*,*,#2340,.F.);
#3328=ORIENTED_EDGE('',*,*,#2341,.T.);
#3329=ORIENTED_EDGE('',*,*,#2262,.F.);
#3330=ORIENTED_EDGE('',*,*,#2341,.F.);
#3331=ORIENTED_EDGE('',*,*,#2342,.F.);
#3332=ORIENTED_EDGE('',*,*,#2343,.T.);
#3333=ORIENTED_EDGE('',*,*,#2263,.F.);
#3334=ORIENTED_EDGE('',*,*,#2343,.F.);
#3335=ORIENTED_EDGE('',*,*,#2344,.F.);
#3336=ORIENTED_EDGE('',*,*,#2345,.T.);
#3337=ORIENTED_EDGE('',*,*,#2264,.F.);
#3338=ORIENTED_EDGE('',*,*,#2345,.F.);
#3339=ORIENTED_EDGE('',*,*,#2346,.F.);
#3340=ORIENTED_EDGE('',*,*,#2347,.T.);
#3341=ORIENTED_EDGE('',*,*,#2265,.F.);
#3342=ORIENTED_EDGE('',*,*,#2347,.F.);
#3343=ORIENTED_EDGE('',*,*,#2266,.T.);
#3344=ORIENTED_EDGE('',*,*,#2225,.F.);
#3345=ORIENTED_EDGE('',*,*,#2348,.F.);
#3346=ORIENTED_EDGE('',*,*,#2270,.F.);
#3347=ORIENTED_EDGE('',*,*,#2325,.T.);
#3348=ORIENTED_EDGE('',*,*,#2301,.F.);
#3349=ORIENTED_EDGE('',*,*,#2306,.F.);
#3350=ORIENTED_EDGE('',*,*,#2349,.F.);
#3351=ORIENTED_EDGE('',*,*,#2272,.F.);
#3352=ORIENTED_EDGE('',*,*,#2250,.F.);
#3353=ORIENTED_EDGE('',*,*,#2350,.F.);
#3354=ORIENTED_EDGE('',*,*,#2351,.F.);
#3355=ORIENTED_EDGE('',*,*,#2316,.T.);
#3356=ORIENTED_EDGE('',*,*,#2291,.F.);
#3357=ORIENTED_EDGE('',*,*,#2352,.F.);
#3358=ORIENTED_EDGE('',*,*,#2320,.F.);
#3359=ORIENTED_EDGE('',*,*,#2227,.F.);
#3360=ORIENTED_EDGE('',*,*,#2271,.T.);
#3361=ORIENTED_EDGE('',*,*,#2348,.T.);
#3362=ORIENTED_EDGE('',*,*,#2224,.T.);
#3363=ORIENTED_EDGE('',*,*,#2269,.F.);
#3364=ORIENTED_EDGE('',*,*,#2353,.F.);
#3365=ORIENTED_EDGE('',*,*,#2302,.F.);
#3366=ORIENTED_EDGE('',*,*,#2327,.T.);
#3367=ORIENTED_EDGE('',*,*,#2354,.T.);
#3368=ORIENTED_EDGE('',*,*,#2317,.T.);
#3369=ORIENTED_EDGE('',*,*,#2319,.F.);
#3370=ORIENTED_EDGE('',*,*,#2277,.F.);
#3371=ORIENTED_EDGE('',*,*,#2280,.F.);
#3372=ORIENTED_EDGE('',*,*,#2351,.T.);
#3373=ORIENTED_EDGE('',*,*,#2355,.T.);
#3374=ORIENTED_EDGE('',*,*,#2267,.T.);
#3375=ORIENTED_EDGE('',*,*,#2333,.T.);
#3376=ORIENTED_EDGE('',*,*,#2339,.T.);
#3377=ORIENTED_EDGE('',*,*,#2337,.T.);
#3378=ORIENTED_EDGE('',*,*,#2335,.T.);
#3379=ORIENTED_EDGE('',*,*,#2340,.T.);
#3380=ORIENTED_EDGE('',*,*,#2342,.T.);
#3381=ORIENTED_EDGE('',*,*,#2344,.T.);
#3382=ORIENTED_EDGE('',*,*,#2346,.T.);
#3383=ORIENTED_EDGE('',*,*,#2326,.T.);
#3384=ORIENTED_EDGE('',*,*,#2254,.F.);
#3385=ORIENTED_EDGE('',*,*,#2318,.T.);
#3386=ORIENTED_EDGE('',*,*,#2354,.F.);
#3387=ORIENTED_EDGE('',*,*,#2292,.F.);
#3388=ORIENTED_EDGE('',*,*,#2321,.T.);
#3389=ORIENTED_EDGE('',*,*,#2352,.T.);
#3390=ORIENTED_EDGE('',*,*,#2290,.T.);
#3391=ORIENTED_EDGE('',*,*,#2324,.F.);
#3392=ORIENTED_EDGE('',*,*,#2356,.T.);
#3393=ORIENTED_EDGE('',*,*,#2310,.F.);
#3394=ORIENTED_EDGE('',*,*,#2356,.F.);
#3395=ORIENTED_EDGE('',*,*,#2245,.F.);
#3396=ORIENTED_EDGE('',*,*,#2357,.T.);
#3397=ORIENTED_EDGE('',*,*,#2315,.F.);
#3398=ORIENTED_EDGE('',*,*,#2357,.F.);
#3399=ORIENTED_EDGE('',*,*,#2218,.F.);
#3400=ORIENTED_EDGE('',*,*,#2358,.T.);
#3401=ORIENTED_EDGE('',*,*,#2276,.F.);
#3402=ORIENTED_EDGE('',*,*,#2358,.F.);
#3403=ORIENTED_EDGE('',*,*,#2285,.F.);
#3404=ORIENTED_EDGE('',*,*,#2359,.T.);
#3405=ORIENTED_EDGE('',*,*,#2329,.F.);
#3406=ORIENTED_EDGE('',*,*,#2359,.F.);
#3407=ORIENTED_EDGE('',*,*,#2304,.T.);
#3408=ORIENTED_EDGE('',*,*,#2323,.F.);
#3409=ORIENTED_EDGE('',*,*,#2360,.T.);
#3410=ORIENTED_EDGE('',*,*,#2308,.T.);
#3411=ORIENTED_EDGE('',*,*,#2309,.T.);
#3412=ORIENTED_EDGE('',*,*,#2360,.F.);
#3413=ORIENTED_EDGE('',*,*,#2322,.F.);
#3414=ORIENTED_EDGE('',*,*,#2297,.T.);
#3415=ORIENTED_EDGE('',*,*,#2230,.F.);
#3416=ORIENTED_EDGE('',*,*,#2238,.T.);
#3417=ORIENTED_EDGE('',*,*,#2274,.T.);
#3418=ORIENTED_EDGE('',*,*,#2279,.F.);
#3419=ORIENTED_EDGE('',*,*,#2313,.T.);
#3420=ORIENTED_EDGE('',*,*,#2232,.F.);
#3421=ORIENTED_EDGE('',*,*,#2244,.F.);
#3422=ORIENTED_EDGE('',*,*,#2361,.T.);
#3423=ORIENTED_EDGE('',*,*,#2268,.T.);
#3424=ORIENTED_EDGE('',*,*,#2355,.F.);
#3425=ORIENTED_EDGE('',*,*,#2350,.T.);
#3426=ORIENTED_EDGE('',*,*,#2249,.F.);
#3427=ORIENTED_EDGE('',*,*,#2328,.T.);
#3428=ORIENTED_EDGE('',*,*,#2311,.F.);
#3429=ORIENTED_EDGE('',*,*,#2283,.T.);
#3430=ORIENTED_EDGE('',*,*,#2294,.T.);
#3431=ORIENTED_EDGE('',*,*,#2275,.T.);
#3432=ORIENTED_EDGE('',*,*,#2246,.F.);
#3433=ORIENTED_EDGE('',*,*,#2216,.T.);
#3434=ORIENTED_EDGE('',*,*,#2229,.T.);
#3435=ORIENTED_EDGE('',*,*,#2239,.T.);
#3436=ORIENTED_EDGE('',*,*,#2314,.T.);
#3437=ORIENTED_EDGE('',*,*,#2361,.F.);
#3438=ORIENTED_EDGE('',*,*,#2243,.T.);
#3439=ORIENTED_EDGE('',*,*,#2221,.F.);
#3440=ORIENTED_EDGE('',*,*,#2257,.F.);
#3441=ORIENTED_EDGE('',*,*,#2330,.F.);
#3442=ORIENTED_EDGE('',*,*,#2353,.T.);
#3443=ORIENTED_EDGE('',*,*,#2307,.F.);
#3444=ORIENTED_EDGE('',*,*,#2331,.T.);
#3445=ORIENTED_EDGE('',*,*,#2256,.T.);
#3446=ORIENTED_EDGE('',*,*,#2349,.T.);
#3447=ORIENTED_EDGE('',*,*,#2305,.F.);
#3448=CYLINDRICAL_SURFACE('',#3793,1.2645);
#3449=CYLINDRICAL_SURFACE('',#3795,1.2645);
#3450=CYLINDRICAL_SURFACE('',#3796,1.2645);
#3451=CYLINDRICAL_SURFACE('',#3797,1.2645);
#3452=CYLINDRICAL_SURFACE('',#3798,1.2645);
#3453=CYLINDRICAL_SURFACE('',#3799,1.2645);
#3454=CYLINDRICAL_SURFACE('',#3800,1.2645);
#3455=CYLINDRICAL_SURFACE('',#3801,1.2645);
#3456=CYLINDRICAL_SURFACE('',#3802,1.2645);
#3457=CYLINDRICAL_SURFACE('',#3803,1.2645);
#3458=CYLINDRICAL_SURFACE('',#3804,1.2645);
#3459=CYLINDRICAL_SURFACE('',#3805,1.2645);
#3460=CYLINDRICAL_SURFACE('',#3806,1.2645);
#3461=CYLINDRICAL_SURFACE('',#3807,1.2645);
#3462=CYLINDRICAL_SURFACE('',#3808,1.2645);
#3463=CYLINDRICAL_SURFACE('',#3810,1.2645);
#3464=CYLINDRICAL_SURFACE('',#3812,1.2645);
#3465=CYLINDRICAL_SURFACE('',#3813,1.2645);
#3466=CYLINDRICAL_SURFACE('',#3814,1.2645);
#3467=CYLINDRICAL_SURFACE('',#3815,1.2645);
#3468=CYLINDRICAL_SURFACE('',#3816,1.2645);
#3469=CYLINDRICAL_SURFACE('',#3817,1.2645);
#3470=CYLINDRICAL_SURFACE('',#3818,1.2645);
#3471=CYLINDRICAL_SURFACE('',#3819,1.2645);
#3472=CYLINDRICAL_SURFACE('',#3820,1.2645);
#3473=CYLINDRICAL_SURFACE('',#3821,1.2645);
#3474=CYLINDRICAL_SURFACE('',#3822,1.2645);
#3475=CYLINDRICAL_SURFACE('',#3823,1.2645);
#3476=CYLINDRICAL_SURFACE('',#3824,1.2645);
#3477=CYLINDRICAL_SURFACE('',#3825,1.2645);
#3478=CYLINDRICAL_SURFACE('',#3827,1.54300000000003);
#3479=CYLINDRICAL_SURFACE('',#3829,1.54300000000003);
#3480=CYLINDRICAL_SURFACE('',#3830,1.54300000000003);
#3481=CYLINDRICAL_SURFACE('',#3831,1.54300000000003);
#3482=CYLINDRICAL_SURFACE('',#3832,1.54300000000003);
#3483=CYLINDRICAL_SURFACE('',#3833,1.54300000000003);
#3484=CYLINDRICAL_SURFACE('',#3834,1.54300000000003);
#3485=CYLINDRICAL_SURFACE('',#3835,1.54300000000003);
#3486=CYLINDRICAL_SURFACE('',#3836,1.54300000000003);
#3487=CYLINDRICAL_SURFACE('',#3837,1.54300000000003);
#3488=CYLINDRICAL_SURFACE('',#3838,1.54300000000003);
#3489=CYLINDRICAL_SURFACE('',#3839,1.54300000000003);
#3490=CYLINDRICAL_SURFACE('',#3840,1.54300000000003);
#3491=CYLINDRICAL_SURFACE('',#3841,1.54300000000003);
#3492=CYLINDRICAL_SURFACE('',#3842,1.54300000000003);
#3493=CYLINDRICAL_SURFACE('',#3844,1.54300000000003);
#3494=CYLINDRICAL_SURFACE('',#3846,1.54300000000003);
#3495=CYLINDRICAL_SURFACE('',#3847,1.54300000000003);
#3496=CYLINDRICAL_SURFACE('',#3848,1.54300000000003);
#3497=CYLINDRICAL_SURFACE('',#3849,1.54300000000003);
#3498=CYLINDRICAL_SURFACE('',#3850,1.54300000000003);
#3499=CYLINDRICAL_SURFACE('',#3851,1.54300000000003);
#3500=CYLINDRICAL_SURFACE('',#3852,1.54300000000003);
#3501=CYLINDRICAL_SURFACE('',#3853,1.54300000000003);
#3502=CYLINDRICAL_SURFACE('',#3854,1.54300000000003);
#3503=CYLINDRICAL_SURFACE('',#3855,1.54300000000003);
#3504=CYLINDRICAL_SURFACE('',#3856,1.54300000000003);
#3505=CYLINDRICAL_SURFACE('',#3857,1.54300000000003);
#3506=CYLINDRICAL_SURFACE('',#3858,1.54300000000003);
#3507=CYLINDRICAL_SURFACE('',#3859,1.54300000000003);
#3508=CYLINDRICAL_SURFACE('',#3868,1.54300000000003);
#3509=CYLINDRICAL_SURFACE('',#3872,1.54300000000003);
#3510=CYLINDRICAL_SURFACE('',#3874,1.2645);
#3511=CYLINDRICAL_SURFACE('',#3876,1.2645);
#3512=CYLINDRICAL_SURFACE('',#3902,2.032);
#3513=CYLINDRICAL_SURFACE('',#3916,1.016);
#3514=CYLINDRICAL_SURFACE('',#3924,2.032);
#3515=CYLINDRICAL_SURFACE('',#3932,1.016);
#3516=CYLINDRICAL_SURFACE('',#3939,3.);
#3517=CYLINDRICAL_SURFACE('',#3941,3.);
#3518=CYLINDRICAL_SURFACE('',#3943,3.);
#3519=CYLINDRICAL_SURFACE('',#3945,3.);
#3520=CYLINDRICAL_SURFACE('',#3948,3.00000000000001);
#3521=CYLINDRICAL_SURFACE('',#3951,3.);
#3522=CYLINDRICAL_SURFACE('',#3954,3.);
#3523=CYLINDRICAL_SURFACE('',#3957,3.00000000000001);
#3524=CYLINDRICAL_SURFACE('',#3959,3.);
#3525=CYLINDRICAL_SURFACE('',#3962,3.00000000000001);
#3526=CYLINDRICAL_SURFACE('',#3966,3.00000000000001);
#3527=CYLINDRICAL_SURFACE('',#3969,3.);
#3528=CYLINDRICAL_SURFACE('',#3980,1.016);
#3529=CYLINDRICAL_SURFACE('',#3984,1.016);
#3530=CYLINDRICAL_SURFACE('',#4001,1.5);
#3531=CYLINDRICAL_SURFACE('',#4003,2.032);
#3532=CYLINDRICAL_SURFACE('',#4008,2.032);
#3533=CYLINDRICAL_SURFACE('',#4015,1.016);
#3534=CYLINDRICAL_SURFACE('',#4019,2.032);
#3535=CYLINDRICAL_SURFACE('',#4029,1.5);
#3536=CYLINDRICAL_SURFACE('',#4031,2.032);
#3537=CYLINDRICAL_SURFACE('',#4035,1.5);
#3538=CYLINDRICAL_SURFACE('',#4045,1.7);
#3539=CYLINDRICAL_SURFACE('',#4047,1.7);
#3540=CYLINDRICAL_SURFACE('',#4049,1.7);
#3541=CYLINDRICAL_SURFACE('',#4051,1.7);
#3542=CYLINDRICAL_SURFACE('',#4053,1.5);
#3543=CYLINDRICAL_SURFACE('',#4059,2.25);
#3544=CYLINDRICAL_SURFACE('',#4060,2.25);
#3545=CYLINDRICAL_SURFACE('',#4061,2.25);
#3546=CYLINDRICAL_SURFACE('',#4062,2.25);
#3547=CYLINDRICAL_SURFACE('',#4072,1.016);
#3548=ADVANCED_FACE('',(#176),#3448,.F.);
#3549=ADVANCED_FACE('',(#177),#3449,.F.);
#3550=ADVANCED_FACE('',(#178),#3450,.F.);
#3551=ADVANCED_FACE('',(#179),#3451,.F.);
#3552=ADVANCED_FACE('',(#180),#3452,.F.);
#3553=ADVANCED_FACE('',(#181),#3453,.F.);
#3554=ADVANCED_FACE('',(#182),#3454,.F.);
#3555=ADVANCED_FACE('',(#183),#3455,.F.);
#3556=ADVANCED_FACE('',(#184),#3456,.F.);
#3557=ADVANCED_FACE('',(#185),#3457,.F.);
#3558=ADVANCED_FACE('',(#186),#3458,.F.);
#3559=ADVANCED_FACE('',(#187),#3459,.F.);
#3560=ADVANCED_FACE('',(#188),#3460,.F.);
#3561=ADVANCED_FACE('',(#189),#3461,.F.);
#3562=ADVANCED_FACE('',(#190),#3462,.F.);
#3563=ADVANCED_FACE('',(#191),#3463,.F.);
#3564=ADVANCED_FACE('',(#192),#3464,.F.);
#3565=ADVANCED_FACE('',(#193),#3465,.F.);
#3566=ADVANCED_FACE('',(#194),#3466,.F.);
#3567=ADVANCED_FACE('',(#195),#3467,.F.);
#3568=ADVANCED_FACE('',(#196),#3468,.F.);
#3569=ADVANCED_FACE('',(#197),#3469,.F.);
#3570=ADVANCED_FACE('',(#198),#3470,.F.);
#3571=ADVANCED_FACE('',(#199),#3471,.F.);
#3572=ADVANCED_FACE('',(#200),#3472,.F.);
#3573=ADVANCED_FACE('',(#201),#3473,.F.);
#3574=ADVANCED_FACE('',(#202),#3474,.F.);
#3575=ADVANCED_FACE('',(#203),#3475,.F.);
#3576=ADVANCED_FACE('',(#204),#3476,.F.);
#3577=ADVANCED_FACE('',(#205),#3477,.F.);
#3578=ADVANCED_FACE('',(#206),#3478,.F.);
#3579=ADVANCED_FACE('',(#207),#3479,.F.);
#3580=ADVANCED_FACE('',(#208),#3480,.F.);
#3581=ADVANCED_FACE('',(#209),#3481,.F.);
#3582=ADVANCED_FACE('',(#210),#3482,.F.);
#3583=ADVANCED_FACE('',(#211),#3483,.F.);
#3584=ADVANCED_FACE('',(#212),#3484,.F.);
#3585=ADVANCED_FACE('',(#213),#3485,.F.);
#3586=ADVANCED_FACE('',(#214),#3486,.F.);
#3587=ADVANCED_FACE('',(#215),#3487,.F.);
#3588=ADVANCED_FACE('',(#216),#3488,.F.);
#3589=ADVANCED_FACE('',(#217),#3489,.F.);
#3590=ADVANCED_FACE('',(#218),#3490,.F.);
#3591=ADVANCED_FACE('',(#219),#3491,.F.);
#3592=ADVANCED_FACE('',(#220),#3492,.F.);
#3593=ADVANCED_FACE('',(#221),#3493,.F.);
#3594=ADVANCED_FACE('',(#222),#3494,.F.);
#3595=ADVANCED_FACE('',(#223),#3495,.F.);
#3596=ADVANCED_FACE('',(#224),#3496,.F.);
#3597=ADVANCED_FACE('',(#225),#3497,.F.);
#3598=ADVANCED_FACE('',(#226),#3498,.F.);
#3599=ADVANCED_FACE('',(#227),#3499,.F.);
#3600=ADVANCED_FACE('',(#228),#3500,.F.);
#3601=ADVANCED_FACE('',(#229),#3501,.F.);
#3602=ADVANCED_FACE('',(#230),#3502,.F.);
#3603=ADVANCED_FACE('',(#231),#3503,.F.);
#3604=ADVANCED_FACE('',(#232),#3504,.F.);
#3605=ADVANCED_FACE('',(#233),#3505,.F.);
#3606=ADVANCED_FACE('',(#234),#3506,.F.);
#3607=ADVANCED_FACE('',(#235),#3507,.F.);
#3608=ADVANCED_FACE('',(#236),#84,.F.);
#3609=ADVANCED_FACE('',(#237),#85,.F.);
#3610=ADVANCED_FACE('',(#238),#86,.F.);
#3611=ADVANCED_FACE('',(#239),#87,.F.);
#3612=ADVANCED_FACE('',(#240),#88,.T.);
#3613=ADVANCED_FACE('',(#241),#3508,.F.);
#3614=ADVANCED_FACE('',(#242),#72,.F.);
#3615=ADVANCED_FACE('',(#243),#73,.F.);
#3616=ADVANCED_FACE('',(#244),#89,.T.);
#3617=ADVANCED_FACE('',(#245),#3509,.F.);
#3618=ADVANCED_FACE('',(#246),#74,.F.);
#3619=ADVANCED_FACE('',(#247),#75,.F.);
#3620=ADVANCED_FACE('',(#248),#70,.F.);
#3621=ADVANCED_FACE('',(#249),#3510,.F.);
#3622=ADVANCED_FACE('',(#250),#71,.F.);
#3623=ADVANCED_FACE('',(#251),#3511,.F.);
#3624=ADVANCED_FACE('',(#252),#90,.F.);
#3625=ADVANCED_FACE('',(#253),#91,.F.);
#3626=ADVANCED_FACE('',(#254),#92,.F.);
#3627=ADVANCED_FACE('',(#255),#93,.F.);
#3628=ADVANCED_FACE('',(#256),#94,.F.);
#3629=ADVANCED_FACE('',(#257),#95,.F.);
#3630=ADVANCED_FACE('',(#258),#96,.F.);
#3631=ADVANCED_FACE('',(#259,#35),#97,.F.);
#3632=ADVANCED_FACE('',(#260),#98,.T.);
#3633=ADVANCED_FACE('',(#261),#99,.T.);
#3634=ADVANCED_FACE('',(#262),#100,.T.);
#3635=ADVANCED_FACE('',(#263),#101,.T.);
#3636=ADVANCED_FACE('',(#264,#36,#37),#102,.T.);
#3637=ADVANCED_FACE('',(#265),#103,.T.);
#3638=ADVANCED_FACE('',(#266),#104,.T.);
#3639=ADVANCED_FACE('',(#267),#105,.T.);
#3640=ADVANCED_FACE('',(#268),#106,.T.);
#3641=ADVANCED_FACE('',(#269,#38,#39,#40,#41),#107,.T.);
#3642=ADVANCED_FACE('',(#270,#42),#108,.T.);
#3643=ADVANCED_FACE('',(#271),#109,.T.);
#3644=ADVANCED_FACE('',(#272),#3512,.T.);
#3645=ADVANCED_FACE('',(#273),#110,.T.);
#3646=ADVANCED_FACE('',(#274),#111,.T.);
#3647=ADVANCED_FACE('',(#275,#43,#44,#45),#112,.F.);
#3648=ADVANCED_FACE('',(#276),#113,.T.);
#3649=ADVANCED_FACE('',(#277),#3513,.F.);
#3650=ADVANCED_FACE('',(#278,#46),#114,.T.);
#3651=ADVANCED_FACE('',(#279),#115,.T.);
#3652=ADVANCED_FACE('',(#280),#3514,.T.);
#3653=ADVANCED_FACE('',(#281),#116,.T.);
#3654=ADVANCED_FACE('',(#282),#117,.T.);
#3655=ADVANCED_FACE('',(#283,#47),#118,.F.);
#3656=ADVANCED_FACE('',(#284),#119,.T.);
#3657=ADVANCED_FACE('',(#285),#3515,.F.);
#3658=ADVANCED_FACE('',(#286),#76,.F.);
#3659=ADVANCED_FACE('',(#287,#48),#120,.F.);
#3660=ADVANCED_FACE('',(#288),#121,.T.);
#3661=ADVANCED_FACE('',(#289),#77,.F.);
#3662=ADVANCED_FACE('',(#290),#78,.F.);
#3663=ADVANCED_FACE('',(#291),#122,.T.);
#3664=ADVANCED_FACE('',(#292),#79,.F.);
#3665=ADVANCED_FACE('',(#293),#3516,.F.);
#3666=ADVANCED_FACE('',(#294),#123,.T.);
#3667=ADVANCED_FACE('',(#295),#3517,.F.);
#3668=ADVANCED_FACE('',(#296),#124,.T.);
#3669=ADVANCED_FACE('',(#297),#3518,.F.);
#3670=ADVANCED_FACE('',(#298),#125,.F.);
#3671=ADVANCED_FACE('',(#299),#3519,.F.);
#3672=ADVANCED_FACE('',(#300),#126,.F.);
#3673=ADVANCED_FACE('',(#301),#127,.F.);
#3674=ADVANCED_FACE('',(#302),#3520,.F.);
#3675=ADVANCED_FACE('',(#303),#128,.F.);
#3676=ADVANCED_FACE('',(#304),#3521,.F.);
#3677=ADVANCED_FACE('',(#305),#129,.F.);
#3678=ADVANCED_FACE('',(#306),#3522,.F.);
#3679=ADVANCED_FACE('',(#307),#130,.F.);
#3680=ADVANCED_FACE('',(#308),#3523,.F.);
#3681=ADVANCED_FACE('',(#309),#3524,.F.);
#3682=ADVANCED_FACE('',(#310),#131,.T.);
#3683=ADVANCED_FACE('',(#311),#3525,.F.);
#3684=ADVANCED_FACE('',(#312),#132,.T.);
#3685=ADVANCED_FACE('',(#313),#133,.T.);
#3686=ADVANCED_FACE('',(#314),#3526,.F.);
#3687=ADVANCED_FACE('',(#315),#134,.T.);
#3688=ADVANCED_FACE('',(#316),#3527,.F.);
#3689=ADVANCED_FACE('',(#317),#135,.T.);
#3690=ADVANCED_FACE('',(#318),#136,.T.);
#3691=ADVANCED_FACE('',(#319,#49,#50,#51),#137,.T.);
#3692=ADVANCED_FACE('',(#320,#52),#138,.T.);
#3693=ADVANCED_FACE('',(#321),#139,.T.);
#3694=ADVANCED_FACE('',(#322),#3528,.F.);
#3695=ADVANCED_FACE('',(#323),#140,.T.);
#3696=ADVANCED_FACE('',(#324),#141,.T.);
#3697=ADVANCED_FACE('',(#325),#3529,.F.);
#3698=ADVANCED_FACE('',(#326),#142,.T.);
#3699=ADVANCED_FACE('',(#327,#53),#143,.T.);
#3700=ADVANCED_FACE('',(#328),#144,.T.);
#3701=ADVANCED_FACE('',(#329,#54,#55,#56,#57,#58),#145,.F.);
#3702=ADVANCED_FACE('',(#330),#3530,.F.);
#3703=ADVANCED_FACE('',(#331),#3531,.T.);
#3704=ADVANCED_FACE('',(#332),#80,.T.);
#3705=ADVANCED_FACE('',(#333,#59),#146,.F.);
#3706=ADVANCED_FACE('',(#334),#147,.T.);
#3707=ADVANCED_FACE('',(#335),#3532,.T.);
#3708=ADVANCED_FACE('',(#336,#60),#148,.T.);
#3709=ADVANCED_FACE('',(#337),#149,.T.);
#3710=ADVANCED_FACE('',(#338),#3533,.F.);
#3711=ADVANCED_FACE('',(#339),#150,.T.);
#3712=ADVANCED_FACE('',(#340),#151,.T.);
#3713=ADVANCED_FACE('',(#341),#3534,.T.);
#3714=ADVANCED_FACE('',(#342),#152,.T.);
#3715=ADVANCED_FACE('',(#343,#61),#153,.F.);
#3716=ADVANCED_FACE('',(#344),#154,.T.);
#3717=ADVANCED_FACE('',(#345,#62),#155,.F.);
#3718=ADVANCED_FACE('',(#346),#3535,.F.);
#3719=ADVANCED_FACE('',(#347),#3536,.T.);
#3720=ADVANCED_FACE('',(#348,#63),#156,.T.);
#3721=ADVANCED_FACE('',(#349),#3537,.F.);
#3722=ADVANCED_FACE('',(#350,#64),#157,.F.);
#3723=ADVANCED_FACE('',(#351),#158,.T.);
#3724=ADVANCED_FACE('',(#352),#159,.F.);
#3725=ADVANCED_FACE('',(#353),#160,.F.);
#3726=ADVANCED_FACE('',(#354),#161,.F.);
#3727=ADVANCED_FACE('',(#355),#162,.F.);
#3728=ADVANCED_FACE('',(#356),#3538,.F.);
#3729=ADVANCED_FACE('',(#357),#3539,.F.);
#3730=ADVANCED_FACE('',(#358),#3540,.F.);
#3731=ADVANCED_FACE('',(#359),#3541,.F.);
#3732=ADVANCED_FACE('',(#360),#81,.T.);
#3733=ADVANCED_FACE('',(#361),#82,.T.);
#3734=ADVANCED_FACE('',(#362),#3542,.F.);
#3735=ADVANCED_FACE('',(#363),#83,.T.);
#3736=ADVANCED_FACE('',(#364),#163,.T.);
#3737=ADVANCED_FACE('',(#365,#65,#66,#67,#68,#69),#164,.T.);
#3738=ADVANCED_FACE('',(#366),#165,.T.);
#3739=ADVANCED_FACE('',(#367),#166,.T.);
#3740=ADVANCED_FACE('',(#368),#3543,.F.);
#3741=ADVANCED_FACE('',(#369),#3544,.F.);
#3742=ADVANCED_FACE('',(#370),#3545,.F.);
#3743=ADVANCED_FACE('',(#371),#3546,.F.);
#3744=ADVANCED_FACE('',(#372),#167,.T.);
#3745=ADVANCED_FACE('',(#373),#168,.T.);
#3746=ADVANCED_FACE('',(#374),#169,.T.);
#3747=ADVANCED_FACE('',(#375),#170,.T.);
#3748=ADVANCED_FACE('',(#376),#171,.T.);
#3749=ADVANCED_FACE('',(#377),#172,.T.);
#3750=ADVANCED_FACE('',(#378),#173,.T.);
#3751=ADVANCED_FACE('',(#379),#174,.T.);
#3752=ADVANCED_FACE('',(#380),#175,.T.);
#3753=ADVANCED_FACE('',(#381),#3547,.F.);
#3754=CLOSED_SHELL('',(#3548,#3549,#3550,#3551,#3552,#3553,#3554,#3555,
#3556,#3557,#3558,#3559,#3560,#3561,#3562,#3563,#3564,#3565,#3566,#3567,
#3568,#3569,#3570,#3571,#3572,#3573,#3574,#3575,#3576,#3577,#3578,#3579,
#3580,#3581,#3582,#3583,#3584,#3585,#3586,#3587,#3588,#3589,#3590,#3591,
#3592,#3593,#3594,#3595,#3596,#3597,#3598,#3599,#3600,#3601,#3602,#3603,
#3604,#3605,#3606,#3607,#3608,#3609,#3610,#3611,#3612,#3613,#3614,#3615,
#3616,#3617,#3618,#3619,#3620,#3621,#3622,#3623,#3624,#3625,#3626,#3627,
#3628,#3629,#3630,#3631,#3632,#3633,#3634,#3635,#3636,#3637,#3638,#3639,
#3640,#3641));
#3755=CLOSED_SHELL('',(#3642,#3643,#3644,#3645,#3646,#3647,#3648,#3649,
#3650,#3651,#3652,#3653,#3654,#3655,#3656,#3657,#3658,#3659,#3660,#3661,
#3662,#3663,#3664,#3665,#3666,#3667,#3668,#3669,#3670,#3671,#3672,#3673,
#3674,#3675,#3676,#3677,#3678,#3679,#3680,#3681,#3682,#3683,#3684,#3685,
#3686,#3687,#3688,#3689,#3690,#3691));
#3756=CLOSED_SHELL('',(#3692,#3693,#3694,#3695,#3696,#3697,#3698,#3699,
#3700,#3701,#3702,#3703,#3704,#3705,#3706,#3707,#3708,#3709,#3710,#3711,
#3712,#3713,#3714,#3715,#3716,#3717,#3718,#3719,#3720,#3721,#3722,#3723,
#3724,#3725,#3726,#3727,#3728,#3729,#3730,#3731,#3732,#3733,#3734,#3735,
#3736,#3737,#3738,#3739,#3740,#3741,#3742,#3743,#3744,#3745,#3746,#3747,
#3748,#3749,#3750,#3751,#3752,#3753));
#3757=DERIVED_UNIT_ELEMENT(#3763,1.);
#3758=DERIVED_UNIT_ELEMENT(#10644,-3.);
#3759=DERIVED_UNIT_ELEMENT(#3763,1.);
#3760=DERIVED_UNIT_ELEMENT(#10644,-3.);
#3761=DERIVED_UNIT_ELEMENT(#3763,1.);
#3762=DERIVED_UNIT_ELEMENT(#10644,-3.);
#3763=(
MASS_UNIT()
NAMED_UNIT(*)
SI_UNIT(.KILO.,.GRAM.)
);
#3764=DERIVED_UNIT((#3757,#3758));
#3765=DERIVED_UNIT((#3759,#3760));
#3766=DERIVED_UNIT((#3761,#3762));
#3767=MEASURE_REPRESENTATION_ITEM('density measure',
POSITIVE_RATIO_MEASURE(7850.),#3764);
#3768=MEASURE_REPRESENTATION_ITEM('density measure',
POSITIVE_RATIO_MEASURE(7850.),#3765);
#3769=MEASURE_REPRESENTATION_ITEM('density measure',
POSITIVE_RATIO_MEASURE(7850.),#3766);
#3770=PROPERTY_DEFINITION_REPRESENTATION(#3785,#3776);
#3771=PROPERTY_DEFINITION_REPRESENTATION(#3786,#3777);
#3772=PROPERTY_DEFINITION_REPRESENTATION(#3787,#3778);
#3773=PROPERTY_DEFINITION_REPRESENTATION(#3788,#3779);
#3774=PROPERTY_DEFINITION_REPRESENTATION(#3789,#3780);
#3775=PROPERTY_DEFINITION_REPRESENTATION(#3790,#3781);
#3776=REPRESENTATION('material name',(#3782),#10639);
#3777=REPRESENTATION('density',(#3767),#10639);
#3778=REPRESENTATION('material name',(#3783),#10640);
#3779=REPRESENTATION('density',(#3768),#10640);
#3780=REPRESENTATION('material name',(#3784),#10641);
#3781=REPRESENTATION('density',(#3769),#10641);
#3782=DESCRIPTIVE_REPRESENTATION_ITEM('Steel','Steel');
#3783=DESCRIPTIVE_REPRESENTATION_ITEM('Steel','Steel');
#3784=DESCRIPTIVE_REPRESENTATION_ITEM('Steel','Steel');
#3785=PROPERTY_DEFINITION('material property','material name',#10664);
#3786=PROPERTY_DEFINITION('material property','density of part',#10664);
#3787=PROPERTY_DEFINITION('material property','material name',#10665);
#3788=PROPERTY_DEFINITION('material property','density of part',#10665);
#3789=PROPERTY_DEFINITION('material property','material name',#10666);
#3790=PROPERTY_DEFINITION('material property','density of part',#10666);
#3791=AXIS2_PLACEMENT_3D('',#4953,#4076,#4077);
#3792=AXIS2_PLACEMENT_3D('',#4954,#4078,#4079);
#3793=AXIS2_PLACEMENT_3D('',#4955,#4080,#4081);
#3794=AXIS2_PLACEMENT_3D('',#4965,#4083,#4084);
#3795=AXIS2_PLACEMENT_3D('',#4976,#4085,#4086);
#3796=AXIS2_PLACEMENT_3D('',#5027,#4088,#4089);
#3797=AXIS2_PLACEMENT_3D('',#5078,#4091,#4092);
#3798=AXIS2_PLACEMENT_3D('',#5126,#4094,#4095);
#3799=AXIS2_PLACEMENT_3D('',#5177,#4097,#4098);
#3800=AXIS2_PLACEMENT_3D('',#5228,#4100,#4101);
#3801=AXIS2_PLACEMENT_3D('',#5276,#4103,#4104);
#3802=AXIS2_PLACEMENT_3D('',#5327,#4106,#4107);
#3803=AXIS2_PLACEMENT_3D('',#5378,#4109,#4110);
#3804=AXIS2_PLACEMENT_3D('',#5426,#4112,#4113);
#3805=AXIS2_PLACEMENT_3D('',#5477,#4115,#4116);
#3806=AXIS2_PLACEMENT_3D('',#5528,#4118,#4119);
#3807=AXIS2_PLACEMENT_3D('',#5576,#4121,#4122);
#3808=AXIS2_PLACEMENT_3D('',#5627,#4124,#4125);
#3809=AXIS2_PLACEMENT_3D('',#5646,#4127,#4128);
#3810=AXIS2_PLACEMENT_3D('',#5666,#4129,#4130);
#3811=AXIS2_PLACEMENT_3D('',#5676,#4132,#4133);
#3812=AXIS2_PLACEMENT_3D('',#5687,#4134,#4135);
#3813=AXIS2_PLACEMENT_3D('',#5738,#4137,#4138);
#3814=AXIS2_PLACEMENT_3D('',#5789,#4140,#4141);
#3815=AXIS2_PLACEMENT_3D('',#5837,#4143,#4144);
#3816=AXIS2_PLACEMENT_3D('',#5888,#4146,#4147);
#3817=AXIS2_PLACEMENT_3D('',#5939,#4149,#4150);
#3818=AXIS2_PLACEMENT_3D('',#5987,#4152,#4153);
#3819=AXIS2_PLACEMENT_3D('',#6038,#4155,#4156);
#3820=AXIS2_PLACEMENT_3D('',#6089,#4158,#4159);
#3821=AXIS2_PLACEMENT_3D('',#6137,#4161,#4162);
#3822=AXIS2_PLACEMENT_3D('',#6188,#4164,#4165);
#3823=AXIS2_PLACEMENT_3D('',#6239,#4167,#4168);
#3824=AXIS2_PLACEMENT_3D('',#6287,#4170,#4171);
#3825=AXIS2_PLACEMENT_3D('',#6338,#4173,#4174);
#3826=AXIS2_PLACEMENT_3D('',#6357,#4176,#4177);
#3827=AXIS2_PLACEMENT_3D('',#6377,#4178,#4179);
#3828=AXIS2_PLACEMENT_3D('',#6391,#4181,#4182);
#3829=AXIS2_PLACEMENT_3D('',#6401,#4183,#4184);
#3830=AXIS2_PLACEMENT_3D('',#6425,#4186,#4187);
#3831=AXIS2_PLACEMENT_3D('',#6450,#4189,#4190);
#3832=AXIS2_PLACEMENT_3D('',#6475,#4192,#4193);
#3833=AXIS2_PLACEMENT_3D('',#6499,#4195,#4196);
#3834=AXIS2_PLACEMENT_3D('',#6524,#4198,#4199);
#3835=AXIS2_PLACEMENT_3D('',#6549,#4201,#4202);
#3836=AXIS2_PLACEMENT_3D('',#6573,#4204,#4205);
#3837=AXIS2_PLACEMENT_3D('',#6598,#4207,#4208);
#3838=AXIS2_PLACEMENT_3D('',#6623,#4210,#4211);
#3839=AXIS2_PLACEMENT_3D('',#6647,#4213,#4214);
#3840=AXIS2_PLACEMENT_3D('',#6672,#4216,#4217);
#3841=AXIS2_PLACEMENT_3D('',#6697,#4219,#4220);
#3842=AXIS2_PLACEMENT_3D('',#6721,#4222,#4223);
#3843=AXIS2_PLACEMENT_3D('',#6732,#4225,#4226);
#3844=AXIS2_PLACEMENT_3D('',#6738,#4227,#4228);
#3845=AXIS2_PLACEMENT_3D('',#6752,#4230,#4231);
#3846=AXIS2_PLACEMENT_3D('',#6762,#4232,#4233);
#3847=AXIS2_PLACEMENT_3D('',#6786,#4235,#4236);
#3848=AXIS2_PLACEMENT_3D('',#6811,#4238,#4239);
#3849=AXIS2_PLACEMENT_3D('',#6836,#4241,#4242);
#3850=AXIS2_PLACEMENT_3D('',#6860,#4244,#4245);
#3851=AXIS2_PLACEMENT_3D('',#6885,#4247,#4248);
#3852=AXIS2_PLACEMENT_3D('',#6910,#4250,#4251);
#3853=AXIS2_PLACEMENT_3D('',#6934,#4253,#4254);
#3854=AXIS2_PLACEMENT_3D('',#6959,#4256,#4257);
#3855=AXIS2_PLACEMENT_3D('',#6984,#4259,#4260);
#3856=AXIS2_PLACEMENT_3D('',#7008,#4262,#4263);
#3857=AXIS2_PLACEMENT_3D('',#7033,#4265,#4266);
#3858=AXIS2_PLACEMENT_3D('',#7058,#4268,#4269);
#3859=AXIS2_PLACEMENT_3D('',#7082,#4271,#4272);
#3860=AXIS2_PLACEMENT_3D('',#7093,#4274,#4275);
#3861=AXIS2_PLACEMENT_3D('',#7099,#4276,#4277);
#3862=AXIS2_PLACEMENT_3D('',#7108,#4282,#4283);
#3863=AXIS2_PLACEMENT_3D('',#7114,#4287,#4288);
#3864=AXIS2_PLACEMENT_3D('',#7118,#4291,#4292);
#3865=AXIS2_PLACEMENT_3D('',#7126,#4297,#4298);
#3866=AXIS2_PLACEMENT_3D('',#7128,#4299,#4300);
#3867=AXIS2_PLACEMENT_3D('',#7129,#4301,#4302);
#3868=AXIS2_PLACEMENT_3D('',#7282,#4303,#4304);
#3869=AXIS2_PLACEMENT_3D('',#8312,#4305,#4306);
#3870=AXIS2_PLACEMENT_3D('',#8314,#4307,#4308);
#3871=AXIS2_PLACEMENT_3D('',#8315,#4309,#4310);
#3872=AXIS2_PLACEMENT_3D('',#8468,#4311,#4312);
#3873=AXIS2_PLACEMENT_3D('',#9498,#4313,#4314);
#3874=AXIS2_PLACEMENT_3D('',#9501,#4316,#4317);
#3875=AXIS2_PLACEMENT_3D('',#9502,#4318,#4319);
#3876=AXIS2_PLACEMENT_3D('',#9505,#4321,#4322);
#3877=AXIS2_PLACEMENT_3D('',#9506,#4323,#4324);
#3878=AXIS2_PLACEMENT_3D('',#9512,#4328,#4329);
#3879=AXIS2_PLACEMENT_3D('',#9518,#4333,#4334);
#3880=AXIS2_PLACEMENT_3D('',#9521,#4337,#4338);
#3881=AXIS2_PLACEMENT_3D('',#9530,#4343,#4344);
#3882=AXIS2_PLACEMENT_3D('',#9536,#4348,#4349);
#3883=AXIS2_PLACEMENT_3D('',#9542,#4353,#4354);
#3884=AXIS2_PLACEMENT_3D('',#9545,#4357,#4358);
#3885=AXIS2_PLACEMENT_3D('',#9562,#4367,#4368);
#3886=AXIS2_PLACEMENT_3D('',#9568,#4372,#4373);
#3887=AXIS2_PLACEMENT_3D('',#9572,#4376,#4377);
#3888=AXIS2_PLACEMENT_3D('',#9576,#4380,#4381);
#3889=AXIS2_PLACEMENT_3D('',#9578,#4383,#4384);
#3890=AXIS2_PLACEMENT_3D('',#9579,#4385,#4386);
#3891=AXIS2_PLACEMENT_3D('',#9585,#4390,#4391);
#3892=AXIS2_PLACEMENT_3D('',#9589,#4394,#4395);
#3893=AXIS2_PLACEMENT_3D('',#9593,#4398,#4399);
#3894=AXIS2_PLACEMENT_3D('',#9595,#4401,#4402);
#3895=AXIS2_PLACEMENT_3D('',#9596,#4403,#4404);
#3896=AXIS2_PLACEMENT_3D('',#9597,#4405,#4406);
#3897=AXIS2_PLACEMENT_3D('',#9654,#4411,#4412);
#3898=AXIS2_PLACEMENT_3D('',#9658,#4414,#4415);
#3899=AXIS2_PLACEMENT_3D('',#9660,#4417,#4418);
#3900=AXIS2_PLACEMENT_3D('',#9664,#4420,#4421);
#3901=AXIS2_PLACEMENT_3D('',#9667,#4423,#4424);
#3902=AXIS2_PLACEMENT_3D('',#9668,#4425,#4426);
#3903=AXIS2_PLACEMENT_3D('',#9672,#4428,#4429);
#3904=AXIS2_PLACEMENT_3D('',#9674,#4431,#4432);
#3905=AXIS2_PLACEMENT_3D('',#9679,#4436,#4437);
#3906=AXIS2_PLACEMENT_3D('',#9683,#4440,#4441);
#3907=AXIS2_PLACEMENT_3D('',#9693,#4446,#4447);
#3908=AXIS2_PLACEMENT_3D('',#9697,#4449,#4450);
#3909=AXIS2_PLACEMENT_3D('',#9701,#4452,#4453);
#3910=AXIS2_PLACEMENT_3D('',#9704,#4455,#4456);
#3911=AXIS2_PLACEMENT_3D('',#9707,#4457,#4458);
#3912=AXIS2_PLACEMENT_3D('',#9711,#4460,#4461);
#3913=AXIS2_PLACEMENT_3D('',#9717,#4464,#4465);
#3914=AXIS2_PLACEMENT_3D('',#9720,#4467,#4468);
#3915=AXIS2_PLACEMENT_3D('',#9721,#4469,#4470);
#3916=AXIS2_PLACEMENT_3D('',#9727,#4474,#4475);
#3917=AXIS2_PLACEMENT_3D('',#9729,#4477,#4478);
#3918=AXIS2_PLACEMENT_3D('',#9730,#4479,#4480);
#3919=AXIS2_PLACEMENT_3D('',#9787,#4485,#4486);
#3920=AXIS2_PLACEMENT_3D('',#9791,#4488,#4489);
#3921=AXIS2_PLACEMENT_3D('',#9793,#4491,#4492);
#3922=AXIS2_PLACEMENT_3D('',#9796,#4494,#4495);
#3923=AXIS2_PLACEMENT_3D('',#9797,#4496,#4497);
#3924=AXIS2_PLACEMENT_3D('',#9798,#4498,#4499);
#3925=AXIS2_PLACEMENT_3D('',#9801,#4501,#4502);
#3926=AXIS2_PLACEMENT_3D('',#9802,#4503,#4504);
#3927=AXIS2_PLACEMENT_3D('',#9807,#4508,#4509);
#3928=AXIS2_PLACEMENT_3D('',#9811,#4512,#4513);
#3929=AXIS2_PLACEMENT_3D('',#9861,#4515,#4516);
#3930=AXIS2_PLACEMENT_3D('',#9865,#4518,#4519);
#3931=AXIS2_PLACEMENT_3D('',#9867,#4521,#4522);
#3932=AXIS2_PLACEMENT_3D('',#9871,#4525,#4526);
#3933=AXIS2_PLACEMENT_3D('',#9873,#4528,#4529);
#3934=AXIS2_PLACEMENT_3D('',#9938,#4531,#4532);
#3935=AXIS2_PLACEMENT_3D('',#9965,#4534,#4535);
#3936=AXIS2_PLACEMENT_3D('',#9969,#4537,#4538);
#3937=AXIS2_PLACEMENT_3D('',#9971,#4540,#4541);
#3938=AXIS2_PLACEMENT_3D('',#10054,#4544,#4545);
#3939=AXIS2_PLACEMENT_3D('',#10096,#4547,#4548);
#3940=AXIS2_PLACEMENT_3D('',#10099,#4551,#4552);
#3941=AXIS2_PLACEMENT_3D('',#10101,#4554,#4555);
#3942=AXIS2_PLACEMENT_3D('',#10103,#4557,#4558);
#3943=AXIS2_PLACEMENT_3D('',#10104,#4559,#4560);
#3944=AXIS2_PLACEMENT_3D('',#10107,#4563,#4564);
#3945=AXIS2_PLACEMENT_3D('',#10109,#4566,#4567);
#3946=AXIS2_PLACEMENT_3D('',#10111,#4569,#4570);
#3947=AXIS2_PLACEMENT_3D('',#10112,#4571,#4572);
#3948=AXIS2_PLACEMENT_3D('',#10118,#4576,#4577);
#3949=AXIS2_PLACEMENT_3D('',#10120,#4578,#4579);
#3950=AXIS2_PLACEMENT_3D('',#10122,#4581,#4582);
#3951=AXIS2_PLACEMENT_3D('',#10126,#4585,#4586);
#3952=AXIS2_PLACEMENT_3D('',#10128,#4587,#4588);
#3953=AXIS2_PLACEMENT_3D('',#10130,#4590,#4591);
#3954=AXIS2_PLACEMENT_3D('',#10134,#4594,#4595);
#3955=AXIS2_PLACEMENT_3D('',#10136,#4596,#4597);
#3956=AXIS2_PLACEMENT_3D('',#10138,#4599,#4600);
#3957=AXIS2_PLACEMENT_3D('',#10142,#4603,#4604);
#3958=AXIS2_PLACEMENT_3D('',#10143,#4605,#4606);
#3959=AXIS2_PLACEMENT_3D('',#10144,#4607,#4608);
#3960=AXIS2_PLACEMENT_3D('',#10148,#4610,#4611);
#3961=AXIS2_PLACEMENT_3D('',#10150,#4613,#4614);
#3962=AXIS2_PLACEMENT_3D('',#10154,#4617,#4618);
#3963=AXIS2_PLACEMENT_3D('',#10156,#4619,#4620);
#3964=AXIS2_PLACEMENT_3D('',#10158,#4622,#4623);
#3965=AXIS2_PLACEMENT_3D('',#10160,#4625,#4626);
#3966=AXIS2_PLACEMENT_3D('',#10166,#4630,#4631);
#3967=AXIS2_PLACEMENT_3D('',#10168,#4632,#4633);
#3968=AXIS2_PLACEMENT_3D('',#10170,#4635,#4636);
#3969=AXIS2_PLACEMENT_3D('',#10174,#4639,#4640);
#3970=AXIS2_PLACEMENT_3D('',#10175,#4641,#4642);
#3971=AXIS2_PLACEMENT_3D('',#10176,#4643,#4644);
#3972=AXIS2_PLACEMENT_3D('',#10177,#4645,#4646);
#3973=AXIS2_PLACEMENT_3D('',#10178,#4647,#4648);
#3974=AXIS2_PLACEMENT_3D('',#10179,#4649,#4650);
#3975=AXIS2_PLACEMENT_3D('',#10180,#4651,#4652);
#3976=AXIS2_PLACEMENT_3D('',#10190,#4657,#4658);
#3977=AXIS2_PLACEMENT_3D('',#10191,#4659,#4660);
#3978=AXIS2_PLACEMENT_3D('',#10195,#4662,#4663);
#3979=AXIS2_PLACEMENT_3D('',#10198,#4665,#4666);
#3980=AXIS2_PLACEMENT_3D('',#10199,#4667,#4668);
#3981=AXIS2_PLACEMENT_3D('',#10203,#4670,#4671);
#3982=AXIS2_PLACEMENT_3D('',#10216,#4673,#4674);
#3983=AXIS2_PLACEMENT_3D('',#10221,#4678,#4679);
#3984=AXIS2_PLACEMENT_3D('',#10230,#4684,#4685);
#3985=AXIS2_PLACEMENT_3D('',#10234,#4687,#4688);
#3986=AXIS2_PLACEMENT_3D('',#10248,#4690,#4691);
#3987=AXIS2_PLACEMENT_3D('',#10249,#4692,#4693);
#3988=AXIS2_PLACEMENT_3D('',#10253,#4695,#4696);
#3989=AXIS2_PLACEMENT_3D('',#10255,#4698,#4699);
#3990=AXIS2_PLACEMENT_3D('',#10261,#4703,#4704);
#3991=AXIS2_PLACEMENT_3D('',#10262,#4705,#4706);
#3992=AXIS2_PLACEMENT_3D('',#10266,#4709,#4710);
#3993=AXIS2_PLACEMENT_3D('',#10268,#4711,#4712);
#3994=AXIS2_PLACEMENT_3D('',#10271,#4714,#4715);
#3995=AXIS2_PLACEMENT_3D('',#10277,#4718,#4719);
#3996=AXIS2_PLACEMENT_3D('',#10281,#4721,#4722);
#3997=AXIS2_PLACEMENT_3D('',#10294,#4729,#4730);
#3998=AXIS2_PLACEMENT_3D('',#10296,#4731,#4732);
#3999=AXIS2_PLACEMENT_3D('',#10298,#4733,#4734);
#4000=AXIS2_PLACEMENT_3D('',#10300,#4735,#4736);
#4001=AXIS2_PLACEMENT_3D('',#10301,#4737,#4738);
#4002=AXIS2_PLACEMENT_3D('',#10305,#4740,#4741);
#4003=AXIS2_PLACEMENT_3D('',#10307,#4743,#4744);
#4004=AXIS2_PLACEMENT_3D('',#10316,#4746,#4747);
#4005=AXIS2_PLACEMENT_3D('',#10351,#4750,#4751);
#4006=AXIS2_PLACEMENT_3D('',#10354,#4753,#4754);
#4007=AXIS2_PLACEMENT_3D('',#10355,#4755,#4756);
#4008=AXIS2_PLACEMENT_3D('',#10359,#4759,#4760);
#4009=AXIS2_PLACEMENT_3D('',#10360,#4761,#4762);
#4010=AXIS2_PLACEMENT_3D('',#10362,#4764,#4765);
#4011=AXIS2_PLACEMENT_3D('',#10372,#4770,#4771);
#4012=AXIS2_PLACEMENT_3D('',#10373,#4772,#4773);
#4013=AXIS2_PLACEMENT_3D('',#10376,#4775,#4776);
#4014=AXIS2_PLACEMENT_3D('',#10377,#4777,#4778);
#4015=AXIS2_PLACEMENT_3D('',#10378,#4779,#4780);
#4016=AXIS2_PLACEMENT_3D('',#10382,#4782,#4783);
#4017=AXIS2_PLACEMENT_3D('',#10393,#4784,#4785);
#4018=AXIS2_PLACEMENT_3D('',#10398,#4789,#4790);
#4019=AXIS2_PLACEMENT_3D('',#10407,#4795,#4796);
#4020=AXIS2_PLACEMENT_3D('',#10411,#4798,#4799);
#4021=AXIS2_PLACEMENT_3D('',#10421,#4801,#4802);
#4022=AXIS2_PLACEMENT_3D('',#10422,#4803,#4804);
#4023=AXIS2_PLACEMENT_3D('',#10426,#4806,#4807);
#4024=AXIS2_PLACEMENT_3D('',#10428,#4809,#4810);
#4025=AXIS2_PLACEMENT_3D('',#10434,#4814,#4815);
#4026=AXIS2_PLACEMENT_3D('',#10435,#4816,#4817);
#4027=AXIS2_PLACEMENT_3D('',#10439,#4820,#4821);
#4028=AXIS2_PLACEMENT_3D('',#10444,#4824,#4825);
#4029=AXIS2_PLACEMENT_3D('',#10445,#4826,#4827);
#4030=AXIS2_PLACEMENT_3D('',#10449,#4829,#4830);
#4031=AXIS2_PLACEMENT_3D('',#10451,#4832,#4833);
#4032=AXIS2_PLACEMENT_3D('',#10464,#4835,#4836);
#4033=AXIS2_PLACEMENT_3D('',#10465,#4837,#4838);
#4034=AXIS2_PLACEMENT_3D('',#10470,#4841,#4842);
#4035=AXIS2_PLACEMENT_3D('',#10471,#4843,#4844);
#4036=AXIS2_PLACEMENT_3D('',#10475,#4847,#4848);
#4037=AXIS2_PLACEMENT_3D('',#10476,#4849,#4850);
#4038=AXIS2_PLACEMENT_3D('',#10479,#4852,#4853);
#4039=AXIS2_PLACEMENT_3D('',#10480,#4854,#4855);
#4040=AXIS2_PLACEMENT_3D('',#10482,#4857,#4858);
#4041=AXIS2_PLACEMENT_3D('',#10483,#4859,#4860);
#4042=AXIS2_PLACEMENT_3D('',#10489,#4864,#4865);
#4043=AXIS2_PLACEMENT_3D('',#10493,#4868,#4869);
#4044=AXIS2_PLACEMENT_3D('',#10497,#4872,#4873);
#4045=AXIS2_PLACEMENT_3D('',#10499,#4875,#4876);
#4046=AXIS2_PLACEMENT_3D('',#10501,#4877,#4878);
#4047=AXIS2_PLACEMENT_3D('',#10503,#4880,#4881);
#4048=AXIS2_PLACEMENT_3D('',#10505,#4882,#4883);
#4049=AXIS2_PLACEMENT_3D('',#10507,#4885,#4886);
#4050=AXIS2_PLACEMENT_3D('',#10509,#4887,#4888);
#4051=AXIS2_PLACEMENT_3D('',#10511,#4890,#4891);
#4052=AXIS2_PLACEMENT_3D('',#10513,#4892,#4893);
#4053=AXIS2_PLACEMENT_3D('',#10574,#4896,#4897);
#4054=AXIS2_PLACEMENT_3D('',#10577,#4899,#4900);
#4055=AXIS2_PLACEMENT_3D('',#10603,#4902,#4903);
#4056=AXIS2_PLACEMENT_3D('',#10604,#4904,#4905);
#4057=AXIS2_PLACEMENT_3D('',#10608,#4909,#4910);
#4058=AXIS2_PLACEMENT_3D('',#10609,#4911,#4912);
#4059=AXIS2_PLACEMENT_3D('',#10610,#4913,#4914);
#4060=AXIS2_PLACEMENT_3D('',#10612,#4916,#4917);
#4061=AXIS2_PLACEMENT_3D('',#10614,#4919,#4920);
#4062=AXIS2_PLACEMENT_3D('',#10616,#4922,#4923);
#4063=AXIS2_PLACEMENT_3D('',#10618,#4925,#4926);
#4064=AXIS2_PLACEMENT_3D('',#10620,#4928,#4929);
#4065=AXIS2_PLACEMENT_3D('',#10621,#4930,#4931);
#4066=AXIS2_PLACEMENT_3D('',#10622,#4932,#4933);
#4067=AXIS2_PLACEMENT_3D('',#10624,#4935,#4936);
#4068=AXIS2_PLACEMENT_3D('',#10625,#4937,#4938);
#4069=AXIS2_PLACEMENT_3D('',#10626,#4939,#4940);
#4070=AXIS2_PLACEMENT_3D('',#10627,#4941,#4942);
#4071=AXIS2_PLACEMENT_3D('',#10628,#4943,#4944);
#4072=AXIS2_PLACEMENT_3D('',#10629,#4945,#4946);
#4073=AXIS2_PLACEMENT_3D('',#10630,#4947,#4948);
#4074=AXIS2_PLACEMENT_3D('',#10631,#4949,#4950);
#4075=AXIS2_PLACEMENT_3D('',#10632,#4951,#4952);
#4076=DIRECTION('axis',(0.,0.,1.));
#4077=DIRECTION('refdir',(1.,0.,0.));
#4078=DIRECTION('axis',(0.,0.,1.));
#4079=DIRECTION('refdir',(1.,0.,0.));
#4080=DIRECTION('center_axis',(-1.,0.,0.));
#4081=DIRECTION('ref_axis',(0.,-0.34865043273166,0.937252834488126));
#4082=DIRECTION('',(-1.,0.,0.));
#4083=DIRECTION('center_axis',(-1.,0.,0.));
#4084=DIRECTION('ref_axis',(0.,1.,0.));
#4085=DIRECTION('center_axis',(-1.,0.,0.));
#4086=DIRECTION('ref_axis',(0.,1.,0.));
#4087=DIRECTION('',(-1.,0.,0.));
#4088=DIRECTION('center_axis',(-1.,0.,0.));
#4089=DIRECTION('ref_axis',(0.,1.,0.));
#4090=DIRECTION('',(-1.,0.,0.));
#4091=DIRECTION('center_axis',(-1.,0.,0.));
#4092=DIRECTION('ref_axis',(0.,1.,0.));
#4093=DIRECTION('',(-1.,0.,0.));
#4094=DIRECTION('center_axis',(-1.,0.,0.));
#4095=DIRECTION('ref_axis',(0.,1.,0.));
#4096=DIRECTION('',(-1.,0.,0.));
#4097=DIRECTION('center_axis',(-1.,0.,0.));
#4098=DIRECTION('ref_axis',(0.,1.,0.));
#4099=DIRECTION('',(-1.,0.,0.));
#4100=DIRECTION('center_axis',(-1.,0.,0.));
#4101=DIRECTION('ref_axis',(0.,1.,0.));
#4102=DIRECTION('',(-1.,0.,0.));
#4103=DIRECTION('center_axis',(-1.,0.,0.));
#4104=DIRECTION('ref_axis',(0.,1.,0.));
#4105=DIRECTION('',(-1.,0.,0.));
#4106=DIRECTION('center_axis',(-1.,0.,0.));
#4107=DIRECTION('ref_axis',(0.,1.,0.));
#4108=DIRECTION('',(-1.,0.,0.));
#4109=DIRECTION('center_axis',(-1.,0.,0.));
#4110=DIRECTION('ref_axis',(0.,1.,0.));
#4111=DIRECTION('',(-1.,0.,0.));
#4112=DIRECTION('center_axis',(-1.,0.,0.));
#4113=DIRECTION('ref_axis',(0.,1.,0.));
#4114=DIRECTION('',(-1.,0.,0.));
#4115=DIRECTION('center_axis',(-1.,0.,0.));
#4116=DIRECTION('ref_axis',(0.,1.,0.));
#4117=DIRECTION('',(-1.,0.,0.));
#4118=DIRECTION('center_axis',(-1.,0.,0.));
#4119=DIRECTION('ref_axis',(0.,1.,0.));
#4120=DIRECTION('',(-1.,0.,0.));
#4121=DIRECTION('center_axis',(-1.,0.,0.));
#4122=DIRECTION('ref_axis',(0.,1.,0.));
#4123=DIRECTION('',(-1.,0.,0.));
#4124=DIRECTION('center_axis',(-1.,0.,0.));
#4125=DIRECTION('ref_axis',(0.,0.937383036555405,-0.348300219319723));
#4126=DIRECTION('',(-1.,0.,0.));
#4127=DIRECTION('center_axis',(-1.,0.,0.));
#4128=DIRECTION('ref_axis',(0.,1.,0.));
#4129=DIRECTION('center_axis',(-1.,0.,0.));
#4130=DIRECTION('ref_axis',(0.,-0.348628314715464,0.937261061913198));
#4131=DIRECTION('',(-1.,0.,0.));
#4132=DIRECTION('center_axis',(-1.,0.,0.));
#4133=DIRECTION('ref_axis',(0.,1.,0.));
#4134=DIRECTION('center_axis',(-1.,0.,0.));
#4135=DIRECTION('ref_axis',(0.,1.,0.));
#4136=DIRECTION('',(-1.,0.,0.));
#4137=DIRECTION('center_axis',(-1.,0.,0.));
#4138=DIRECTION('ref_axis',(0.,1.,0.));
#4139=DIRECTION('',(-1.,0.,0.));
#4140=DIRECTION('center_axis',(-1.,0.,0.));
#4141=DIRECTION('ref_axis',(0.,1.,0.));
#4142=DIRECTION('',(-1.,0.,0.));
#4143=DIRECTION('center_axis',(-1.,0.,0.));
#4144=DIRECTION('ref_axis',(0.,1.,0.));
#4145=DIRECTION('',(-1.,0.,0.));
#4146=DIRECTION('center_axis',(-1.,0.,0.));
#4147=DIRECTION('ref_axis',(0.,1.,0.));
#4148=DIRECTION('',(-1.,0.,0.));
#4149=DIRECTION('center_axis',(-1.,0.,0.));
#4150=DIRECTION('ref_axis',(0.,1.,0.));
#4151=DIRECTION('',(-1.,0.,0.));
#4152=DIRECTION('center_axis',(-1.,0.,0.));
#4153=DIRECTION('ref_axis',(0.,1.,0.));
#4154=DIRECTION('',(-1.,0.,0.));
#4155=DIRECTION('center_axis',(-1.,0.,0.));
#4156=DIRECTION('ref_axis',(0.,1.,0.));
#4157=DIRECTION('',(-1.,0.,0.));
#4158=DIRECTION('center_axis',(-1.,0.,0.));
#4159=DIRECTION('ref_axis',(0.,1.,0.));
#4160=DIRECTION('',(-1.,0.,0.));
#4161=DIRECTION('center_axis',(-1.,0.,0.));
#4162=DIRECTION('ref_axis',(0.,1.,0.));
#4163=DIRECTION('',(-1.,0.,0.));
#4164=DIRECTION('center_axis',(-1.,0.,0.));
#4165=DIRECTION('ref_axis',(0.,1.,0.));
#4166=DIRECTION('',(-1.,0.,0.));
#4167=DIRECTION('center_axis',(-1.,0.,0.));
#4168=DIRECTION('ref_axis',(0.,1.,0.));
#4169=DIRECTION('',(-1.,0.,0.));
#4170=DIRECTION('center_axis',(-1.,0.,0.));
#4171=DIRECTION('ref_axis',(0.,1.,0.));
#4172=DIRECTION('',(-1.,0.,0.));
#4173=DIRECTION('center_axis',(-1.,0.,0.));
#4174=DIRECTION('ref_axis',(0.,0.937382871342393,-0.348300663958441));
#4175=DIRECTION('',(-1.,0.,0.));
#4176=DIRECTION('center_axis',(-1.,0.,0.));
#4177=DIRECTION('ref_axis',(0.,1.,0.));
#4178=DIRECTION('center_axis',(-1.,0.,0.));
#4179=DIRECTION('ref_axis',(0.,1.,-9.20988640000113E-14));
#4180=DIRECTION('',(-1.,1.22464679914735E-16,-1.12938554980987E-29));
#4181=DIRECTION('center_axis',(1.,0.,0.));
#4182=DIRECTION('ref_axis',(0.,1.,-9.20988640000113E-14));
#4183=DIRECTION('center_axis',(-1.,0.,0.));
#4184=DIRECTION('ref_axis',(0.,1.,-9.20988640000113E-14));
#4185=DIRECTION('',(-1.,1.22464679914735E-16,-1.12938554980987E-29));
#4186=DIRECTION('center_axis',(-1.,0.,0.));
#4187=DIRECTION('ref_axis',(0.,1.,-9.20988640000113E-14));
#4188=DIRECTION('',(-1.,1.22464679914735E-16,-1.12938554980987E-29));
#4189=DIRECTION('center_axis',(-1.,0.,0.));
#4190=DIRECTION('ref_axis',(0.,1.,-9.20988640000113E-14));
#4191=DIRECTION('',(-1.,1.22464679914735E-16,-1.12938554980987E-29));
#4192=DIRECTION('center_axis',(-1.,0.,0.));
#4193=DIRECTION('ref_axis',(0.,1.,-9.20988640000113E-14));
#4194=DIRECTION('',(-1.,1.22464679914735E-16,-1.12938554980987E-29));
#4195=DIRECTION('center_axis',(-1.,0.,0.));
#4196=DIRECTION('ref_axis',(0.,1.,-9.20988640000113E-14));
#4197=DIRECTION('',(-1.,1.22464679914735E-16,-1.12938554980987E-29));
#4198=DIRECTION('center_axis',(-1.,0.,0.));
#4199=DIRECTION('ref_axis',(0.,1.,-9.20988640000113E-14));
#4200=DIRECTION('',(-1.,1.22464679914735E-16,-1.12938554980987E-29));
#4201=DIRECTION('center_axis',(-1.,0.,0.));
#4202=DIRECTION('ref_axis',(0.,1.,-9.20988640000113E-14));
#4203=DIRECTION('',(-1.,1.22464679914735E-16,-1.12938554980987E-29));
#4204=DIRECTION('center_axis',(-1.,0.,0.));
#4205=DIRECTION('ref_axis',(0.,1.,-9.20988640000113E-14));
#4206=DIRECTION('',(-1.,1.22464679914735E-16,-1.12938554980987E-29));
#4207=DIRECTION('center_axis',(-1.,0.,0.));
#4208=DIRECTION('ref_axis',(0.,1.,-9.20988640000113E-14));
#4209=DIRECTION('',(-1.,1.22464679914735E-16,-1.12938554980987E-29));
#4210=DIRECTION('center_axis',(-1.,0.,0.));
#4211=DIRECTION('ref_axis',(0.,1.,-9.20988640000113E-14));
#4212=DIRECTION('',(-1.,1.22464679914735E-16,-1.12938554980987E-29));
#4213=DIRECTION('center_axis',(-1.,0.,0.));
#4214=DIRECTION('ref_axis',(0.,1.,-9.20988640000113E-14));
#4215=DIRECTION('',(-1.,1.22464679914735E-16,-1.12938554980987E-29));
#4216=DIRECTION('center_axis',(-1.,0.,0.));
#4217=DIRECTION('ref_axis',(0.,1.,-9.20988640000113E-14));
#4218=DIRECTION('',(-1.,1.22464679914735E-16,-1.12938554980987E-29));
#4219=DIRECTION('center_axis',(-1.,0.,0.));
#4220=DIRECTION('ref_axis',(0.,1.,-9.20988640000113E-14));
#4221=DIRECTION('',(-1.,1.22464679914735E-16,-1.12938554980987E-29));
#4222=DIRECTION('center_axis',(-1.,0.,0.));
#4223=DIRECTION('ref_axis',(0.,-0.609151974543747,-0.793053511378302));
#4224=DIRECTION('',(-1.,1.22464679914735E-16,-1.12938554980987E-29));
#4225=DIRECTION('center_axis',(-1.,0.,0.));
#4226=DIRECTION('ref_axis',(0.,1.,-9.20988640000113E-14));
#4227=DIRECTION('center_axis',(-1.,0.,0.));
#4228=DIRECTION('ref_axis',(0.,1.,-7.98669836250098E-14));
#4229=DIRECTION('',(-1.,1.22464679914735E-16,-9.79588218321885E-30));
#4230=DIRECTION('center_axis',(1.,0.,0.));
#4231=DIRECTION('ref_axis',(0.,1.,-7.98669836250098E-14));
#4232=DIRECTION('center_axis',(-1.,0.,0.));
#4233=DIRECTION('ref_axis',(0.,1.,-7.98669836250098E-14));
#4234=DIRECTION('',(-1.,1.22464679914735E-16,-9.79588218321885E-30));
#4235=DIRECTION('center_axis',(-1.,0.,0.));
#4236=DIRECTION('ref_axis',(0.,1.,-7.98669836250098E-14));
#4237=DIRECTION('',(-1.,1.22464679914735E-16,-9.79588218321885E-30));
#4238=DIRECTION('center_axis',(-1.,0.,0.));
#4239=DIRECTION('ref_axis',(0.,1.,-7.98669836250098E-14));
#4240=DIRECTION('',(-1.,1.22464679914735E-16,-9.79588218321885E-30));
#4241=DIRECTION('center_axis',(-1.,0.,0.));
#4242=DIRECTION('ref_axis',(0.,1.,-7.98669836250098E-14));
#4243=DIRECTION('',(-1.,1.22464679914735E-16,-9.79588218321885E-30));
#4244=DIRECTION('center_axis',(-1.,0.,0.));
#4245=DIRECTION('ref_axis',(0.,1.,-7.98669836250098E-14));
#4246=DIRECTION('',(-1.,1.22464679914735E-16,-9.79588218321885E-30));
#4247=DIRECTION('center_axis',(-1.,0.,0.));
#4248=DIRECTION('ref_axis',(0.,1.,-7.98669836250098E-14));
#4249=DIRECTION('',(-1.,1.22464679914735E-16,-9.79588218321885E-30));
#4250=DIRECTION('center_axis',(-1.,0.,0.));
#4251=DIRECTION('ref_axis',(0.,1.,-7.98669836250098E-14));
#4252=DIRECTION('',(-1.,1.22464679914735E-16,-9.79588218321885E-30));
#4253=DIRECTION('center_axis',(-1.,0.,0.));
#4254=DIRECTION('ref_axis',(0.,1.,-7.98669836250098E-14));
#4255=DIRECTION('',(-1.,1.22464679914735E-16,-9.79588218321885E-30));
#4256=DIRECTION('center_axis',(-1.,0.,0.));
#4257=DIRECTION('ref_axis',(0.,1.,-7.98669836250098E-14));
#4258=DIRECTION('',(-1.,1.22464679914735E-16,-9.79588218321885E-30));
#4259=DIRECTION('center_axis',(-1.,0.,0.));
#4260=DIRECTION('ref_axis',(0.,1.,-7.98669836250098E-14));
#4261=DIRECTION('',(-1.,1.22464679914735E-16,-9.79588218321885E-30));
#4262=DIRECTION('center_axis',(-1.,0.,0.));
#4263=DIRECTION('ref_axis',(0.,1.,-7.98669836250098E-14));
#4264=DIRECTION('',(-1.,1.22464679914735E-16,-9.79588218321885E-30));
#4265=DIRECTION('center_axis',(-1.,0.,0.));
#4266=DIRECTION('ref_axis',(0.,1.,-7.98669836250098E-14));
#4267=DIRECTION('',(-1.,1.22464679914735E-16,-9.79588218321885E-30));
#4268=DIRECTION('center_axis',(-1.,0.,0.));
#4269=DIRECTION('ref_axis',(0.,1.,-7.98669836250098E-14));
#4270=DIRECTION('',(-1.,1.22464679914735E-16,-9.79588218321885E-30));
#4271=DIRECTION('center_axis',(-1.,0.,0.));
#4272=DIRECTION('ref_axis',(0.,-0.609151355964178,-0.793053986514792));
#4273=DIRECTION('',(-1.,1.22464679914735E-16,-9.79588218321885E-30));
#4274=DIRECTION('center_axis',(-1.,0.,0.));
#4275=DIRECTION('ref_axis',(0.,1.,-7.98669836250098E-14));
#4276=DIRECTION('center_axis',(0.,1.,0.));
#4277=DIRECTION('ref_axis',(0.,0.,-1.));
#4278=DIRECTION('',(0.,0.,-1.));
#4279=DIRECTION('',(-1.,0.,0.));
#4280=DIRECTION('',(0.,0.,-1.));
#4281=DIRECTION('',(-1.,0.,0.));
#4282=DIRECTION('center_axis',(0.,0.,1.));
#4283=DIRECTION('ref_axis',(0.,1.,0.));
#4284=DIRECTION('',(0.,1.,0.));
#4285=DIRECTION('',(-1.,0.,0.));
#4286=DIRECTION('',(0.,1.,0.));
#4287=DIRECTION('center_axis',(-1.,0.,0.));
#4288=DIRECTION('ref_axis',(0.,0.,1.));
#4289=DIRECTION('',(0.,-1.,0.));
#4290=DIRECTION('',(0.,0.,1.));
#4291=DIRECTION('center_axis',(0.,0.,1.));
#4292=DIRECTION('ref_axis',(0.,1.,0.));
#4293=DIRECTION('',(-1.,0.,0.));
#4294=DIRECTION('',(0.,-1.,0.));
#4295=DIRECTION('',(-1.,0.,0.));
#4296=DIRECTION('',(0.,1.,0.));
#4297=DIRECTION('center_axis',(1.,0.,0.));
#4298=DIRECTION('ref_axis',(0.,0.,-1.));
#4299=DIRECTION('center_axis',(-1.,0.,0.));
#4300=DIRECTION('ref_axis',(0.,1.,0.));
#4301=DIRECTION('center_axis',(-1.,0.,0.));
#4302=DIRECTION('ref_axis',(0.,1.,0.));
#4303=DIRECTION('center_axis',(-1.,0.,0.));
#4304=DIRECTION('ref_axis',(0.,1.,-7.98669836250098E-14));
#4305=DIRECTION('center_axis',(1.,0.,0.));
#4306=DIRECTION('ref_axis',(0.,0.,-1.));
#4307=DIRECTION('center_axis',(-1.,0.,0.));
#4308=DIRECTION('ref_axis',(0.,1.,0.));
#4309=DIRECTION('center_axis',(-1.,0.,0.));
#4310=DIRECTION('ref_axis',(0.,1.,0.));
#4311=DIRECTION('center_axis',(-1.,0.,0.));
#4312=DIRECTION('ref_axis',(0.,1.,-9.20988640000113E-14));
#4313=DIRECTION('center_axis',(1.,0.,0.));
#4314=DIRECTION('ref_axis',(0.,1.,0.));
#4315=DIRECTION('',(-0.515038074910054,0.857167300702112,-1.04972719113862E-16));
#4316=DIRECTION('center_axis',(-1.,0.,0.));
#4317=DIRECTION('ref_axis',(0.,1.,0.));
#4318=DIRECTION('center_axis',(1.,0.,0.));
#4319=DIRECTION('ref_axis',(0.,1.,0.));
#4320=DIRECTION('',(-0.515038074910054,0.857167300702112,-1.04972719113862E-16));
#4321=DIRECTION('center_axis',(-1.,0.,0.));
#4322=DIRECTION('ref_axis',(0.,1.,0.));
#4323=DIRECTION('center_axis',(0.,-1.,0.));
#4324=DIRECTION('ref_axis',(0.,0.,1.));
#4325=DIRECTION('',(0.,0.,-1.));
#4326=DIRECTION('',(0.,0.,1.));
#4327=DIRECTION('',(-1.,0.,0.));
#4328=DIRECTION('center_axis',(0.,0.,-1.));
#4329=DIRECTION('ref_axis',(0.,-1.,0.));
#4330=DIRECTION('',(0.,1.,0.));
#4331=DIRECTION('',(0.,-1.,0.));
#4332=DIRECTION('',(-1.,0.,0.));
#4333=DIRECTION('center_axis',(0.,1.,0.));
#4334=DIRECTION('ref_axis',(0.,0.,-1.));
#4335=DIRECTION('',(0.,0.,1.));
#4336=DIRECTION('',(0.,0.,-1.));
#4337=DIRECTION('center_axis',(0.,0.,1.));
#4338=DIRECTION('ref_axis',(0.,1.,0.));
#4339=DIRECTION('',(0.,-1.,0.));
#4340=DIRECTION('',(-1.,0.,0.));
#4341=DIRECTION('',(0.,1.,0.));
#4342=DIRECTION('',(-1.,0.,0.));
#4343=DIRECTION('center_axis',(0.,-1.,3.99630335073172E-16));
#4344=DIRECTION('ref_axis',(0.,3.99630335073172E-16,1.));
#4345=DIRECTION('',(0.,-3.99630335073172E-16,-1.));
#4346=DIRECTION('',(0.,3.99630335073172E-16,1.));
#4347=DIRECTION('',(-1.,0.,0.));
#4348=DIRECTION('center_axis',(0.,0.,-1.));
#4349=DIRECTION('ref_axis',(0.,-1.,0.));
#4350=DIRECTION('',(0.,1.,0.));
#4351=DIRECTION('',(0.,-1.,0.));
#4352=DIRECTION('',(-1.,0.,0.));
#4353=DIRECTION('center_axis',(0.,1.,0.));
#4354=DIRECTION('ref_axis',(0.,0.,-1.));
#4355=DIRECTION('',(0.,0.,1.));
#4356=DIRECTION('',(0.,0.,-1.));
#4357=DIRECTION('center_axis',(-1.,0.,0.));
#4358=DIRECTION('ref_axis',(0.,0.,1.));
#4359=DIRECTION('',(0.,1.,0.));
#4360=DIRECTION('',(0.,0.,1.));
#4361=DIRECTION('',(0.,-1.,0.));
#4362=DIRECTION('',(0.,0.,-1.));
#4363=DIRECTION('',(0.,0.,1.));
#4364=DIRECTION('',(0.,1.,0.));
#4365=DIRECTION('',(0.,0.,-1.));
#4366=DIRECTION('',(0.,-1.,-1.09564014614029E-33));
#4367=DIRECTION('center_axis',(0.,-1.,0.));
#4368=DIRECTION('ref_axis',(0.,0.,1.));
#4369=DIRECTION('',(-1.,0.,0.));
#4370=DIRECTION('',(0.,0.,1.));
#4371=DIRECTION('',(-1.,0.,0.));
#4372=DIRECTION('center_axis',(0.,0.,-1.));
#4373=DIRECTION('ref_axis',(0.,-1.,0.));
#4374=DIRECTION('',(0.,-1.,0.));
#4375=DIRECTION('',(-1.,0.,0.));
#4376=DIRECTION('center_axis',(0.,1.,0.));
#4377=DIRECTION('ref_axis',(0.,0.,-1.));
#4378=DIRECTION('',(0.,0.,-1.));
#4379=DIRECTION('',(-1.,0.,0.));
#4380=DIRECTION('center_axis',(0.,0.,1.));
#4381=DIRECTION('ref_axis',(0.,1.,0.));
#4382=DIRECTION('',(0.,1.,0.));
#4383=DIRECTION('center_axis',(-1.,0.,0.));
#4384=DIRECTION('ref_axis',(0.,0.,1.));
#4385=DIRECTION('center_axis',(0.,1.,0.));
#4386=DIRECTION('ref_axis',(0.,0.,1.));
#4387=DIRECTION('',(1.,0.,0.));
#4388=DIRECTION('',(0.,0.,1.));
#4389=DIRECTION('',(1.,0.,0.));
#4390=DIRECTION('center_axis',(0.,0.,-1.));
#4391=DIRECTION('ref_axis',(0.,1.,0.));
#4392=DIRECTION('',(0.,1.,0.));
#4393=DIRECTION('',(1.,0.,0.));
#4394=DIRECTION('center_axis',(0.,-1.,0.));
#4395=DIRECTION('ref_axis',(0.,0.,-1.));
#4396=DIRECTION('',(0.,0.,-1.));
#4397=DIRECTION('',(1.,0.,0.));
#4398=DIRECTION('center_axis',(0.,-1.09564014614029E-33,1.));
#4399=DIRECTION('ref_axis',(0.,-1.,-1.09564014614029E-33));
#4400=DIRECTION('',(0.,-1.,-1.09564014614029E-33));
#4401=DIRECTION('center_axis',(1.,0.,0.));
#4402=DIRECTION('ref_axis',(0.,0.,-1.));
#4403=DIRECTION('axis',(0.,0.,1.));
#4404=DIRECTION('refdir',(1.,0.,0.));
#4405=DIRECTION('center_axis',(-1.,5.39030285815812E-15,0.));
#4406=DIRECTION('ref_axis',(5.39030285815812E-15,1.,0.));
#4407=DIRECTION('',(0.,0.,1.));
#4408=DIRECTION('',(5.39030285815812E-15,1.,0.));
#4409=DIRECTION('',(0.,0.,-1.));
#4410=DIRECTION('',(-5.39030285815812E-15,-1.,-1.45011195812686E-33));
#4411=DIRECTION('center_axis',(1.,-5.39030285815812E-15,0.));
#4412=DIRECTION('ref_axis',(5.39030285815812E-15,1.,6.16297582203915E-33));
#4413=DIRECTION('',(-3.3220306188297E-47,-6.16297582203915E-33,1.));
#4414=DIRECTION('center_axis',(1.,-5.39030285815812E-15,0.));
#4415=DIRECTION('ref_axis',(5.39030285815812E-15,1.,6.16297582203915E-33));
#4416=DIRECTION('',(3.3220306188297E-47,6.16297582203915E-33,-1.));
#4417=DIRECTION('center_axis',(0.,0.,-1.));
#4418=DIRECTION('ref_axis',(-1.,0.,0.));
#4419=DIRECTION('',(-1.,5.39030285815812E-15,0.));
#4420=DIRECTION('center_axis',(0.,0.,1.));
#4421=DIRECTION('ref_axis',(0.,-1.,0.));
#4422=DIRECTION('',(0.,1.,0.));
#4423=DIRECTION('center_axis',(0.,0.,-1.));
#4424=DIRECTION('ref_axis',(1.,-5.46369598732846E-15,0.));
#4425=DIRECTION('center_axis',(0.,0.,1.));
#4426=DIRECTION('ref_axis',(0.,-1.,0.));
#4427=DIRECTION('',(0.,0.,-1.));
#4428=DIRECTION('center_axis',(0.,0.,-1.));
#4429=DIRECTION('ref_axis',(1.,-5.32710358764534E-15,0.));
#4430=DIRECTION('',(0.,0.,-1.));
#4431=DIRECTION('center_axis',(0.,0.,1.));
#4432=DIRECTION('ref_axis',(5.39030285815812E-15,1.,0.));
#4433=DIRECTION('',(1.,-5.39030285815812E-15,0.));
#4434=DIRECTION('',(-5.39030285815812E-15,-1.,0.));
#4435=DIRECTION('',(1.,-5.39030285815812E-15,0.));
#4436=DIRECTION('center_axis',(7.81654263254048E-48,1.45011195812686E-33,
-1.));
#4437=DIRECTION('ref_axis',(-5.39030285815812E-15,-1.,-1.45011195812686E-33));
#4438=DIRECTION('',(-1.,5.39030285815812E-15,0.));
#4439=DIRECTION('',(5.39030285815812E-15,1.,1.45011195812686E-33));
#4440=DIRECTION('center_axis',(0.,1.,0.));
#4441=DIRECTION('ref_axis',(1.,0.,0.));
#4442=DIRECTION('',(-1.,0.,0.));
#4443=DIRECTION('',(1.11020901370756E-16,0.,1.));
#4444=DIRECTION('',(1.,0.,1.45011195812686E-33));
#4445=DIRECTION('',(0.,0.,-1.));
#4446=DIRECTION('center_axis',(0.,1.,0.));
#4447=DIRECTION('ref_axis',(-1.,0.,0.));
#4448=DIRECTION('',(-1.,0.,5.86532918669894E-17));
#4449=DIRECTION('center_axis',(0.,1.,0.));
#4450=DIRECTION('ref_axis',(-1.,0.,0.));
#4451=DIRECTION('',(0.,0.,1.));
#4452=DIRECTION('center_axis',(0.,1.,0.));
#4453=DIRECTION('ref_axis',(-1.,0.,0.));
#4454=DIRECTION('',(1.,0.,6.70323335622736E-17));
#4455=DIRECTION('center_axis',(0.,1.,0.));
#4456=DIRECTION('ref_axis',(-1.,0.,0.));
#4457=DIRECTION('center_axis',(0.,-1.,0.));
#4458=DIRECTION('ref_axis',(1.,0.,0.));
#4459=DIRECTION('',(-1.,0.,-8.19352785701223E-18));
#4460=DIRECTION('center_axis',(0.,-1.,0.));
#4461=DIRECTION('ref_axis',(1.,0.,0.));
#4462=DIRECTION('',(1.,0.,4.09676392850611E-18));
#4463=DIRECTION('',(1.,0.,0.));
#4464=DIRECTION('center_axis',(0.,-1.,0.));
#4465=DIRECTION('ref_axis',(1.,0.,0.));
#4466=DIRECTION('',(-1.,0.,6.55482228560978E-17));
#4467=DIRECTION('center_axis',(0.,-1.,0.));
#4468=DIRECTION('ref_axis',(1.,0.,0.));
#4469=DIRECTION('center_axis',(0.,0.,1.));
#4470=DIRECTION('ref_axis',(1.,0.,0.));
#4471=DIRECTION('',(0.,-1.,0.));
#4472=DIRECTION('',(1.,0.,0.));
#4473=DIRECTION('',(0.,1.,0.));
#4474=DIRECTION('center_axis',(0.,0.,1.));
#4475=DIRECTION('ref_axis',(0.,-1.,0.));
#4476=DIRECTION('',(0.,0.,1.));
#4477=DIRECTION('center_axis',(0.,0.,1.));
#4478=DIRECTION('ref_axis',(0.,-1.,0.));
#4479=DIRECTION('center_axis',(1.,5.39030285815812E-15,-1.11022302462516E-16));
#4480=DIRECTION('ref_axis',(5.39030285815812E-15,-1.,1.11022302462515E-16));
#4481=DIRECTION('',(-1.11022302462516E-16,-1.40109175975983E-21,-1.));
#4482=DIRECTION('',(-5.39030285815812E-15,1.,-1.11022302462515E-16));
#4483=DIRECTION('',(1.11022302462515E-16,1.11022302462516E-16,1.));
#4484=DIRECTION('',(5.39030285815812E-15,-1.,1.11022302462515E-16));
#4485=DIRECTION('center_axis',(-1.,-5.39030285815812E-15,1.11022302462516E-16));
#4486=DIRECTION('ref_axis',(-5.39030285815812E-15,1.,-1.11022302462515E-16));
#4487=DIRECTION('',(1.11022302462515E-16,1.11022302462516E-16,1.));
#4488=DIRECTION('center_axis',(-1.,-5.39030285815812E-15,1.11022302462516E-16));
#4489=DIRECTION('ref_axis',(-5.39030285815812E-15,1.,-1.11022302462515E-16));
#4490=DIRECTION('',(-1.11022302462515E-16,-1.11022302462516E-16,-1.));
#4491=DIRECTION('center_axis',(1.11022302462516E-16,0.,1.));
#4492=DIRECTION('ref_axis',(1.,0.,-1.11022302462516E-16));
#4493=DIRECTION('',(1.,5.39030285815812E-15,-1.11022302462516E-16));
#4494=DIRECTION('center_axis',(-1.11022302462516E-16,0.,-1.));
#4495=DIRECTION('ref_axis',(2.18547839493141E-15,-1.,0.));
#4496=DIRECTION('center_axis',(1.11022302462516E-16,0.,1.));
#4497=DIRECTION('ref_axis',(-1.,-5.46369598732851E-15,0.));
#4498=DIRECTION('center_axis',(-1.11022302462516E-16,0.,-1.));
#4499=DIRECTION('ref_axis',(0.,-1.,0.));
#4500=DIRECTION('',(1.11022302462516E-16,1.40109175975983E-21,1.));
#4501=DIRECTION('center_axis',(1.11022302462516E-16,0.,1.));
#4502=DIRECTION('ref_axis',(-1.,-1.24299083711724E-14,0.));
#4503=DIRECTION('center_axis',(-1.11022302462515E-16,-1.11022302462516E-16,
-1.));
#4504=DIRECTION('ref_axis',(-5.39030285815812E-15,1.,-1.11022302462515E-16));
#4505=DIRECTION('',(-1.,-5.39030285815812E-15,1.11022302462516E-16));
#4506=DIRECTION('',(5.39030285815812E-15,-1.,1.11022302462515E-16));
#4507=DIRECTION('',(-1.,-5.39030285815812E-15,1.11022302462516E-16));
#4508=DIRECTION('center_axis',(1.11022302462515E-16,1.11022302462516E-16,
1.));
#4509=DIRECTION('ref_axis',(5.39030285815812E-15,-1.,1.11022302462515E-16));
#4510=DIRECTION('',(1.,5.39030285815812E-15,-1.11022302462516E-16));
#4511=DIRECTION('',(-5.39030285815812E-15,1.,-1.11022302462515E-16));
#4512=DIRECTION('center_axis',(-1.,5.39030285815812E-15,0.));
#4513=DIRECTION('ref_axis',(5.39030285815812E-15,1.,0.));
#4514=DIRECTION('',(0.,0.,1.));
#4515=DIRECTION('center_axis',(-1.,5.39030285815812E-15,0.));
#4516=DIRECTION('ref_axis',(5.39030285815812E-15,1.,6.16297582203915E-33));
#4517=DIRECTION('',(-3.3220306188297E-47,-6.16297582203915E-33,1.));
#4518=DIRECTION('center_axis',(-1.,5.39030285815812E-15,0.));
#4519=DIRECTION('ref_axis',(5.39030285815812E-15,1.,6.16297582203915E-33));
#4520=DIRECTION('',(3.3220306188297E-47,6.16297582203915E-33,-1.));
#4521=DIRECTION('center_axis',(1.45011195812686E-33,0.,-1.));
#4522=DIRECTION('ref_axis',(-1.,0.,-1.45011195812686E-33));
#4523=DIRECTION('',(0.,-1.,0.));
#4524=DIRECTION('',(-1.,0.,-1.45011195812686E-33));
#4525=DIRECTION('center_axis',(-1.11022302462516E-16,0.,-1.));
#4526=DIRECTION('ref_axis',(0.,-1.,0.));
#4527=DIRECTION('',(-1.11020901370756E-16,0.,-1.));
#4528=DIRECTION('center_axis',(-1.11022302462516E-16,0.,-1.));
#4529=DIRECTION('ref_axis',(1.31128703695885E-14,-1.,0.));
#4530=DIRECTION('',(-1.,-5.39030285815812E-15,1.11022302462516E-16));
#4531=DIRECTION('center_axis',(1.,5.39030285815812E-15,-1.11022302462516E-16));
#4532=DIRECTION('ref_axis',(5.39030285815812E-15,-1.,1.11022302462515E-16));
#4533=DIRECTION('',(-1.11022302462515E-16,-1.11022302462516E-16,-1.));
#4534=DIRECTION('center_axis',(1.,5.39030285815812E-15,-1.11022302462516E-16));
#4535=DIRECTION('ref_axis',(-5.39030285815812E-15,1.,-1.11022302462515E-16));
#4536=DIRECTION('',(1.11022302462515E-16,1.11022302462516E-16,1.));
#4537=DIRECTION('center_axis',(1.,5.39030285815812E-15,-1.11022302462516E-16));
#4538=DIRECTION('ref_axis',(-5.39030285815812E-15,1.,-1.11022302462515E-16));
#4539=DIRECTION('',(-1.11022302462515E-16,-1.11022302462516E-16,-1.));
#4540=DIRECTION('center_axis',(-5.39030285815812E-15,1.,-1.11022302462515E-16));
#4541=DIRECTION('ref_axis',(1.11022302462515E-16,1.11022302462516E-16,1.));
#4542=DIRECTION('',(1.,5.39030285815812E-15,-1.11022302462516E-16));
#4543=DIRECTION('',(-1.,5.39030285815812E-15,0.));
#4544=DIRECTION('center_axis',(5.39030285815812E-15,1.,0.));
#4545=DIRECTION('ref_axis',(0.,0.,-1.));
#4546=DIRECTION('',(1.,-5.39030285815812E-15,0.));
#4547=DIRECTION('center_axis',(-1.,5.39030285815812E-15,0.));
#4548=DIRECTION('ref_axis',(5.39030285815812E-15,1.,6.16297582203915E-33));
#4549=DIRECTION('',(1.,-5.39030285815812E-15,0.));
#4550=DIRECTION('',(1.,-5.39030285815812E-15,0.));
#4551=DIRECTION('center_axis',(-5.39030285815812E-15,-1.,-6.16297582203915E-33));
#4552=DIRECTION('ref_axis',(3.3220306188297E-47,6.16297582203915E-33,-1.));
#4553=DIRECTION('',(1.,-5.39030285815812E-15,0.));
#4554=DIRECTION('center_axis',(-1.,5.39030285815812E-15,0.));
#4555=DIRECTION('ref_axis',(5.39030285815812E-15,1.,6.16297582203915E-33));
#4556=DIRECTION('',(1.,-5.39030285815812E-15,0.));
#4557=DIRECTION('center_axis',(5.39030285815812E-15,1.,6.16297582203915E-33));
#4558=DIRECTION('ref_axis',(-3.3220306188297E-47,-6.16297582203915E-33,
1.));
#4559=DIRECTION('center_axis',(-1.,-5.39030285815812E-15,1.11022302462516E-16));
#4560=DIRECTION('ref_axis',(-5.39030285815812E-15,1.,-1.11022302462515E-16));
#4561=DIRECTION('',(-1.,-5.39030285815812E-15,1.11022302462516E-16));
#4562=DIRECTION('',(-1.,-5.39030285815812E-15,1.11022302462516E-16));
#4563=DIRECTION('center_axis',(-5.39030285815812E-15,1.,-1.11022302462515E-16));
#4564=DIRECTION('ref_axis',(-1.11022302462515E-16,-1.11022302462516E-16,
-1.));
#4565=DIRECTION('',(-1.,-5.39030285815812E-15,1.11022302462516E-16));
#4566=DIRECTION('center_axis',(-1.,-5.39030285815812E-15,1.11022302462516E-16));
#4567=DIRECTION('ref_axis',(-5.39030285815812E-15,1.,-1.11022302462515E-16));
#4568=DIRECTION('',(-1.,-5.39030285815812E-15,1.11022302462516E-16));
#4569=DIRECTION('center_axis',(5.39030285815812E-15,-1.,1.11022302462515E-16));
#4570=DIRECTION('ref_axis',(1.11022302462515E-16,1.11022302462516E-16,1.));
#4571=DIRECTION('center_axis',(1.,0.,0.));
#4572=DIRECTION('ref_axis',(0.,0.,1.));
#4573=DIRECTION('',(0.,-1.,0.));
#4574=DIRECTION('',(0.,0.,1.));
#4575=DIRECTION('',(0.,-1.,0.));
#4576=DIRECTION('center_axis',(0.,-1.,0.));
#4577=DIRECTION('ref_axis',(-1.,0.,0.));
#4578=DIRECTION('center_axis',(0.,-1.,0.));
#4579=DIRECTION('ref_axis',(-1.,0.,0.));
#4580=DIRECTION('',(0.,-1.,0.));
#4581=DIRECTION('center_axis',(-5.86532918669894E-17,0.,-1.));
#4582=DIRECTION('ref_axis',(1.,0.,-5.86532918669894E-17));
#4583=DIRECTION('',(1.,0.,-5.86532918669894E-17));
#4584=DIRECTION('',(0.,-1.,0.));
#4585=DIRECTION('center_axis',(0.,-1.,0.));
#4586=DIRECTION('ref_axis',(-1.,0.,0.));
#4587=DIRECTION('center_axis',(0.,-1.,0.));
#4588=DIRECTION('ref_axis',(-1.,0.,0.));
#4589=DIRECTION('',(0.,-1.,0.));
#4590=DIRECTION('center_axis',(-1.,0.,0.));
#4591=DIRECTION('ref_axis',(0.,0.,-1.));
#4592=DIRECTION('',(0.,0.,-1.));
#4593=DIRECTION('',(0.,-1.,0.));
#4594=DIRECTION('center_axis',(0.,-1.,0.));
#4595=DIRECTION('ref_axis',(-1.,0.,0.));
#4596=DIRECTION('center_axis',(0.,-1.,0.));
#4597=DIRECTION('ref_axis',(-1.,0.,0.));
#4598=DIRECTION('',(0.,-1.,0.));
#4599=DIRECTION('center_axis',(-6.70323335622736E-17,0.,1.));
#4600=DIRECTION('ref_axis',(-1.,0.,-6.70323335622736E-17));
#4601=DIRECTION('',(-1.,0.,-6.70323335622736E-17));
#4602=DIRECTION('',(0.,-1.,0.));
#4603=DIRECTION('center_axis',(0.,-1.,0.));
#4604=DIRECTION('ref_axis',(-1.,0.,0.));
#4605=DIRECTION('center_axis',(0.,-1.,0.));
#4606=DIRECTION('ref_axis',(-1.,0.,0.));
#4607=DIRECTION('center_axis',(0.,1.,0.));
#4608=DIRECTION('ref_axis',(-1.,0.,-1.22464679914735E-16));
#4609=DIRECTION('',(0.,1.,0.));
#4610=DIRECTION('center_axis',(0.,-1.,0.));
#4611=DIRECTION('ref_axis',(1.,0.,0.));
#4612=DIRECTION('',(0.,1.,0.));
#4613=DIRECTION('center_axis',(-6.55482228560978E-17,0.,-1.));
#4614=DIRECTION('ref_axis',(-1.,0.,6.55482228560978E-17));
#4615=DIRECTION('',(-1.,0.,6.55482228560978E-17));
#4616=DIRECTION('',(0.,1.,0.));
#4617=DIRECTION('center_axis',(0.,1.,0.));
#4618=DIRECTION('ref_axis',(1.,0.,0.));
#4619=DIRECTION('center_axis',(0.,-1.,0.));
#4620=DIRECTION('ref_axis',(1.,0.,0.));
#4621=DIRECTION('',(0.,1.,0.));
#4622=DIRECTION('center_axis',(0.,0.,1.));
#4623=DIRECTION('ref_axis',(1.,0.,0.));
#4624=DIRECTION('',(1.,0.,0.));
#4625=DIRECTION('center_axis',(8.19352785701223E-18,0.,-1.));
#4626=DIRECTION('ref_axis',(-1.,0.,-8.19352785701223E-18));
#4627=DIRECTION('',(0.,1.,0.));
#4628=DIRECTION('',(-1.,0.,-8.19352785701223E-18));
#4629=DIRECTION('',(0.,1.,0.));
#4630=DIRECTION('center_axis',(0.,1.,0.));
#4631=DIRECTION('ref_axis',(1.,0.,0.));
#4632=DIRECTION('center_axis',(0.,-1.,0.));
#4633=DIRECTION('ref_axis',(1.,0.,0.));
#4634=DIRECTION('',(0.,1.,0.));
#4635=DIRECTION('center_axis',(-4.09676392850611E-18,0.,1.));
#4636=DIRECTION('ref_axis',(1.,0.,4.09676392850611E-18));
#4637=DIRECTION('',(1.,0.,4.09676392850611E-18));
#4638=DIRECTION('',(0.,1.,0.));
#4639=DIRECTION('center_axis',(0.,1.,0.));
#4640=DIRECTION('ref_axis',(-1.,0.,-1.22464679914735E-16));
#4641=DIRECTION('center_axis',(0.,-1.,0.));
#4642=DIRECTION('ref_axis',(1.,0.,0.));
#4643=DIRECTION('center_axis',(-1.11022302462516E-16,0.,-1.));
#4644=DIRECTION('ref_axis',(-1.,0.,1.11022302462516E-16));
#4645=DIRECTION('center_axis',(0.,0.,1.));
#4646=DIRECTION('ref_axis',(1.,0.,0.));
#4647=DIRECTION('center_axis',(0.,1.,0.));
#4648=DIRECTION('ref_axis',(1.,0.,0.));
#4649=DIRECTION('axis',(0.,0.,1.));
#4650=DIRECTION('refdir',(1.,0.,0.));
#4651=DIRECTION('center_axis',(-1.,6.12323399573677E-17,6.55043604467923E-19));
#4652=DIRECTION('ref_axis',(6.55043604467923E-19,-6.55043604467923E-19,
1.));
#4653=DIRECTION('',(-6.55043604467923E-19,-1.86340402311176E-19,-1.));
#4654=DIRECTION('',(6.12323399573677E-17,1.,6.55043604467923E-19));
#4655=DIRECTION('',(-6.55043604467923E-19,6.55043604467923E-19,-1.));
#4656=DIRECTION('',(-6.12323399573677E-17,-1.,-6.55043604467923E-19));
#4657=DIRECTION('center_axis',(1.,-6.12323399573677E-17,-6.55043604467923E-19));
#4658=DIRECTION('ref_axis',(6.55043604467923E-19,-6.55043604467923E-19,
1.));
#4659=DIRECTION('center_axis',(6.55043604467923E-19,0.,1.));
#4660=DIRECTION('ref_axis',(1.,0.,-6.55043604467923E-19));
#4661=DIRECTION('',(-1.,6.12323399573677E-17,6.55043604467923E-19));
#4662=DIRECTION('center_axis',(6.55043604467923E-19,0.,1.));
#4663=DIRECTION('ref_axis',(-7.38482147589534E-17,1.,0.));
#4664=DIRECTION('',(0.,1.,0.));
#4665=DIRECTION('center_axis',(6.55043604467923E-19,0.,1.));
#4666=DIRECTION('ref_axis',(-3.69241073794767E-17,1.,0.));
#4667=DIRECTION('center_axis',(6.55043604467923E-19,0.,1.));
#4668=DIRECTION('ref_axis',(0.,1.,0.));
#4669=DIRECTION('',(6.55043604467923E-19,1.86340402311176E-19,1.));
#4670=DIRECTION('center_axis',(6.55043604467923E-19,0.,1.));
#4671=DIRECTION('ref_axis',(-0.854850406459306,0.518874534522902,0.));
#4672=DIRECTION('',(6.55043604467923E-19,0.,1.));
#4673=DIRECTION('center_axis',(-6.55043604467923E-19,6.55043604467923E-19,
-1.));
#4674=DIRECTION('ref_axis',(6.12323399573677E-17,1.,6.55043604467923E-19));
#4675=DIRECTION('',(1.,-6.12323399573677E-17,-6.55043604467923E-19));
#4676=DIRECTION('',(-6.12323399573677E-17,-1.,-6.55043604467923E-19));
#4677=DIRECTION('',(1.,-6.12323399573677E-17,-6.55043604467923E-19));
#4678=DIRECTION('center_axis',(6.55043604467923E-19,-6.55043604467923E-19,
1.));
#4679=DIRECTION('ref_axis',(-6.12323399573677E-17,-1.,-6.55043604467923E-19));
#4680=DIRECTION('',(-1.,6.12323399573677E-17,6.55043604467923E-19));
#4681=DIRECTION('',(6.12323399573677E-17,1.,6.55043604467923E-19));
#4682=DIRECTION('',(1.,-6.12323399573677E-17,-6.55043604467923E-19));
#4683=DIRECTION('',(6.12323399573677E-17,1.,6.55043604467923E-19));
#4684=DIRECTION('center_axis',(6.55043604467923E-19,0.,1.));
#4685=DIRECTION('ref_axis',(0.,1.,0.));
#4686=DIRECTION('',(6.55043604467923E-19,1.86340402311176E-19,1.));
#4687=DIRECTION('center_axis',(6.55043604467923E-19,0.,1.));
#4688=DIRECTION('ref_axis',(0.,1.,0.));
#4689=DIRECTION('',(6.55043604467923E-19,0.,1.));
#4690=DIRECTION('center_axis',(-6.55043604467923E-19,0.,-1.));
#4691=DIRECTION('ref_axis',(-1.,1.63910879619856E-15,0.));
#4692=DIRECTION('center_axis',(-6.55043604467923E-19,0.,-1.));
#4693=DIRECTION('ref_axis',(-1.,0.,6.55043604467923E-19));
#4694=DIRECTION('',(1.,-6.12323399573677E-17,-6.55043604467923E-19));
#4695=DIRECTION('center_axis',(-6.55043604467923E-19,0.,-1.));
#4696=DIRECTION('ref_axis',(-1.,1.63910879619856E-15,0.));
#4697=DIRECTION('',(0.,-1.,0.));
#4698=DIRECTION('center_axis',(-1.,6.12323399573677E-17,6.55043604467923E-19));
#4699=DIRECTION('ref_axis',(6.55043604467923E-19,-6.55043604467923E-19,
1.));
#4700=DIRECTION('',(-6.55043604467923E-19,-1.86340402311176E-19,-1.));
#4701=DIRECTION('',(6.12323399573677E-17,1.,6.5504360446789E-19));
#4702=DIRECTION('',(6.55043604467923E-19,-6.55043604467923E-19,1.));
#4703=DIRECTION('center_axis',(1.,-6.12323399573677E-17,-6.55043604467923E-19));
#4704=DIRECTION('ref_axis',(6.55043604467923E-19,-6.55043604467923E-19,
1.));
#4705=DIRECTION('center_axis',(6.55043604467923E-19,-6.55043604467923E-19,
1.));
#4706=DIRECTION('ref_axis',(6.12323399573677E-17,1.,6.55043604467923E-19));
#4707=DIRECTION('',(1.,-6.12323399573677E-17,-6.55043604467923E-19));
#4708=DIRECTION('',(-6.12323399573677E-17,-1.,-6.55043604467923E-19));
#4709=DIRECTION('center_axis',(0.,1.,0.));
#4710=DIRECTION('ref_axis',(1.,0.,0.));
#4711=DIRECTION('center_axis',(0.,1.,0.));
#4712=DIRECTION('ref_axis',(0.,0.,1.));
#4713=DIRECTION('',(-1.72229093486794E-33,0.,-1.));
#4714=DIRECTION('center_axis',(0.,1.,0.));
#4715=DIRECTION('ref_axis',(0.,0.,1.));
#4716=DIRECTION('',(-1.,0.,3.28692043842088E-32));
#4717=DIRECTION('',(0.,0.,-1.));
#4718=DIRECTION('center_axis',(0.,1.,0.));
#4719=DIRECTION('ref_axis',(0.,0.,1.));
#4720=DIRECTION('',(0.,0.,1.));
#4721=DIRECTION('center_axis',(0.,1.,0.));
#4722=DIRECTION('ref_axis',(0.,0.,1.));
#4723=DIRECTION('',(0.,0.,-1.));
#4724=DIRECTION('',(-1.,0.,0.));
#4725=DIRECTION('',(0.,0.,1.));
#4726=DIRECTION('',(1.,0.,0.));
#4727=DIRECTION('',(0.,0.,-1.));
#4728=DIRECTION('',(-1.,0.,0.));
#4729=DIRECTION('center_axis',(0.,1.,0.));
#4730=DIRECTION('ref_axis',(0.,0.,1.));
#4731=DIRECTION('center_axis',(0.,1.,0.));
#4732=DIRECTION('ref_axis',(0.,0.,1.));
#4733=DIRECTION('center_axis',(0.,1.,0.));
#4734=DIRECTION('ref_axis',(0.,0.,1.));
#4735=DIRECTION('center_axis',(0.,1.,0.));
#4736=DIRECTION('ref_axis',(0.,0.,1.));
#4737=DIRECTION('center_axis',(0.,-1.,0.));
#4738=DIRECTION('ref_axis',(0.,0.,1.));
#4739=DIRECTION('',(0.,-1.,0.));
#4740=DIRECTION('center_axis',(0.,-1.,0.));
#4741=DIRECTION('ref_axis',(0.,0.,1.));
#4742=DIRECTION('',(0.,1.,0.));
#4743=DIRECTION('center_axis',(6.55043604467923E-19,0.,1.));
#4744=DIRECTION('ref_axis',(0.,1.,0.));
#4745=DIRECTION('',(-6.55043604467923E-19,0.,-1.));
#4746=DIRECTION('center_axis',(-6.55043604467923E-19,0.,-1.));
#4747=DIRECTION('ref_axis',(-1.,1.63910879619856E-15,0.));
#4748=DIRECTION('',(0.,1.,0.));
#4749=DIRECTION('',(-0.854850406459305,0.518874534522904,5.59964291527972E-19));
#4750=DIRECTION('center_axis',(-1.,6.12323399573677E-17,6.55043604467923E-19));
#4751=DIRECTION('ref_axis',(6.12323399573677E-17,1.,6.55043604467923E-19));
#4752=DIRECTION('',(6.55043604467923E-19,-6.55043604467923E-19,1.));
#4753=DIRECTION('center_axis',(-1.,6.12323399573677E-17,6.55043604467923E-19));
#4754=DIRECTION('ref_axis',(6.55043604467923E-19,-6.55043604467923E-19,
1.));
#4755=DIRECTION('center_axis',(2.97143477134031E-33,0.,-1.));
#4756=DIRECTION('ref_axis',(-1.,0.,-2.97143477134031E-33));
#4757=DIRECTION('',(1.,0.,-3.28692043842088E-32));
#4758=DIRECTION('',(0.,1.,0.));
#4759=DIRECTION('center_axis',(6.55043604467923E-19,0.,1.));
#4760=DIRECTION('ref_axis',(0.,1.,0.));
#4761=DIRECTION('center_axis',(-6.55043604467923E-19,0.,-1.));
#4762=DIRECTION('ref_axis',(-1.,1.63910879619856E-15,0.));
#4763=DIRECTION('',(-6.55043604467923E-19,0.,-1.));
#4764=DIRECTION('center_axis',(1.,5.39030285815812E-15,0.));
#4765=DIRECTION('ref_axis',(0.,0.,1.));
#4766=DIRECTION('',(0.,0.,1.));
#4767=DIRECTION('',(-5.39030285815812E-15,1.,0.));
#4768=DIRECTION('',(0.,0.,1.));
#4769=DIRECTION('',(5.39030285815812E-15,-1.,-3.28692043842088E-32));
#4770=DIRECTION('center_axis',(-1.,-5.39030285815812E-15,0.));
#4771=DIRECTION('ref_axis',(0.,0.,1.));
#4772=DIRECTION('center_axis',(0.,0.,-1.));
#4773=DIRECTION('ref_axis',(-1.,0.,0.));
#4774=DIRECTION('',(1.,5.39030285815812E-15,0.));
#4775=DIRECTION('center_axis',(0.,0.,1.));
#4776=DIRECTION('ref_axis',(1.,5.32710358764525E-15,0.));
#4777=DIRECTION('center_axis',(0.,0.,-1.));
#4778=DIRECTION('ref_axis',(0.,1.,0.));
#4779=DIRECTION('center_axis',(0.,0.,-1.));
#4780=DIRECTION('ref_axis',(0.,1.,0.));
#4781=DIRECTION('',(0.,0.,-1.));
#4782=DIRECTION('center_axis',(0.,0.,-1.));
#4783=DIRECTION('ref_axis',(0.854850406459298,0.518874534522916,0.));
#4784=DIRECTION('center_axis',(0.,0.,1.));
#4785=DIRECTION('ref_axis',(-5.39030285815812E-15,1.,0.));
#4786=DIRECTION('',(-1.,-5.39030285815812E-15,0.));
#4787=DIRECTION('',(5.39030285815812E-15,-1.,0.));
#4788=DIRECTION('',(-1.,-5.39030285815812E-15,0.));
#4789=DIRECTION('center_axis',(0.,0.,1.));
#4790=DIRECTION('ref_axis',(5.39030285815812E-15,-1.,0.));
#4791=DIRECTION('',(-1.,-5.39030285815812E-15,0.));
#4792=DIRECTION('',(-5.39030285815812E-15,1.,0.));
#4793=DIRECTION('',(-1.,-5.39030285815812E-15,0.));
#4794=DIRECTION('',(-5.39030285815812E-15,1.,0.));
#4795=DIRECTION('center_axis',(0.,0.,-1.));
#4796=DIRECTION('ref_axis',(0.,1.,0.));
#4797=DIRECTION('',(0.,0.,1.));
#4798=DIRECTION('center_axis',(0.,0.,1.));
#4799=DIRECTION('ref_axis',(1.,5.39539978748695E-15,0.));
#4800=DIRECTION('',(0.,0.,1.));
#4801=DIRECTION('center_axis',(0.,0.,1.));
#4802=DIRECTION('ref_axis',(1.,5.39539978748695E-15,0.));
#4803=DIRECTION('center_axis',(0.,0.,-1.));
#4804=DIRECTION('ref_axis',(-1.,0.,0.));
#4805=DIRECTION('',(1.,5.39030285815812E-15,0.));
#4806=DIRECTION('center_axis',(0.,0.,1.));
#4807=DIRECTION('ref_axis',(1.,5.32710358764525E-15,0.));
#4808=DIRECTION('',(0.854850406459302,0.518874534522909,0.));
#4809=DIRECTION('center_axis',(1.,5.39030285815812E-15,0.));
#4810=DIRECTION('ref_axis',(5.39030285815812E-15,-1.,0.));
#4811=DIRECTION('',(0.,0.,-1.));
#4812=DIRECTION('',(-5.39030285815812E-15,1.,0.));
#4813=DIRECTION('',(0.,0.,-1.));
#4814=DIRECTION('center_axis',(1.,5.39030285815812E-15,0.));
#4815=DIRECTION('ref_axis',(0.,0.,1.));
#4816=DIRECTION('center_axis',(1.60169333407861E-47,-2.97143477134031E-33,
-1.));
#4817=DIRECTION('ref_axis',(-5.39030285815812E-15,1.,-2.97143477134031E-33));
#4818=DIRECTION('',(-1.,-5.39030285815812E-15,0.));
#4819=DIRECTION('',(-5.39030285815812E-15,1.,3.28692043842088E-32));
#4820=DIRECTION('center_axis',(-1.,6.12323399573677E-17,6.55043604467923E-19));
#4821=DIRECTION('ref_axis',(6.12323399573677E-17,1.,6.55043604467923E-19));
#4822=DIRECTION('',(6.55043604467923E-19,-6.55043604467923E-19,1.));
#4823=DIRECTION('',(-6.12323399573677E-17,-1.,-6.5504360446789E-19));
#4824=DIRECTION('center_axis',(-1.,6.12323399573677E-17,6.55043604467923E-19));
#4825=DIRECTION('ref_axis',(6.55043604467923E-19,-6.55043604467923E-19,
1.));
#4826=DIRECTION('center_axis',(0.,-1.,0.));
#4827=DIRECTION('ref_axis',(0.,0.,1.));
#4828=DIRECTION('',(0.,-1.,0.));
#4829=DIRECTION('center_axis',(0.,-1.,0.));
#4830=DIRECTION('ref_axis',(0.,0.,1.));
#4831=DIRECTION('',(0.,1.,0.));
#4832=DIRECTION('center_axis',(0.,0.,-1.));
#4833=DIRECTION('ref_axis',(0.,1.,0.));
#4834=DIRECTION('',(0.,0.,1.));
#4835=DIRECTION('center_axis',(0.,0.,1.));
#4836=DIRECTION('ref_axis',(1.,5.39539978748695E-15,0.));
#4837=DIRECTION('center_axis',(1.,5.39030285815812E-15,0.));
#4838=DIRECTION('ref_axis',(0.,0.,1.));
#4839=DIRECTION('',(0.,0.,-1.));
#4840=DIRECTION('',(-5.39030285815812E-15,1.,0.));
#4841=DIRECTION('center_axis',(-1.,-5.39030285815812E-15,0.));
#4842=DIRECTION('ref_axis',(0.,0.,1.));
#4843=DIRECTION('center_axis',(0.,-1.,0.));
#4844=DIRECTION('ref_axis',(0.,0.,1.));
#4845=DIRECTION('',(0.,1.,0.));
#4846=DIRECTION('',(0.,-1.,0.));
#4847=DIRECTION('center_axis',(0.,-1.,0.));
#4848=DIRECTION('ref_axis',(0.,0.,1.));
#4849=DIRECTION('center_axis',(1.,5.39030285815812E-15,0.));
#4850=DIRECTION('ref_axis',(5.39030285815812E-15,-1.,0.));
#4851=DIRECTION('',(0.,0.,-1.));
#4852=DIRECTION('center_axis',(1.,5.39030285815812E-15,0.));
#4853=DIRECTION('ref_axis',(0.,0.,1.));
#4854=DIRECTION('center_axis',(0.,0.,1.));
#4855=DIRECTION('ref_axis',(1.,0.,0.));
#4856=DIRECTION('',(0.,-1.,0.));
#4857=DIRECTION('center_axis',(0.,0.,1.));
#4858=DIRECTION('ref_axis',(1.,5.32710358764525E-15,0.));
#4859=DIRECTION('center_axis',(-1.,0.,0.));
#4860=DIRECTION('ref_axis',(0.,0.,-1.));
#4861=DIRECTION('',(0.,-1.,0.));
#4862=DIRECTION('',(0.,0.,-1.));
#4863=DIRECTION('',(0.,-1.,0.));
#4864=DIRECTION('center_axis',(0.,0.,1.));
#4865=DIRECTION('ref_axis',(-1.,0.,0.));
#4866=DIRECTION('',(-1.,0.,0.));
#4867=DIRECTION('',(0.,-1.,0.));
#4868=DIRECTION('center_axis',(1.,0.,0.));
#4869=DIRECTION('ref_axis',(0.,0.,1.));
#4870=DIRECTION('',(0.,0.,1.));
#4871=DIRECTION('',(0.,-1.,0.));
#4872=DIRECTION('center_axis',(0.,0.,-1.));
#4873=DIRECTION('ref_axis',(1.,0.,0.));
#4874=DIRECTION('',(1.,0.,0.));
#4875=DIRECTION('center_axis',(0.,-1.,0.));
#4876=DIRECTION('ref_axis',(0.,0.,1.));
#4877=DIRECTION('center_axis',(0.,-1.,0.));
#4878=DIRECTION('ref_axis',(0.,0.,1.));
#4879=DIRECTION('',(0.,-1.,0.));
#4880=DIRECTION('center_axis',(0.,-1.,0.));
#4881=DIRECTION('ref_axis',(0.,0.,1.));
#4882=DIRECTION('center_axis',(0.,-1.,0.));
#4883=DIRECTION('ref_axis',(0.,0.,1.));
#4884=DIRECTION('',(0.,-1.,0.));
#4885=DIRECTION('center_axis',(0.,-1.,0.));
#4886=DIRECTION('ref_axis',(0.,0.,1.));
#4887=DIRECTION('center_axis',(0.,-1.,0.));
#4888=DIRECTION('ref_axis',(0.,0.,1.));
#4889=DIRECTION('',(0.,-1.,0.));
#4890=DIRECTION('center_axis',(0.,-1.,0.));
#4891=DIRECTION('ref_axis',(0.,0.,1.));
#4892=DIRECTION('center_axis',(0.,-1.,0.));
#4893=DIRECTION('ref_axis',(0.,0.,1.));
#4894=DIRECTION('',(0.,-1.,0.));
#4895=DIRECTION('',(0.854850406459305,-0.518874534522904,-5.59964291527972E-19));
#4896=DIRECTION('center_axis',(0.,-1.,0.));
#4897=DIRECTION('ref_axis',(0.,0.,1.));
#4898=DIRECTION('',(0.,-1.,0.));
#4899=DIRECTION('center_axis',(0.,-1.,0.));
#4900=DIRECTION('ref_axis',(0.,0.,1.));
#4901=DIRECTION('',(-0.854850406459302,-0.518874534522909,0.));
#4902=DIRECTION('center_axis',(-6.55043604467923E-19,0.,-1.));
#4903=DIRECTION('ref_axis',(-1.,0.,6.55043604467923E-19));
#4904=DIRECTION('center_axis',(0.,1.,0.));
#4905=DIRECTION('ref_axis',(0.,0.,1.));
#4906=DIRECTION('',(-1.,0.,0.));
#4907=DIRECTION('',(0.,0.,-1.));
#4908=DIRECTION('',(1.72229093486794E-33,0.,1.));
#4909=DIRECTION('center_axis',(1.,0.,0.));
#4910=DIRECTION('ref_axis',(0.,0.,-1.));
#4911=DIRECTION('center_axis',(0.,0.,1.));
#4912=DIRECTION('ref_axis',(1.,0.,0.));
#4913=DIRECTION('center_axis',(-1.,-5.39030285815812E-15,0.));
#4914=DIRECTION('ref_axis',(0.,0.,1.));
#4915=DIRECTION('',(-1.,-5.39030285815812E-15,0.));
#4916=DIRECTION('center_axis',(1.,-6.12323399573677E-17,-6.55043604467923E-19));
#4917=DIRECTION('ref_axis',(6.55043604467923E-19,-6.55043604467923E-19,
1.));
#4918=DIRECTION('',(1.,-6.12323399573677E-17,-6.55043604467923E-19));
#4919=DIRECTION('center_axis',(1.,-6.12323399573677E-17,-6.55043604467923E-19));
#4920=DIRECTION('ref_axis',(6.55043604467923E-19,-6.55043604467923E-19,
1.));
#4921=DIRECTION('',(1.,-6.12323399573677E-17,-6.55043604467923E-19));
#4922=DIRECTION('center_axis',(-1.,-5.39030285815812E-15,0.));
#4923=DIRECTION('ref_axis',(0.,0.,1.));
#4924=DIRECTION('',(-1.,-5.39030285815812E-15,0.));
#4925=DIRECTION('center_axis',(0.,0.,-1.));
#4926=DIRECTION('ref_axis',(5.39030285815812E-15,-1.,0.));
#4927=DIRECTION('',(-1.,-5.39030285815812E-15,0.));
#4928=DIRECTION('center_axis',(5.39030285815812E-15,-1.,0.));
#4929=DIRECTION('ref_axis',(0.,0.,1.));
#4930=DIRECTION('center_axis',(6.55043604467923E-19,0.,1.));
#4931=DIRECTION('ref_axis',(1.,0.,-6.55043604467923E-19));
#4932=DIRECTION('center_axis',(-6.12323399573677E-17,-1.,-6.55043604467923E-19));
#4933=DIRECTION('ref_axis',(-6.55043604467923E-19,6.55043604467923E-19,
-1.));
#4934=DIRECTION('',(1.,-6.12323399573677E-17,-6.55043604467923E-19));
#4935=DIRECTION('center_axis',(-1.,0.,1.72229093486794E-33));
#4936=DIRECTION('ref_axis',(1.72229093486794E-33,0.,1.));
#4937=DIRECTION('center_axis',(5.39030285815812E-15,-1.,0.));
#4938=DIRECTION('ref_axis',(0.,0.,1.));
#4939=DIRECTION('center_axis',(-6.12323399573677E-17,-1.,-6.55043604467923E-19));
#4940=DIRECTION('ref_axis',(-6.55043604467923E-19,6.55043604467923E-19,
-1.));
#4941=DIRECTION('center_axis',(-6.55043604467923E-19,6.55043604467926E-19,
-1.));
#4942=DIRECTION('ref_axis',(-6.12323399573677E-17,-1.,-6.55043604467926E-19));
#4943=DIRECTION('center_axis',(0.,0.,1.));
#4944=DIRECTION('ref_axis',(1.,0.,0.));
#4945=DIRECTION('center_axis',(0.,0.,-1.));
#4946=DIRECTION('ref_axis',(0.,1.,0.));
#4947=DIRECTION('',(1.25884744233332E-32,2.18436284878143E-16,1.));
#4948=DIRECTION('',(1.,-6.10622663543836E-16,7.61120969537945E-32));
#4949=DIRECTION('',(-5.92793376335347E-16,1.07413982415627E-16,1.));
#4950=DIRECTION('',(1.,-4.99600361081317E-16,1.11022302462515E-16));
#4951=DIRECTION('',(-1.44394497561717E-15,-0.999999999999999,-5.03069808033273E-17));
#4952=DIRECTION('',(1.,-6.11277707148304E-16,-1.52655665885959E-16));
#4953=CARTESIAN_POINT('',(0.,0.,0.));
#4954=CARTESIAN_POINT('',(0.,0.,0.));
#4955=CARTESIAN_POINT('Origin',(6.25,193.75,-112.5));
#4956=CARTESIAN_POINT('',(2.69341967361937,192.487492886392,-112.49987183741));
#4957=CARTESIAN_POINT('',(2.55658032638061,192.48644675897,-112.501828439044));
#4958=CARTESIAN_POINT('',(6.25,192.4855,-112.5));
#4959=CARTESIAN_POINT('',(2.5,192.791883847278,-111.674788701063));
#4960=CARTESIAN_POINT('Ctrl Pts',(2.55658032638061,192.48644675897,-112.501828439044));
#4961=CARTESIAN_POINT('Ctrl Pts',(2.53772021758707,192.489049710785,-112.202641541625));
#4962=CARTESIAN_POINT('Ctrl Pts',(2.51886010879353,192.596306197307,-111.901865215636));
#4963=CARTESIAN_POINT('Ctrl Pts',(2.5,192.791883847278,-111.674788701063));
#4964=CARTESIAN_POINT('',(2.50000000000005,194.709957029545,-111.673527876414));
#4965=CARTESIAN_POINT('Origin',(2.5,193.75,-112.5));
#4966=CARTESIAN_POINT('Ctrl Pts',(2.50000000000003,194.709962649084,-111.673524027567));
#4967=CARTESIAN_POINT('Ctrl Pts',(2.52537988763879,194.447127969509,-111.369921990739));
#4968=CARTESIAN_POINT('Ctrl Pts',(2.55075977527756,194.026943021586,-111.200474300554));
#4969=CARTESIAN_POINT('Ctrl Pts',(2.57613966291632,193.627252083835,-111.239431724432));
#4970=CARTESIAN_POINT('Ctrl Pts',(2.6024654087925,193.212665455005,-111.27984101448));
#4971=CARTESIAN_POINT('Ctrl Pts',(2.62879115466868,192.820128843079,-111.544478566796));
#4972=CARTESIAN_POINT('Ctrl Pts',(2.65511690054486,192.627356330535,-111.913598631644));
#4973=CARTESIAN_POINT('Ctrl Pts',(2.66788449156969,192.533864559682,-112.092616314532));
#4974=CARTESIAN_POINT('Ctrl Pts',(2.68065208259453,192.487359386409,-112.296209373004));
#4975=CARTESIAN_POINT('Ctrl Pts',(2.69341967361937,192.487492886392,-112.49987183741));
#4976=CARTESIAN_POINT('Origin',(6.25,193.75,-112.5));
#4977=CARTESIAN_POINT('',(3.19341967361937,192.484838303686,-112.501053763807));
#4978=CARTESIAN_POINT('',(3.05658032638061,192.483542720338,-112.499641382701));
#4979=CARTESIAN_POINT('',(6.25,192.4855,-112.5));
#4980=CARTESIAN_POINT('Ctrl Pts',(3.05658032638061,192.483542720338,-112.499641382701));
#4981=CARTESIAN_POINT('Ctrl Pts',(3.05533377205369,192.483468963388,-112.479915964689));
#4982=CARTESIAN_POINT('Ctrl Pts',(3.05408721772678,192.483890306839,-112.460193793972));
#4983=CARTESIAN_POINT('Ctrl Pts',(3.05284066339987,192.484816649654,-112.440495406532));
#4984=CARTESIAN_POINT('Ctrl Pts',(3.02651491752368,192.504379908968,-112.024488874997));
#4985=CARTESIAN_POINT('Ctrl Pts',(3.0001891716475,192.749175005591,-111.619089785223));
#4986=CARTESIAN_POINT('Ctrl Pts',(2.97386342577132,193.108228575845,-111.408055506767));
#4987=CARTESIAN_POINT('Ctrl Pts',(2.94753767989513,193.4672821461,-111.197021228311));
#4988=CARTESIAN_POINT('Ctrl Pts',(2.92121193401895,193.940594189987,-111.180351761173));
#4989=CARTESIAN_POINT('Ctrl Pts',(2.89488618814277,194.313563543451,-111.365681037177));
#4990=CARTESIAN_POINT('Ctrl Pts',(2.86856044226658,194.686532896915,-111.551010313181));
#4991=CARTESIAN_POINT('Ctrl Pts',(2.8422346963904,194.959159559956,-111.938338332326));
#4992=CARTESIAN_POINT('Ctrl Pts',(2.81590895051422,195.007880339168,-112.351904668061));
#4993=CARTESIAN_POINT('Ctrl Pts',(2.78958320463804,195.056601118379,-112.765471003796));
#4994=CARTESIAN_POINT('Ctrl Pts',(2.76325745876185,194.881416013761,-113.205275656119));
#4995=CARTESIAN_POINT('Ctrl Pts',(2.73693171288567,194.561673297636,-113.472257965265));
#4996=CARTESIAN_POINT('Ctrl Pts',(2.71060596700948,194.241930581511,-113.739240274411));
#4997=CARTESIAN_POINT('Ctrl Pts',(2.6842802211333,193.77763025388,-113.833400240379));
#4998=CARTESIAN_POINT('Ctrl Pts',(2.65795447525712,193.379435562038,-113.711364862105));
#4999=CARTESIAN_POINT('Ctrl Pts',(2.63162872938093,192.981240870195,-113.58932948383));
#5000=CARTESIAN_POINT('Ctrl Pts',(2.60530298350475,192.649151814143,-113.251098761313));
#5001=CARTESIAN_POINT('Ctrl Pts',(2.57897723762857,192.533563647861,-112.851704341517));
#5002=CARTESIAN_POINT('Ctrl Pts',(2.57151160054591,192.500784356267,-112.738441309767));
#5003=CARTESIAN_POINT('Ctrl Pts',(2.56404596346326,192.485416399399,-112.620259399357));
#5004=CARTESIAN_POINT('Ctrl Pts',(2.55658032638061,192.48644675897,-112.501828439044));
#5005=CARTESIAN_POINT('Ctrl Pts',(2.69341967361937,192.487492886392,-112.49987183741));
#5006=CARTESIAN_POINT('Ctrl Pts',(2.70697782847071,192.487634652637,-112.716144995319));
#5007=CARTESIAN_POINT('Ctrl Pts',(2.72053598332206,192.540369600167,-112.93249642044));
#5008=CARTESIAN_POINT('Ctrl Pts',(2.7340941381734,192.64528109022,-113.119580257434));
#5009=CARTESIAN_POINT('Ctrl Pts',(2.76041988404958,192.84898677561,-113.482839240994));
#5010=CARTESIAN_POINT('Ctrl Pts',(2.78674562992576,193.24940655955,-113.735754630733));
#5011=CARTESIAN_POINT('Ctrl Pts',(2.81307137580195,193.664946075238,-113.763716499773));
#5012=CARTESIAN_POINT('Ctrl Pts',(2.83939712167813,194.080485590925,-113.791678368812));
#5013=CARTESIAN_POINT('Ctrl Pts',(2.86572286755431,194.511144838359,-113.594686717151));
#5014=CARTESIAN_POINT('Ctrl Pts',(2.8920486134305,194.76170523092,-113.262025222726));
#5015=CARTESIAN_POINT('Ctrl Pts',(2.91837435930668,195.012265623481,-112.929363728301));
#5016=CARTESIAN_POINT('Ctrl Pts',(2.94470010518286,195.082727161169,-112.461032391112));
#5017=CARTESIAN_POINT('Ctrl Pts',(2.97102585105905,194.941131632166,-112.06936911502));
#5018=CARTESIAN_POINT('Ctrl Pts',(2.99735159693523,194.799536103163,-111.677705838929));
#5019=CARTESIAN_POINT('Ctrl Pts',(3.02367734281141,194.445883507468,-111.362710623935));
#5020=CARTESIAN_POINT('Ctrl Pts',(3.05000308868759,194.040514364621,-111.267185683348));
#5021=CARTESIAN_POINT('Ctrl Pts',(3.07632883456378,193.635145221773,-111.171660742762));
#5022=CARTESIAN_POINT('Ctrl Pts',(3.10265458043996,193.178059531772,-111.295606076582));
#5023=CARTESIAN_POINT('Ctrl Pts',(3.12898032631614,192.876481366842,-111.582831930124));
#5024=CARTESIAN_POINT('Ctrl Pts',(3.15046010875055,192.630416795676,-111.817186119846));
#5025=CARTESIAN_POINT('Ctrl Pts',(3.17193989118496,192.487878310849,-112.160241114719));
#5026=CARTESIAN_POINT('Ctrl Pts',(3.19341967361937,192.484838303686,-112.501053763807));
#5027=CARTESIAN_POINT('Origin',(6.25,193.75,-112.5));
#5028=CARTESIAN_POINT('',(3.69341967361937,192.484398916812,-112.499069311721));
#5029=CARTESIAN_POINT('',(3.55658032638061,192.486989806813,-112.499248211406));
#5030=CARTESIAN_POINT('',(6.25,192.4855,-112.5));
#5031=CARTESIAN_POINT('Ctrl Pts',(3.55658032638061,192.486989806813,-112.499248211406));
#5032=CARTESIAN_POINT('Ctrl Pts',(3.54662158064413,192.486119499463,-112.340550016182));
#5033=CARTESIAN_POINT('Ctrl Pts',(3.53666283490765,192.513868508291,-112.18214502774));
#5034=CARTESIAN_POINT('Ctrl Pts',(3.52670408917116,192.571637422209,-112.03557181542));
#5035=CARTESIAN_POINT('Ctrl Pts',(3.50037834329498,192.724348394814,-111.648108449861));
#5036=CARTESIAN_POINT('Ctrl Pts',(3.4740525974188,193.086838070337,-111.343325380609));
#5037=CARTESIAN_POINT('Ctrl Pts',(3.44772685154261,193.494766019878,-111.259400464322));
#5038=CARTESIAN_POINT('Ctrl Pts',(3.42140110566643,193.902693969419,-111.175475548035));
#5039=CARTESIAN_POINT('Ctrl Pts',(3.39507535979025,194.356060192979,-111.312408784713));
#5040=CARTESIAN_POINT('Ctrl Pts',(3.36874961391407,194.649323592233,-111.608120236326));
#5041=CARTESIAN_POINT('Ctrl Pts',(3.34242386803788,194.942586991487,-111.90383168794));
#5042=CARTESIAN_POINT('Ctrl Pts',(3.3160981221617,195.075747566434,-112.358321354489));
#5043=CARTESIAN_POINT('Ctrl Pts',(3.28977237628551,194.988435277767,-112.765537048881));
#5044=CARTESIAN_POINT('Ctrl Pts',(3.26344663040933,194.901122989099,-113.172752743273));
#5045=CARTESIAN_POINT('Ctrl Pts',(3.23712088453315,194.593337836817,-113.532694465508));
#5046=CARTESIAN_POINT('Ctrl Pts',(3.21079513865697,194.204618237641,-113.682180942779));
#5047=CARTESIAN_POINT('Ctrl Pts',(3.18446939278078,193.815898638466,-113.831667420049));
#5048=CARTESIAN_POINT('Ctrl Pts',(3.1581436469046,193.346244592398,-113.770698652355));
#5049=CARTESIAN_POINT('Ctrl Pts',(3.13181790102842,193.008583280366,-113.52690728186));
#5050=CARTESIAN_POINT('Ctrl Pts',(3.10673870947915,192.686910619578,-113.294659712979));
#5051=CARTESIAN_POINT('Ctrl Pts',(3.08165951792988,192.485026622528,-112.896493349777));
#5052=CARTESIAN_POINT('Ctrl Pts',(3.05658032638061,192.483542720338,-112.499641382701));
#5053=CARTESIAN_POINT('Ctrl Pts',(3.19341967361937,192.484838303686,-112.501053763807));
#5054=CARTESIAN_POINT('Ctrl Pts',(3.19826563706115,192.484152460446,-112.577943073232));
#5055=CARTESIAN_POINT('Ctrl Pts',(3.20311160050292,192.490566807343,-112.654718251795));
#5056=CARTESIAN_POINT('Ctrl Pts',(3.20795756394469,192.504494410971,-112.730105352785));
#5057=CARTESIAN_POINT('Ctrl Pts',(3.23428330982088,192.580156259888,-113.139646548636));
#5058=CARTESIAN_POINT('Ctrl Pts',(3.26060905569706,192.877550597578,-113.508222567074));
#5059=CARTESIAN_POINT('Ctrl Pts',(3.28693480157325,193.261848195302,-113.668734194806));
#5060=CARTESIAN_POINT('Ctrl Pts',(3.31326054744943,193.646145793027,-113.829245822538));
#5061=CARTESIAN_POINT('Ctrl Pts',(3.33958629332561,194.117346650784,-113.781693059564));
#5062=CARTESIAN_POINT('Ctrl Pts',(3.36591203920179,194.461824613336,-113.547634398464));
#5063=CARTESIAN_POINT('Ctrl Pts',(3.39223778507797,194.806302575889,-113.313575737363));
#5064=CARTESIAN_POINT('Ctrl Pts',(3.41856353095416,195.024057643236,-112.893011178135));
#5065=CARTESIAN_POINT('Ctrl Pts',(3.44488927683034,195.016366882257,-112.476610591757));
#5066=CARTESIAN_POINT('Ctrl Pts',(3.47121502270653,195.008676121279,-112.060210005379));
#5067=CARTESIAN_POINT('Ctrl Pts',(3.49754076858271,194.775539531975,-111.64797339185));
#5068=CARTESIAN_POINT('Ctrl Pts',(3.52386651445889,194.422653422322,-111.426794786786));
#5069=CARTESIAN_POINT('Ctrl Pts',(3.55019226033507,194.069767312668,-111.205616181722));
#5070=CARTESIAN_POINT('Ctrl Pts',(3.57651800621126,193.597131682665,-111.175495585123));
#5071=CARTESIAN_POINT('Ctrl Pts',(3.60284375208744,193.219023470415,-111.350088690151));
#5072=CARTESIAN_POINT('Ctrl Pts',(3.62916949796363,192.840915258166,-111.524681795179));
#5073=CARTESIAN_POINT('Ctrl Pts',(3.65549524383981,192.557334463671,-111.903988601835));
#5074=CARTESIAN_POINT('Ctrl Pts',(3.68182098971599,192.496847026699,-112.316044242078));
#5075=CARTESIAN_POINT('Ctrl Pts',(3.68568721768379,192.487963775238,-112.376559186197));
#5076=CARTESIAN_POINT('Ctrl Pts',(3.68955344565158,192.483892241995,-112.437780463131));
#5077=CARTESIAN_POINT('Ctrl Pts',(3.69341967361937,192.484398916812,-112.499069311721));
#5078=CARTESIAN_POINT('Origin',(6.25,193.75,-112.5));
#5079=CARTESIAN_POINT('',(4.19341967361937,192.487454770866,-112.499850707292));
#5080=CARTESIAN_POINT('',(4.05658032638061,192.486140993378,-112.501073144128));
#5081=CARTESIAN_POINT('',(6.25,192.4855,-112.5));
#5082=CARTESIAN_POINT('Ctrl Pts',(4.05658032638061,192.486140993378,-112.501073144128));
#5083=CARTESIAN_POINT('Ctrl Pts',(4.03790938923456,192.488581085351,-112.20404547273));
#5084=CARTESIAN_POINT('Ctrl Pts',(4.01923845208851,192.593276310441,-111.905468765006));
#5085=CARTESIAN_POINT('Ctrl Pts',(4.00056751494246,192.784435416992,-111.680294615444));
#5086=CARTESIAN_POINT('Ctrl Pts',(3.97424176906628,193.053966936573,-111.362802387129));
#5087=CARTESIAN_POINT('Ctrl Pts',(3.9479160231901,193.49539370109,-111.191238730388));
#5088=CARTESIAN_POINT('Ctrl Pts',(3.92159027731391,193.908587777308,-111.243384787003));
#5089=CARTESIAN_POINT('Ctrl Pts',(3.89526453143773,194.321781853527,-111.295530843619));
#5090=CARTESIAN_POINT('Ctrl Pts',(3.86893878556155,194.706743241447,-111.571386613591));
#5091=CARTESIAN_POINT('Ctrl Pts',(3.84261303968536,194.888943491897,-111.945888451711));
#5092=CARTESIAN_POINT('Ctrl Pts',(3.81628729380918,195.071143742347,-112.320390289831));
#5093=CARTESIAN_POINT('Ctrl Pts',(3.789961547933,195.050582855327,-112.793538196099));
#5094=CARTESIAN_POINT('Ctrl Pts',(3.76363580205681,194.836582445796,-113.150822920845));
#5095=CARTESIAN_POINT('Ctrl Pts',(3.73731005618063,194.622582036265,-113.508107645592));
#5096=CARTESIAN_POINT('Ctrl Pts',(3.71098431030445,194.215142104223,-113.749529188817));
#5097=CARTESIAN_POINT('Ctrl Pts',(3.68465856442826,193.798982094543,-113.765635255875));
#5098=CARTESIAN_POINT('Ctrl Pts',(3.65833281855208,193.382822084863,-113.781741322932));
#5099=CARTESIAN_POINT('Ctrl Pts',(3.6320070726759,192.957941997545,-113.572531913822));
#5100=CARTESIAN_POINT('Ctrl Pts',(3.60568132679971,192.71696808873,-113.232855378334));
#5101=CARTESIAN_POINT('Ctrl Pts',(3.58931432666001,192.567152010668,-113.021674812741));
#5102=CARTESIAN_POINT('Ctrl Pts',(3.57294732652031,192.488420139597,-112.760065532394));
#5103=CARTESIAN_POINT('Ctrl Pts',(3.55658032638061,192.486989806813,-112.499248211406));
#5104=CARTESIAN_POINT('Ctrl Pts',(3.69341967361937,192.484398916812,-112.499069311721));
#5105=CARTESIAN_POINT('Ctrl Pts',(3.71587919152776,192.487342269408,-112.855105738942));
#5106=CARTESIAN_POINT('Ctrl Pts',(3.73833870943615,192.644783126598,-113.213422458355));
#5107=CARTESIAN_POINT('Ctrl Pts',(3.76079822734454,192.910944766013,-113.448798398323));
#5108=CARTESIAN_POINT('Ctrl Pts',(3.78712397322072,193.222924021748,-113.724692440494));
#5109=CARTESIAN_POINT('Ctrl Pts',(3.81344971909691,193.684276612667,-113.831676051006));
#5110=CARTESIAN_POINT('Ctrl Pts',(3.83977546497309,194.085840914124,-113.721246482704));
#5111=CARTESIAN_POINT('Ctrl Pts',(3.86610121084927,194.487405215582,-113.610816914403));
#5112=CARTESIAN_POINT('Ctrl Pts',(3.89242695672546,194.829181227579,-113.282974167288));
#5113=CARTESIAN_POINT('Ctrl Pts',(3.91875270260164,194.95621928743,-112.88635103381));
#5114=CARTESIAN_POINT('Ctrl Pts',(3.94507844847782,195.083257347281,-112.489727900333));
#5115=CARTESIAN_POINT('Ctrl Pts',(3.97140419435401,194.995557454986,-112.024324380492));
#5116=CARTESIAN_POINT('Ctrl Pts',(3.99772994023019,194.732879770444,-111.701138656171));
#5117=CARTESIAN_POINT('Ctrl Pts',(4.02405568610637,194.470202085901,-111.37795293185));
#5118=CARTESIAN_POINT('Ctrl Pts',(4.05038143198256,194.032546609111,-111.196985003049));
#5119=CARTESIAN_POINT('Ctrl Pts',(4.07670717785874,193.618331500091,-111.2402795959));
#5120=CARTESIAN_POINT('Ctrl Pts',(4.10303292373492,193.204116391071,-111.283574188752));
#5121=CARTESIAN_POINT('Ctrl Pts',(4.12935866961111,192.813341649822,-111.551131303256));
#5122=CARTESIAN_POINT('Ctrl Pts',(4.15568441548729,192.623171300418,-111.921649611324));
#5123=CARTESIAN_POINT('Ctrl Pts',(4.16826283486465,192.532308066412,-112.098682949251));
#5124=CARTESIAN_POINT('Ctrl Pts',(4.18084125424201,192.487241218521,-112.299221508236));
#5125=CARTESIAN_POINT('Ctrl Pts',(4.19341967361937,192.487454770866,-112.499850707292));
#5126=CARTESIAN_POINT('Origin',(6.25,193.75,-112.5));
#5127=CARTESIAN_POINT('',(4.69341967361937,192.48492653962,-112.501070682352));
#5128=CARTESIAN_POINT('',(4.55658032638061,192.483507817091,-112.499698664297));
#5129=CARTESIAN_POINT('',(6.25,192.4855,-112.5));
#5130=CARTESIAN_POINT('Ctrl Pts',(4.55658032638061,192.483507817091,-112.499698664297));
#5131=CARTESIAN_POINT('Ctrl Pts',(4.55552294370117,192.483453629629,-112.482967724458));
#5132=CARTESIAN_POINT('Ctrl Pts',(4.55446556102174,192.483756785538,-112.466238792427));
#5133=CARTESIAN_POINT('Ctrl Pts',(4.55340817834231,192.484423415977,-112.449524357038));
#5134=CARTESIAN_POINT('Ctrl Pts',(4.52708243246613,192.501020570307,-112.033383647455));
#5135=CARTESIAN_POINT('Ctrl Pts',(4.50075668658994,192.742922796259,-111.626228896113));
#5136=CARTESIAN_POINT('Ctrl Pts',(4.47443094071376,193.100459822941,-111.412650268331));
#5137=CARTESIAN_POINT('Ctrl Pts',(4.44810519483758,193.457996849623,-111.199071640548));
#5138=CARTESIAN_POINT('Ctrl Pts',(4.42177944896139,193.931168677037,-111.179069136324));
#5139=CARTESIAN_POINT('Ctrl Pts',(4.39545370308521,194.305455235023,-111.361711213094));
#5140=CARTESIAN_POINT('Ctrl Pts',(4.36912795720903,194.67974179301,-111.544353289864));
#5141=CARTESIAN_POINT('Ctrl Pts',(4.34280221133284,194.95514308157,-111.929639947627));
#5142=CARTESIAN_POINT('Ctrl Pts',(4.31647646545666,195.006801490125,-112.34289527374));
#5143=CARTESIAN_POINT('Ctrl Pts',(4.29015071958048,195.05845989868,-112.756150599853));
#5144=CARTESIAN_POINT('Ctrl Pts',(4.26382497370429,194.88637542723,-113.197374594315));
#5145=CARTESIAN_POINT('Ctrl Pts',(4.23749922782811,194.568565343046,-113.466531251356));
#5146=CARTESIAN_POINT('Ctrl Pts',(4.21117348195193,194.250755258862,-113.735687908398));
#5147=CARTESIAN_POINT('Ctrl Pts',(4.18484773607575,193.787219561944,-113.832777228019));
#5148=CARTESIAN_POINT('Ctrl Pts',(4.15852199019956,193.388109627334,-113.713782203813));
#5149=CARTESIAN_POINT('Ctrl Pts',(4.13219624432338,192.988999692724,-113.594787179607));
#5150=CARTESIAN_POINT('Ctrl Pts',(4.1058704984472,192.654315520423,-113.259707811573));
#5151=CARTESIAN_POINT('Ctrl Pts',(4.07954475257101,192.535791571595,-112.860457727612));
#5152=CARTESIAN_POINT('Ctrl Pts',(4.07188994384088,192.501328040628,-112.744366694803));
#5153=CARTESIAN_POINT('Ctrl Pts',(4.06423513511074,192.485140591674,-112.622850106598));
#5154=CARTESIAN_POINT('Ctrl Pts',(4.05658032638061,192.486140993378,-112.501073144128));
#5155=CARTESIAN_POINT('Ctrl Pts',(4.19341967361937,192.487454770866,-112.499850707292));
#5156=CARTESIAN_POINT('Ctrl Pts',(4.20716700011819,192.487688168538,-112.719124291823));
#5157=CARTESIAN_POINT('Ctrl Pts',(4.22091432661702,192.542008780064,-112.938506145471));
#5158=CARTESIAN_POINT('Ctrl Pts',(4.23466165311584,192.649742986412,-113.127428557088));
#5159=CARTESIAN_POINT('Ctrl Pts',(4.26098739899202,192.856050979368,-113.48920969315));
#5160=CARTESIAN_POINT('Ctrl Pts',(4.2873131448682,193.258232922838,-113.739292463641));
#5161=CARTESIAN_POINT('Ctrl Pts',(4.31363889074439,193.673953154148,-113.764297815983));
#5162=CARTESIAN_POINT('Ctrl Pts',(4.33996463662057,194.089673385457,-113.789303168326));
#5163=CARTESIAN_POINT('Ctrl Pts',(4.36629038249675,194.518931904606,-113.589231102521));
#5164=CARTESIAN_POINT('Ctrl Pts',(4.39261612837294,194.767117447085,-113.254787512539));
#5165=CARTESIAN_POINT('Ctrl Pts',(4.41894187424912,195.015302989565,-112.920343922557));
#5166=CARTESIAN_POINT('Ctrl Pts',(4.44526762012531,195.082415555375,-112.451528808398));
#5167=CARTESIAN_POINT('Ctrl Pts',(4.47159336600149,194.938028581717,-112.06088705409));
#5168=CARTESIAN_POINT('Ctrl Pts',(4.49791911187767,194.793641608059,-111.670245299781));
#5169=CARTESIAN_POINT('Ctrl Pts',(4.52424485775386,194.437755094934,-111.357776905324));
#5170=CARTESIAN_POINT('Ctrl Pts',(4.55057060363004,194.031715925954,-111.265144450831));
#5171=CARTESIAN_POINT('Ctrl Pts',(4.57689634950622,193.625676756974,-111.172511996338));
#5172=CARTESIAN_POINT('Ctrl Pts',(4.6032220953824,193.16948493214,-111.29971548181));
#5173=CARTESIAN_POINT('Ctrl Pts',(4.62954784125859,192.869962363932,-111.589085158014));
#5174=CARTESIAN_POINT('Ctrl Pts',(4.65083845204552,192.627727311918,-111.823109188276));
#5175=CARTESIAN_POINT('Ctrl Pts',(4.67212906283245,192.487962712573,-112.163198973426));
#5176=CARTESIAN_POINT('Ctrl Pts',(4.69341967361937,192.48492653962,-112.501070682352));
#5177=CARTESIAN_POINT('Origin',(6.25,193.75,-112.5));
#5178=CARTESIAN_POINT('',(5.19341967361937,192.484318848383,-112.499099652456));
#5179=CARTESIAN_POINT('',(5.05658032638061,192.486933450178,-112.499212600482));
#5180=CARTESIAN_POINT('',(6.25,192.4855,-112.5));
#5181=CARTESIAN_POINT('Ctrl Pts',(5.05658032638061,192.486933450178,-112.499212600482));
#5182=CARTESIAN_POINT('Ctrl Pts',(5.04681075229161,192.486036629504,-112.343546423609));
#5183=CARTESIAN_POINT('Ctrl Pts',(5.03704117820261,192.512710595491,-112.188176727268));
#5184=CARTESIAN_POINT('Ctrl Pts',(5.02727160411361,192.568355285292,-112.043987227415));
#5185=CARTESIAN_POINT('Ctrl Pts',(5.00094585823742,192.718299177393,-111.655444585068));
#5186=CARTESIAN_POINT('Ctrl Pts',(4.97462011236124,193.078606117006,-111.348083904906));
#5187=CARTESIAN_POINT('Ctrl Pts',(4.94829436648506,193.485925148956,-111.261252102482));
#5188=CARTESIAN_POINT('Ctrl Pts',(4.92196862060887,193.893244180905,-111.174420300059));
#5189=CARTESIAN_POINT('Ctrl Pts',(4.89564287473269,194.347575305191,-111.308117375375));
#5190=CARTESIAN_POINT('Ctrl Pts',(4.86931712885651,194.642940187903,-111.601729605639));
#5191=CARTESIAN_POINT('Ctrl Pts',(4.84299138298033,194.938305070615,-111.895341835903));
#5192=CARTESIAN_POINT('Ctrl Pts',(4.81666563710414,195.074703711753,-112.348869221116));
#5193=CARTESIAN_POINT('Ctrl Pts',(4.79033989122796,194.990297590143,-112.756697815424));
#5194=CARTESIAN_POINT('Ctrl Pts',(4.76401414535178,194.905891468533,-113.164526409732));
#5195=CARTESIAN_POINT('Ctrl Pts',(4.73768839947559,194.600680584174,-113.526656213136));
#5196=CARTESIAN_POINT('Ctrl Pts',(4.71136265359941,194.213037208063,-113.678909845794));
#5197=CARTESIAN_POINT('Ctrl Pts',(4.68503690772323,193.825393831953,-113.831163478451));
#5198=CARTESIAN_POINT('Ctrl Pts',(4.65871116184704,193.35531796409,-113.773540940361));
#5199=CARTESIAN_POINT('Ctrl Pts',(4.63238541597086,193.015926071514,-113.532166337404));
#5200=CARTESIAN_POINT('Ctrl Pts',(4.60711705277411,192.690165971572,-113.300486628776));
#5201=CARTESIAN_POINT('Ctrl Pts',(4.58184868957736,192.484802739446,-112.899519346701));
#5202=CARTESIAN_POINT('Ctrl Pts',(4.55658032638061,192.483507817091,-112.499698664297));
#5203=CARTESIAN_POINT('Ctrl Pts',(4.69341967361937,192.48492653962,-112.501070682352));
#5204=CARTESIAN_POINT('Ctrl Pts',(4.69845480870863,192.484208498173,-112.580975844036));
#5205=CARTESIAN_POINT('Ctrl Pts',(4.70348994379788,192.491137698621,-112.660756948376));
#5206=CARTESIAN_POINT('Ctrl Pts',(4.70852507888714,192.506167279181,-112.738981699859));
#5207=CARTESIAN_POINT('Ctrl Pts',(4.73485082476332,192.584748074221,-113.147972698565));
#5208=CARTESIAN_POINT('Ctrl Pts',(4.7611765706395,192.884762975882,-113.514418829042));
#5209=CARTESIAN_POINT('Ctrl Pts',(4.78750231651569,193.270195395626,-113.67218583504));
#5210=CARTESIAN_POINT('Ctrl Pts',(4.81382806239187,193.655627815371,-113.829952841039));
#5211=CARTESIAN_POINT('Ctrl Pts',(4.84015380826805,194.126477753198,-113.77904072256));
#5212=CARTESIAN_POINT('Ctrl Pts',(4.86647955414423,194.469277804981,-113.542531308647));
#5213=CARTESIAN_POINT('Ctrl Pts',(4.89280530002042,194.812077856764,-113.306021894734));
#5214=CARTESIAN_POINT('Ctrl Pts',(4.9191310458966,195.026828022503,-112.883915185388));
#5215=CARTESIAN_POINT('Ctrl Pts',(4.94545679177278,195.016167855198,-112.46758005691));
#5216=CARTESIAN_POINT('Ctrl Pts',(4.97178253764897,195.005507687894,-112.051244928432));
#5217=CARTESIAN_POINT('Ctrl Pts',(4.99810828352515,194.769437187547,-111.640681380822));
#5218=CARTESIAN_POINT('Ctrl Pts',(5.02443402940134,194.414982718294,-111.422025012063));
#5219=CARTESIAN_POINT('Ctrl Pts',(5.05075977527752,194.060528249042,-111.203368643304));
#5220=CARTESIAN_POINT('Ctrl Pts',(5.0770855211537,193.587689810884,-111.176619453397));
#5221=CARTESIAN_POINT('Ctrl Pts',(5.10341126702988,193.210836326606,-111.353904618481));
#5222=CARTESIAN_POINT('Ctrl Pts',(5.12973701290607,192.833982842327,-111.531189783565));
#5223=CARTESIAN_POINT('Ctrl Pts',(5.15606275878225,192.553114311928,-111.912509303642));
#5224=CARTESIAN_POINT('Ctrl Pts',(5.18238850465843,192.495567008111,-112.324985831695));
#5225=CARTESIAN_POINT('Ctrl Pts',(5.18606556097875,192.487529071476,-112.382598612415));
#5226=CARTESIAN_POINT('Ctrl Pts',(5.18974261729906,192.48384795064,-112.440819241062));
#5227=CARTESIAN_POINT('Ctrl Pts',(5.19341967361937,192.484318848383,-112.499099652456));
#5228=CARTESIAN_POINT('Origin',(6.25,193.75,-112.5));
#5229=CARTESIAN_POINT('',(5.69341967361938,192.487442349709,-112.499802809943));
#5230=CARTESIAN_POINT('',(5.55658032638061,192.486222037301,-112.501057114635));
#5231=CARTESIAN_POINT('',(6.25,192.4855,-112.5));
#5232=CARTESIAN_POINT('Ctrl Pts',(5.55658032638061,192.486222037301,-112.501057114635));
#5233=CARTESIAN_POINT('Ctrl Pts',(5.53809856088204,192.48858979648,-112.20699107286));
#5234=CARTESIAN_POINT('Ctrl Pts',(5.51961679538347,192.590986281748,-111.911437918163));
#5235=CARTESIAN_POINT('Ctrl Pts',(5.5011350298849,192.778614207013,-111.687201426095));
#5236=CARTESIAN_POINT('Ctrl Pts',(5.47480928400872,193.045874663282,-111.367795095201));
#5237=CARTESIAN_POINT('Ctrl Pts',(5.44848353813254,193.486066689573,-111.193087744374));
#5238=CARTESIAN_POINT('Ctrl Pts',(5.42215779225636,193.899622139814,-111.242285765432));
#5239=CARTESIAN_POINT('Ctrl Pts',(5.39583204638017,194.313177590055,-111.291483786489));
#5240=CARTESIAN_POINT('Ctrl Pts',(5.36950630050399,194.700096464247,-111.564587179432));
#5241=CARTESIAN_POINT('Ctrl Pts',(5.3431805546278,194.884962857988,-111.937780121709));
#5242=CARTESIAN_POINT('Ctrl Pts',(5.31685480875162,195.069829251729,-112.310973063987));
#5243=CARTESIAN_POINT('Ctrl Pts',(5.29052906287544,195.052643165019,-112.784255555598));
#5244=CARTESIAN_POINT('Ctrl Pts',(5.26420331699926,194.841196187114,-113.143057354974));
#5245=CARTESIAN_POINT('Ctrl Pts',(5.23787757112307,194.629749209209,-113.50185915435));
#5246=CARTESIAN_POINT('Ctrl Pts',(5.21155182524689,194.22404134011,-113.746180261489));
#5247=CARTESIAN_POINT('Ctrl Pts',(5.18522607937071,193.808006777727,-113.765253766758));
#5248=CARTESIAN_POINT('Ctrl Pts',(5.15890033349452,193.391972215344,-113.784327272027));
#5249=CARTESIAN_POINT('Ctrl Pts',(5.13257458761834,192.965610959678,-113.578153175426));
#5250=CARTESIAN_POINT('Ctrl Pts',(5.10624884174216,192.72222075414,-113.240203824859));
#5251=CARTESIAN_POINT('Ctrl Pts',(5.08969266995497,192.569153484055,-113.027668630998));
#5252=CARTESIAN_POINT('Ctrl Pts',(5.07313649816779,192.488453262301,-112.763014885235));
#5253=CARTESIAN_POINT('Ctrl Pts',(5.05658032638061,192.486933450178,-112.499212600482));
#5254=CARTESIAN_POINT('Ctrl Pts',(5.19341967361937,192.484318848383,-112.499099652456));
#5255=CARTESIAN_POINT('Ctrl Pts',(5.21606836317524,192.487219325246,-112.858075645708));
#5256=CARTESIAN_POINT('Ctrl Pts',(5.23871705273111,192.647643131472,-113.219319735074));
#5257=CARTESIAN_POINT('Ctrl Pts',(5.26136574228698,192.917732498106,-113.454758029837));
#5258=CARTESIAN_POINT('Ctrl Pts',(5.28769148816317,193.231671369154,-113.728420163895));
#5259=CARTESIAN_POINT('Ctrl Pts',(5.31401723403935,193.693775188484,-113.83211089598));
#5260=CARTESIAN_POINT('Ctrl Pts',(5.34034297991553,194.09454174568,-113.718820362371));
#5261=CARTESIAN_POINT('Ctrl Pts',(5.36666872579172,194.495308302875,-113.605529828763));
#5262=CARTESIAN_POINT('Ctrl Pts',(5.3929944716679,194.834737597936,-113.27525802946));
#5263=CARTESIAN_POINT('Ctrl Pts',(5.41932021754408,194.958943892158,-112.87773900495));
#5264=CARTESIAN_POINT('Ctrl Pts',(5.44564596342027,195.08315018638,-112.48021998044));
#5265=CARTESIAN_POINT('Ctrl Pts',(5.47197170929645,194.992133479763,-112.015453730722));
#5266=CARTESIAN_POINT('Ctrl Pts',(5.49829745517263,194.727157662419,-111.694149521919));
#5267=CARTESIAN_POINT('Ctrl Pts',(5.52462320104882,194.462181845075,-111.372845313116));
#5268=CARTESIAN_POINT('Ctrl Pts',(5.550948946925,194.023246917004,-111.195003145227));
#5269=CARTESIAN_POINT('Ctrl Pts',(5.57727469280118,193.609351098549,-111.241250629884));
#5270=CARTESIAN_POINT('Ctrl Pts',(5.60360043867736,193.195455280094,-111.28749811454));
#5271=CARTESIAN_POINT('Ctrl Pts',(5.62992618455355,192.806598571254,-111.557835251742));
#5272=CARTESIAN_POINT('Ctrl Pts',(5.65625193042973,192.619075424986,-111.92970034554));
#5273=CARTESIAN_POINT('Ctrl Pts',(5.66864117815961,192.530824526982,-112.104705026921));
#5274=CARTESIAN_POINT('Ctrl Pts',(5.68103042588949,192.487164369312,-112.302195808936));
#5275=CARTESIAN_POINT('Ctrl Pts',(5.69341967361938,192.487442349709,-112.499802809943));
#5276=CARTESIAN_POINT('Origin',(6.25,193.75,-112.5));
#5277=CARTESIAN_POINT('',(6.19341967361938,192.485015401697,-112.501085364182));
#5278=CARTESIAN_POINT('',(6.05658032638061,192.483479101294,-112.499751395256));
#5279=CARTESIAN_POINT('',(6.25,192.4855,-112.5));
#5280=CARTESIAN_POINT('Ctrl Pts',(6.05658032638061,192.483479101294,-112.499751395256));
#5281=CARTESIAN_POINT('Ctrl Pts',(6.05571211534866,192.48344178986,-112.48601454856));
#5282=CARTESIAN_POINT('Ctrl Pts',(6.05484390431671,192.483646151698,-112.472278838416));
#5283=CARTESIAN_POINT('Ctrl Pts',(6.05397569328475,192.484095630104,-112.458551153996));
#5284=CARTESIAN_POINT('Ctrl Pts',(6.02764994740857,192.497724637155,-112.042302663468));
#5285=CARTESIAN_POINT('Ctrl Pts',(6.00132420153239,192.736717070111,-111.633433129958));
#5286=CARTESIAN_POINT('Ctrl Pts',(5.9749984556562,193.092721859618,-111.417310142869));
#5287=CARTESIAN_POINT('Ctrl Pts',(5.94867270978002,193.448726649125,-111.20118715578));
#5288=CARTESIAN_POINT('Ctrl Pts',(5.92234696390383,193.921743795183,-111.177810715111));
#5289=CARTESIAN_POINT('Ctrl Pts',(5.89602121802765,194.297323354901,-111.357778906806));
#5290=CARTESIAN_POINT('Ctrl Pts',(5.86969547215147,194.67290291462,-111.5377470985));
#5291=CARTESIAN_POINT('Ctrl Pts',(5.84336972627528,194.951044888,-111.921059922558));
#5292=CARTESIAN_POINT('Ctrl Pts',(5.8170439803991,195.005649130884,-112.333936335495));
#5293=CARTESIAN_POINT('Ctrl Pts',(5.79071823452292,195.060253373768,-112.746812748431));
#5294=CARTESIAN_POINT('Ctrl Pts',(5.76439248864674,194.891319886156,-113.189252750247));
#5295=CARTESIAN_POINT('Ctrl Pts',(5.73806674277055,194.575437385969,-113.460669038953));
#5296=CARTESIAN_POINT('Ctrl Pts',(5.71174099689437,194.259554885781,-113.73208532766));
#5297=CARTESIAN_POINT('Ctrl Pts',(5.68541525101819,193.796723373017,-113.832477903259));
#5298=CARTESIAN_POINT('Ctrl Pts',(5.659089505142,193.396774969634,-113.7163321744));
#5299=CARTESIAN_POINT('Ctrl Pts',(5.63276375926582,192.996826566251,-113.600186445542));
#5300=CARTESIAN_POINT('Ctrl Pts',(5.60643801338964,192.65976127225,-113.267502412226));
#5301=CARTESIAN_POINT('Ctrl Pts',(5.58011226751345,192.538393068374,-112.869107740088));
#5302=CARTESIAN_POINT('Ctrl Pts',(5.57226828713584,192.502230377518,-112.750402651712));
#5303=CARTESIAN_POINT('Ctrl Pts',(5.56442430675823,192.485217119424,-112.62586382001));
#5304=CARTESIAN_POINT('Ctrl Pts',(5.55658032638061,192.486222037301,-112.501057114635));
#5305=CARTESIAN_POINT('Ctrl Pts',(5.69341967361938,192.487442349709,-112.499802809943));
#5306=CARTESIAN_POINT('Ctrl Pts',(5.70735617176568,192.487755046118,-112.722088267726));
#5307=CARTESIAN_POINT('Ctrl Pts',(5.72129266991198,192.543665733408,-112.944520785505));
#5308=CARTESIAN_POINT('Ctrl Pts',(5.73522916805828,192.654245499196,-113.135259131547));
#5309=CARTESIAN_POINT('Ctrl Pts',(5.76155491393446,192.86312830337,-113.495559773362));
#5310=CARTESIAN_POINT('Ctrl Pts',(5.78788065981065,193.267083495416,-113.742768006596));
#5311=CARTESIAN_POINT('Ctrl Pts',(5.81420640568683,193.682971481798,-113.764807996494));
#5312=CARTESIAN_POINT('Ctrl Pts',(5.84053215156301,194.09885946818,-113.786847986391));
#5313=CARTESIAN_POINT('Ctrl Pts',(5.86685789743919,194.526680248899,-113.583719732952));
#5314=CARTESIAN_POINT('Ctrl Pts',(5.89318364331538,194.772474381348,-113.247514702018));
#5315=CARTESIAN_POINT('Ctrl Pts',(5.91950938919156,195.018268513798,-112.911309671084));
#5316=CARTESIAN_POINT('Ctrl Pts',(5.94583513506775,195.082035997979,-112.442027862657));
#5317=CARTESIAN_POINT('Ctrl Pts',(5.97216088094393,194.934866817721,-112.052425744138));
#5318=CARTESIAN_POINT('Ctrl Pts',(5.99848662682011,194.787697637464,-111.662823625619));
#5319=CARTESIAN_POINT('Ctrl Pts',(6.0248123726963,194.429591792769,-111.35290119701));
#5320=CARTESIAN_POINT('Ctrl Pts',(6.05113811857248,194.022902336973,-111.263166783789));
#5321=CARTESIAN_POINT('Ctrl Pts',(6.07746386444866,193.616212881177,-111.173432370568));
#5322=CARTESIAN_POINT('Ctrl Pts',(6.10378961032485,193.16093981428,-111.303885972736));
#5323=CARTESIAN_POINT('Ctrl Pts',(6.13011535620103,192.863488515049,-111.595384348302));
#5324=CARTESIAN_POINT('Ctrl Pts',(6.15121679534048,192.625066002077,-111.829035286824));
#5325=CARTESIAN_POINT('Ctrl Pts',(6.17231823447993,192.488041558267,-112.166155026341));
#5326=CARTESIAN_POINT('Ctrl Pts',(6.19341967361938,192.485015401697,-112.501085364182));
#5327=CARTESIAN_POINT('Origin',(6.25,193.75,-112.5));
#5328=CARTESIAN_POINT('',(6.69341967361938,192.484240788164,-112.499132027392));
#5329=CARTESIAN_POINT('',(6.55658032638061,192.486874395624,-112.499178371876));
#5330=CARTESIAN_POINT('',(6.25,192.4855,-112.5));
#5331=CARTESIAN_POINT('Ctrl Pts',(6.55658032638061,192.486874395624,-112.499178371876));
#5332=CARTESIAN_POINT('Ctrl Pts',(6.54699992393909,192.485953966383,-112.346544356846));
#5333=CARTESIAN_POINT('Ctrl Pts',(6.53741952149757,192.511575807314,-112.194208834773));
#5334=CARTESIAN_POINT('Ctrl Pts',(6.52783911905605,192.565133259716,-112.052425773389));
#5335=CARTESIAN_POINT('Ctrl Pts',(6.50151337317987,192.712302430355,-111.662823680333));
#5336=CARTESIAN_POINT('Ctrl Pts',(6.47518762730368,193.070408251646,-111.352901271979));
#5337=CARTESIAN_POINT('Ctrl Pts',(6.4488618814275,193.477097680863,-111.263166864623));
#5338=CARTESIAN_POINT('Ctrl Pts',(6.42253613555132,193.88378711008,-111.173432457266));
#5339=CARTESIAN_POINT('Ctrl Pts',(6.39621038967513,194.339060147222,-111.303886050908));
#5340=CARTESIAN_POINT('Ctrl Pts',(6.36988464379895,194.636511427013,-111.595384407423));
#5341=CARTESIAN_POINT('Ctrl Pts',(6.34355889792277,194.933962706804,-111.886882763938));
#5342=CARTESIAN_POINT('Ctrl Pts',(6.31723315204658,195.073592229243,-112.339425883327));
#5343=CARTESIAN_POINT('Ctrl Pts',(6.2909074061704,194.992096701073,-112.747846052502));
#5344=CARTESIAN_POINT('Ctrl Pts',(6.26458166029422,194.910601172904,-113.156266221676));
#5345=CARTESIAN_POINT('Ctrl Pts',(6.23825591441803,194.607980594125,-113.520563440637));
#5346=CARTESIAN_POINT('Ctrl Pts',(6.21193016854185,194.221432878971,-113.675577696787));
#5347=CARTESIAN_POINT('Ctrl Pts',(6.18560442266567,193.834885163818,-113.830591952938));
#5348=CARTESIAN_POINT('Ctrl Pts',(6.15927867678948,193.364410312289,-113.776323246278));
#5349=CARTESIAN_POINT('Ctrl Pts',(6.1329529309133,193.023305677098,-113.537375169175));
#5350=CARTESIAN_POINT('Ctrl Pts',(6.10749539606907,192.693450516422,-113.306307490127));
#5351=CARTESIAN_POINT('Ctrl Pts',(6.08203786122484,192.48457314075,-112.902540856057));
#5352=CARTESIAN_POINT('Ctrl Pts',(6.05658032638061,192.483479101294,-112.499751395256));
#5353=CARTESIAN_POINT('Ctrl Pts',(6.19341967361938,192.485015401697,-112.501085364182));
#5354=CARTESIAN_POINT('Ctrl Pts',(6.19864398035611,192.48426618407,-112.584007614591));
#5355=CARTESIAN_POINT('Ctrl Pts',(6.20386828709284,192.491730545314,-112.666795663111));
#5356=CARTESIAN_POINT('Ctrl Pts',(6.20909259382958,192.507903217749,-112.747846068699));
#5357=CARTESIAN_POINT('Ctrl Pts',(6.23541833970576,192.589398751245,-113.156266264566));
#5358=CARTESIAN_POINT('Ctrl Pts',(6.26174408558194,192.892019349802,-113.520563507335));
#5359=CARTESIAN_POINT('Ctrl Pts',(6.28806983145813,193.278567090218,-113.675577773617));
#5360=CARTESIAN_POINT('Ctrl Pts',(6.31439557733431,193.665114830635,-113.830592039898));
#5361=CARTESIAN_POINT('Ctrl Pts',(6.34072132321049,194.135589712911,-113.776323329692));
#5362=CARTESIAN_POINT('Ctrl Pts',(6.36704706908668,194.476694370395,-113.537375236973));
#5363=CARTESIAN_POINT('Ctrl Pts',(6.39337281496286,194.817799027879,-113.298427144253));
#5364=CARTESIAN_POINT('Ctrl Pts',(6.41969856083904,195.029533460571,-112.87479966902));
#5365=CARTESIAN_POINT('Ctrl Pts',(6.44602430671523,195.01590445263,-112.458551151287));
#5366=CARTESIAN_POINT('Ctrl Pts',(6.47235005259141,195.002275444688,-112.042302633555));
#5367=CARTESIAN_POINT('Ctrl Pts',(6.49867579846759,194.763282996112,-111.633433073324));
#5368=CARTESIAN_POINT('Ctrl Pts',(6.52500154434378,194.407278183339,-111.41731007211));
#5369=CARTESIAN_POINT('Ctrl Pts',(6.55132729021996,194.051273370565,-111.201187070896));
#5370=CARTESIAN_POINT('Ctrl Pts',(6.57765303609614,193.578256193593,-111.1778106287));
#5371=CARTESIAN_POINT('Ctrl Pts',(6.60397878197233,193.202676609328,-111.357778832156));
#5372=CARTESIAN_POINT('Ctrl Pts',(6.63030452784851,192.827097025064,-111.537747035612));
#5373=CARTESIAN_POINT('Ctrl Pts',(6.6566302737247,192.548955033506,-111.921059884722));
#5374=CARTESIAN_POINT('Ctrl Pts',(6.68295601960088,192.494350787053,-112.333936324642));
#5375=CARTESIAN_POINT('Ctrl Pts',(6.68644390427371,192.487116298231,-112.388638114036));
#5376=CARTESIAN_POINT('Ctrl Pts',(6.68993178894655,192.483805671448,-112.443858846894));
#5377=CARTESIAN_POINT('Ctrl Pts',(6.69341967361938,192.484240788164,-112.499132027392));
#5378=CARTESIAN_POINT('Origin',(6.25,193.75,-112.5));
#5379=CARTESIAN_POINT('',(7.19341967361938,192.487426497882,-112.499755266803));
#5380=CARTESIAN_POINT('',(7.05658032638061,192.486301441328,-112.501039059623));
#5381=CARTESIAN_POINT('',(6.25,192.4855,-112.5));
#5382=CARTESIAN_POINT('Ctrl Pts',(7.05658032638061,192.486301441328,-112.501039059623));
#5383=CARTESIAN_POINT('Ctrl Pts',(7.03828773252953,192.488594224784,-112.209936619557));
#5384=CARTESIAN_POINT('Ctrl Pts',(7.01999513867844,192.588722463757,-111.917409612033));
#5385=CARTESIAN_POINT('Ctrl Pts',(7.00170254482735,192.772842401443,-111.694149574586));
#5386=CARTESIAN_POINT('Ctrl Pts',(6.97537679895116,193.03781820147,-111.372845386781));
#5387=CARTESIAN_POINT('Ctrl Pts',(6.94905105307498,193.476753100854,-111.195003230515));
#5388=CARTESIAN_POINT('Ctrl Pts',(6.9227253071988,193.890648892259,-111.241250712149));
#5389=CARTESIAN_POINT('Ctrl Pts',(6.89639956132261,194.304544683664,-111.287498193783));
#5390=CARTESIAN_POINT('Ctrl Pts',(6.87007381544643,194.69340136709,-111.557835313317));
#5391=CARTESIAN_POINT('Ctrl Pts',(6.84374806957025,194.880924501102,-111.929700382812));
#5392=CARTESIAN_POINT('Ctrl Pts',(6.81742232369407,195.068447635115,-112.301565452307));
#5393=CARTESIAN_POINT('Ctrl Pts',(6.79109657781788,195.054637219714,-112.774958471763));
#5394=CARTESIAN_POINT('Ctrl Pts',(6.7647708319417,194.845754429191,-113.13525909003));
#5395=CARTESIAN_POINT('Ctrl Pts',(6.73844508606551,194.636871638668,-113.495559708297));
#5396=CARTESIAN_POINT('Ctrl Pts',(6.71211934018933,194.232916473023,-113.742767925375));
#5397=CARTESIAN_POINT('Ctrl Pts',(6.68579359431315,193.817028513821,-113.764807913832));
#5398=CARTESIAN_POINT('Ctrl Pts',(6.65946784843697,193.401140554619,-113.78684790229));
#5399=CARTESIAN_POINT('Ctrl Pts',(6.63314210256078,192.973319801861,-113.583719662125));
#5400=CARTESIAN_POINT('Ctrl Pts',(6.6068163566846,192.727525685475,-113.247514653164));
#5401=CARTESIAN_POINT('Ctrl Pts',(6.59007101324994,192.571180375737,-113.033660566523));
#5402=CARTESIAN_POINT('Ctrl Pts',(6.57332566981527,192.488483190644,-112.765963511341));
#5403=CARTESIAN_POINT('Ctrl Pts',(6.55658032638061,192.486874395624,-112.499178371876));
#5404=CARTESIAN_POINT('Ctrl Pts',(6.69341967361938,192.484240788164,-112.499132027392));
#5405=CARTESIAN_POINT('Ctrl Pts',(6.71625753482273,192.487089831671,-112.861048014552));
#5406=CARTESIAN_POINT('Ctrl Pts',(6.73909539602607,192.650531153672,-113.225212603598));
#5407=CARTESIAN_POINT('Ctrl Pts',(6.76193325722942,192.924562560085,-113.460669101738));
#5408=CARTESIAN_POINT('Ctrl Pts',(6.78825900310561,193.240445080917,-113.732085408183));
#5409=CARTESIAN_POINT('Ctrl Pts',(6.81458474898179,193.70327662393,-113.832477990343));
#5410=CARTESIAN_POINT('Ctrl Pts',(6.84091049485798,194.103225053451,-113.716332253894));
#5411=CARTESIAN_POINT('Ctrl Pts',(6.86723624073416,194.503173482972,-113.600186517444));
#5412=CARTESIAN_POINT('Ctrl Pts',(6.89356198661034,194.840238799002,-113.267502462387));
#5413=CARTESIAN_POINT('Ctrl Pts',(6.91988773248652,194.961607010811,-112.869107764211));
#5414=CARTESIAN_POINT('Ctrl Pts',(6.94621347836271,195.08297522262,-112.470713066036));
#5415=CARTESIAN_POINT('Ctrl Pts',(6.97253922423889,194.988646330208,-112.006607724744));
#5416=CARTESIAN_POINT('Ctrl Pts',(6.99886497011508,194.721385856472,-111.687201372975));
#5417=CARTESIAN_POINT('Ctrl Pts',(7.02519071599126,194.454125382736,-111.367795021206));
#5418=CARTESIAN_POINT('Ctrl Pts',(7.05151646186745,194.013933327677,-111.193087658961));
#5419=CARTESIAN_POINT('Ctrl Pts',(7.07784220774363,193.600377850407,-111.242285683234));
#5420=CARTESIAN_POINT('Ctrl Pts',(7.10416795361981,193.186822373138,-111.291483707507));
#5421=CARTESIAN_POINT('Ctrl Pts',(7.13049369949599,192.799903473659,-111.564587118298));
#5422=CARTESIAN_POINT('Ctrl Pts',(7.15681944537217,192.615037067836,-111.937780084965));
#5423=CARTESIAN_POINT('Ctrl Pts',(7.16901952145458,192.529364881121,-112.110727989582));
#5424=CARTESIAN_POINT('Ctrl Pts',(7.18121959753698,192.487086518422,-112.305171637681));
#5425=CARTESIAN_POINT('Ctrl Pts',(7.19341967361938,192.487426497882,-112.499755266803));
#5426=CARTESIAN_POINT('Origin',(6.25,193.75,-112.5));
#5427=CARTESIAN_POINT('',(7.69341967361938,192.485104736209,-112.501097774579));
#5428=CARTESIAN_POINT('',(7.55658032638061,192.483455568011,-112.499804809956));
#5429=CARTESIAN_POINT('',(6.25,192.4855,-112.5));
#5430=CARTESIAN_POINT('Ctrl Pts',(7.55658032638061,192.483455568011,-112.499804809956));
#5431=CARTESIAN_POINT('Ctrl Pts',(7.55590128699614,192.483432265765,-112.489061575772));
#5432=CARTESIAN_POINT('Ctrl Pts',(7.55522224761167,192.483557262011,-112.478318897435));
#5433=CARTESIAN_POINT('Ctrl Pts',(7.55454320822719,192.483832227552,-112.467580059028));
#5434=CARTESIAN_POINT('Ctrl Pts',(7.52821746235101,192.49449239416,-112.05124495776));
#5435=CARTESIAN_POINT('Ctrl Pts',(7.50189171647483,192.730562879079,-111.640681436983));
#5436=CARTESIAN_POINT('Ctrl Pts',(7.47556597059865,193.085017325166,-111.422025082514));
#5437=CARTESIAN_POINT('Ctrl Pts',(7.44924022472246,193.439471771253,-111.203368728046));
#5438=CARTESIAN_POINT('Ctrl Pts',(7.42291447884628,193.912310178508,-111.176619539886));
#5439=CARTESIAN_POINT('Ctrl Pts',(7.3965887329701,194.289163638157,-111.353904693384));
#5440=CARTESIAN_POINT('Ctrl Pts',(7.37026298709391,194.666017097806,-111.531189846882));
#5441=CARTESIAN_POINT('Ctrl Pts',(7.34393724121773,194.946885609849,-111.912509342037));
#5442=CARTESIAN_POINT('Ctrl Pts',(7.31761149534154,195.004432909906,-112.324985843133));
#5443=CARTESIAN_POINT('Ctrl Pts',(7.29128574946536,195.061980209962,-112.737462344229));
#5444=CARTESIAN_POINT('Ctrl Pts',(7.26496000358918,194.896206298031,-113.181095851266));
#5445=CARTESIAN_POINT('Ctrl Pts',(7.238634257713,194.582267447501,-113.454757967439));
#5446=CARTESIAN_POINT('Ctrl Pts',(7.21230851183681,194.268328596971,-113.728420083612));
#5447=CARTESIAN_POINT('Ctrl Pts',(7.18598276596063,193.806224807841,-113.83211080892));
#5448=CARTESIAN_POINT('Ctrl Pts',(7.15965702008445,193.405458276838,-113.718820282715));
#5449=CARTESIAN_POINT('Ctrl Pts',(7.13333127420826,193.004691745834,-113.605529756511));
#5450=CARTESIAN_POINT('Ctrl Pts',(7.10700552833208,192.665262472957,-113.275257978793));
#5451=CARTESIAN_POINT('Ctrl Pts',(7.0806797824559,192.541056186852,-112.877738980263));
#5452=CARTESIAN_POINT('Ctrl Pts',(7.0726466304308,192.50315534319,-112.756438312731));
#5453=CARTESIAN_POINT('Ctrl Pts',(7.06461347840571,192.485294570557,-112.628876050646));
#5454=CARTESIAN_POINT('Ctrl Pts',(7.05658032638061,192.486301441328,-112.501039059623));
#5455=CARTESIAN_POINT('Ctrl Pts',(7.19341967361938,192.487426497882,-112.499755266803));
#5456=CARTESIAN_POINT('Ctrl Pts',(7.20754534341316,192.487820137852,-112.725050918543));
#5457=CARTESIAN_POINT('Ctrl Pts',(7.22167101320694,192.545347112535,-112.950534226168));
#5458=CARTESIAN_POINT('Ctrl Pts',(7.23579668300072,192.658803741571,-113.143057397001));
#5459=CARTESIAN_POINT('Ctrl Pts',(7.26212242887691,192.870250733295,-113.501859219826));
#5460=CARTESIAN_POINT('Ctrl Pts',(7.28844817475309,193.275958628909,-113.746180342933));
#5461=CARTESIAN_POINT('Ctrl Pts',(7.31477392062927,193.691993218482,-113.765253849449));
#5462=CARTESIAN_POINT('Ctrl Pts',(7.34109966650546,194.108027808055,-113.784327355964));
#5463=CARTESIAN_POINT('Ctrl Pts',(7.36742541238164,194.534389091586,-113.578153245888));
#5464=CARTESIAN_POINT('Ctrl Pts',(7.39375115825782,194.777779313031,-113.240203873235));
#5465=CARTESIAN_POINT('Ctrl Pts',(7.420076904134,195.021169534476,-112.902254500582));
#5466=CARTESIAN_POINT('Ctrl Pts',(7.44640265001019,195.081588693835,-112.432529865352));
#5467=CARTESIAN_POINT('Ctrl Pts',(7.47272839588637,194.931644791934,-112.043987197612));
#5468=CARTESIAN_POINT('Ctrl Pts',(7.49905414176256,194.781700890033,-111.655444529872));
#5469=CARTESIAN_POINT('Ctrl Pts',(7.52537988763874,194.421393926873,-111.348083829622));
#5470=CARTESIAN_POINT('Ctrl Pts',(7.55170563351492,194.014074868303,-111.261252021524));
#5471=CARTESIAN_POINT('Ctrl Pts',(7.5780313793911,193.606755809733,-111.174420213426));
#5472=CARTESIAN_POINT('Ctrl Pts',(7.60435712526729,193.152424655754,-111.308117297479));
#5473=CARTESIAN_POINT('Ctrl Pts',(7.63068287114347,192.857059753739,-111.601729546933));
#5474=CARTESIAN_POINT('Ctrl Pts',(7.65159513863544,192.622432029695,-111.834965024034));
#5475=CARTESIAN_POINT('Ctrl Pts',(7.67250740612741,192.488114671906,-112.169109647655));
#5476=CARTESIAN_POINT('Ctrl Pts',(7.69341967361938,192.485104736209,-112.501097774579));
#5477=CARTESIAN_POINT('Origin',(6.25,193.75,-112.5));
#5478=CARTESIAN_POINT('',(8.19341967361938,192.48416493946,-112.499166381513));
#5479=CARTESIAN_POINT('',(8.05658032638061,192.486812713373,-112.499145660841));
#5480=CARTESIAN_POINT('',(6.25,192.4855,-112.5));
#5481=CARTESIAN_POINT('Ctrl Pts',(8.05658032638061,192.486812713373,-112.499145660841));
#5482=CARTESIAN_POINT('Ctrl Pts',(8.04718909558657,192.485871569413,-112.349543891217));
#5483=CARTESIAN_POINT('Ctrl Pts',(8.03779786479253,192.510464073838,-112.200241411056));
#5484=CARTESIAN_POINT('Ctrl Pts',(8.02840663399849,192.561971495927,-112.060887082788));
#5485=CARTESIAN_POINT('Ctrl Pts',(8.00208088812231,192.706358460148,-111.67024535401));
#5486=CARTESIAN_POINT('Ctrl Pts',(7.97575514224613,193.062244950015,-111.357776979974));
#5487=CARTESIAN_POINT('Ctrl Pts',(7.94942939636995,193.468284092458,-111.265144531535));
#5488=CARTESIAN_POINT('Ctrl Pts',(7.92310365049376,193.874323234901,-111.172512083096));
#5489=CARTESIAN_POINT('Ctrl Pts',(7.89677790461758,194.330515029921,-111.299715560255));
#5490=CARTESIAN_POINT('Ctrl Pts',(7.87045215874139,194.630037578553,-111.589085217547));
#5491=CARTESIAN_POINT('Ctrl Pts',(7.84412641286521,194.929560127186,-111.878454874839));
#5492=CARTESIAN_POINT('Ctrl Pts',(7.81780066698903,195.072413429432,-112.329990712264));
#5493=CARTESIAN_POINT('Ctrl Pts',(7.79147492111284,194.993832639528,-112.738981684241));
#5494=CARTESIAN_POINT('Ctrl Pts',(7.76514917523666,194.915251849624,-113.147972656217));
#5495=CARTESIAN_POINT('Ctrl Pts',(7.73882342936047,194.61523696757,-113.514418762744));
#5496=CARTESIAN_POINT('Ctrl Pts',(7.71249768348429,194.229804573016,-113.672185758432));
#5497=CARTESIAN_POINT('Ctrl Pts',(7.68617193760811,193.844372178462,-113.82995275412));
#5498=CARTESIAN_POINT('Ctrl Pts',(7.65984619173193,193.373522271407,-113.779040638968));
#5499=CARTESIAN_POINT('Ctrl Pts',(7.63352044585575,193.030722242027,-113.542531240512));
#5500=CARTESIAN_POINT('Ctrl Pts',(7.60787373936404,192.696764306697,-113.312122303449));
#5501=CARTESIAN_POINT('Ctrl Pts',(7.58222703287232,192.484335672871,-112.905567097367));
#5502=CARTESIAN_POINT('Ctrl Pts',(7.55658032638061,192.483455568011,-112.499804809956));
#5503=CARTESIAN_POINT('Ctrl Pts',(7.69341967361938,192.485104736209,-112.501097774579));
#5504=CARTESIAN_POINT('Ctrl Pts',(7.69883315200359,192.484325565713,-112.587038266188));
#5505=CARTESIAN_POINT('Ctrl Pts',(7.70424663038781,192.492345527328,-112.672834247312));
#5506=CARTESIAN_POINT('Ctrl Pts',(7.70966010877202,192.509702328797,-112.7566978322));
#5507=CARTESIAN_POINT('Ctrl Pts',(7.7359858546482,192.594108455924,-113.164526453162));
#5508=CARTESIAN_POINT('Ctrl Pts',(7.76231160052439,192.89931936023,-113.526656280233));
#5509=CARTESIAN_POINT('Ctrl Pts',(7.78863734640057,193.286962761675,-113.678909922841));
#5510=CARTESIAN_POINT('Ctrl Pts',(7.81496309227675,193.67460616312,-113.831163565449));
#5511=CARTESIAN_POINT('Ctrl Pts',(7.84128883815294,194.144682061704,-113.773541023594));
#5512=CARTESIAN_POINT('Ctrl Pts',(7.86761458402912,194.484073976462,-113.532166404861));
#5513=CARTESIAN_POINT('Ctrl Pts',(7.89394032990531,194.823465891219,-113.290791786129));
#5514=CARTESIAN_POINT('Ctrl Pts',(7.92026607578149,195.03217382215,-112.865665090519));
#5515=CARTESIAN_POINT('Ctrl Pts',(7.94659182165767,195.015576666735,-112.449524353739));
#5516=CARTESIAN_POINT('Ctrl Pts',(7.97291756753385,194.99897951132,-112.033383616959));
#5517=CARTESIAN_POINT('Ctrl Pts',(7.99924331341003,194.757077269559,-111.626228839008));
#5518=CARTESIAN_POINT('Ctrl Pts',(8.02556905928622,194.39954021951,-111.412650197267));
#5519=CARTESIAN_POINT('Ctrl Pts',(8.0518948051624,194.042003169461,-111.199071555526));
#5520=CARTESIAN_POINT('Ctrl Pts',(8.07822055103858,193.568831311123,-111.179069049995));
#5521=CARTESIAN_POINT('Ctrl Pts',(8.10454629691477,193.194544728675,-111.361711138701));
#5522=CARTESIAN_POINT('Ctrl Pts',(8.13087204279095,192.820258146227,-111.544353227407));
#5523=CARTESIAN_POINT('Ctrl Pts',(8.15719778866714,192.544856839668,-111.929639910352));
#5524=CARTESIAN_POINT('Ctrl Pts',(8.18352353454332,192.493198427737,-112.342895263473));
#5525=CARTESIAN_POINT('Ctrl Pts',(8.18682224756867,192.48672543825,-112.394677682955));
#5526=CARTESIAN_POINT('Ctrl Pts',(8.19012096059403,192.483765439086,-112.446899238919));
#5527=CARTESIAN_POINT('Ctrl Pts',(8.19341967361938,192.48416493946,-112.499166381513));
#5528=CARTESIAN_POINT('Origin',(6.25,193.75,-112.5));
#5529=CARTESIAN_POINT('',(8.69341967361937,192.487407238341,-112.499708168491));
#5530=CARTESIAN_POINT('',(8.55658032638061,192.486379080418,-112.501019023034));
#5531=CARTESIAN_POINT('',(6.25,192.4855,-112.5));
#5532=CARTESIAN_POINT('Ctrl Pts',(8.55658032638061,192.486379080418,-112.501019023034));
#5533=CARTESIAN_POINT('Ctrl Pts',(8.53847690417701,192.488594476021,-112.212882195698));
#5534=CARTESIAN_POINT('Ctrl Pts',(8.5203734819734,192.586484776823,-111.923383778386));
#5535=CARTESIAN_POINT('Ctrl Pts',(8.50227005976979,192.767120293793,-111.701138708381));
#5536=CARTESIAN_POINT('Ctrl Pts',(8.47594431389361,193.029797961168,-111.377953005182));
#5537=CARTESIAN_POINT('Ctrl Pts',(8.44961856801742,193.467453409355,-111.196985088207));
#5538=CARTESIAN_POINT('Ctrl Pts',(8.42329282214124,193.881668491304,-111.240279678229));
#5539=CARTESIAN_POINT('Ctrl Pts',(8.39696707626505,194.295883573252,-111.283574268251));
#5540=CARTESIAN_POINT('Ctrl Pts',(8.37064133038887,194.686658288962,-111.551131365269));
#5541=CARTESIAN_POINT('Ctrl Pts',(8.34431558451269,194.876828625938,-111.921649649123));
#5542=CARTESIAN_POINT('Ctrl Pts',(8.31798983863651,195.066998962913,-112.292167932976));
#5543=CARTESIAN_POINT('Ctrl Pts',(8.29166409276033,195.056564921154,-112.765647403665));
#5544=CARTESIAN_POINT('Ctrl Pts',(8.26533834688414,194.850256941681,-113.127428516082));
#5545=CARTESIAN_POINT('Ctrl Pts',(8.23901260100796,194.643948962208,-113.4892096285));
#5546=CARTESIAN_POINT('Ctrl Pts',(8.21268685513177,194.241767045022,-113.739292382647));
#5547=CARTESIAN_POINT('Ctrl Pts',(8.18636110925559,193.826046840882,-113.764297733355));
#5548=CARTESIAN_POINT('Ctrl Pts',(8.16003536337941,193.410326636742,-113.789303084064));
#5549=CARTESIAN_POINT('Ctrl Pts',(8.13370961750323,192.981068145648,-113.589231031334));
#5550=CARTESIAN_POINT('Ctrl Pts',(8.10738387162704,192.732882619388,-113.254787463209));
#5551=CARTESIAN_POINT('Ctrl Pts',(8.0904493565449,192.573232763412,-113.039650552173));
#5552=CARTESIAN_POINT('Ctrl Pts',(8.07351484146275,192.488509808986,-112.768911517902));
#5553=CARTESIAN_POINT('Ctrl Pts',(8.05658032638061,192.486812713373,-112.499145660841));
#5554=CARTESIAN_POINT('Ctrl Pts',(8.19341967361938,192.48416493946,-112.499166381513));
#5555=CARTESIAN_POINT('Ctrl Pts',(8.21644670647021,192.486953696211,-112.864022978701));
#5556=CARTESIAN_POINT('Ctrl Pts',(8.23947373932104,192.653447276468,-113.231100963645));
#5557=CARTESIAN_POINT('Ctrl Pts',(8.26250077217187,192.931434603457,-113.466531314524));
#5558=CARTESIAN_POINT('Ctrl Pts',(8.28882651804805,193.249244708411,-113.735687989156));
#5559=CARTESIAN_POINT('Ctrl Pts',(8.31515226392424,193.712780435624,-113.832777315123));
#5560=CARTESIAN_POINT('Ctrl Pts',(8.34147800980042,194.111890396317,-113.71378228314));
#5561=CARTESIAN_POINT('Ctrl Pts',(8.3678037556766,194.511000357011,-113.594787251156));
#5562=CARTESIAN_POINT('Ctrl Pts',(8.39412950155279,194.845684551185,-113.259707861223));
#5563=CARTESIAN_POINT('Ctrl Pts',(8.42045524742897,194.96420850776,-112.860457751169));
#5564=CARTESIAN_POINT('Ctrl Pts',(8.44678099330515,195.082732464334,-112.461207641115));
#5565=CARTESIAN_POINT('Ctrl Pts',(8.47310673918133,194.985096183309,-111.99778681094));
#5566=CARTESIAN_POINT('Ctrl Pts',(8.49943248505751,194.715564646113,-111.680294561874));
#5567=CARTESIAN_POINT('Ctrl Pts',(8.5257582309337,194.446033108917,-111.362802312807));
#5568=CARTESIAN_POINT('Ctrl Pts',(8.55208397680988,194.00460631555,-111.191238644849));
#5569=CARTESIAN_POINT('Ctrl Pts',(8.57840972268607,193.591412212327,-111.243384704875));
#5570=CARTESIAN_POINT('Ctrl Pts',(8.60473546856225,193.178218109104,-111.295530764901));
#5571=CARTESIAN_POINT('Ctrl Pts',(8.63106121443843,192.793256696025,-111.57138655291));
#5572=CARTESIAN_POINT('Ctrl Pts',(8.65738696031461,192.611056433667,-111.945888415501));
#5573=CARTESIAN_POINT('Ctrl Pts',(8.66939786474953,192.52792906666,-112.116751801612));
#5574=CARTESIAN_POINT('Ctrl Pts',(8.68140876918445,192.487007758572,-112.30814901297));
#5575=CARTESIAN_POINT('Ctrl Pts',(8.69341967361937,192.487407238341,-112.499708168491));
#5576=CARTESIAN_POINT('Origin',(6.25,193.75,-112.5));
#5577=CARTESIAN_POINT('',(9.19341967361938,192.485194527835,-112.501108600978));
#5578=CARTESIAN_POINT('',(9.05658032638061,192.483437422278,-112.499858752288));
#5579=CARTESIAN_POINT('',(6.25,192.4855,-112.5));
#5580=CARTESIAN_POINT('Ctrl Pts',(9.05658032638061,192.483437422278,-112.499858752288));
#5581=CARTESIAN_POINT('Ctrl Pts',(9.05609045864362,192.48342504395,-112.49210874315));
#5582=CARTESIAN_POINT('Ctrl Pts',(9.05560059090663,192.483490091326,-112.484358947305));
#5583=CARTESIAN_POINT('Ctrl Pts',(9.05511072316964,192.483633200488,-112.476610593258));
#5584=CARTESIAN_POINT('Ctrl Pts',(9.02878497729345,192.491323960948,-112.060210034067));
#5585=CARTESIAN_POINT('Ctrl Pts',(9.00245923141727,192.72446053505,-111.647973447535));
#5586=CARTESIAN_POINT('Ctrl Pts',(8.97613348554109,193.077346621649,-111.426794856939));
#5587=CARTESIAN_POINT('Ctrl Pts',(8.94980773966491,193.430232708248,-111.205616266344));
#5588=CARTESIAN_POINT('Ctrl Pts',(8.92348199378872,193.902868307344,-111.175495671686));
#5589=CARTESIAN_POINT('Ctrl Pts',(8.89715624791254,194.280976494878,-111.350088765296));
#5590=CARTESIAN_POINT('Ctrl Pts',(8.87083050203636,194.659084682412,-111.524681858907));
#5591=CARTESIAN_POINT('Ctrl Pts',(8.84450475616017,194.942665458383,-111.903988640787));
#5592=CARTESIAN_POINT('Ctrl Pts',(8.81817901028399,195.003152891404,-112.316044254104));
#5593=CARTESIAN_POINT('Ctrl Pts',(8.7918532644078,195.063640324425,-112.728099867421));
#5594=CARTESIAN_POINT('Ctrl Pts',(8.76552751853162,194.901034414496,-113.172904312174));
#5595=CARTESIAN_POINT('Ctrl Pts',(8.73920177265544,194.589055179149,-113.448798336312));
#5596=CARTESIAN_POINT('Ctrl Pts',(8.71287602677926,194.277075943802,-113.724692360451));
#5597=CARTESIAN_POINT('Ctrl Pts',(8.68655028090307,193.815723383038,-113.831675963974));
#5598=CARTESIAN_POINT('Ctrl Pts',(8.66022453502689,193.414159107825,-113.72124640289));
#5599=CARTESIAN_POINT('Ctrl Pts',(8.63389878915071,193.012594832612,-113.610816841807));
#5600=CARTESIAN_POINT('Ctrl Pts',(8.60757304327452,192.670818842951,-113.282974116116));
#5601=CARTESIAN_POINT('Ctrl Pts',(8.58124729739834,192.543780791402,-112.88635100856));
#5602=CARTESIAN_POINT('Ctrl Pts',(8.57302497372577,192.504102980051,-112.762473661202));
#5603=CARTESIAN_POINT('Ctrl Pts',(8.56480265005319,192.485372878413,-112.631886779954));
#5604=CARTESIAN_POINT('Ctrl Pts',(8.55658032638061,192.486379080418,-112.501019023034));
#5605=CARTESIAN_POINT('Ctrl Pts',(8.69341967361937,192.487407238341,-112.499708168491));
#5606=CARTESIAN_POINT('Ctrl Pts',(8.70773451506064,192.487883346497,-112.728012286034));
#5607=CARTESIAN_POINT('Ctrl Pts',(8.7220493565019,192.547052987938,-112.95654643489));
#5608=CARTESIAN_POINT('Ctrl Pts',(8.73636419794316,192.66341748319,-113.150822963371));
#5609=CARTESIAN_POINT('Ctrl Pts',(8.76268994381935,192.877417906707,-113.508107711477));
#5610=CARTESIAN_POINT('Ctrl Pts',(8.78901568969553,193.284857865376,-113.749529270513));
#5611=CARTESIAN_POINT('Ctrl Pts',(8.81534143557172,193.701017902255,-113.765635338607));
#5612=CARTESIAN_POINT('Ctrl Pts',(8.8416671814479,194.117177939134,-113.781741406702));
#5613=CARTESIAN_POINT('Ctrl Pts',(8.86799292732408,194.542058054222,-113.572531983853));
#5614=CARTESIAN_POINT('Ctrl Pts',(8.89431867320026,194.783031978784,-113.232855426196));
#5615=CARTESIAN_POINT('Ctrl Pts',(8.92064441907645,195.024005903346,-112.893178868539));
#5616=CARTESIAN_POINT('Ctrl Pts',(8.94697016495263,195.081073637382,-112.423035176073));
#5617=CARTESIAN_POINT('Ctrl Pts',(8.97329591082882,194.928362654801,-112.035571785132));
#5618=CARTESIAN_POINT('Ctrl Pts',(8.999621656705,194.775651672221,-111.64810839419));
#5619=CARTESIAN_POINT('Ctrl Pts',(9.02594740258118,194.413161973024,-111.343325304774));
#5620=CARTESIAN_POINT('Ctrl Pts',(9.05227314845736,194.005233996809,-111.259400383116));
#5621=CARTESIAN_POINT('Ctrl Pts',(9.07859889433355,193.597306020595,-111.175475461459));
#5622=CARTESIAN_POINT('Ctrl Pts',(9.10492464020973,193.143939767362,-111.312408707561));
#5623=CARTESIAN_POINT('Ctrl Pts',(9.13125038608591,192.850676348974,-111.608120178282));
#5624=CARTESIAN_POINT('Ctrl Pts',(9.1519734819304,192.619825304695,-111.840898279951));
#5625=CARTESIAN_POINT('Ctrl Pts',(9.17269657777489,192.488182312749,-112.172063636492));
#5626=CARTESIAN_POINT('Ctrl Pts',(9.19341967361938,192.485194527835,-112.501108600978));
#5627=CARTESIAN_POINT('Origin',(6.25,193.75,-112.5));
#5628=CARTESIAN_POINT('',(9.69341967361938,192.484096124437,-112.499223569897));
#5629=CARTESIAN_POINT('',(9.55658032638061,192.486750042998,-112.499115968038));
#5630=CARTESIAN_POINT('',(6.25,192.4855,-112.5));
#5631=CARTESIAN_POINT('',(10.,194.708116152722,-111.674788701063));
#5632=CARTESIAN_POINT('Ctrl Pts',(9.69341967361938,192.484096124437,-112.499223569897));
#5633=CARTESIAN_POINT('Ctrl Pts',(9.71663587811769,192.486800617431,-112.866957437386));
#5634=CARTESIAN_POINT('Ctrl Pts',(9.73985208261601,192.656351206006,-113.236811147482));
#5635=CARTESIAN_POINT('Ctrl Pts',(9.76306828711432,192.938326623981,-113.472258072198));
#5636=CARTESIAN_POINT('Ctrl Pts',(9.78939403299051,193.258069379413,-113.739240382241));
#5637=CARTESIAN_POINT('Ctrl Pts',(9.81571977886669,193.722369813475,-113.833400256258));
#5638=CARTESIAN_POINT('Ctrl Pts',(9.84204552474288,194.120564433942,-113.711364950301));
#5639=CARTESIAN_POINT('Ctrl Pts',(9.86837127061907,194.518759054409,-113.589329644343));
#5640=CARTESIAN_POINT('Ctrl Pts',(9.89469701649526,194.850847861281,-113.25109915841));
#5641=CARTESIAN_POINT('Ctrl Pts',(9.92102276237144,194.966436046411,-112.851704698485));
#5642=CARTESIAN_POINT('Ctrl Pts',(9.94734850824763,195.082024231542,-112.452310238561));
#5643=CARTESIAN_POINT('Ctrl Pts',(9.97367425412381,194.98111179493,-111.991751804646));
#5644=CARTESIAN_POINT('Ctrl Pts',(10.,194.708116152722,-111.674788701063));
#5645=CARTESIAN_POINT('',(9.99999999999996,192.790043019647,-111.673527942296));
#5646=CARTESIAN_POINT('Origin',(10.,193.75,-112.5));
#5647=CARTESIAN_POINT('Ctrl Pts',(9.99999999999998,192.790037399044,-111.673524092819));
#5648=CARTESIAN_POINT('Ctrl Pts',(9.9746201123612,193.052872092491,-111.369921975527));
#5649=CARTESIAN_POINT('Ctrl Pts',(9.94924022472243,193.473057005702,-111.200474412424));
#5650=CARTESIAN_POINT('Ctrl Pts',(9.92386033708366,193.87274791166,-111.239431856939));
#5651=CARTESIAN_POINT('Ctrl Pts',(9.89753459120748,194.287334507511,-111.279841168394));
#5652=CARTESIAN_POINT('Ctrl Pts',(9.8712088453313,194.679871089598,-111.544478627588));
#5653=CARTESIAN_POINT('Ctrl Pts',(9.84488309945512,194.872643590836,-111.913598650273));
#5654=CARTESIAN_POINT('Ctrl Pts',(9.81855735357894,195.065416092074,-112.282718672957));
#5655=CARTESIAN_POINT('Ctrl Pts',(9.79223160770276,195.058424512461,-112.756321259131));
#5656=CARTESIAN_POINT('Ctrl Pts',(9.76590586182658,194.854718841047,-113.119580228189));
#5657=CARTESIAN_POINT('Ctrl Pts',(9.73958011595039,194.651013169632,-113.482839197247));
#5658=CARTESIAN_POINT('Ctrl Pts',(9.71325437007421,194.250593406414,-113.735754549189));
#5659=CARTESIAN_POINT('Ctrl Pts',(9.68692862419803,193.835053917004,-113.76371641137));
#5660=CARTESIAN_POINT('Ctrl Pts',(9.66060287832185,193.419514427594,-113.791678273552));
#5661=CARTESIAN_POINT('Ctrl Pts',(9.63427713244566,192.988855211991,-113.594686645973));
#5662=CARTESIAN_POINT('Ctrl Pts',(9.60795138656948,192.738294836505,-113.262025175959));
#5663=CARTESIAN_POINT('Ctrl Pts',(9.59082769983986,192.575316837825,-113.045644191871));
#5664=CARTESIAN_POINT('Ctrl Pts',(9.57370401311024,192.488536930742,-112.771862598906));
#5665=CARTESIAN_POINT('Ctrl Pts',(9.55658032638061,192.486750042998,-112.499115968038));
#5666=CARTESIAN_POINT('Origin',(6.25,193.75,-7.5));
#5667=CARTESIAN_POINT('',(2.69341967361939,192.487510537384,-7.49986790790097));
#5668=CARTESIAN_POINT('',(2.55658032638063,192.486392409004,-7.50176748129808));
#5669=CARTESIAN_POINT('',(6.25,192.4855,-7.5));
#5670=CARTESIAN_POINT('',(2.5,192.791883847278,-6.67478870106347));
#5671=CARTESIAN_POINT('Ctrl Pts',(2.55658032638063,192.486392409004,-7.50176748129808));
#5672=CARTESIAN_POINT('Ctrl Pts',(2.53772021758708,192.489015789273,-7.20260445672089));
#5673=CARTESIAN_POINT('Ctrl Pts',(2.51886010879354,192.596306197307,-6.90186521563644));
#5674=CARTESIAN_POINT('Ctrl Pts',(2.5,192.791883847278,-6.67478870106347));
#5675=CARTESIAN_POINT('',(2.50000000000004,194.709945620669,-6.67353585494743));
#5676=CARTESIAN_POINT('Origin',(2.5,193.75,-7.5));
#5677=CARTESIAN_POINT('Ctrl Pts',(2.50000000000003,194.709951211646,-6.67353202616551));
#5678=CARTESIAN_POINT('Ctrl Pts',(2.5253798876388,194.447113247925,-6.36991207716835));
#5679=CARTESIAN_POINT('Ctrl Pts',(2.55075977527756,194.026936541365,-6.20049727728172));
#5680=CARTESIAN_POINT('Ctrl Pts',(2.57613966291633,193.62725279075,-6.23946066830594));
#5681=CARTESIAN_POINT('Ctrl Pts',(2.60246540879251,193.212673616907,-6.27987614788478));
#5682=CARTESIAN_POINT('Ctrl Pts',(2.62879115466869,192.820143325697,-6.54449092244068));
#5683=CARTESIAN_POINT('Ctrl Pts',(2.65511690054487,192.627373127859,-6.9136014582537));
#5684=CARTESIAN_POINT('Ctrl Pts',(2.66788449156971,192.533882479603,-7.09261451970257));
#5685=CARTESIAN_POINT('Ctrl Pts',(2.68065208259455,192.487377486672,-7.29620607297339));
#5686=CARTESIAN_POINT('Ctrl Pts',(2.69341967361939,192.487510537384,-7.49986790790097));
#5687=CARTESIAN_POINT('Origin',(6.25,193.75,-7.5));
#5688=CARTESIAN_POINT('',(3.19341967361939,192.48485583739,-7.50105376472407));
#5689=CARTESIAN_POINT('',(3.05658032638063,192.483560072755,-7.49964044253719));
#5690=CARTESIAN_POINT('',(6.25,192.4855,-7.5));
#5691=CARTESIAN_POINT('Ctrl Pts',(3.05658032638063,192.483560072755,-7.49964044253719));
#5692=CARTESIAN_POINT('Ctrl Pts',(3.05533377205371,192.483486325947,-7.47991532017841));
#5693=CARTESIAN_POINT('Ctrl Pts',(3.0540872177268,192.483907674056,-7.46019344985125));
#5694=CARTESIAN_POINT('Ctrl Pts',(3.05284066339989,192.484834016008,-7.44049536763178));
#5695=CARTESIAN_POINT('Ctrl Pts',(3.0265149175237,192.504397257098,-7.02449528198603));
#5696=CARTESIAN_POINT('Ctrl Pts',(3.00018917164752,192.749189873242,-6.61910479227728));
#5697=CARTESIAN_POINT('Ctrl Pts',(2.97386342577134,193.108237900992,-6.40807225227861));
#5698=CARTESIAN_POINT('Ctrl Pts',(2.94753767989516,193.467285928743,-6.19703971227994));
#5699=CARTESIAN_POINT('Ctrl Pts',(2.92121193401897,193.9405893681,-6.18036512199136));
#5700=CARTESIAN_POINT('Ctrl Pts',(2.89488618814279,194.313554773841,-6.36569385926761));
#5701=CARTESIAN_POINT('Ctrl Pts',(2.8685604422666,194.686520179582,-6.55102259654386));
#5702=CARTESIAN_POINT('Ctrl Pts',(2.84223469639042,194.959147551706,-6.93835466138492));
#5703=CARTESIAN_POINT('Ctrl Pts',(2.81590895051424,195.007864867969,-7.35191181133821));
#5704=CARTESIAN_POINT('Ctrl Pts',(2.78958320463806,195.056582184232,-7.76546896129151));
#5705=CARTESIAN_POINT('Ctrl Pts',(2.76325745876187,194.881389444633,-8.20525119635704));
#5706=CARTESIAN_POINT('Ctrl Pts',(2.73693171288569,194.56165639322,-8.47223443055509));
#5707=CARTESIAN_POINT('Ctrl Pts',(2.7106059670095,194.241923341808,-8.73921766475313));
#5708=CARTESIAN_POINT('Ctrl Pts',(2.68428022113332,193.777649978582,-8.8334018980837));
#5709=CARTESIAN_POINT('Ctrl Pts',(2.65795447525714,193.379438956794,-8.71135024752222));
#5710=CARTESIAN_POINT('Ctrl Pts',(2.63162872938096,192.981227935006,-8.58929859696074));
#5711=CARTESIAN_POINT('Ctrl Pts',(2.60530298350477,192.649079254655,-8.25101106250718));
#5712=CARTESIAN_POINT('Ctrl Pts',(2.57897723762859,192.533494322171,-7.85162436442845));
#5713=CARTESIAN_POINT('Ctrl Pts',(2.57151160054594,192.50071594764,-7.73836352245576));
#5714=CARTESIAN_POINT('Ctrl Pts',(2.56404596346328,192.485353962979,-7.62018899171954));
#5715=CARTESIAN_POINT('Ctrl Pts',(2.55658032638063,192.486392409004,-7.50176748129808));
#5716=CARTESIAN_POINT('Ctrl Pts',(2.69341967361939,192.487510537384,-7.49986790790097));
#5717=CARTESIAN_POINT('Ctrl Pts',(2.70697782847073,192.487651826539,-7.71614039735368));
#5718=CARTESIAN_POINT('Ctrl Pts',(2.72053598332207,192.540385586982,-7.93249214154624));
#5719=CARTESIAN_POINT('Ctrl Pts',(2.73409413817342,192.645295554339,-8.11957460212631));
#5720=CARTESIAN_POINT('Ctrl Pts',(2.7604198840496,192.848998283124,-8.48283091311578));
#5721=CARTESIAN_POINT('Ctrl Pts',(2.78674562992578,193.249413845162,-8.73573723802455));
#5722=CARTESIAN_POINT('Ctrl Pts',(2.81307137580197,193.664947804773,-8.76369742369272));
#5723=CARTESIAN_POINT('Ctrl Pts',(2.83939712167815,194.080481764384,-8.79165760936089));
#5724=CARTESIAN_POINT('Ctrl Pts',(2.86572286755433,194.511134121568,-8.59467165578848));
#5725=CARTESIAN_POINT('Ctrl Pts',(2.89204861343052,194.761690869084,-8.26201547243144));
#5726=CARTESIAN_POINT('Ctrl Pts',(2.9183743593067,195.0122476166,-7.92935928907439));
#5727=CARTESIAN_POINT('Ctrl Pts',(2.94470010518288,195.082708754448,-7.46103287593271));
#5728=CARTESIAN_POINT('Ctrl Pts',(2.97102585105907,194.941115305648,-7.06937465910291));
#5729=CARTESIAN_POINT('Ctrl Pts',(2.99735159693525,194.799521856848,-6.6777164422731));
#5730=CARTESIAN_POINT('Ctrl Pts',(3.02367734281143,194.4458738214,-6.36272642175517));
#5731=CARTESIAN_POINT('Ctrl Pts',(3.05000308868761,194.040510227219,-6.26720300301563));
#5732=CARTESIAN_POINT('Ctrl Pts',(3.0763288345638,193.635146633037,-6.17167958427609));
#5733=CARTESIAN_POINT('Ctrl Pts',(3.10265458043998,193.178067480121,-6.29562276731494));
#5734=CARTESIAN_POINT('Ctrl Pts',(3.12898032631616,192.876493540953,-6.58284453396333));
#5735=CARTESIAN_POINT('Ctrl Pts',(3.15046010875057,192.630432417682,-6.81719538909391));
#5736=CARTESIAN_POINT('Ctrl Pts',(3.17193989118498,192.487895842031,-7.16024576044611));
#5737=CARTESIAN_POINT('Ctrl Pts',(3.19341967361939,192.48485583739,-7.50105376472407));
#5738=CARTESIAN_POINT('Origin',(6.25,193.75,-7.5));
#5739=CARTESIAN_POINT('',(3.69341967361939,192.484416467426,-7.49906932594949));
#5740=CARTESIAN_POINT('',(3.55658032638063,192.487007328934,-7.49924820290291));
#5741=CARTESIAN_POINT('',(6.25,192.4855,-7.5));
#5742=CARTESIAN_POINT('Ctrl Pts',(3.55658032638063,192.487007328934,-7.49924820290291));
#5743=CARTESIAN_POINT('Ctrl Pts',(3.54662158064415,192.486137033424,-7.34055220513873));
#5744=CARTESIAN_POINT('Ctrl Pts',(3.53666283490767,192.513885657308,-7.18214941326024));
#5745=CARTESIAN_POINT('Ctrl Pts',(3.52670408917119,192.571653770407,-7.03557824080421));
#5746=CARTESIAN_POINT('Ctrl Pts',(3.500378343295,192.724362626062,-6.64812026758606));
#5747=CARTESIAN_POINT('Ctrl Pts',(3.47405259741882,193.086847278501,-6.34334149566443));
#5748=CARTESIAN_POINT('Ctrl Pts',(3.44772685154264,193.494769563888,-6.2594177125511));
#5749=CARTESIAN_POINT('Ctrl Pts',(3.42140110566645,193.902691849275,-6.17549392943778));
#5750=CARTESIAN_POINT('Ctrl Pts',(3.39507535979027,194.356051767612,-6.31242513513278));
#5751=CARTESIAN_POINT('Ctrl Pts',(3.36874961391409,194.649311107882,-6.60813254284844));
#5752=CARTESIAN_POINT('Ctrl Pts',(3.3424238680379,194.942570448152,-6.9038399505641));
#5753=CARTESIAN_POINT('Ctrl Pts',(3.31609812216172,195.075729210356,-7.35832356030045));
#5754=CARTESIAN_POINT('Ctrl Pts',(3.28977237628554,194.988418110533,-7.76553349435156));
#5755=CARTESIAN_POINT('Ctrl Pts',(3.26344663040935,194.90110701071,-8.17274342840267));
#5756=CARTESIAN_POINT('Ctrl Pts',(3.23712088453317,194.593326048861,-8.53267968676855));
#5757=CARTESIAN_POINT('Ctrl Pts',(3.21079513865699,194.204611893909,-8.68216429450293));
#5758=CARTESIAN_POINT('Ctrl Pts',(3.1844693927808,193.815897738957,-8.83164890223731));
#5759=CARTESIAN_POINT('Ctrl Pts',(3.15814364690462,193.346250390901,-8.77068185934017));
#5760=CARTESIAN_POINT('Ctrl Pts',(3.13181790102844,193.008593649891,-8.52689349710023));
#5761=CARTESIAN_POINT('Ctrl Pts',(3.10673870947917,192.686925343682,-8.29464879403069));
#5762=CARTESIAN_POINT('Ctrl Pts',(3.0816595179299,192.485043770881,-7.89648646142972));
#5763=CARTESIAN_POINT('Ctrl Pts',(3.05658032638063,192.483560072755,-7.49964044253719));
#5764=CARTESIAN_POINT('Ctrl Pts',(3.19341967361939,192.48485583739,-7.50105376472407));
#5765=CARTESIAN_POINT('Ctrl Pts',(3.19826563706117,192.48416999472,-7.5779420262527));
#5766=CARTESIAN_POINT('Ctrl Pts',(3.20311160050294,192.49058424514,-7.65471615583632));
#5767=CARTESIAN_POINT('Ctrl Pts',(3.20795756394471,192.504511651023,-7.73010222131907));
#5768=CARTESIAN_POINT('Ctrl Pts',(3.2342833098209,192.580172425684,-8.13963779176849));
#5769=CARTESIAN_POINT('Ctrl Pts',(3.26060905569708,192.877562700427,-8.50820858240939));
#5770=CARTESIAN_POINT('Ctrl Pts',(3.28693480157326,193.261854982679,-8.66871795598682));
#5771=CARTESIAN_POINT('Ctrl Pts',(3.31326054744945,193.64614726493,-8.82922732956424));
#5772=CARTESIAN_POINT('Ctrl Pts',(3.33958629332563,194.117341554689,-8.78167528607819));
#5773=CARTESIAN_POINT('Ctrl Pts',(3.36591203920181,194.461814732273,-8.5476198855083));
#5774=CARTESIAN_POINT('Ctrl Pts',(3.392237785078,194.806287909856,-8.31356448493841));
#5775=CARTESIAN_POINT('Ctrl Pts',(3.41856353095418,195.024039975265,-7.89300572728469));
#5776=CARTESIAN_POINT('Ctrl Pts',(3.44488927683036,195.016349325132,-7.47661090807088));
#5777=CARTESIAN_POINT('Ctrl Pts',(3.47121502270655,195.008658674998,-7.06021608885707));
#5778=CARTESIAN_POINT('Ctrl Pts',(3.49754076858273,194.775525309323,-6.64798520808317));
#5779=CARTESIAN_POINT('Ctrl Pts',(3.52386651445891,194.42264409128,-6.42680967421224));
#5780=CARTESIAN_POINT('Ctrl Pts',(3.5501922603351,194.069762873238,-6.20563414034131));
#5781=CARTESIAN_POINT('Ctrl Pts',(3.57651800621128,193.597133802828,-6.17551395337335));
#5782=CARTESIAN_POINT('Ctrl Pts',(3.60284375208746,193.219030835418,-6.3501046351457));
#5783=CARTESIAN_POINT('Ctrl Pts',(3.62916949796365,192.840927868008,-6.52469531691805));
#5784=CARTESIAN_POINT('Ctrl Pts',(3.65549524383983,192.557351003598,-6.90399686743072));
#5785=CARTESIAN_POINT('Ctrl Pts',(3.68182098971601,192.49686440484,-7.31604679425722));
#5786=CARTESIAN_POINT('Ctrl Pts',(3.68568721768381,192.48798127648,-7.37656089929783));
#5787=CARTESIAN_POINT('Ctrl Pts',(3.6895534456516,192.483909799652,-7.43778132729076));
#5788=CARTESIAN_POINT('Ctrl Pts',(3.69341967361939,192.484416467426,-7.49906932594949));
#5789=CARTESIAN_POINT('Origin',(6.25,193.75,-7.5));
#5790=CARTESIAN_POINT('',(4.19341967361939,192.48747227996,-7.49985070937703));
#5791=CARTESIAN_POINT('',(4.05658032638063,192.486158528908,-7.50107312917788));
#5792=CARTESIAN_POINT('',(6.25,192.4855,-7.5));
#5793=CARTESIAN_POINT('Ctrl Pts',(4.05658032638063,192.486158528908,-7.50107312917788));
#5794=CARTESIAN_POINT('Ctrl Pts',(4.03790938923458,192.488598587027,-7.20404957868833));
#5795=CARTESIAN_POINT('Ctrl Pts',(4.01923845208853,192.593292359514,-6.90547701332953));
#5796=CARTESIAN_POINT('Ctrl Pts',(4.00056751494248,192.784448813813,-6.68030598819231));
#5797=CARTESIAN_POINT('Ctrl Pts',(3.9742417690663,193.053976593758,-6.36281816526872));
#5798=CARTESIAN_POINT('Ctrl Pts',(3.94791602319012,193.495397233666,-6.191256890192));
#5799=CARTESIAN_POINT('Ctrl Pts',(3.92159027731394,193.908585576967,-6.24340222268671));
#5800=CARTESIAN_POINT('Ctrl Pts',(3.89526453143775,194.321773920267,-6.29554755518141));
#5801=CARTESIAN_POINT('Ctrl Pts',(3.86893878556157,194.70672996696,-6.57139949524752));
#5802=CARTESIAN_POINT('Ctrl Pts',(3.84261303968538,194.888927689504,-6.9458961385023));
#5803=CARTESIAN_POINT('Ctrl Pts',(3.8162872938092,195.071125412048,-7.32039278175708));
#5804=CARTESIAN_POINT('Ctrl Pts',(3.78996154793302,195.050564810444,-7.79353412820051));
#5805=CARTESIAN_POINT('Ctrl Pts',(3.76363580205684,194.836567369953,-8.15081389344713));
#5806=CARTESIAN_POINT('Ctrl Pts',(3.73731005618065,194.622569929463,-8.50809365869375));
#5807=CARTESIAN_POINT('Ctrl Pts',(3.71098431030447,194.215135650087,-8.74951184274357));
#5808=CARTESIAN_POINT('Ctrl Pts',(3.68465856442828,193.798981414781,-8.76561769081152));
#5809=CARTESIAN_POINT('Ctrl Pts',(3.6583328185521,193.382827179476,-8.78172353887947));
#5810=CARTESIAN_POINT('Ctrl Pts',(3.63200707267592,192.957952988241,-8.57251705096556));
#5811=CARTESIAN_POINT('Ctrl Pts',(3.60568132679973,192.716982422059,-8.23284521975128));
#5812=CARTESIAN_POINT('Ctrl Pts',(3.58931432666003,192.567168422148,-8.02166757885615));
#5813=CARTESIAN_POINT('Ctrl Pts',(3.57294732652033,192.488437642259,-7.76006191241069));
#5814=CARTESIAN_POINT('Ctrl Pts',(3.55658032638063,192.487007328934,-7.49924820290291));
#5815=CARTESIAN_POINT('Ctrl Pts',(3.69341967361939,192.484416467426,-7.49906932594949));
#5816=CARTESIAN_POINT('Ctrl Pts',(3.71587919152778,192.487359779112,-7.85510081579226));
#5817=CARTESIAN_POINT('Ctrl Pts',(3.73833870943617,192.644798453942,-8.21341256444244));
#5818=CARTESIAN_POINT('Ctrl Pts',(3.76079822734456,192.910956402484,-8.44878523975264));
#5819=CARTESIAN_POINT('Ctrl Pts',(3.78712397322074,193.22293133199,-8.72467545528121));
#5820=CARTESIAN_POINT('Ctrl Pts',(3.81344971909693,193.684277524108,-8.83165758319803));
#5821=CARTESIAN_POINT('Ctrl Pts',(3.83977546497311,194.085836256459,-8.72122954660742));
#5822=CARTESIAN_POINT('Ctrl Pts',(3.8661012108493,194.487394988809,-8.61080151001681));
#5823=CARTESIAN_POINT('Ctrl Pts',(3.89242695672548,194.829166261393,-8.28296330891877));
#5824=CARTESIAN_POINT('Ctrl Pts',(3.91875270260166,194.956202559557,-7.88634567571746));
#5825=CARTESIAN_POINT('Ctrl Pts',(3.94507844847784,195.083238857721,-7.48972804251616));
#5826=CARTESIAN_POINT('Ctrl Pts',(3.97140419435403,194.995540181466,-7.02433097721161));
#5827=CARTESIAN_POINT('Ctrl Pts',(3.99772994023021,194.732866139718,-6.7011497349304));
#5828=CARTESIAN_POINT('Ctrl Pts',(4.02405568610639,194.470192097969,-6.3779684926492));
#5829=CARTESIAN_POINT('Ctrl Pts',(4.05038143198258,194.032542690727,-6.19700307339135));
#5830=CARTESIAN_POINT('Ctrl Pts',(4.07670717785876,193.618333326108,-6.24029706579479));
#5831=CARTESIAN_POINT('Ctrl Pts',(4.10303292373494,193.20412396149,-6.28359105819823));
#5832=CARTESIAN_POINT('Ctrl Pts',(4.12935866961113,192.813354639494,-6.55114446226296));
#5833=CARTESIAN_POINT('Ctrl Pts',(4.15568441548731,192.623186927379,-6.92165763196364));
#5834=CARTESIAN_POINT('Ctrl Pts',(4.16826283486467,192.532324953467,-7.09868851478266));
#5835=CARTESIAN_POINT('Ctrl Pts',(4.18084125424203,192.487258730571,-7.29922429267445));
#5836=CARTESIAN_POINT('Ctrl Pts',(4.19341967361939,192.48747227996,-7.49985070937703));
#5837=CARTESIAN_POINT('Origin',(6.25,193.75,-7.5));
#5838=CARTESIAN_POINT('',(4.69341967361939,192.484944083786,-7.50107066750361));
#5839=CARTESIAN_POINT('',(4.55658032638063,192.483525389158,-7.49969866848058));
#5840=CARTESIAN_POINT('',(6.25,192.4855,-7.5));
#5841=CARTESIAN_POINT('Ctrl Pts',(4.55658032638063,192.483525389158,-7.49969866848058));
#5842=CARTESIAN_POINT('Ctrl Pts',(4.55552294370119,192.483471202448,-7.48296796077737));
#5843=CARTESIAN_POINT('Ctrl Pts',(4.55446556102176,192.483774354152,-7.46623926085334));
#5844=CARTESIAN_POINT('Ctrl Pts',(4.55340817834233,192.484440975341,-7.44952505737006));
#5845=CARTESIAN_POINT('Ctrl Pts',(4.52708243246615,192.501037899392,-7.03339012156833));
#5846=CARTESIAN_POINT('Ctrl Pts',(4.50075668658996,192.742936769048,-6.6262410193237));
#5847=CARTESIAN_POINT('Ctrl Pts',(4.47443094071378,193.100468835049,-6.41266535486372));
#5848=CARTESIAN_POINT('Ctrl Pts',(4.4481051948376,193.458000901049,-6.19908969040374));
#5849=CARTESIAN_POINT('Ctrl Pts',(4.42177944896142,193.931166163393,-6.17908746372841));
#5850=CARTESIAN_POINT('Ctrl Pts',(4.39545370308523,194.305447528306,-6.36172700640237));
#5851=CARTESIAN_POINT('Ctrl Pts',(4.36912795720905,194.679728893218,-6.54436654907632));
#5852=CARTESIAN_POINT('Ctrl Pts',(4.34280221133286,194.955126360697,-6.92964786109956));
#5853=CARTESIAN_POINT('Ctrl Pts',(4.31647646545668,195.006784052512,-7.34289745348283));
#5854=CARTESIAN_POINT('Ctrl Pts',(4.2901507195805,195.058441744327,-7.7561470458661));
#5855=CARTESIAN_POINT('Ctrl Pts',(4.26382497370432,194.886359660478,-8.19736491860941));
#5856=CARTESIAN_POINT('Ctrl Pts',(4.23749922782813,194.568553985781,-8.4665178411691));
#5857=CARTESIAN_POINT('Ctrl Pts',(4.21117348195195,194.250748311084,-8.7356707637288));
#5858=CARTESIAN_POINT('Ctrl Pts',(4.18484773607576,193.78721904554,-8.83275873610487));
#5859=CARTESIAN_POINT('Ctrl Pts',(4.15852199019958,193.388114648419,-8.71376536298889));
#5860=CARTESIAN_POINT('Ctrl Pts',(4.1321962443234,192.989010251298,-8.59477198987291));
#5861=CARTESIAN_POINT('Ctrl Pts',(4.10587049844722,192.654330722601,-8.25969727126489));
#5862=CARTESIAN_POINT('Ctrl Pts',(4.07954475257104,192.535808418243,-7.86045272657564));
#5863=CARTESIAN_POINT('Ctrl Pts',(4.0718899438409,192.501345365444,-7.74436330443657));
#5864=CARTESIAN_POINT('Ctrl Pts',(4.06423513511076,192.485158141084,-7.62284840213597));
#5865=CARTESIAN_POINT('Ctrl Pts',(4.05658032638063,192.486158528908,-7.50107312917788));
#5866=CARTESIAN_POINT('Ctrl Pts',(4.19341967361939,192.48747227996,-7.49985070937703));
#5867=CARTESIAN_POINT('Ctrl Pts',(4.20716700011821,192.487705674401,-7.71912125299265));
#5868=CARTESIAN_POINT('Ctrl Pts',(4.22091432661704,192.542025532611,-7.93850006421892));
#5869=CARTESIAN_POINT('Ctrl Pts',(4.23466165311586,192.649758244894,-8.12741985583682));
#5870=CARTESIAN_POINT('Ctrl Pts',(4.26098739899204,192.856063376756,-8.48919597467273));
#5871=CARTESIAN_POINT('Ctrl Pts',(4.28731314486822,193.258239742713,-8.73927527700795));
#5872=CARTESIAN_POINT('Ctrl Pts',(4.31363889074441,193.67395420877,-8.76428028257825));
#5873=CARTESIAN_POINT('Ctrl Pts',(4.33996463662059,194.089668674826,-8.78928528814855));
#5874=CARTESIAN_POINT('Ctrl Pts',(4.36629038249678,194.518921240981,-8.58921599695393));
#5875=CARTESIAN_POINT('Ctrl Pts',(4.39261612837296,194.7671033416,-8.25477704506711));
#5876=CARTESIAN_POINT('Ctrl Pts',(4.41894187424914,195.015285442218,-7.92033809318029));
#5877=CARTESIAN_POINT('Ctrl Pts',(4.44526762012533,195.082397077301,-7.45152948060124));
#5878=CARTESIAN_POINT('Ctrl Pts',(4.47159336600151,194.938012106016,-7.06089314375338));
#5879=CARTESIAN_POINT('Ctrl Pts',(4.49791911187769,194.79362713473,-6.67025680690553));
#5880=CARTESIAN_POINT('Ctrl Pts',(4.52424485775388,194.437745557077,-6.35779274578885));
#5881=CARTESIAN_POINT('Ctrl Pts',(4.55057060363006,194.031712019089,-6.26516157593165));
#5882=CARTESIAN_POINT('Ctrl Pts',(4.57689634950624,193.625678481102,-6.17253040607446));
#5883=CARTESIAN_POINT('Ctrl Pts',(4.60322209538242,193.169492982781,-6.29973212747677));
#5884=CARTESIAN_POINT('Ctrl Pts',(4.62954784125861,192.869974568382,-6.58909779067297));
#5885=CARTESIAN_POINT('Ctrl Pts',(4.65083845204553,192.627742875708,-6.8231185754662));
#5886=CARTESIAN_POINT('Ctrl Pts',(4.67212906283246,192.487980214633,-7.16320364421643));
#5887=CARTESIAN_POINT('Ctrl Pts',(4.69341967361939,192.484944083786,-7.50107066750361));
#5888=CARTESIAN_POINT('Origin',(6.25,193.75,-7.5));
#5889=CARTESIAN_POINT('',(5.19341967361939,192.484336400976,-7.4990996649417));
#5890=CARTESIAN_POINT('',(5.05658032638063,192.486950974716,-7.49921261140647));
#5891=CARTESIAN_POINT('',(6.25,192.4855,-7.5));
#5892=CARTESIAN_POINT('Ctrl Pts',(5.05658032638063,192.486950974716,-7.49921261140647));
#5893=CARTESIAN_POINT('Ctrl Pts',(5.04681075229163,192.486054166485,-7.34354859433975));
#5894=CARTESIAN_POINT('Ctrl Pts',(5.03704117820263,192.512727762381,-7.18818105368967));
#5895=CARTESIAN_POINT('Ctrl Pts',(5.02727160411363,192.568371680135,-7.04399355440778));
#5896=CARTESIAN_POINT('Ctrl Pts',(5.00094585823745,192.718313491826,-6.65545630293317));
#5897=CARTESIAN_POINT('Ctrl Pts',(4.97462011236126,193.078615432325,-6.3480998872761));
#5898=CARTESIAN_POINT('Ctrl Pts',(4.94829436648508,193.485928812888,-6.26126928960918));
#5899=CARTESIAN_POINT('Ctrl Pts',(4.9219686206089,193.89324219345,-6.17443869194226));
#5900=CARTESIAN_POINT('Ctrl Pts',(4.89564287473271,194.347567014075,-6.30813391226549));
#5901=CARTESIAN_POINT('Ctrl Pts',(4.86931712885653,194.642927798719,-6.60174206877829));
#5902=CARTESIAN_POINT('Ctrl Pts',(4.84299138298035,194.938288583362,-6.89535022529109));
#5903=CARTESIAN_POINT('Ctrl Pts',(4.81666563710416,195.074685332024,-7.34887131799347));
#5904=CARTESIAN_POINT('Ctrl Pts',(4.79033989122798,194.990280381515,-7.75669425384503));
#5905=CARTESIAN_POINT('Ctrl Pts',(4.7640141453518,194.905875431005,-8.16451718969659));
#5906=CARTESIAN_POINT('Ctrl Pts',(4.73768839947561,194.600668781324,-8.52664196869733));
#5907=CARTESIAN_POINT('Ctrl Pts',(4.71136265359943,194.213030783609,-8.67889348889626));
#5908=CARTESIAN_POINT('Ctrl Pts',(4.68503690772325,193.825392785894,-8.8311450090952));
#5909=CARTESIAN_POINT('Ctrl Pts',(4.65871116184706,193.355323440144,-8.77352327049232));
#5910=CARTESIAN_POINT('Ctrl Pts',(4.63238541597088,193.015936256493,-8.53215201651147));
#5911=CARTESIAN_POINT('Ctrl Pts',(4.60711705277413,192.690180676342,-8.30047552234759));
#5912=CARTESIAN_POINT('Ctrl Pts',(4.58184868957738,192.484820293547,-7.8995138035367));
#5913=CARTESIAN_POINT('Ctrl Pts',(4.55658032638063,192.483525389158,-7.49969866848058));
#5914=CARTESIAN_POINT('Ctrl Pts',(4.69341967361939,192.484944083786,-7.50107066750361));
#5915=CARTESIAN_POINT('Ctrl Pts',(4.69845480870865,192.484226052297,-7.58097472105476));
#5916=CARTESIAN_POINT('Ctrl Pts',(4.7034899437979,192.491155156651,-7.66075471898237));
#5917=CARTESIAN_POINT('Ctrl Pts',(4.70852507888716,192.506184528779,-7.7389783856368));
#5918=CARTESIAN_POINT('Ctrl Pts',(4.73485082476334,192.584764234052,-8.14796371241434));
#5919=CARTESIAN_POINT('Ctrl Pts',(4.76117657063953,192.884774975076,-8.51440476097933));
#5920=CARTESIAN_POINT('Ctrl Pts',(4.78750231651571,193.270202049605,-8.67216957904925));
#5921=CARTESIAN_POINT('Ctrl Pts',(4.81382806239189,193.655629124134,-8.82993439711917));
#5922=CARTESIAN_POINT('Ctrl Pts',(4.84015380826807,194.126472532167,-8.77902298469402));
#5923=CARTESIAN_POINT('Ctrl Pts',(4.86647955414425,194.469267829964,-8.54251685071749));
#5924=CARTESIAN_POINT('Ctrl Pts',(4.89280530002044,194.812063127761,-8.30601071674097));
#5925=CARTESIAN_POINT('Ctrl Pts',(4.91913104589662,195.026810315323,-7.88390986121308));
#5926=CARTESIAN_POINT('Ctrl Pts',(4.94545679177281,195.016150295855,-7.46758050651262));
#5927=CARTESIAN_POINT('Ctrl Pts',(4.97178253764899,195.005490276387,-7.05125115181216));
#5928=CARTESIAN_POINT('Ctrl Pts',(4.99810828352517,194.769423049889,-6.64069329793912));
#5929=CARTESIAN_POINT('Ctrl Pts',(5.02443402940135,194.414973496247,-6.42203996152893));
#5930=CARTESIAN_POINT('Ctrl Pts',(5.05075977527754,194.060523942605,-6.20338662511875));
#5931=CARTESIAN_POINT('Ctrl Pts',(5.07708552115372,193.587692061818,-6.1766378061714));
#5932=CARTESIAN_POINT('Ctrl Pts',(5.1034112670299,193.210843803782,-6.35392051264717));
#5933=CARTESIAN_POINT('Ctrl Pts',(5.12973701290609,192.833995545745,-6.53120321912294));
#5934=CARTESIAN_POINT('Ctrl Pts',(5.15606275878227,192.553130910459,-6.91251745102184));
#5935=CARTESIAN_POINT('Ctrl Pts',(5.18238850465845,192.495584404714,-7.32498825880936));
#5936=CARTESIAN_POINT('Ctrl Pts',(5.18606556097877,192.48754657955,-7.38260024054972));
#5937=CARTESIAN_POINT('Ctrl Pts',(5.18974261729908,192.483865509764,-7.44082006178721));
#5938=CARTESIAN_POINT('Ctrl Pts',(5.19341967361939,192.484336400976,-7.4990996649417));
#5939=CARTESIAN_POINT('Origin',(6.25,193.75,-7.5));
#5940=CARTESIAN_POINT('',(5.6934196736194,192.487459858985,-7.4998028126774));
#5941=CARTESIAN_POINT('',(5.55658032638063,192.48623957171,-7.50105709996784));
#5942=CARTESIAN_POINT('',(6.25,192.4855,-7.5));
#5943=CARTESIAN_POINT('Ctrl Pts',(5.55658032638063,192.48623957171,-7.50105709996784));
#5944=CARTESIAN_POINT('Ctrl Pts',(5.53809856088206,192.488607298038,-7.20699513824104));
#5945=CARTESIAN_POINT('Ctrl Pts',(5.51961679538349,192.591002362595,-6.9114460842243));
#5946=CARTESIAN_POINT('Ctrl Pts',(5.50113502988492,192.778627684599,-6.68721270334733));
#5947=CARTESIAN_POINT('Ctrl Pts',(5.47480928400874,193.045884432737,-6.36781080408713));
#5948=CARTESIAN_POINT('Ctrl Pts',(5.44848353813256,193.486070351541,-6.19310587725389));
#5949=CARTESIAN_POINT('Ctrl Pts',(5.42215779225638,193.899620063867,-6.24230321570891));
#5950=CARTESIAN_POINT('Ctrl Pts',(5.39583204638019,194.313169776194,-6.29150055416393));
#5951=CARTESIAN_POINT('Ctrl Pts',(5.36950630050401,194.700083282043,-6.56460015790721));
#5952=CARTESIAN_POINT('Ctrl Pts',(5.34318055462783,194.884947110837,-6.93778792228307));
#5953=CARTESIAN_POINT('Ctrl Pts',(5.31685480875164,195.069810939631,-7.31097568665894));
#5954=CARTESIAN_POINT('Ctrl Pts',(5.29052906287546,195.052625091371,-7.7842516116674));
#5955=CARTESIAN_POINT('Ctrl Pts',(5.26420331699928,194.841181047207,-8.14304843281299));
#5956=CARTESIAN_POINT('Ctrl Pts',(5.23787757112309,194.629737003044,-8.50184525395859));
#5957=CARTESIAN_POINT('Ctrl Pts',(5.21155182524691,194.224034762978,-8.74616297124131));
#5958=CARTESIAN_POINT('Ctrl Pts',(5.18522607937073,193.808005972906,-8.76523621187312));
#5959=CARTESIAN_POINT('Ctrl Pts',(5.15890033349455,193.391977182835,-8.78430945250492));
#5960=CARTESIAN_POINT('Ctrl Pts',(5.13257458761836,192.965621842759,-8.5781382164858));
#5961=CARTESIAN_POINT('Ctrl Pts',(5.10624884174218,192.722235014161,-8.24019355483018));
#5962=CARTESIAN_POINT('Ctrl Pts',(5.089692669955,192.569169867823,-8.02766130980862));
#5963=CARTESIAN_POINT('Ctrl Pts',(5.07313649816781,192.488470765752,-7.76301123600992));
#5964=CARTESIAN_POINT('Ctrl Pts',(5.05658032638063,192.486950974716,-7.49921261140647));
#5965=CARTESIAN_POINT('Ctrl Pts',(5.19341967361939,192.484336400976,-7.4990996649417));
#5966=CARTESIAN_POINT('Ctrl Pts',(5.21606836317526,192.487236837616,-7.85807067987916));
#5967=CARTESIAN_POINT('Ctrl Pts',(5.23871705273114,192.647658419068,-8.21930975947503));
#5968=CARTESIAN_POINT('Ctrl Pts',(5.261365742287,192.917744040076,-8.4547447891568));
#5969=CARTESIAN_POINT('Ctrl Pts',(5.28769148816319,193.231678557388,-8.72840312804059));
#5970=CARTESIAN_POINT('Ctrl Pts',(5.31401723403937,193.693775968216,-8.83209242213203));
#5971=CARTESIAN_POINT('Ctrl Pts',(5.34034297991555,194.09453696754,-8.71880345964781));
#5972=CARTESIAN_POINT('Ctrl Pts',(5.36666872579174,194.495297966865,-8.60551449716358));
#5973=CARTESIAN_POINT('Ctrl Pts',(5.39299447166792,194.834722554686,-8.27524727810369));
#5974=CARTESIAN_POINT('Ctrl Pts',(5.41932021754411,194.958927126403,-7.87773376642752));
#5975=CARTESIAN_POINT('Ctrl Pts',(5.44564596342029,195.083131698119,-7.48022025475136));
#5976=CARTESIAN_POINT('Ctrl Pts',(5.47197170929647,194.992116253731,-7.01546045045892));
#5977=CARTESIAN_POINT('Ctrl Pts',(5.49829745517265,194.727144111098,-6.69416069753486));
#5978=CARTESIAN_POINT('Ctrl Pts',(5.52462320104883,194.462171968465,-6.37286094461081));
#5979=CARTESIAN_POINT('Ctrl Pts',(5.55094894692502,194.023243127588,-6.19502124305514));
#5980=CARTESIAN_POINT('Ctrl Pts',(5.5772746928012,193.609353049082,-6.24126808634691));
#5981=CARTESIAN_POINT('Ctrl Pts',(5.60360043867739,193.195462970576,-6.28751492963869));
#5982=CARTESIAN_POINT('Ctrl Pts',(5.62992618455357,192.80661165444,-6.55784831777792));
#5983=CARTESIAN_POINT('Ctrl Pts',(5.65625193042975,192.619091108762,-6.92970825451338));
#5984=CARTESIAN_POINT('Ctrl Pts',(5.66864117815963,192.53084143463,-7.1047105089111));
#5985=CARTESIAN_POINT('Ctrl Pts',(5.68103042588951,192.487181882444,-7.30219855210466));
#5986=CARTESIAN_POINT('Ctrl Pts',(5.6934196736194,192.487459858985,-7.4998028126774));
#5987=CARTESIAN_POINT('Origin',(6.25,193.75,-7.5));
#5988=CARTESIAN_POINT('',(6.1934196736194,192.485032944631,-7.50108534912993));
#5989=CARTESIAN_POINT('',(6.05658032638063,192.48349667376,-7.49975139870579));
#5990=CARTESIAN_POINT('',(6.25,192.4855,-7.5));
#5991=CARTESIAN_POINT('Ctrl Pts',(6.05658032638063,192.48349667376,-7.49975139870579));
#5992=CARTESIAN_POINT('Ctrl Pts',(6.05571211534868,192.483459362844,-7.48601474260268));
#5993=CARTESIAN_POINT('Ctrl Pts',(6.05484390431673,192.483663721846,-7.47227922303625));
#5994=CARTESIAN_POINT('Ctrl Pts',(6.05397569328478,192.484113194015,-7.4585517290823));
#5995=CARTESIAN_POINT('Ctrl Pts',(6.02764994740859,192.497742011969,-7.04230901383371));
#5996=CARTESIAN_POINT('Ctrl Pts',(6.00132420153241,192.736731129002,-6.63344515322375));
#5997=CARTESIAN_POINT('Ctrl Pts',(5.97499845565622,193.092730979087,-6.41732516475374));
#5998=CARTESIAN_POINT('Ctrl Pts',(5.94867270978004,193.448730829171,-6.20120517628373));
#5999=CARTESIAN_POINT('Ctrl Pts',(5.92234696390386,193.921741412307,-6.17782905995367));
#6000=CARTESIAN_POINT('Ctrl Pts',(5.89602121802767,194.297315761011,-6.35779475466227));
#6001=CARTESIAN_POINT('Ctrl Pts',(5.86969547215149,194.672890109715,-6.53776044937086));
#6002=CARTESIAN_POINT('Ctrl Pts',(5.84336972627531,194.951028223987,-6.9210679551181));
#6003=CARTESIAN_POINT('Ctrl Pts',(5.81704398039912,195.005631709259,-7.33393863956114));
#6004=CARTESIAN_POINT('Ctrl Pts',(5.79071823452294,195.060235194531,-7.74680932400417));
#6005=CARTESIAN_POINT('Ctrl Pts',(5.76439248864676,194.891304050804,-8.18924318714298));
#6006=CARTESIAN_POINT('Ctrl Pts',(5.73806674277058,194.575425933358,-8.46065571005837));
#6007=CARTESIAN_POINT('Ctrl Pts',(5.71174099689439,194.259547815912,-8.73206823297376));
#6008=CARTESIAN_POINT('Ctrl Pts',(5.68541525101821,193.796722724749,-8.83245941566571));
#6009=CARTESIAN_POINT('Ctrl Pts',(5.65908950514202,193.396779870489,-8.71631529828239));
#6010=CARTESIAN_POINT('Ctrl Pts',(5.63276375926584,192.996837016229,-8.60017118089907));
#6011=CARTESIAN_POINT('Ctrl Pts',(5.60643801338966,192.659776398873,-8.26749176344047));
#6012=CARTESIAN_POINT('Ctrl Pts',(5.58011226751348,192.538409878931,-7.86910261886759));
#6013=CARTESIAN_POINT('Ctrl Pts',(5.57226828713586,192.502247689817,-7.75039917747672));
#6014=CARTESIAN_POINT('Ctrl Pts',(5.56442430675825,192.485234667776,-7.62586207370082));
#6015=CARTESIAN_POINT('Ctrl Pts',(5.55658032638063,192.48623957171,-7.50105709996784));
#6016=CARTESIAN_POINT('Ctrl Pts',(5.6934196736194,192.487459858985,-7.4998028126774));
#6017=CARTESIAN_POINT('Ctrl Pts',(5.7073561717657,192.487772551059,-7.72208518778329));
#6018=CARTESIAN_POINT('Ctrl Pts',(5.721292669912,192.543682462973,-7.94451462084548));
#6019=CARTESIAN_POINT('Ctrl Pts',(5.7352291680583,192.654260695229,-8.13525032170941));
#6020=CARTESIAN_POINT('Ctrl Pts',(5.76155491393448,192.863140602596,-8.4955459668383));
#6021=CARTESIAN_POINT('Ctrl Pts',(5.78788065981067,193.267090192551,-8.74275077176441));
#6022=CARTESIAN_POINT('Ctrl Pts',(5.81420640568685,193.682972411356,-8.76479045600918));
#6023=CARTESIAN_POINT('Ctrl Pts',(5.84053215156303,194.098854630162,-8.78683014025396));
#6024=CARTESIAN_POINT('Ctrl Pts',(5.86685789743922,194.526669477819,-8.58370470381741));
#6025=CARTESIAN_POINT('Ctrl Pts',(5.8931836433154,194.772460201571,-8.24750433540893));
#6026=CARTESIAN_POINT('Ctrl Pts',(5.91950938919159,195.018250925322,-7.91130396700045));
#6027=CARTESIAN_POINT('Ctrl Pts',(5.94583513506777,195.082017525169,-7.44202866662005));
#6028=CARTESIAN_POINT('Ctrl Pts',(5.97216088094395,194.934850385869,-7.05243195114294));
#6029=CARTESIAN_POINT('Ctrl Pts',(5.99848662682013,194.787683246569,-6.66283523566584));
#6030=CARTESIAN_POINT('Ctrl Pts',(6.02481237269632,194.429582368121,-6.35291710509203));
#6031=CARTESIAN_POINT('Ctrl Pts',(6.0511381185725,194.022898552335,-6.26318393631695));
#6032=CARTESIAN_POINT('Ctrl Pts',(6.07746386444869,193.61621473655,-6.17345076754188));
#6033=CARTESIAN_POINT('Ctrl Pts',(6.10378961032487,193.160947983426,-6.30390256056555));
#6034=CARTESIAN_POINT('Ctrl Pts',(6.13011535620105,192.86350080928,-6.59539689360277));
#6035=CARTESIAN_POINT('Ctrl Pts',(6.1512167953405,192.625081602775,-6.82904459182978));
#6036=CARTESIAN_POINT('Ctrl Pts',(6.17231823447995,192.488059059234,-7.16615965613667));
#6037=CARTESIAN_POINT('Ctrl Pts',(6.1934196736194,192.485032944631,-7.50108534912993));
#6038=CARTESIAN_POINT('Origin',(6.25,193.75,-7.5));
#6039=CARTESIAN_POINT('',(6.6934196736194,192.484258341841,-7.49913203942897));
#6040=CARTESIAN_POINT('',(6.55658032638063,192.486891920981,-7.49917838327624));
#6041=CARTESIAN_POINT('',(6.25,192.4855,-7.5));
#6042=CARTESIAN_POINT('Ctrl Pts',(6.55658032638063,192.486891920981,-7.49917838327624));
#6043=CARTESIAN_POINT('Ctrl Pts',(6.54699992393911,192.485971504512,-7.34654648598142));
#6044=CARTESIAN_POINT('Ctrl Pts',(6.53741952149759,192.511592989949,-7.194213077502));
#6045=CARTESIAN_POINT('Ctrl Pts',(6.52783911905607,192.565149699263,-7.05243198330097));
#6046=CARTESIAN_POINT('Ctrl Pts',(6.50151337317988,192.71231682799,-6.66283529581659));
#6047=CARTESIAN_POINT('Ctrl Pts',(6.47518762730371,193.070417680707,-6.35291718751056));
#6048=CARTESIAN_POINT('Ctrl Pts',(6.44886188142752,193.477101467272,-6.26318402518286));
#6049=CARTESIAN_POINT('Ctrl Pts',(6.42253613555134,193.883785253838,-6.17345086285516));
#6050=CARTESIAN_POINT('Ctrl Pts',(6.39621038967515,194.33905197425,-6.30390264650578));
#6051=CARTESIAN_POINT('Ctrl Pts',(6.36988464379897,194.636499127025,-6.59539695859898));
#6052=CARTESIAN_POINT('Ctrl Pts',(6.34355889792279,194.933946279799,-6.88689127069219));
#6053=CARTESIAN_POINT('Ctrl Pts',(6.31723315204661,195.073573864936,-7.33942811122796));
#6054=CARTESIAN_POINT('Ctrl Pts',(6.29090740617043,194.992079467483,-7.74784261373765));
#6055=CARTESIAN_POINT('Ctrl Pts',(6.26458166029424,194.910585070031,-8.15625711624734));
#6056=CARTESIAN_POINT('Ctrl Pts',(6.23825591441806,194.60796868999,-8.52054928073094));
#6057=CARTESIAN_POINT('Ctrl Pts',(6.21193016854187,194.22142633803,-8.6755613861212));
#6058=CARTESIAN_POINT('Ctrl Pts',(6.18560442266569,193.83488398607,-8.83057349151145));
#6059=CARTESIAN_POINT('Ctrl Pts',(6.15927867678951,193.364415662191,-8.77630553780838));
#6060=CARTESIAN_POINT('Ctrl Pts',(6.13295293091333,193.023315759689,-8.53736077601324));
#6061=CARTESIAN_POINT('Ctrl Pts',(6.10749539606909,192.69346517562,-8.30629630293598));
#6062=CARTESIAN_POINT('Ctrl Pts',(6.08203786122486,192.484590698037,-7.90253527096525));
#6063=CARTESIAN_POINT('Ctrl Pts',(6.05658032638063,192.48349667376,-7.49975139870579));
#6064=CARTESIAN_POINT('Ctrl Pts',(6.1934196736194,192.485032944631,-7.50108534912993));
#6065=CARTESIAN_POINT('Ctrl Pts',(6.19864398035613,192.484283737394,-7.58400644956517));
#6066=CARTESIAN_POINT('Ctrl Pts',(6.20386828709286,192.491747995122,-7.66679334997193));
#6067=CARTESIAN_POINT('Ctrl Pts',(6.2090925938296,192.507920443273,-7.74784263154529));
#6068=CARTESIAN_POINT('Ctrl Pts',(6.23541833970578,192.58941484658,-8.15625716339978));
#6069=CARTESIAN_POINT('Ctrl Pts',(6.26174408558197,192.892031248364,-8.52054935405796));
#6070=CARTESIAN_POINT('Ctrl Pts',(6.28806983145815,193.278573628097,-8.67556147058592));
#6071=CARTESIAN_POINT('Ctrl Pts',(6.31439557733433,193.665116007831,-8.83057358711388));
#6072=CARTESIAN_POINT('Ctrl Pts',(6.34072132321052,194.135584365514,-8.77630562951162));
#6073=CARTESIAN_POINT('Ctrl Pts',(6.3670470690867,194.476684292524,-8.53736085054816));
#6074=CARTESIAN_POINT('Ctrl Pts',(6.39337281496288,194.817784219535,-8.2984160715847));
#6075=CARTESIAN_POINT('Ctrl Pts',(6.41969856083906,195.029515715872,-7.87479447126005));
#6076=CARTESIAN_POINT('Ctrl Pts',(6.44602430671524,195.015886896939,-7.45855172610421));
#6077=CARTESIAN_POINT('Ctrl Pts',(6.47235005259143,195.002258078006,-7.04230898094836));
#6078=CARTESIAN_POINT('Ctrl Pts',(6.49867579846762,194.763268943802,-6.63344509096131));
#6079=CARTESIAN_POINT('Ctrl Pts',(6.5250015443438,194.407269068138,-6.41732508696296));
#6080=CARTESIAN_POINT('Ctrl Pts',(6.55132729021998,194.051269192475,-6.20120508296462));
#6081=CARTESIAN_POINT('Ctrl Pts',(6.57765303609616,193.578258575353,-6.17782896495497));
#6082=CARTESIAN_POINT('Ctrl Pts',(6.60397878197235,193.202684199664,-6.3577946725942));
#6083=CARTESIAN_POINT('Ctrl Pts',(6.63030452784853,192.827109823975,-6.53776038023343));
#6084=CARTESIAN_POINT('Ctrl Pts',(6.65663027372472,192.548971689719,-6.92106791352154));
#6085=CARTESIAN_POINT('Ctrl Pts',(6.6829560196009,192.494368200523,-7.33393862762956));
#6086=CARTESIAN_POINT('Ctrl Pts',(6.68644390427373,192.48713381203,-7.38863965841409));
#6087=CARTESIAN_POINT('Ctrl Pts',(6.68993178894656,192.483823231158,-7.44385962546555));
#6088=CARTESIAN_POINT('Ctrl Pts',(6.6934196736194,192.484258341841,-7.49913203942897));
#6089=CARTESIAN_POINT('Origin',(6.25,193.75,-7.5));
#6090=CARTESIAN_POINT('',(7.1934196736194,192.487444007378,-7.49975527019722));
#6091=CARTESIAN_POINT('',(7.05658032638063,192.486318974635,-7.50103904520677));
#6092=CARTESIAN_POINT('',(6.25,192.4855,-7.5));
#6093=CARTESIAN_POINT('Ctrl Pts',(7.05658032638063,192.486318974635,-7.50103904520677));
#6094=CARTESIAN_POINT('Ctrl Pts',(7.03828773252954,192.48861172628,-7.2099406440695));
#6095=CARTESIAN_POINT('Ctrl Pts',(7.01999513867845,192.588738576014,-6.91741769523983));
#6096=CARTESIAN_POINT('Ctrl Pts',(7.00170254482737,192.77285595911,-6.69416075543487));
#6097=CARTESIAN_POINT('Ctrl Pts',(6.97537679895118,193.037828082704,-6.37286102559637));
#6098=CARTESIAN_POINT('Ctrl Pts',(6.949051053075,193.476756892044,-6.19502133681857));
#6099=CARTESIAN_POINT('Ctrl Pts',(6.92272530719882,193.890646940812,-6.24126817678748));
#6100=CARTESIAN_POINT('Ctrl Pts',(6.89639956132264,194.30453698958,-6.2875150167564));
#6101=CARTESIAN_POINT('Ctrl Pts',(6.87007381544645,194.693388277777,-6.55784838547202));
#6102=CARTESIAN_POINT('Ctrl Pts',(6.84374806957027,194.880908809982,-6.92970829548913));
#6103=CARTESIAN_POINT('Ctrl Pts',(6.81742232369409,195.068429342186,-7.30156820550625));
#6104=CARTESIAN_POINT('Ctrl Pts',(6.7910965778179,195.0546191184,-7.77495465682486));
#6105=CARTESIAN_POINT('Ctrl Pts',(6.76477083194172,194.845739226041,-8.13525027606633));
#6106=CARTESIAN_POINT('Ctrl Pts',(6.73844508606554,194.636859333683,-8.49554589530778));
#6107=CARTESIAN_POINT('Ctrl Pts',(6.71211934018935,194.232909772752,-8.74275068247209));
#6108=CARTESIAN_POINT('Ctrl Pts',(6.68579359431317,193.817027583827,-8.76479036513331));
#6109=CARTESIAN_POINT('Ctrl Pts',(6.65946784843699,193.401145394903,-8.78683004779452));
#6110=CARTESIAN_POINT('Ctrl Pts',(6.63314210256081,192.973330577985,-8.58370462595266));
#6111=CARTESIAN_POINT('Ctrl Pts',(6.60681635668462,192.727539871894,-8.24750428170036));
#6112=CARTESIAN_POINT('Ctrl Pts',(6.59007101324996,192.571196731384,-8.033653162198));
#6113=CARTESIAN_POINT('Ctrl Pts',(6.57332566981529,192.48850069368,-7.7659598212051));
#6114=CARTESIAN_POINT('Ctrl Pts',(6.55658032638063,192.486891920981,-7.49917838327624));
#6115=CARTESIAN_POINT('Ctrl Pts',(6.6934196736194,192.484258341841,-7.49913203942897));
#6116=CARTESIAN_POINT('Ctrl Pts',(6.71625753482275,192.487107345837,-7.86104300750165));
#6117=CARTESIAN_POINT('Ctrl Pts',(6.7390953960261,192.650546401216,-8.22520254627677));
#6118=CARTESIAN_POINT('Ctrl Pts',(6.76193325722945,192.924574007335,-8.46065577908202));
#6119=CARTESIAN_POINT('Ctrl Pts',(6.78825900310563,193.240452147476,-8.73206832149854));
#6120=CARTESIAN_POINT('Ctrl Pts',(6.81458474898182,193.703277271894,-8.83245951140364));
#6121=CARTESIAN_POINT('Ctrl Pts',(6.840910494858,194.10322015489,-8.71631538567529));
#6122=CARTESIAN_POINT('Ctrl Pts',(6.86723624073418,194.503163037887,-8.60017125994694));
#6123=CARTESIAN_POINT('Ctrl Pts',(6.89356198661036,194.840223679461,-8.26749181858514));
#6124=CARTESIAN_POINT('Ctrl Pts',(6.91988773248655,194.961590208123,-7.86910264538779));
#6125=CARTESIAN_POINT('Ctrl Pts',(6.94621347836273,195.082956736785,-7.47071347219043));
#6126=CARTESIAN_POINT('Ctrl Pts',(6.97253922423891,194.988629152535,-7.00661456715752));
#6127=CARTESIAN_POINT('Ctrl Pts',(6.9988649701151,194.721372385195,-6.68721264494812));
#6128=CARTESIAN_POINT('Ctrl Pts',(7.02519071599128,194.454115617854,-6.36781072273872));
#6129=CARTESIAN_POINT('Ctrl Pts',(7.05151646186746,194.013929667423,-6.19310578335283));
#6130=CARTESIAN_POINT('Ctrl Pts',(7.07784220774365,193.600379925382,-6.24230312534272));
#6131=CARTESIAN_POINT('Ctrl Pts',(7.10416795361983,193.186830183342,-6.2915004673326));
#6132=CARTESIAN_POINT('Ctrl Pts',(7.13049369949601,192.799916649693,-6.56460009069823));
#6133=CARTESIAN_POINT('Ctrl Pts',(7.15681944537219,192.615052807617,-6.93778788188784));
#6134=CARTESIAN_POINT('Ctrl Pts',(7.16901952145459,192.529381809012,-7.11073338804557));
#6135=CARTESIAN_POINT('Ctrl Pts',(7.181219597537,192.487104032633,-7.30517433958001));
#6136=CARTESIAN_POINT('Ctrl Pts',(7.1934196736194,192.487444007378,-7.49975527019722));
#6137=CARTESIAN_POINT('Origin',(6.25,193.75,-7.5));
#6138=CARTESIAN_POINT('',(7.6934196736194,192.485122277904,-7.50109775935479));
#6139=CARTESIAN_POINT('',(7.55658032638063,192.483473140803,-7.49980481266388));
#6140=CARTESIAN_POINT('',(6.25,192.4855,-7.5));
#6141=CARTESIAN_POINT('Ctrl Pts',(7.55658032638063,192.483473140803,-7.49980481266388));
#6142=CARTESIAN_POINT('Ctrl Pts',(7.55590128699616,192.483449838881,-7.48906172753804));
#6143=CARTESIAN_POINT('Ctrl Pts',(7.55522224761169,192.483574833392,-7.47831919825162));
#6144=CARTESIAN_POINT('Ctrl Pts',(7.55454320822722,192.483849795119,-7.467580508842));
#6145=CARTESIAN_POINT('Ctrl Pts',(7.52821746235103,192.494509813821,-7.05125118405503));
#6146=CARTESIAN_POINT('Ctrl Pts',(7.50189171647485,192.730577023357,-6.64069335968079));
#6147=CARTESIAN_POINT('Ctrl Pts',(7.47556597059867,193.085026551532,-6.42204003898096));
#6148=CARTESIAN_POINT('Ctrl Pts',(7.44924022472248,193.439476079706,-6.20338671828112));
#6149=CARTESIAN_POINT('Ctrl Pts',(7.4229144788463,193.91230792652,-6.17663790125568));
#6150=CARTESIAN_POINT('Ctrl Pts',(7.39658873297012,194.289156157479,-6.35392059499359));
#6151=CARTESIAN_POINT('Ctrl Pts',(7.37026298709393,194.666004388439,-6.5312032887315));
#6152=CARTESIAN_POINT('Ctrl Pts',(7.34393724121775,194.946869003545,-6.91251749323276));
#6153=CARTESIAN_POINT('Ctrl Pts',(7.31761149534157,195.004415505156,-7.32498827138403));
#6154=CARTESIAN_POINT('Ctrl Pts',(7.29128574946539,195.061962006766,-7.73745904953529));
#6155=CARTESIAN_POINT('Ctrl Pts',(7.2649600035892,194.896190394882,-8.18108640133658));
#6156=CARTESIAN_POINT('Ctrl Pts',(7.23863425771302,194.582255900126,-8.45474472055787));
#6157=CARTESIAN_POINT('Ctrl Pts',(7.21230851183683,194.268321405371,-8.72840303977916));
#6158=CARTESIAN_POINT('Ctrl Pts',(7.18598276596065,193.806224027745,-8.83209232642047));
#6159=CARTESIAN_POINT('Ctrl Pts',(7.15965702008447,193.405463057215,-8.71880337207613));
#6160=CARTESIAN_POINT('Ctrl Pts',(7.13333127420828,193.004702086685,-8.60551441773178));
#6161=CARTESIAN_POINT('Ctrl Pts',(7.1070055283321,192.665277523252,-8.27524722240178));
#6162=CARTESIAN_POINT('Ctrl Pts',(7.08067978245592,192.54107296046,-7.87773373928717));
#6163=CARTESIAN_POINT('Ctrl Pts',(7.07264663043082,192.503172642656,-7.75643475475303));
#6164=CARTESIAN_POINT('Ctrl Pts',(7.06461347840573,192.485312117835,-7.62887426254304));
#6165=CARTESIAN_POINT('Ctrl Pts',(7.05658032638063,192.486318974635,-7.50103904520677));
#6166=CARTESIAN_POINT('Ctrl Pts',(7.1934196736194,192.487444007378,-7.49975527019722));
#6167=CARTESIAN_POINT('Ctrl Pts',(7.20754534341318,192.487837641889,-7.72504779751439));
#6168=CARTESIAN_POINT('Ctrl Pts',(7.22167101320696,192.545363818782,-7.95052797811376));
#6169=CARTESIAN_POINT('Ctrl Pts',(7.23579668300075,192.658818874391,-8.14304847901638));
#6170=CARTESIAN_POINT('Ctrl Pts',(7.26212242887693,192.870262933746,-8.50184532594172));
#6171=CARTESIAN_POINT('Ctrl Pts',(7.28844817475311,193.275965202963,-8.74616306077881));
#6172=CARTESIAN_POINT('Ctrl Pts',(7.31477392062929,193.691994022926,-8.76523630278103));
#6173=CARTESIAN_POINT('Ctrl Pts',(7.34109966650548,194.108022842889,-8.78430954478325));
#6174=CARTESIAN_POINT('Ctrl Pts',(7.36742541238166,194.534378213599,-8.5781382939506));
#6175=CARTESIAN_POINT('Ctrl Pts',(7.39375115825785,194.777765059684,-8.24019360801345));
#6176=CARTESIAN_POINT('Ctrl Pts',(7.42007690413403,195.021151905769,-7.90224892207631));
#6177=CARTESIAN_POINT('Ctrl Pts',(7.44640265001021,195.081570227229,-7.43253080103467));
#6178=CARTESIAN_POINT('Ctrl Pts',(7.47272839588639,194.931628404765,-7.04399352164346));
#6179=CARTESIAN_POINT('Ctrl Pts',(7.49905414176257,194.781686582301,-6.65545624225224));
#6180=CARTESIAN_POINT('Ctrl Pts',(7.52537988763876,194.421384615914,-6.34809980451145));
#6181=CARTESIAN_POINT('Ctrl Pts',(7.55170563351494,194.014071206086,-6.26126920060571));
#6182=CARTESIAN_POINT('Ctrl Pts',(7.57803137939112,193.606757796258,-6.17443859669996));
#6183=CARTESIAN_POINT('Ctrl Pts',(7.60435712526731,193.15243294299,-6.30813382662926));
#6184=CARTESIAN_POINT('Ctrl Pts',(7.63068287114349,192.857072137124,-6.60174200423798));
#6185=CARTESIAN_POINT('Ctrl Pts',(7.65159513863546,192.622447666921,-6.83497424680617));
#6186=CARTESIAN_POINT('Ctrl Pts',(7.67250740612743,192.488132171859,-7.16911423647532));
#6187=CARTESIAN_POINT('Ctrl Pts',(7.6934196736194,192.485122277904,-7.50109775935479));
#6188=CARTESIAN_POINT('Origin',(6.25,193.75,-7.5));
#6189=CARTESIAN_POINT('',(8.1934196736194,192.484182494187,-7.49916639306241));
#6190=CARTESIAN_POINT('',(8.05658032638063,192.486830239586,-7.49914567269386));
#6191=CARTESIAN_POINT('',(6.25,192.4855,-7.5));
#6192=CARTESIAN_POINT('Ctrl Pts',(8.05658032638063,192.486830239586,-7.49914567269386));
#6193=CARTESIAN_POINT('Ctrl Pts',(8.04718909558659,192.485889108684,-7.34954597873484));
#6194=CARTESIAN_POINT('Ctrl Pts',(8.03779786479255,192.510481271899,-7.20024557008626));
#6195=CARTESIAN_POINT('Ctrl Pts',(8.02840663399851,192.561987979343,-7.06089317530349));
#6196=CARTESIAN_POINT('Ctrl Pts',(8.00208088812233,192.706372940255,-6.67025686652307));
#6197=CARTESIAN_POINT('Ctrl Pts',(7.97575514224615,193.062254492338,-6.35779282785706));
#6198=CARTESIAN_POINT('Ctrl Pts',(7.94942939636996,193.468288001152,-6.26516166465546));
#6199=CARTESIAN_POINT('Ctrl Pts',(7.92310365049378,193.874321509965,-6.17253050145385));
#6200=CARTESIAN_POINT('Ctrl Pts',(7.89677790461759,194.330506975509,-6.29973221371665));
#6201=CARTESIAN_POINT('Ctrl Pts',(7.87045215874141,194.630025368388,-6.58909785612177));
#6202=CARTESIAN_POINT('Ctrl Pts',(7.84412641286523,194.929543761266,-6.87846349852688));
#6203=CARTESIAN_POINT('Ctrl Pts',(7.81780066698905,195.07239508148,-7.32999307107431));
#6204=CARTESIAN_POINT('Ctrl Pts',(7.79147492111287,194.993815381852,-7.73897836846604));
#6205=CARTESIAN_POINT('Ctrl Pts',(7.76514917523668,194.915235682225,-8.14796366585777));
#6206=CARTESIAN_POINT('Ctrl Pts',(7.7388234293605,194.615224962757,-8.51440468809379));
#6207=CARTESIAN_POINT('Ctrl Pts',(7.71249768348431,194.229797915921,-8.67216949482823));
#6208=CARTESIAN_POINT('Ctrl Pts',(7.68617193760813,193.844370869086,-8.82993430156267));
#6209=CARTESIAN_POINT('Ctrl Pts',(7.65984619173195,193.373527494883,-8.77902289279553));
#6210=CARTESIAN_POINT('Ctrl Pts',(7.63352044585577,193.030732221716,-8.54251677581211));
#6211=CARTESIAN_POINT('Ctrl Pts',(7.60787373936406,192.696778919917,-8.31211103557986));
#6212=CARTESIAN_POINT('Ctrl Pts',(7.58222703287234,192.484353233452,-7.90556147028706));
#6213=CARTESIAN_POINT('Ctrl Pts',(7.55658032638063,192.483473140803,-7.49980481266388));
#6214=CARTESIAN_POINT('Ctrl Pts',(7.6934196736194,192.485122277904,-7.50109775935479));
#6215=CARTESIAN_POINT('Ctrl Pts',(7.69883315200361,192.484343118214,-7.58703705913249));
#6216=CARTESIAN_POINT('Ctrl Pts',(7.70424663038783,192.492362968607,-7.67283185042869));
#6217=CARTESIAN_POINT('Ctrl Pts',(7.70966010877204,192.50971952937,-7.75669427228866));
#6218=CARTESIAN_POINT('Ctrl Pts',(7.73598585464823,192.594124485944,-8.16451723744252));
#6219=CARTESIAN_POINT('Ctrl Pts',(7.76231160052441,192.899331157555,-8.5266420424621));
#6220=CARTESIAN_POINT('Ctrl Pts',(7.78863734640059,193.286969183122,-8.67889357360039));
#6221=CARTESIAN_POINT('Ctrl Pts',(7.81496309227678,193.674607208689,-8.83114510473868));
#6222=CARTESIAN_POINT('Ctrl Pts',(7.84128883815296,194.144676588213,-8.77352336199568));
#6223=CARTESIAN_POINT('Ctrl Pts',(7.86761458402914,194.484063796249,-8.53215209067216));
#6224=CARTESIAN_POINT('Ctrl Pts',(7.89394032990533,194.823451004286,-8.29078081934864));
#6225=CARTESIAN_POINT('Ctrl Pts',(7.92026607578151,195.032156040834,-7.86566001944462));
#6226=CARTESIAN_POINT('Ctrl Pts',(7.94659182165769,195.01555911559,-7.44952505374339));
#6227=CARTESIAN_POINT('Ctrl Pts',(7.97291756753387,194.998962190346,-7.03339008804216));
#6228=CARTESIAN_POINT('Ctrl Pts',(7.99924331341006,194.75706330331,-6.62624095654372));
#6229=CARTESIAN_POINT('Ctrl Pts',(8.02556905928624,194.39953121162,-6.41266527673818));
#6230=CARTESIAN_POINT('Ctrl Pts',(8.05189480516242,194.041999119931,-6.19908959693263));
#6231=CARTESIAN_POINT('Ctrl Pts',(8.0782205510386,193.56883382359,-6.17908736881997));
#6232=CARTESIAN_POINT('Ctrl Pts',(8.10454629691479,193.194552431785,-6.36172692461676));
#6233=CARTESIAN_POINT('Ctrl Pts',(8.13087204279097,192.820271039981,-6.54436648041354));
#6234=CARTESIAN_POINT('Ctrl Pts',(8.15719778866716,192.544873552714,-6.92964782011977));
#6235=CARTESIAN_POINT('Ctrl Pts',(8.18352353454334,192.493215857187,-7.3428974421951));
#6236=CARTESIAN_POINT('Ctrl Pts',(8.18682224756869,192.486742957468,-7.39467914355593));
#6237=CARTESIAN_POINT('Ctrl Pts',(8.19012096059404,192.483782999354,-7.4468999753102));
#6238=CARTESIAN_POINT('Ctrl Pts',(8.1934196736194,192.484182494187,-7.49916639306241));
#6239=CARTESIAN_POINT('Origin',(6.25,193.75,-7.5));
#6240=CARTESIAN_POINT('',(8.6934196736194,192.487424748027,-7.49970817416843));
#6241=CARTESIAN_POINT('',(8.55658032638063,192.486396612535,-7.50101900873294));
#6242=CARTESIAN_POINT('',(6.25,192.4855,-7.5));
#6243=CARTESIAN_POINT('Ctrl Pts',(8.55658032638063,192.486396612535,-7.50101900873294));
#6244=CARTESIAN_POINT('Ctrl Pts',(8.53847690417702,192.488611977431,-7.21288617922058));
#6245=CARTESIAN_POINT('Ctrl Pts',(8.52037348197342,192.586500920145,-6.92339177872627));
#6246=CARTESIAN_POINT('Ctrl Pts',(8.50227005976981,192.767133930902,-6.70114979232876));
#6247=CARTESIAN_POINT('Ctrl Pts',(8.47594431389363,193.029807953777,-6.37796857326879));
#6248=CARTESIAN_POINT('Ctrl Pts',(8.44961856801744,193.467457329573,-6.19700316701237));
#6249=CARTESIAN_POINT('Ctrl Pts',(8.42329282214126,193.881666664431,-6.24029715630486));
#6250=CARTESIAN_POINT('Ctrl Pts',(8.39696707626507,194.295875999289,-6.28359114559734));
#6251=CARTESIAN_POINT('Ctrl Pts',(8.37064133038889,194.686645293208,-6.55114453043873));
#6252=CARTESIAN_POINT('Ctrl Pts',(8.34431558451271,194.876812991659,-6.92165767351796));
#6253=CARTESIAN_POINT('Ctrl Pts',(8.31798983863653,195.06698069011,-7.29217081659718));
#6254=CARTESIAN_POINT('Ctrl Pts',(8.29166409276035,195.056546793093,-7.76564371791424));
#6255=CARTESIAN_POINT('Ctrl Pts',(8.26533834688417,194.850241676054,-8.12741981075628));
#6256=CARTESIAN_POINT('Ctrl Pts',(8.23901260100798,194.643936559014,-8.48919590359832));
#6257=CARTESIAN_POINT('Ctrl Pts',(8.21268685513179,194.241760221953,-8.73927518796535));
#6258=CARTESIAN_POINT('Ctrl Pts',(8.18636110925561,193.826045785766,-8.76428019173906));
#6259=CARTESIAN_POINT('Ctrl Pts',(8.16003536337943,193.410331349579,-8.78928519551278));
#6260=CARTESIAN_POINT('Ctrl Pts',(8.13370961750325,192.981078814267,-8.58921591869319));
#6261=CARTESIAN_POINT('Ctrl Pts',(8.10738387162707,192.73289673148,-8.25477699083597));
#6262=CARTESIAN_POINT('Ctrl Pts',(8.09044935654492,192.57324909058,-8.03964306473598));
#6263=CARTESIAN_POINT('Ctrl Pts',(8.07351484146278,192.488527311652,-7.76890778686116));
#6264=CARTESIAN_POINT('Ctrl Pts',(8.05658032638063,192.486830239586,-7.49914567269386));
#6265=CARTESIAN_POINT('Ctrl Pts',(8.1934196736194,192.484182494187,-7.49916639306241));
#6266=CARTESIAN_POINT('Ctrl Pts',(8.21644670647023,192.486971212264,-7.86401793041219));
#6267=CARTESIAN_POINT('Ctrl Pts',(8.23947373932106,192.653462483573,-8.23109082474297));
#6268=CARTESIAN_POINT('Ctrl Pts',(8.26250077217189,192.931445955406,-8.46651791061362));
#6269=CARTESIAN_POINT('Ctrl Pts',(8.28882651804807,193.249251652937,-8.7356708525124));
#6270=CARTESIAN_POINT('Ctrl Pts',(8.31515226392426,193.712780951786,-8.83275883186553));
#6271=CARTESIAN_POINT('Ctrl Pts',(8.34147800980044,194.111885377583,-8.71376545019922));
#6272=CARTESIAN_POINT('Ctrl Pts',(8.36780375567663,194.51098980338,-8.59477206853291));
#6273=CARTESIAN_POINT('Ctrl Pts',(8.3941295015528,194.845669356124,-8.25969732584716));
#6274=CARTESIAN_POINT('Ctrl Pts',(8.42045524742899,194.964191668997,-7.86045275247312));
#6275=CARTESIAN_POINT('Ctrl Pts',(8.44678099330517,195.08271398187,-7.46120817909907));
#6276=CARTESIAN_POINT('Ctrl Pts',(8.47310673918135,194.985079054873,-6.99779377503674));
#6277=CARTESIAN_POINT('Ctrl Pts',(8.49943248505754,194.715551255562,-6.68030592929925));
#6278=CARTESIAN_POINT('Ctrl Pts',(8.52575823093372,194.446023456251,-6.36281808356176));
#6279=CARTESIAN_POINT('Ctrl Pts',(8.5520839768099,194.004602784627,-6.19125679614911));
#6280=CARTESIAN_POINT('Ctrl Pts',(8.57840972268609,193.591414411639,-6.24340213239479));
#6281=CARTESIAN_POINT('Ctrl Pts',(8.60473546856227,193.17822603865,-6.29554746864047));
#6282=CARTESIAN_POINT('Ctrl Pts',(8.63106121443845,192.793269964297,-6.57139942854446));
#6283=CARTESIAN_POINT('Ctrl Pts',(8.65738696031464,192.611072228663,-6.94589609869874));
#6284=CARTESIAN_POINT('Ctrl Pts',(8.66939786474956,192.527946014452,-7.11675711580246));
#6285=CARTESIAN_POINT('Ctrl Pts',(8.68140876918448,192.487025273824,-7.30815167415976));
#6286=CARTESIAN_POINT('Ctrl Pts',(8.6934196736194,192.487424748027,-7.49970817416843));
#6287=CARTESIAN_POINT('Origin',(6.25,193.75,-7.5));
#6288=CARTESIAN_POINT('',(9.1934196736194,192.485212045422,-7.50110874176942));
#6289=CARTESIAN_POINT('',(9.05658032638063,192.483454990578,-7.49985874661124));
#6290=CARTESIAN_POINT('',(6.25,192.4855,-7.5));
#6291=CARTESIAN_POINT('Ctrl Pts',(9.05658032638063,192.483454990578,-7.49985874661124));
#6292=CARTESIAN_POINT('Ctrl Pts',(9.05609045864364,192.483442612334,-7.49210884484524));
#6293=CARTESIAN_POINT('Ctrl Pts',(9.05560059090665,192.483507658725,-7.48435915637734));
#6294=CARTESIAN_POINT('Ctrl Pts',(9.05511072316966,192.483650765823,-7.47661090969473));
#6295=CARTESIAN_POINT('Ctrl Pts',(9.02878497729348,192.491341415376,-7.06021612034745));
#6296=CARTESIAN_POINT('Ctrl Pts',(9.00245923141729,192.724474764365,-6.6479852693033));
#6297=CARTESIAN_POINT('Ctrl Pts',(8.97613348554111,193.077355957067,-6.42680975135075));
#6298=CARTESIAN_POINT('Ctrl Pts',(8.94980773966493,193.43023714977,-6.2056342333982));
#6299=CARTESIAN_POINT('Ctrl Pts',(8.92348199378874,193.902866186187,-6.17551404853725));
#6300=CARTESIAN_POINT('Ctrl Pts',(8.89715624791256,194.280969126422,-6.35010471775129));
#6301=CARTESIAN_POINT('Ctrl Pts',(8.87083050203637,194.659072066657,-6.52469538696534));
#6302=CARTESIAN_POINT('Ctrl Pts',(8.84450475616019,194.94264891071,-6.90399691025437));
#6303=CARTESIAN_POINT('Ctrl Pts',(8.81817901028401,195.003135505127,-7.31604680748202));
#6304=CARTESIAN_POINT('Ctrl Pts',(8.79185326440783,195.063622099543,-7.72809670470966));
#6305=CARTESIAN_POINT('Ctrl Pts',(8.76552751853164,194.901018444321,-8.17289497587591));
#6306=CARTESIAN_POINT('Ctrl Pts',(8.73920177265546,194.589043537228,-8.44878517157796));
#6307=CARTESIAN_POINT('Ctrl Pts',(8.71287602677928,194.277068630135,-8.72467536728));
#6308=CARTESIAN_POINT('Ctrl Pts',(8.68655028090309,193.81572247117,-8.83165748751783));
#6309=CARTESIAN_POINT('Ctrl Pts',(8.66022453502691,193.414163767672,-8.72122945886343));
#6310=CARTESIAN_POINT('Ctrl Pts',(8.63389878915072,193.012605064175,-8.61080143020903));
#6311=CARTESIAN_POINT('Ctrl Pts',(8.60757304327454,192.670833816146,-8.28296325266241));
#6312=CARTESIAN_POINT('Ctrl Pts',(8.58124729739836,192.543797527109,-7.88634564795733));
#6313=CARTESIAN_POINT('Ctrl Pts',(8.57302497372578,192.504120266243,-7.76247001930601));
#6314=CARTESIAN_POINT('Ctrl Pts',(8.5648026500532,192.485390424477,-7.63188494989592));
#6315=CARTESIAN_POINT('Ctrl Pts',(8.55658032638063,192.486396612535,-7.50101900873294));
#6316=CARTESIAN_POINT('Ctrl Pts',(8.6934196736194,192.487424748027,-7.49970817416843));
#6317=CARTESIAN_POINT('Ctrl Pts',(8.70773451506066,192.487900849549,-7.72800912681737));
#6318=CARTESIAN_POINT('Ctrl Pts',(8.72204935650192,192.547069670411,-7.95654010721259));
#6319=CARTESIAN_POINT('Ctrl Pts',(8.73636419794319,192.663432551977,-8.15081394019085));
#6320=CARTESIAN_POINT('Ctrl Pts',(8.76268994381937,192.877430007842,-8.50809373112414));
#6321=CARTESIAN_POINT('Ctrl Pts',(8.78901568969555,193.284864316488,-8.74951193258616));
#6322=CARTESIAN_POINT('Ctrl Pts',(8.81534143557174,193.701018581697,-8.76561778178086));
#6323=CARTESIAN_POINT('Ctrl Pts',(8.84166718144792,194.117172846907,-8.78172363097556));
#6324=CARTESIAN_POINT('Ctrl Pts',(8.8679929273241,194.542047068679,-8.57251712790293));
#6325=CARTESIAN_POINT('Ctrl Pts',(8.89431867320029,194.783017652168,-8.23284527234108));
#6326=CARTESIAN_POINT('Ctrl Pts',(8.92064441907647,195.023988235656,-7.89317341677922));
#6327=CARTESIAN_POINT('Ctrl Pts',(8.94697016495265,195.081055180861,-7.42303620872813));
#6328=CARTESIAN_POINT('Ctrl Pts',(8.97329591082883,194.928346314248,-7.03557820756098));
#6329=CARTESIAN_POINT('Ctrl Pts',(8.99962165670502,194.775637447635,-6.64812020639382));
#6330=CARTESIAN_POINT('Ctrl Pts',(9.0259474025812,194.413152769204,-6.34334141211059));
#6331=CARTESIAN_POINT('Ctrl Pts',(9.05227314845738,194.005230454474,-6.25941762317435));
#6332=CARTESIAN_POINT('Ctrl Pts',(9.07859889433356,193.597308139745,-6.17549383423811));
#6333=CARTESIAN_POINT('Ctrl Pts',(9.10492464020975,193.143948188715,-6.31242505064886));
#6334=CARTESIAN_POINT('Ctrl Pts',(9.13125038608593,192.850688827447,-6.60813247922414));
#6335=CARTESIAN_POINT('Ctrl Pts',(9.15197348193042,192.619840976852,-6.84090739899711));
#6336=CARTESIAN_POINT('Ctrl Pts',(9.17269657777491,192.48819978742,-7.17206832661941));
#6337=CARTESIAN_POINT('Ctrl Pts',(9.1934196736194,192.485212045422,-7.50110874176942));
#6338=CARTESIAN_POINT('Origin',(6.25,193.75,-7.5));
#6339=CARTESIAN_POINT('',(9.6934196736194,192.484112957792,-7.49922695487574));
#6340=CARTESIAN_POINT('',(9.55658032638063,192.486767617428,-7.49911623466079));
#6341=CARTESIAN_POINT('',(6.25,192.4855,-7.5));
#6342=CARTESIAN_POINT('',(10.,194.708116152722,-6.67478870106348));
#6343=CARTESIAN_POINT('Ctrl Pts',(9.6934196736194,192.484112957792,-7.49922695487574));
#6344=CARTESIAN_POINT('Ctrl Pts',(9.71663587811771,192.486821101522,-7.86695042814482));
#6345=CARTESIAN_POINT('Ctrl Pts',(9.73985208261602,192.656376605412,-8.23678682862283));
#6346=CARTESIAN_POINT('Ctrl Pts',(9.76306828711433,192.938343516376,-8.47223455848752));
#6347=CARTESIAN_POINT('Ctrl Pts',(9.78939403299052,193.25807662538,-8.73921778152008));
#6348=CARTESIAN_POINT('Ctrl Pts',(9.81571977886671,193.722350154367,-8.83340186079063));
#6349=CARTESIAN_POINT('Ctrl Pts',(9.84204552474289,194.120561085172,-8.7113502994584));
#6350=CARTESIAN_POINT('Ctrl Pts',(9.86837127061908,194.518772015977,-8.58929873812617));
#6351=CARTESIAN_POINT('Ctrl Pts',(9.89469701649526,194.8509203486,-8.25101153619117));
#6352=CARTESIAN_POINT('Ctrl Pts',(9.92102276237144,194.966505293338,-7.85162480282107));
#6353=CARTESIAN_POINT('Ctrl Pts',(9.94734850824763,195.082090238076,-7.45223806945098));
#6354=CARTESIAN_POINT('Ctrl Pts',(9.97367425412381,194.98111179493,-6.9917518046458));
#6355=CARTESIAN_POINT('Ctrl Pts',(10.,194.708116152722,-6.67478870106348));
#6356=CARTESIAN_POINT('',(9.99999999999996,192.790054444023,-6.67353586104681));
#6357=CARTESIAN_POINT('Origin',(10.,193.75,-7.5));
#6358=CARTESIAN_POINT('Ctrl Pts',(9.99999999999997,192.790048854684,-6.67353203327));
#6359=CARTESIAN_POINT('Ctrl Pts',(9.9746201123612,193.052886837307,-6.36991198707482));
#6360=CARTESIAN_POINT('Ctrl Pts',(9.94924022472243,193.473063495836,-6.20049739373406));
#6361=CARTESIAN_POINT('Ctrl Pts',(9.92386033708367,193.872747206646,-6.23946082493534));
#6362=CARTESIAN_POINT('Ctrl Pts',(9.89753459120749,194.287326339201,-6.27987634618855));
#6363=CARTESIAN_POINT('Ctrl Pts',(9.87120884533131,194.679856597972,-6.54449098341851));
#6364=CARTESIAN_POINT('Ctrl Pts',(9.84488309945513,194.872626784417,-6.9136014660648));
#6365=CARTESIAN_POINT('Ctrl Pts',(9.81855735357895,195.065396970862,-7.28271194871108));
#6366=CARTESIAN_POINT('Ctrl Pts',(9.79223160770277,195.05840708498,-7.7563182767737));
#6367=CARTESIAN_POINT('Ctrl Pts',(9.76590586182659,194.854704371437,-8.11957457642327));
#6368=CARTESIAN_POINT('Ctrl Pts',(9.7395801159504,194.651001657894,-8.48283087607284));
#6369=CARTESIAN_POINT('Ctrl Pts',(9.71325437007422,194.25058611669,-8.73573714730935));
#6370=CARTESIAN_POINT('Ctrl Pts',(9.68692862419805,193.835052185757,-8.76369732280513));
#6371=CARTESIAN_POINT('Ctrl Pts',(9.66060287832186,193.419518254825,-8.79165749830091));
#6372=CARTESIAN_POINT('Ctrl Pts',(9.63427713244568,192.988865934165,-8.59467157805594));
#6373=CARTESIAN_POINT('Ctrl Pts',(9.6079513865695,192.73830920566,-8.26201542305427));
#6374=CARTESIAN_POINT('Ctrl Pts',(9.59082769983988,192.575333579174,-8.04563789613741));
#6375=CARTESIAN_POINT('Ctrl Pts',(9.57370401311025,192.488554670103,-7.77185959435548));
#6376=CARTESIAN_POINT('Ctrl Pts',(9.55658032638063,192.486767617428,-7.49911623466079));
#6377=CARTESIAN_POINT('Origin',(11.1042117235887,193.75,-112.5));
#6378=CARTESIAN_POINT('',(2.89578827641127,192.204611638974,-112.499562398978));
#6379=CARTESIAN_POINT('',(2.85421172358872,192.209431809967,-112.499843610221));
#6380=CARTESIAN_POINT('',(11.1042117235887,192.207,-112.5));
#6381=CARTESIAN_POINT('',(2.5,194.148513841857,-113.990649428219));
#6382=CARTESIAN_POINT('Ctrl Pts',(2.85421172358872,192.209431809966,-112.499843610221));
#6383=CARTESIAN_POINT('Ctrl Pts',(2.84144413256388,192.209268907259,-112.251325474531));
#6384=CARTESIAN_POINT('Ctrl Pts',(2.80235079566286,192.383025838841,-111.490642250677));
#6385=CARTESIAN_POINT('Ctrl Pts',(2.73693171288565,193.573311023547,-110.688184216781));
#6386=CARTESIAN_POINT('Ctrl Pts',(2.6579544752571,195.17172227946,-111.361096848177));
#6387=CARTESIAN_POINT('Ctrl Pts',(2.57897723762855,195.478419538928,-113.068992610999));
#6388=CARTESIAN_POINT('Ctrl Pts',(2.52632574587618,194.641649113378,-113.858813445935));
#6389=CARTESIAN_POINT('Ctrl Pts',(2.5,194.148513841857,-113.990649428219));
#6390=CARTESIAN_POINT('',(2.5,193.351486158143,-113.990649428219));
#6391=CARTESIAN_POINT('Origin',(2.5,193.75,-112.5));
#6392=CARTESIAN_POINT('Ctrl Pts',(2.89578827641127,192.204611638973,-112.499562398978));
#6393=CARTESIAN_POINT('Ctrl Pts',(2.89454172208436,192.204521637412,-112.475492553195));
#6394=CARTESIAN_POINT('Ctrl Pts',(2.86696942188126,192.215893854157,-111.94318381676));
#6395=CARTESIAN_POINT('Ctrl Pts',(2.81307137580199,192.827458179292,-110.930387301761));
#6396=CARTESIAN_POINT('Ctrl Pts',(2.73409413817343,194.560128366047,-110.869364792169));
#6397=CARTESIAN_POINT('Ctrl Pts',(2.65511690054488,195.55814246112,-112.287270209823));
#6398=CARTESIAN_POINT('Ctrl Pts',(2.57708552115374,194.924516637579,-113.877996691004));
#6399=CARTESIAN_POINT('Ctrl Pts',(2.52537988763878,193.824199882021,-114.118546591112));
#6400=CARTESIAN_POINT('Ctrl Pts',(2.5,193.350494215542,-113.993193805166));
#6401=CARTESIAN_POINT('Origin',(11.1042117235887,193.75,-112.5));
#6402=CARTESIAN_POINT('',(3.39578827641127,192.208817929547,-112.499082633609));
#6403=CARTESIAN_POINT('',(3.35421172358872,192.206192568278,-112.501285850181));
#6404=CARTESIAN_POINT('',(11.1042117235887,192.207,-112.5));
#6405=CARTESIAN_POINT('Ctrl Pts',(3.35421172358872,192.206192568278,-112.501285850181));
#6406=CARTESIAN_POINT('Ctrl Pts',(3.33273194115431,192.209902122293,-112.085410865964));
#6407=CARTESIAN_POINT('Ctrl Pts',(3.28492641284372,192.597005957654,-111.153747361781));
#6408=CARTESIAN_POINT('Ctrl Pts',(3.21079513865695,194.16760561239,-110.727856762354));
#6409=CARTESIAN_POINT('Ctrl Pts',(3.13181790102839,195.462234212999,-111.88097091831));
#6410=CARTESIAN_POINT('Ctrl Pts',(3.05284066339985,195.204293162814,-113.595408055399));
#6411=CARTESIAN_POINT('Ctrl Pts',(2.9738634257713,193.627763580867,-114.316542381644));
#6412=CARTESIAN_POINT('Ctrl Pts',(2.90765377916759,192.398901327126,-113.540361512702));
#6413=CARTESIAN_POINT('Ctrl Pts',(2.86776987844006,192.209604799541,-112.763749883573));
#6414=CARTESIAN_POINT('Ctrl Pts',(2.85421172358872,192.209431809966,-112.499843610221));
#6415=CARTESIAN_POINT('Ctrl Pts',(3.39578827641127,192.208817929547,-112.499082633609));
#6416=CARTESIAN_POINT('Ctrl Pts',(3.38582953067479,192.207755941219,-112.305431929592));
#6417=CARTESIAN_POINT('Ctrl Pts',(3.34954503906213,192.331126339198,-111.601173028409));
#6418=CARTESIAN_POINT('Ctrl Pts',(3.28693480157328,193.383106138285,-110.71666333446));
#6419=CARTESIAN_POINT('Ctrl Pts',(3.20795756394473,195.04275995312,-111.217939690792));
#6420=CARTESIAN_POINT('Ctrl Pts',(3.12898032631618,195.530225592845,-112.881706133223));
#6421=CARTESIAN_POINT('Ctrl Pts',(3.05000308868763,194.403505569186,-114.199357562426));
#6422=CARTESIAN_POINT('Ctrl Pts',(2.972272405386,192.711362960613,-113.979689808106));
#6423=CARTESIAN_POINT('Ctrl Pts',(2.92086746796054,192.206422363432,-112.983819089526));
#6424=CARTESIAN_POINT('Ctrl Pts',(2.89578827641127,192.204611638973,-112.499562398978));
#6425=CARTESIAN_POINT('Origin',(11.1042117235887,193.75,-112.5));
#6426=CARTESIAN_POINT('',(3.89578827641127,192.207782169065,-112.501309498924));
#6427=CARTESIAN_POINT('',(3.85421172358872,192.205656408573,-112.498864332135));
#6428=CARTESIAN_POINT('',(11.1042117235887,192.207,-112.5));
#6429=CARTESIAN_POINT('Ctrl Pts',(3.85421172358872,192.205656408573,-112.498864332135));
#6430=CARTESIAN_POINT('Ctrl Pts',(3.85034549562093,192.205038141082,-112.424076911516));
#6431=CARTESIAN_POINT('Ctrl Pts',(3.82015352177695,192.243836122067,-111.84069424049));
#6432=CARTESIAN_POINT('Ctrl Pts',(3.7636358020568,192.986731838083,-110.847025391294));
#6433=CARTESIAN_POINT('Ctrl Pts',(3.68465856442824,194.716925852545,-110.957288927599));
#6434=CARTESIAN_POINT('Ctrl Pts',(3.60568132679969,195.570377234028,-112.466378120185));
#6435=CARTESIAN_POINT('Ctrl Pts',(3.52670408917114,194.773233535532,-114.005953718971));
#6436=CARTESIAN_POINT('Ctrl Pts',(3.4477268515426,193.04829184272,-114.180031805018));
#6437=CARTESIAN_POINT('Ctrl Pts',(3.39022939634845,192.255703415941,-113.197736416105));
#6438=CARTESIAN_POINT('Ctrl Pts',(3.3590576870305,192.205355671387,-112.595109657569));
#6439=CARTESIAN_POINT('Ctrl Pts',(3.35421172358872,192.206192568278,-112.501285850181));
#6440=CARTESIAN_POINT('Ctrl Pts',(3.89578827641127,192.207782169065,-112.501309498924));
#6441=CARTESIAN_POINT('Ctrl Pts',(3.87711733926522,192.210759679476,-112.138862921647));
#6442=CARTESIAN_POINT('Ctrl Pts',(3.83212065624299,192.518644551911,-111.260816654575));
#6443=CARTESIAN_POINT('Ctrl Pts',(3.76079822734458,193.977966768234,-110.693640679033));
#6444=CARTESIAN_POINT('Ctrl Pts',(3.68182098971603,195.38720857502,-111.703475680378));
#6445=CARTESIAN_POINT('Ctrl Pts',(3.60284375208748,195.311940606641,-113.43554500273));
#6446=CARTESIAN_POINT('Ctrl Pts',(3.52386651445893,193.820410796106,-114.31932540889));
#6447=CARTESIAN_POINT('Ctrl Pts',(3.45484802256686,192.461164210559,-113.650037335654));
#6448=CARTESIAN_POINT('Ctrl Pts',(3.41215527655097,192.210563286199,-112.817343706196));
#6449=CARTESIAN_POINT('Ctrl Pts',(3.39578827641127,192.208817929547,-112.499082633609));
#6450=CARTESIAN_POINT('Origin',(11.1042117235887,193.75,-112.5));
#6451=CARTESIAN_POINT('',(4.39578827641127,192.204569048455,-112.499632296567));
#6452=CARTESIAN_POINT('',(4.35421172358872,192.209385299681,-112.499817826296));
#6453=CARTESIAN_POINT('',(11.1042117235887,192.207,-112.5));
#6454=CARTESIAN_POINT('Ctrl Pts',(4.35421172358872,192.209385299681,-112.499817826296));
#6455=CARTESIAN_POINT('Ctrl Pts',(4.34163330421136,192.209124713466,-112.255001017958));
#6456=CARTESIAN_POINT('Ctrl Pts',(4.30272913895781,192.379212961008,-111.498141959501));
#6457=CARTESIAN_POINT('Ctrl Pts',(4.23749922782809,193.560729155532,-110.689177022984));
#6458=CARTESIAN_POINT('Ctrl Pts',(4.15852199019954,195.16287008243,-111.351652738621));
#6459=CARTESIAN_POINT('Ctrl Pts',(4.07954475257099,195.483916188743,-113.055371910895));
#6460=CARTESIAN_POINT('Ctrl Pts',(4.00056751494244,194.232764619321,-114.25551748337));
#6461=CARTESIAN_POINT('Ctrl Pts',(3.92545650528169,192.626552229856,-113.883050948975));
#6462=CARTESIAN_POINT('Ctrl Pts',(3.87667124149711,192.209248020321,-112.933316057878));
#6463=CARTESIAN_POINT('Ctrl Pts',(3.85421172358872,192.205656408573,-112.498864332135));
#6464=CARTESIAN_POINT('Ctrl Pts',(4.39578827641127,192.204569048455,-112.499632296567));
#6465=CARTESIAN_POINT('Ctrl Pts',(4.39473089373184,192.204502926467,-112.479216448271));
#6466=CARTESIAN_POINT('Ctrl Pts',(4.36734776517622,192.214082893263,-111.950568948924));
#6467=CARTESIAN_POINT('Ctrl Pts',(4.31363889074443,192.816298939715,-110.936956429722));
#6468=CARTESIAN_POINT('Ctrl Pts',(4.23466165311588,194.548455831053,-110.863732553049));
#6469=CARTESIAN_POINT('Ctrl Pts',(4.15568441548733,195.556627096172,-112.274165086689));
#6470=CARTESIAN_POINT('Ctrl Pts',(4.07670717785878,194.926671367947,-113.889369412798));
#6471=CARTESIAN_POINT('Ctrl Pts',(3.99772994023023,193.229789801292,-114.244787728753));
#6472=CARTESIAN_POINT('Ctrl Pts',(3.93742363974773,192.294245690194,-113.308138925319));
#6473=CARTESIAN_POINT('Ctrl Pts',(3.90344308514141,192.206561433731,-112.649907247513));
#6474=CARTESIAN_POINT('Ctrl Pts',(3.89578827641127,192.207782169065,-112.501309498924));
#6475=CARTESIAN_POINT('Origin',(11.1042117235887,193.75,-112.5));
#6476=CARTESIAN_POINT('',(4.89578827641127,192.208749160636,-112.499039179552));
#6477=CARTESIAN_POINT('',(4.85421172358872,192.206300237749,-112.501306494954));
#6478=CARTESIAN_POINT('',(11.1042117235887,192.207,-112.5));
#6479=CARTESIAN_POINT('Ctrl Pts',(4.85421172358872,192.206300237749,-112.501306494954));
#6480=CARTESIAN_POINT('Ctrl Pts',(4.83292111280179,192.210005113088,-112.089020178723));
#6481=CARTESIAN_POINT('Ctrl Pts',(4.78530475613868,192.591432891246,-111.160890368088));
#6482=CARTESIAN_POINT('Ctrl Pts',(4.71136265359939,194.154961029443,-110.724919756636));
#6483=CARTESIAN_POINT('Ctrl Pts',(4.63238541597084,195.457767410825,-111.868783891033));
#6484=CARTESIAN_POINT('Ctrl Pts',(4.55340817834229,195.212086060778,-113.584992007633));
#6485=CARTESIAN_POINT('Ctrl Pts',(4.47443094071373,193.640684174547,-114.317402915195));
#6486=CARTESIAN_POINT('Ctrl Pts',(4.40803212246255,192.402887458699,-113.547722333983));
#6487=CARTESIAN_POINT('Ctrl Pts',(4.36795905008755,192.20967010206,-112.7673853557));
#6488=CARTESIAN_POINT('Ctrl Pts',(4.35421172358872,192.209385299681,-112.499817826296));
#6489=CARTESIAN_POINT('Ctrl Pts',(4.89578827641127,192.208749160636,-112.499039179551));
#6490=CARTESIAN_POINT('Ctrl Pts',(4.88601870232227,192.207654819552,-112.309088281241));
#6491=CARTESIAN_POINT('Ctrl Pts',(4.84992338235709,192.327911704671,-111.608619677023));
#6492=CARTESIAN_POINT('Ctrl Pts',(4.78750231651572,193.370397664186,-110.719324583455));
#6493=CARTESIAN_POINT('Ctrl Pts',(4.70852507888718,195.033583725332,-111.208754209107));
#6494=CARTESIAN_POINT('Ctrl Pts',(4.62954784125863,195.532903068811,-112.86899799412));
#6495=CARTESIAN_POINT('Ctrl Pts',(4.55057060363008,194.415606759047,-114.194659409665));
#6496=CARTESIAN_POINT('Ctrl Pts',(4.47265074868096,192.717822512164,-113.986542711655));
#6497=CARTESIAN_POINT('Ctrl Pts',(4.42105663960802,192.206149171186,-112.987511547615));
#6498=CARTESIAN_POINT('Ctrl Pts',(4.39578827641127,192.204569048455,-112.499632296567));
#6499=CARTESIAN_POINT('Origin',(11.1042117235887,193.75,-112.5));
#6500=CARTESIAN_POINT('',(5.39578827641127,192.207881062519,-112.501289939013));
#6501=CARTESIAN_POINT('',(5.35421172358872,192.20555870546,-112.49890135527));
#6502=CARTESIAN_POINT('',(11.1042117235887,192.207,-112.5));
#6503=CARTESIAN_POINT('Ctrl Pts',(5.35421172358872,192.20555870546,-112.49890135527));
#6504=CARTESIAN_POINT('Ctrl Pts',(5.35053466726841,192.204984094771,-112.427784965567));
#6505=CARTESIAN_POINT('Ctrl Pts',(5.32053186507191,192.241635337354,-111.848108698764));
#6506=CARTESIAN_POINT('Ctrl Pts',(5.26420331699923,192.97496296411,-110.852510728796));
#6507=CARTESIAN_POINT('Ctrl Pts',(5.18522607937069,194.705899405574,-110.950432437048));
#6508=CARTESIAN_POINT('Ctrl Pts',(5.10624884174214,195.570091059277,-112.453396977882));
#6509=CARTESIAN_POINT('Ctrl Pts',(5.02727160411358,194.783947510678,-113.998617980305));
#6510=CARTESIAN_POINT('Ctrl Pts',(4.94829436648504,193.060290442902,-114.184993778203));
#6511=CARTESIAN_POINT('Ctrl Pts',(4.89060773964342,192.258087263224,-113.205161611796));
#6512=CARTESIAN_POINT('Ctrl Pts',(4.85924685867798,192.205424051151,-112.598810381453));
#6513=CARTESIAN_POINT('Ctrl Pts',(4.85421172358872,192.206300237749,-112.501306494954));
#6514=CARTESIAN_POINT('Ctrl Pts',(5.39578827641127,192.207881062519,-112.501289939013));
#6515=CARTESIAN_POINT('Ctrl Pts',(5.3773065109127,192.210770309189,-112.142457275938));
#6516=CARTESIAN_POINT('Ctrl Pts',(5.33249899953796,192.513698373984,-111.268097721872));
#6517=CARTESIAN_POINT('Ctrl Pts',(5.26136574228702,193.965078844268,-110.692060851912));
#6518=CARTESIAN_POINT('Ctrl Pts',(5.18238850465848,195.38148649048,-111.691820129042));
#6519=CARTESIAN_POINT('Ctrl Pts',(5.10341126702992,195.318572773293,-113.424382132737));
#6520=CARTESIAN_POINT('Ctrl Pts',(5.02443402940138,193.833383587006,-114.318777075361));
#6521=CARTESIAN_POINT('Ctrl Pts',(4.95522636586182,192.465660027414,-113.657391535395));
#6522=CARTESIAN_POINT('Ctrl Pts',(4.91234444819846,192.210603704018,-112.820942639714));
#6523=CARTESIAN_POINT('Ctrl Pts',(4.89578827641127,192.208749160636,-112.499039179551));
#6524=CARTESIAN_POINT('Origin',(11.1042117235887,193.75,-112.5));
#6525=CARTESIAN_POINT('',(5.89578827641127,192.204534008143,-112.499696641266));
#6526=CARTESIAN_POINT('',(5.85421172358873,192.209370142824,-112.499759379788));
#6527=CARTESIAN_POINT('',(11.1042117235887,192.207,-112.5));
#6528=CARTESIAN_POINT('Ctrl Pts',(5.85421172358873,192.209370142824,-112.499759379788));
#6529=CARTESIAN_POINT('Ctrl Pts',(5.84182247585884,192.209030938591,-112.258630393981));
#6530=CARTESIAN_POINT('Ctrl Pts',(5.80310748225278,192.375512694197,-111.505572827066));
#6531=CARTESIAN_POINT('Ctrl Pts',(5.73806674277054,193.547820007057,-110.69057286519));
#6532=CARTESIAN_POINT('Ctrl Pts',(5.65908950514198,195.154644666639,-111.341605996987));
#6533=CARTESIAN_POINT('Ctrl Pts',(5.58011226751343,195.487832752783,-113.04299229192));
#6534=CARTESIAN_POINT('Ctrl Pts',(5.50113502988489,194.245271893284,-114.252029981894));
#6535=CARTESIAN_POINT('Ctrl Pts',(5.42583484857665,192.632392149649,-113.890118492772));
#6536=CARTESIAN_POINT('Ctrl Pts',(5.37686041314459,192.209097998303,-112.936940072224));
#6537=CARTESIAN_POINT('Ctrl Pts',(5.35421172358872,192.20555870546,-112.49890135527));
#6538=CARTESIAN_POINT('Ctrl Pts',(5.89578827641127,192.204534008143,-112.499696641266));
#6539=CARTESIAN_POINT('Ctrl Pts',(5.89492006537932,192.204488479047,-112.482934320623));
#6540=CARTESIAN_POINT('Ctrl Pts',(5.86772610847119,192.2122992517,-111.957951230219));
#6541=CARTESIAN_POINT('Ctrl Pts',(5.81420640568687,192.805175771635,-110.94365490654));
#6542=CARTESIAN_POINT('Ctrl Pts',(5.73522916805832,194.536766415448,-110.858079941056));
#6543=CARTESIAN_POINT('Ctrl Pts',(5.65625193042978,195.554970602696,-112.26128679164));
#6544=CARTESIAN_POINT('Ctrl Pts',(5.57727469280122,194.936549792768,-113.880942598997));
#6545=CARTESIAN_POINT('Ctrl Pts',(5.49829745517267,193.242246058022,-114.24845326127));
#6546=CARTESIAN_POINT('Ctrl Pts',(5.43780198304269,192.297090449543,-113.315583026524));
#6547=CARTESIAN_POINT('Ctrl Pts',(5.40363225678889,192.206654816347,-112.653584716707));
#6548=CARTESIAN_POINT('Ctrl Pts',(5.39578827641127,192.207881062519,-112.501289939013));
#6549=CARTESIAN_POINT('Origin',(11.1042117235887,193.75,-112.5));
#6550=CARTESIAN_POINT('',(6.39578827641127,192.208677099603,-112.498997412262));
#6551=CARTESIAN_POINT('',(6.35421172358872,192.206408671268,-112.501324410386));
#6552=CARTESIAN_POINT('',(11.1042117235887,192.207,-112.5));
#6553=CARTESIAN_POINT('Ctrl Pts',(6.35421172358873,192.206408671268,-112.501324410386));
#6554=CARTESIAN_POINT('Ctrl Pts',(6.33311028444928,192.210101324165,-112.092627287975));
#6555=CARTESIAN_POINT('Ctrl Pts',(6.28568309943365,192.585904471568,-111.168042917186));
#6556=CARTESIAN_POINT('Ctrl Pts',(6.21193016854183,194.142291670919,-110.722076899678));
#6557=CARTESIAN_POINT('Ctrl Pts',(6.13295293091328,195.453222438096,-111.856620926592));
#6558=CARTESIAN_POINT('Ctrl Pts',(6.05397569328473,195.219786547014,-113.574537487455));
#6559=CARTESIAN_POINT('Ctrl Pts',(5.97499845565618,193.653647840849,-114.31813628949));
#6560=CARTESIAN_POINT('Ctrl Pts',(5.90841046575752,192.406851534079,-113.555135050072));
#6561=CARTESIAN_POINT('Ctrl Pts',(5.86814822173503,192.209751709103,-112.771002132939));
#6562=CARTESIAN_POINT('Ctrl Pts',(5.85421172358873,192.209370142824,-112.499759379788));
#6563=CARTESIAN_POINT('Ctrl Pts',(6.39578827641127,192.208677099603,-112.498997412262));
#6564=CARTESIAN_POINT('Ctrl Pts',(6.38620787396975,192.20755395028,-112.312746494752));
#6565=CARTESIAN_POINT('Ctrl Pts',(6.35030172565205,192.324730981538,-111.616066491157));
#6566=CARTESIAN_POINT('Ctrl Pts',(6.28806983145817,193.357708354719,-110.722077015874));
#6567=CARTESIAN_POINT('Ctrl Pts',(6.20909259382962,195.024342509667,-111.19963311312));
#6568=CARTESIAN_POINT('Ctrl Pts',(6.13011535620107,195.53548925492,-112.856273761321));
#6569=CARTESIAN_POINT('Ctrl Pts',(6.05113811857252,194.427675368666,-114.189869511869));
#6570=CARTESIAN_POINT('Ctrl Pts',(5.97302909197592,192.724324771303,-113.993390074963));
#6571=CARTESIAN_POINT('Ctrl Pts',(5.9212458112555,192.20586900449,-112.991198529771));
#6572=CARTESIAN_POINT('Ctrl Pts',(5.89578827641127,192.204534008143,-112.499696641266));
#6573=CARTESIAN_POINT('Origin',(11.1042117235887,193.75,-112.5));
#6574=CARTESIAN_POINT('',(6.89578827641127,192.207977954898,-112.501267907472));
#6575=CARTESIAN_POINT('',(6.85421172358873,192.205463452857,-112.498940860629));
#6576=CARTESIAN_POINT('',(11.1042117235887,192.207,-112.5));
#6577=CARTESIAN_POINT('Ctrl Pts',(6.85421172358872,192.205463452857,-112.498940860629));
#6578=CARTESIAN_POINT('Ctrl Pts',(6.85072383891589,192.204932503791,-112.43149402986));
#6579=CARTESIAN_POINT('Ctrl Pts',(6.82091020836688,192.239463576146,-111.855521186486));
#6580=CARTESIAN_POINT('Ctrl Pts',(6.76477083194168,192.963233533133,-110.858079833748));
#6581=CARTESIAN_POINT('Ctrl Pts',(6.68579359431313,194.694824290114,-110.943654804825));
#6582=CARTESIAN_POINT('Ctrl Pts',(6.60681635668458,195.569712423334,-112.440418105981));
#6583=CARTESIAN_POINT('Ctrl Pts',(6.52783911905603,194.794608675661,-113.991206230025));
#6584=CARTESIAN_POINT('Ctrl Pts',(6.44886188142748,193.072324587044,-114.18986962231));
#6585=CARTESIAN_POINT('Ctrl Pts',(6.39098608293838,192.260500581043,-113.212588999608));
#6586=CARTESIAN_POINT('Ctrl Pts',(6.35943603032546,192.205494442088,-112.602509884788));
#6587=CARTESIAN_POINT('Ctrl Pts',(6.35421172358873,192.206408671268,-112.501324410386));
#6588=CARTESIAN_POINT('Ctrl Pts',(6.89578827641127,192.207977954898,-112.501267907472));
#6589=CARTESIAN_POINT('Ctrl Pts',(6.87749568256019,192.210775712805,-112.146051565027));
#6590=CARTESIAN_POINT('Ctrl Pts',(6.83287734283292,192.50879322461,-111.27538638793));
#6591=CARTESIAN_POINT('Ctrl Pts',(6.76193325722946,193.952179979729,-110.690572983446));
#6592=CARTESIAN_POINT('Ctrl Pts',(6.68295601960092,195.375681432934,-111.680205665393));
#6593=CARTESIAN_POINT('Ctrl Pts',(6.60397878197237,195.325125155442,-113.413172282285));
#6594=CARTESIAN_POINT('Ctrl Pts',(6.52500154434382,193.846352152854,-114.318136170665));
#6595=CARTESIAN_POINT('Ctrl Pts',(6.45560470915679,192.470195353348,-113.6647403102));
#6596=CARTESIAN_POINT('Ctrl Pts',(6.41253361984594,192.210640223933,-112.824540686437));
#6597=CARTESIAN_POINT('Ctrl Pts',(6.39578827641127,192.208677099603,-112.498997412262));
#6598=CARTESIAN_POINT('Origin',(11.1042117235887,193.75,-112.5));
#6599=CARTESIAN_POINT('',(7.39578827641127,192.204505291768,-112.499761820294));
#6600=CARTESIAN_POINT('',(7.35421172358873,192.209350799709,-112.499701365502));
#6601=CARTESIAN_POINT('',(11.1042117235887,192.207,-112.5));
#6602=CARTESIAN_POINT('Ctrl Pts',(7.35421172358873,192.209350799709,-112.499701365502));
#6603=CARTESIAN_POINT('Ctrl Pts',(7.34201164750632,192.208935941419,-112.262261634592));
#6604=CARTESIAN_POINT('Ctrl Pts',(7.30348582554774,192.371848523394,-111.513005638431));
#6605=CARTESIAN_POINT('Ctrl Pts',(7.23863425771298,193.534921141675,-110.692060733754));
#6606=CARTESIAN_POINT('Ctrl Pts',(7.15965702008443,195.146347810612,-111.331618171344));
#6607=CARTESIAN_POINT('Ctrl Pts',(7.08067978245588,195.491660932775,-113.030585055364));
#6608=CARTESIAN_POINT('Ctrl Pts',(7.00170254482732,194.257753975162,-114.248453375541));
#6609=CARTESIAN_POINT('Ctrl Pts',(6.92621319187161,192.638275947747,-113.897173123843));
#6610=CARTESIAN_POINT('Ctrl Pts',(6.87704958479208,192.208939984396,-112.940567090908));
#6611=CARTESIAN_POINT('Ctrl Pts',(6.85421172358872,192.205463452857,-112.498940860629));
#6612=CARTESIAN_POINT('Ctrl Pts',(7.39578827641127,192.204505291768,-112.499761820294));
#6613=CARTESIAN_POINT('Ctrl Pts',(7.3951092370268,192.204476857315,-112.486652440819));
#6614=CARTESIAN_POINT('Ctrl Pts',(7.36810445176615,192.210542681616,-111.965331190271));
#6615=CARTESIAN_POINT('Ctrl Pts',(7.31477392062932,192.794100656899,-110.95043253832));
#6616=CARTESIAN_POINT('Ctrl Pts',(7.23579668300076,194.525036985237,-110.852510836468));
#6617=CARTESIAN_POINT('Ctrl Pts',(7.15681944537221,195.553222309277,-112.248420637238));
#6618=CARTESIAN_POINT('Ctrl Pts',(7.07784220774366,194.946367870109,-113.872445551493));
#6619=CARTESIAN_POINT('Ctrl Pts',(6.99886497011511,193.254728139084,-114.25202986739));
#6620=CARTESIAN_POINT('Ctrl Pts',(6.93818032633765,192.299967495807,-113.323027803788));
#6621=CARTESIAN_POINT('Ctrl Pts',(6.90382142843637,192.206749325718,-112.65726037655));
#6622=CARTESIAN_POINT('Ctrl Pts',(6.89578827641127,192.207977954898,-112.501267907472));
#6623=CARTESIAN_POINT('Origin',(11.1042117235887,193.75,-112.5));
#6624=CARTESIAN_POINT('',(7.89578827641127,192.208601832135,-112.498957496779));
#6625=CARTESIAN_POINT('',(7.85421172358873,192.206517681274,-112.501339554113));
#6626=CARTESIAN_POINT('',(11.1042117235887,192.207,-112.5));
#6627=CARTESIAN_POINT('Ctrl Pts',(7.85421172358873,192.206517681274,-112.501339554113));
#6628=CARTESIAN_POINT('Ctrl Pts',(7.83329945609676,192.210190540728,-112.096232650322));
#6629=CARTESIAN_POINT('Ctrl Pts',(7.78606144272861,192.580418942075,-111.175206270275));
#6630=CARTESIAN_POINT('Ctrl Pts',(7.71249768348427,194.129602360623,-110.719324467079));
#6631=CARTESIAN_POINT('Ctrl Pts',(7.63352044585572,195.448590840236,-111.844490684126));
#6632=CARTESIAN_POINT('Ctrl Pts',(7.55454320822717,195.22741228059,-113.564028316773));
#6633=CARTESIAN_POINT('Ctrl Pts',(7.47556597059862,193.666616407544,-114.318777194227));
#6634=CARTESIAN_POINT('Ctrl Pts',(7.40878880905248,192.410853004329,-113.562544623092));
#6635=CARTESIAN_POINT('Ctrl Pts',(7.36833739338251,192.209831136976,-112.774617293248));
#6636=CARTESIAN_POINT('Ctrl Pts',(7.35421172358873,192.209350799709,-112.499701365502));
#6637=CARTESIAN_POINT('Ctrl Pts',(7.89578827641127,192.208601832135,-112.498957496779));
#6638=CARTESIAN_POINT('Ctrl Pts',(7.88639704561723,192.207453405776,-112.316406662039));
#6639=CARTESIAN_POINT('Ctrl Pts',(7.85068006894701,192.321583986489,-111.623513475234));
#6640=CARTESIAN_POINT('Ctrl Pts',(7.78863734640061,193.345038997024,-110.724919872647));
#6641=CARTESIAN_POINT('Ctrl Pts',(7.70966010877206,195.015036481521,-111.190578153206));
#6642=CARTESIAN_POINT('Ctrl Pts',(7.63068287114351,195.537984631853,-112.843531408597));
#6643=CARTESIAN_POINT('Ctrl Pts',(7.55170563351496,194.439709512022,-114.18499366808));
#6644=CARTESIAN_POINT('Ctrl Pts',(7.47340743527089,192.730872408703,-114.000220325074));
#6645=CARTESIAN_POINT('Ctrl Pts',(7.42143498290299,192.20557923546,-112.994891286071));
#6646=CARTESIAN_POINT('Ctrl Pts',(7.39578827641127,192.204505291768,-112.499761820294));
#6647=CARTESIAN_POINT('Origin',(11.1042117235887,193.75,-112.5));
#6648=CARTESIAN_POINT('',(8.39578827641128,192.208072693622,-112.501243457922));
#6649=CARTESIAN_POINT('',(8.35421172358873,192.205370898842,-112.498982781079));
#6650=CARTESIAN_POINT('',(11.1042117235887,192.207,-112.5));
#6651=CARTESIAN_POINT('Ctrl Pts',(8.35421172358873,192.205370898842,-112.498982781079));
#6652=CARTESIAN_POINT('Ctrl Pts',(8.35091301056337,192.204883410447,-112.435204053501));
#6653=CARTESIAN_POINT('Ctrl Pts',(8.32128855166184,192.237320701072,-111.862931666156));
#6654=CARTESIAN_POINT('Ctrl Pts',(8.26533834688412,192.951544116764,-110.863732446111));
#6655=CARTESIAN_POINT('Ctrl Pts',(8.18636110925556,194.683701121307,-110.936956327569));
#6656=CARTESIAN_POINT('Ctrl Pts',(8.10738387162703,195.569241237646,-112.42744226441));
#6657=CARTESIAN_POINT('Ctrl Pts',(8.02840663399847,194.805216712317,-113.983718637661));
#6658=CARTESIAN_POINT('Ctrl Pts',(7.94942939636992,193.084393197452,-114.19465952042));
#6659=CARTESIAN_POINT('Ctrl Pts',(7.89136442623334,192.262944093278,-113.220017992723));
#6660=CARTESIAN_POINT('Ctrl Pts',(7.85962520197294,192.20556690225,-112.606208022719));
#6661=CARTESIAN_POINT('Ctrl Pts',(7.85421172358873,192.206517681274,-112.501339554113));
#6662=CARTESIAN_POINT('Ctrl Pts',(8.39578827641128,192.208072693622,-112.501243457922));
#6663=CARTESIAN_POINT('Ctrl Pts',(8.37768485420767,192.210776019376,-112.149645890045));
#6664=CARTESIAN_POINT('Ctrl Pts',(8.33325568612788,192.50392896116,-111.282682442376));
#6665=CARTESIAN_POINT('Ctrl Pts',(8.26250077217191,193.939270832098,-110.68917714133));
#6666=CARTESIAN_POINT('Ctrl Pts',(8.18352353454336,195.369793694116,-111.668632896251));
#6667=CARTESIAN_POINT('Ctrl Pts',(8.10454629691481,195.331597427367,-113.401915988238));
#6668=CARTESIAN_POINT('Ctrl Pts',(8.02556905928626,193.859315818309,-114.317402796419));
#6669=CARTESIAN_POINT('Ctrl Pts',(7.95598305245175,192.474770365315,-113.67208335225));
#6670=CARTESIAN_POINT('Ctrl Pts',(7.91272279149342,192.210672704837,-112.828137977163));
#6671=CARTESIAN_POINT('Ctrl Pts',(7.89578827641127,192.208601832135,-112.498957496779));
#6672=CARTESIAN_POINT('Origin',(11.1042117235887,193.75,-112.5));
#6673=CARTESIAN_POINT('',(8.89578827641127,192.204483149526,-112.499827643163));
#6674=CARTESIAN_POINT('',(8.85421172358873,192.209327298348,-112.499643894015));
#6675=CARTESIAN_POINT('',(11.1042117235887,192.207,-112.5));
#6676=CARTESIAN_POINT('Ctrl Pts',(8.85421172358873,192.209327298348,-112.499643894015));
#6677=CARTESIAN_POINT('Ctrl Pts',(8.84220081915381,192.208839835094,-112.265894762367));
#6678=CARTESIAN_POINT('Ctrl Pts',(8.8038641688427,192.368220286385,-111.520440246182));
#6679=CARTESIAN_POINT('Ctrl Pts',(8.73920177265542,193.522033216867,-110.693640560968));
#6680=CARTESIAN_POINT('Ctrl Pts',(8.66022453502686,195.13797993612,-111.321689765378));
#6681=CARTESIAN_POINT('Ctrl Pts',(8.58124729739832,195.495400533088,-113.018150835271));
#6682=CARTESIAN_POINT('Ctrl Pts',(8.50227005976976,194.270210232706,-114.244787842785));
#6683=CARTESIAN_POINT('Ctrl Pts',(8.42659153516657,192.644203732105,-113.904214579727));
#6684=CARTESIAN_POINT('Ctrl Pts',(8.37723875643956,192.20877386576,-112.944197276501));
#6685=CARTESIAN_POINT('Ctrl Pts',(8.35421172358873,192.205370898842,-112.498982781079));
#6686=CARTESIAN_POINT('Ctrl Pts',(8.89578827641127,192.204483149526,-112.499827643163));
#6687=CARTESIAN_POINT('Ctrl Pts',(8.89529840867428,192.204468044931,-112.490370732052));
#6688=CARTESIAN_POINT('Ctrl Pts',(8.86848279506111,192.208813004874,-111.972708767657));
#6689=CARTESIAN_POINT('Ctrl Pts',(8.81534143557175,192.783074210693,-110.957289028491));
#6690=CARTESIAN_POINT('Ctrl Pts',(8.73636419794321,194.513268112011,-110.84702549929));
#6691=CARTESIAN_POINT('Ctrl Pts',(8.65738696031466,195.551382316812,-112.235567289186));
#6692=CARTESIAN_POINT('Ctrl Pts',(8.57840972268611,194.956125094936,-113.86387869667));
#6693=CARTESIAN_POINT('Ctrl Pts',(8.49943248505755,193.267235412233,-114.255517368642));
#6694=CARTESIAN_POINT('Ctrl Pts',(8.43855866963262,192.302876984219,-113.330473172602));
#6695=CARTESIAN_POINT('Ctrl Pts',(8.40401060008386,192.206844880499,-112.660934204404));
#6696=CARTESIAN_POINT('Ctrl Pts',(8.39578827641128,192.208072693622,-112.501243457922));
#6697=CARTESIAN_POINT('Origin',(11.1042117235887,193.75,-112.5));
#6698=CARTESIAN_POINT('',(9.39578827641127,192.208525358914,-112.49892126428));
#6699=CARTESIAN_POINT('',(9.35421172358873,192.20662724907,-112.501352764974));
#6700=CARTESIAN_POINT('',(11.1042117235887,192.207,-112.5));
#6701=CARTESIAN_POINT('Ctrl Pts',(9.35421172358873,192.20662724907,-112.501352764974));
#6702=CARTESIAN_POINT('Ctrl Pts',(9.33348862774424,192.210273079139,-112.099837240891));
#6703=CARTESIAN_POINT('Ctrl Pts',(9.28643978602356,192.574975912359,-111.182379030551));
#6704=CARTESIAN_POINT('Ctrl Pts',(9.21306519842672,194.116893885738,-110.716663217316));
#6705=CARTESIAN_POINT('Ctrl Pts',(9.13408796079816,195.443872784576,-111.832393482962));
#6706=CARTESIAN_POINT('Ctrl Pts',(9.05511072316962,195.234962906482,-113.553465173295));
#6707=CARTESIAN_POINT('Ctrl Pts',(8.97613348554107,193.679589199291,-114.319325527873));
#6708=CARTESIAN_POINT('Ctrl Pts',(8.90916715234743,192.414892031,-113.569950913083));
#6709=CARTESIAN_POINT('Ctrl Pts',(8.86852656502999,192.209908267018,-112.778230887584));
#6710=CARTESIAN_POINT('Ctrl Pts',(8.85421172358873,192.209327298348,-112.499643894015));
#6711=CARTESIAN_POINT('Ctrl Pts',(9.39578827641127,192.208525358913,-112.49892126428));
#6712=CARTESIAN_POINT('Ctrl Pts',(9.38658621726471,192.207353616612,-112.320069086208));
#6713=CARTESIAN_POINT('Ctrl Pts',(9.35105841224197,192.318464662779,-111.63095506479));
#6714=CARTESIAN_POINT('Ctrl Pts',(9.28920486134306,193.3323944167,-110.727856881984));
#6715=CARTESIAN_POINT('Ctrl Pts',(9.2102276237145,195.005664102101,-111.181587926232));
#6716=CARTESIAN_POINT('Ctrl Pts',(9.13125038608596,195.540390040955,-112.83077248085));
#6717=CARTESIAN_POINT('Ctrl Pts',(9.0522731484574,194.451708111122,-114.180031694704));
#6718=CARTESIAN_POINT('Ctrl Pts',(8.97378577856585,192.737465731086,-114.007033365238));
#6719=CARTESIAN_POINT('Ctrl Pts',(8.92162415455047,192.205279773696,-112.998590032663));
#6720=CARTESIAN_POINT('Ctrl Pts',(8.89578827641127,192.204483149526,-112.499827643163));
#6721=CARTESIAN_POINT('Origin',(11.1042117235887,193.75,-112.5));
#6722=CARTESIAN_POINT('',(9.89578827641127,192.208621945222,-112.501444775522));
#6723=CARTESIAN_POINT('',(9.85421172358873,192.205286927645,-112.499052564927));
#6724=CARTESIAN_POINT('',(11.1042117235887,192.207,-112.5));
#6725=CARTESIAN_POINT('',(10.,193.351486158143,-113.990649428219));
#6726=CARTESIAN_POINT('Ctrl Pts',(10.,193.351486158143,-113.990649428219));
#6727=CARTESIAN_POINT('Ctrl Pts',(9.97367425412382,192.858350886622,-113.858813445935));
#6728=CARTESIAN_POINT('Ctrl Pts',(9.93893701292757,192.306284837044,-113.33772353874));
#6729=CARTESIAN_POINT('Ctrl Pts',(9.90419977173133,192.207448412632,-112.664817258707));
#6730=CARTESIAN_POINT('Ctrl Pts',(9.89578827641127,192.208621945222,-112.501444775522));
#6731=CARTESIAN_POINT('',(10.,194.149502769271,-113.9931861603));
#6732=CARTESIAN_POINT('Origin',(10.,193.75,-112.5));
#6733=CARTESIAN_POINT('Ctrl Pts',(10.,194.149505788113,-113.993193904037));
#6734=CARTESIAN_POINT('Ctrl Pts',(9.97462011236123,193.675800190941,-114.118546618405));
#6735=CARTESIAN_POINT('Ctrl Pts',(9.92602402022412,192.641655496968,-113.892463424103));
#6736=CARTESIAN_POINT('Ctrl Pts',(9.87742792808704,192.208587072121,-112.947778035497));
#6737=CARTESIAN_POINT('Ctrl Pts',(9.85421172358873,192.205286927645,-112.499052564927));
#6738=CARTESIAN_POINT('Origin',(11.1042117235887,193.75,-7.5));
#6739=CARTESIAN_POINT('',(2.89578827641127,192.204632813175,-7.49956125174751));
#6740=CARTESIAN_POINT('',(2.85421172358872,192.209453348504,-7.49983881525594));
#6741=CARTESIAN_POINT('',(11.1042117235887,192.207,-7.49999999999988));
#6742=CARTESIAN_POINT('',(2.5,194.148513841857,-8.99064942821854));
#6743=CARTESIAN_POINT('Ctrl Pts',(2.85421172358872,192.209453348504,-7.49983881525594));
#6744=CARTESIAN_POINT('Ctrl Pts',(2.84144413256388,192.209290994017,-7.25132144768517));
#6745=CARTESIAN_POINT('Ctrl Pts',(2.80235079566286,192.38304725179,-6.49064384770146));
#6746=CARTESIAN_POINT('Ctrl Pts',(2.73693171288564,193.573313270243,-5.68825488259904));
#6747=CARTESIAN_POINT('Ctrl Pts',(2.6579544752571,195.171693083163,-6.36103881417549));
#6748=CARTESIAN_POINT('Ctrl Pts',(2.57897723762855,195.478453383225,-8.06922888432426));
#6749=CARTESIAN_POINT('Ctrl Pts',(2.52632574587618,194.641649113378,-8.85881344593531));
#6750=CARTESIAN_POINT('Ctrl Pts',(2.5,194.148513841857,-8.99064942821854));
#6751=CARTESIAN_POINT('',(2.5,193.351486158143,-8.99064942821855));
#6752=CARTESIAN_POINT('Origin',(2.5,193.75,-7.5));
#6753=CARTESIAN_POINT('Ctrl Pts',(2.89578827641127,192.204632813175,-7.49956125174751));
#6754=CARTESIAN_POINT('Ctrl Pts',(2.89454172208436,192.20454282399,-7.47549176673403));
#6755=CARTESIAN_POINT('Ctrl Pts',(2.86696942188126,192.21591516645,-6.94319113794612));
#6756=CARTESIAN_POINT('Ctrl Pts',(2.81307137580199,192.827473294679,-5.93041610823502));
#6757=CARTESIAN_POINT('Ctrl Pts',(2.73409413817344,194.560111982528,-5.86937484414181));
#6758=CARTESIAN_POINT('Ctrl Pts',(2.65511690054489,195.558128673366,-7.28729507201793));
#6759=CARTESIAN_POINT('Ctrl Pts',(2.57708552115374,194.924475234916,-8.87794047236885));
#6760=CARTESIAN_POINT('Ctrl Pts',(2.52537988763878,193.824221613886,-9.11854652281785));
#6761=CARTESIAN_POINT('Ctrl Pts',(2.5,193.350500304636,-8.99317792407188));
#6762=CARTESIAN_POINT('Origin',(11.1042117235887,193.75,-7.5));
#6763=CARTESIAN_POINT('',(3.39578827641127,192.20883931083,-7.49908262323371));
#6764=CARTESIAN_POINT('',(3.35421172358872,192.206213963696,-7.5012858513003));
#6765=CARTESIAN_POINT('',(11.1042117235887,192.207,-7.49999999999988));
#6766=CARTESIAN_POINT('Ctrl Pts',(3.35421172358872,192.206213963696,-7.5012858513003));
#6767=CARTESIAN_POINT('Ctrl Pts',(3.33273194115431,192.209923514634,-7.08541653488995));
#6768=CARTESIAN_POINT('Ctrl Pts',(3.28492641284372,192.597022165082,-6.15376558719326));
#6769=CARTESIAN_POINT('Ctrl Pts',(3.21079513865694,194.167599357631,-5.72788237810126));
#6770=CARTESIAN_POINT('Ctrl Pts',(3.1318179010284,195.462211264383,-6.88097751845517));
#6771=CARTESIAN_POINT('Ctrl Pts',(3.05284066339985,195.204271677907,-8.59539662990857));
#6772=CARTESIAN_POINT('Ctrl Pts',(2.9738634257713,193.627767319343,-9.31651009696015));
#6773=CARTESIAN_POINT('Ctrl Pts',(2.90765377916759,192.398918022347,-8.5403570473927));
#6774=CARTESIAN_POINT('Ctrl Pts',(2.86776987844006,192.209625755911,-7.7637442729274));
#6775=CARTESIAN_POINT('Ctrl Pts',(2.85421172358872,192.209453348504,-7.49983881525594));
#6776=CARTESIAN_POINT('Ctrl Pts',(3.39578827641127,192.20883931083,-7.49908262323371));
#6777=CARTESIAN_POINT('Ctrl Pts',(3.38582953067479,192.20777733695,-7.30543460065555));
#6778=CARTESIAN_POINT('Ctrl Pts',(3.34954503906213,192.331146023494,-6.60118546525979));
#6779=CARTESIAN_POINT('Ctrl Pts',(3.28693480157328,193.383111245108,-5.71668824257418));
#6780=CARTESIAN_POINT('Ctrl Pts',(3.20795756394473,195.042741978188,-6.21795716401518));
#6781=CARTESIAN_POINT('Ctrl Pts',(3.12898032631618,195.530200981937,-7.88170143405831));
#6782=CARTESIAN_POINT('Ctrl Pts',(3.05000308868763,194.403496298347,-9.19933286148083));
#6783=CARTESIAN_POINT('Ctrl Pts',(2.972272405386,192.711377822414,-8.97967132152687));
#6784=CARTESIAN_POINT('Ctrl Pts',(2.92086746796054,192.206443288628,-7.98381068405375));
#6785=CARTESIAN_POINT('Ctrl Pts',(2.89578827641127,192.204632813175,-7.49956125174751));
#6786=CARTESIAN_POINT('Origin',(11.1042117235887,193.75,-7.5));
#6787=CARTESIAN_POINT('',(3.89578827641127,192.20780356671,-7.50130948068115));
#6788=CARTESIAN_POINT('',(3.85421172358872,192.205677824626,-7.49886434949786));
#6789=CARTESIAN_POINT('',(11.1042117235887,192.207,-7.49999999999988));
#6790=CARTESIAN_POINT('Ctrl Pts',(3.85421172358872,192.205677824626,-7.49886434949786));
#6791=CARTESIAN_POINT('Ctrl Pts',(3.85034549562093,192.205059565728,-7.42407796600207));
#6792=CARTESIAN_POINT('Ctrl Pts',(3.82015352177695,192.24385700913,-6.8407033846083));
#6793=CARTESIAN_POINT('Ctrl Pts',(3.76363580205679,192.986742429516,-5.8470483049138));
#6794=CARTESIAN_POINT('Ctrl Pts',(3.68465856442824,194.716912431038,-5.95731034166723));
#6795=CARTESIAN_POINT('Ctrl Pts',(3.60568132679969,195.570352011673,-7.46637854815388));
#6796=CARTESIAN_POINT('Ctrl Pts',(3.52670408917114,194.773219302478,-9.00593290891235));
#6797=CARTESIAN_POINT('Ctrl Pts',(3.4477268515426,193.048301653372,-9.18000836110448));
#6798=CARTESIAN_POINT('Ctrl Pts',(3.39022939634845,192.255724054791,-8.19772690484218));
#6799=CARTESIAN_POINT('Ctrl Pts',(3.35905768703049,192.205377067499,-7.59510837999835));
#6800=CARTESIAN_POINT('Ctrl Pts',(3.35421172358872,192.206213963696,-7.5012858513003));
#6801=CARTESIAN_POINT('Ctrl Pts',(3.89578827641127,192.20780356671,-7.50130948068115));
#6802=CARTESIAN_POINT('Ctrl Pts',(3.87711733926522,192.210781035811,-7.13886793192248));
#6803=CARTESIAN_POINT('Ctrl Pts',(3.83212065624299,192.518661636474,-6.26083384660764));
#6804=CARTESIAN_POINT('Ctrl Pts',(3.76079822734458,193.977963605318,-5.69366574466019));
#6805=CARTESIAN_POINT('Ctrl Pts',(3.68182098971603,195.387185859286,-6.70348672573265));
#6806=CARTESIAN_POINT('Ctrl Pts',(3.60284375208748,195.311918935736,-8.4355320343026));
#6807=CARTESIAN_POINT('Ctrl Pts',(3.52386651445893,193.820409818115,-9.31930014341024));
#6808=CARTESIAN_POINT('Ctrl Pts',(3.45484802256686,192.461182094903,-8.65002141546074));
#6809=CARTESIAN_POINT('Ctrl Pts',(3.41215527655097,192.210584643737,-7.81733928892812));
#6810=CARTESIAN_POINT('Ctrl Pts',(3.39578827641127,192.20883931083,-7.49908262323371));
#6811=CARTESIAN_POINT('Origin',(11.1042117235887,193.75,-7.5));
#6812=CARTESIAN_POINT('',(4.39578827641127,192.204590490685,-7.49963230167288));
#6813=CARTESIAN_POINT('',(4.35421172358872,192.209406665067,-7.49981782884045));
#6814=CARTESIAN_POINT('',(11.1042117235887,192.207,-7.49999999999988));
#6815=CARTESIAN_POINT('Ctrl Pts',(4.35421172358872,192.209406665067,-7.49981782884045));
#6816=CARTESIAN_POINT('Ctrl Pts',(4.34163330421136,192.209146082461,-7.25500441565573));
#6817=CARTESIAN_POINT('Ctrl Pts',(4.30272913895782,192.37923197119,-6.49815585341052));
#6818=CARTESIAN_POINT('Ctrl Pts',(4.23749922782809,193.56073178048,-5.6892021354907));
#6819=CARTESIAN_POINT('Ctrl Pts',(4.15852199019954,195.162850488368,-6.35166866435157));
#6820=CARTESIAN_POINT('Ctrl Pts',(4.07954475257099,195.48389214308,-8.05536420827791));
#6821=CARTESIAN_POINT('Ctrl Pts',(4.00056751494244,194.232757923399,-9.2554931389879));
#6822=CARTESIAN_POINT('Ctrl Pts',(3.92545650528169,192.626567811542,-8.88303176628982));
#6823=CARTESIAN_POINT('Ctrl Pts',(3.87667124149711,192.209269386453,-7.93331005042898));
#6824=CARTESIAN_POINT('Ctrl Pts',(3.85421172358872,192.205677824626,-7.49886434949786));
#6825=CARTESIAN_POINT('Ctrl Pts',(4.39578827641127,192.204590490685,-7.49963230167288));
#6826=CARTESIAN_POINT('Ctrl Pts',(4.39473089373184,192.204524369615,-7.47921673663849));
#6827=CARTESIAN_POINT('Ctrl Pts',(4.36734776517622,192.214104203492,-6.95057657205877));
#6828=CARTESIAN_POINT('Ctrl Pts',(4.31363889074443,192.816311894442,-5.93697811629335));
#6829=CARTESIAN_POINT('Ctrl Pts',(4.23466165311588,194.548444752798,-5.86375525565271));
#6830=CARTESIAN_POINT('Ctrl Pts',(4.15568441548733,195.556602029954,-7.27416821995133));
#6831=CARTESIAN_POINT('Ctrl Pts',(4.07670717785878,194.926655042102,-8.88935013606748));
#6832=CARTESIAN_POINT('Ctrl Pts',(3.99772994023023,193.229797019006,-9.24476352011558));
#6833=CARTESIAN_POINT('Ctrl Pts',(3.93742363974773,192.294265888193,-8.3081277132398));
#6834=CARTESIAN_POINT('Ctrl Pts',(3.90344308514141,192.206582848313,-7.6499051676518));
#6835=CARTESIAN_POINT('Ctrl Pts',(3.89578827641127,192.20780356671,-7.50130948068115));
#6836=CARTESIAN_POINT('Origin',(11.1042117235887,193.75,-7.5));
#6837=CARTESIAN_POINT('',(4.89578827641127,192.208770544869,-7.49903919288257));
#6838=CARTESIAN_POINT('',(4.85421172358872,192.206321645932,-7.50130647683513));
#6839=CARTESIAN_POINT('',(11.1042117235887,192.207,-7.49999999999988));
#6840=CARTESIAN_POINT('Ctrl Pts',(4.85421172358872,192.206321645932,-7.50130647683513));
#6841=CARTESIAN_POINT('Ctrl Pts',(4.83292111280179,192.210026469892,-7.08902587823323));
#6842=CARTESIAN_POINT('Ctrl Pts',(4.78530475613868,192.59144895837,-6.16090893899609));
#6843=CARTESIAN_POINT('Ctrl Pts',(4.71136265359939,194.154955413404,-5.72494437362524));
#6844=CARTESIAN_POINT('Ctrl Pts',(4.63238541597083,195.45774372733,-6.86879264480688));
#6845=CARTESIAN_POINT('Ctrl Pts',(4.55340817834229,195.212065784429,-8.58497696084352));
#6846=CARTESIAN_POINT('Ctrl Pts',(4.47443094071374,193.640685690534,-9.31737771129023));
#6847=CARTESIAN_POINT('Ctrl Pts',(4.40803212246255,192.402906140615,-8.54770780403158));
#6848=CARTESIAN_POINT('Ctrl Pts',(4.36795905008755,192.209691463504,-7.76738164758218));
#6849=CARTESIAN_POINT('Ctrl Pts',(4.35421172358872,192.209406665067,-7.49981782884045));
#6850=CARTESIAN_POINT('Ctrl Pts',(4.89578827641127,192.208770544869,-7.49903919288258));
#6851=CARTESIAN_POINT('Ctrl Pts',(4.88601870232227,192.207676218969,-7.30909093006415));
#6852=CARTESIAN_POINT('Ctrl Pts',(4.84992338235709,192.327931435571,-6.6086320445654));
#6853=CARTESIAN_POINT('Ctrl Pts',(4.78750231651573,193.370402931015,-5.71934928960704));
#6854=CARTESIAN_POINT('Ctrl Pts',(4.70852507888718,195.033565916127,-6.20877212462186));
#6855=CARTESIAN_POINT('Ctrl Pts',(4.62954784125863,195.532878331751,-7.86899287441969));
#6856=CARTESIAN_POINT('Ctrl Pts',(4.55057060363008,194.415597524022,-9.19463589695389));
#6857=CARTESIAN_POINT('Ctrl Pts',(4.47265074868096,192.717836833211,-8.98652208646871));
#6858=CARTESIAN_POINT('Ctrl Pts',(4.42105663960802,192.206170591493,-7.98750478359591));
#6859=CARTESIAN_POINT('Ctrl Pts',(4.39578827641127,192.204590490685,-7.49963230167288));
#6860=CARTESIAN_POINT('Origin',(11.1042117235887,193.75,-7.5));
#6861=CARTESIAN_POINT('',(5.39578827641127,192.207902458796,-7.50128992111521));
#6862=CARTESIAN_POINT('',(5.35421172358872,192.205580123928,-7.49890137050611));
#6863=CARTESIAN_POINT('',(11.1042117235887,192.207,-7.49999999999988));
#6864=CARTESIAN_POINT('Ctrl Pts',(5.35421172358872,192.205580123928,-7.49890137050611));
#6865=CARTESIAN_POINT('Ctrl Pts',(5.35053466726841,192.205005521207,-7.42778596705229));
#6866=CARTESIAN_POINT('Ctrl Pts',(5.32053186507191,192.241656255507,-6.84811773925849));
#6867=CARTESIAN_POINT('Ctrl Pts',(5.26420331699923,192.974973712402,-5.85253357634377));
#6868=CARTESIAN_POINT('Ctrl Pts',(5.18522607937069,194.705886149065,-5.95045392660655));
#6869=CARTESIAN_POINT('Ctrl Pts',(5.10624884174213,195.570065818071,-7.45339762417734));
#6870=CARTESIAN_POINT('Ctrl Pts',(5.02727160411359,194.78393317179,-8.99859719731978));
#6871=CARTESIAN_POINT('Ctrl Pts',(4.94829436648504,193.060300007863,-9.18497041053927));
#6872=CARTESIAN_POINT('Ctrl Pts',(4.89060773964341,192.258107953221,-8.20515183254362));
#6873=CARTESIAN_POINT('Ctrl Pts',(4.85924685867798,192.205445471486,-7.59880901114073));
#6874=CARTESIAN_POINT('Ctrl Pts',(4.85421172358872,192.206321645932,-7.50130647683513));
#6875=CARTESIAN_POINT('Ctrl Pts',(5.39578827641127,192.207902458796,-7.50128992111521));
#6876=CARTESIAN_POINT('Ctrl Pts',(5.3773065109127,192.210791665379,-7.14246223669892));
#6877=CARTESIAN_POINT('Ctrl Pts',(5.33249899953795,192.51371552717,-6.26811481401841));
#6878=CARTESIAN_POINT('Ctrl Pts',(5.26136574228703,193.965075860136,-5.69208593633767));
#6879=CARTESIAN_POINT('Ctrl Pts',(5.18238850465847,195.381463854264,-6.69183134221168));
#6880=CARTESIAN_POINT('Ctrl Pts',(5.10341126702992,195.31855100998,-8.42436930730792));
#6881=CARTESIAN_POINT('Ctrl Pts',(5.02443402940138,193.833382430093,-9.3187518405636));
#6882=CARTESIAN_POINT('Ctrl Pts',(4.95522636586182,192.465677847113,-8.65737547705502));
#6883=CARTESIAN_POINT('Ctrl Pts',(4.91234444819845,192.210625062519,-7.82093818676409));
#6884=CARTESIAN_POINT('Ctrl Pts',(4.89578827641127,192.208770544869,-7.49903919288258));
#6885=CARTESIAN_POINT('Origin',(11.1042117235887,193.75,-7.5));
#6886=CARTESIAN_POINT('',(5.89578827641127,192.204555450859,-7.49969664547478));
#6887=CARTESIAN_POINT('',(5.85421172358872,192.209391508434,-7.49975938312469));
#6888=CARTESIAN_POINT('',(11.1042117235887,192.207,-7.49999999999988));
#6889=CARTESIAN_POINT('Ctrl Pts',(5.85421172358872,192.209391508434,-7.49975938312469));
#6890=CARTESIAN_POINT('Ctrl Pts',(5.84182247585884,192.209052308905,-7.25863374131866));
#6891=CARTESIAN_POINT('Ctrl Pts',(5.80310748225278,192.375531755726,-6.50558661788276));
#6892=CARTESIAN_POINT('Ctrl Pts',(5.73806674277053,193.54782281091,-5.69059795850823));
#6893=CARTESIAN_POINT('Ctrl Pts',(5.65908950514199,195.154625186885,-6.34162206171205));
#6894=CARTESIAN_POINT('Ctrl Pts',(5.58011226751343,195.487808652343,-8.04298476164854));
#6895=CARTESIAN_POINT('Ctrl Pts',(5.50113502988489,194.245265024804,-9.2520056845653));
#6896=CARTESIAN_POINT('Ctrl Pts',(5.42583484857665,192.632407648747,-8.8900992144689));
#6897=CARTESIAN_POINT('Ctrl Pts',(5.37686041314459,192.209119367688,-7.93693401269554));
#6898=CARTESIAN_POINT('Ctrl Pts',(5.35421172358872,192.205580123928,-7.49890137050611));
#6899=CARTESIAN_POINT('Ctrl Pts',(5.89578827641127,192.20455545086,-7.49969664547478));
#6900=CARTESIAN_POINT('Ctrl Pts',(5.89492006537932,192.204509922395,-7.48293455740278));
#6901=CARTESIAN_POINT('Ctrl Pts',(5.86772610847119,192.212320586677,-6.95795875092705));
#6902=CARTESIAN_POINT('Ctrl Pts',(5.81420640568687,192.80518888069,-5.9436765002001));
#6903=CARTESIAN_POINT('Ctrl Pts',(5.73522916805833,194.536755499381,-5.85810272203334));
#6904=CARTESIAN_POINT('Ctrl Pts',(5.65625193042977,195.554945559457,-7.26129010368939));
#6905=CARTESIAN_POINT('Ctrl Pts',(5.57727469280123,194.936533329868,-8.88092343897578));
#6906=CARTESIAN_POINT('Ctrl Pts',(5.49829745517267,193.242253102903,-9.24842900218738));
#6907=CARTESIAN_POINT('Ctrl Pts',(5.43780198304269,192.297110608077,-8.31557171063921));
#6908=CARTESIAN_POINT('Ctrl Pts',(5.40363225678889,192.206676229639,-7.65358258578113));
#6909=CARTESIAN_POINT('Ctrl Pts',(5.39578827641127,192.207902458796,-7.50128992111521));
#6910=CARTESIAN_POINT('Origin',(11.1042117235887,193.75,-7.5));
#6911=CARTESIAN_POINT('',(6.39578827641127,192.208698484835,-7.49899742617242));
#6912=CARTESIAN_POINT('',(6.35421172358872,192.206430077948,-7.50132439201854));
#6913=CARTESIAN_POINT('',(11.1042117235887,192.207,-7.49999999999988));
#6914=CARTESIAN_POINT('Ctrl Pts',(6.35421172358872,192.206430077948,-7.50132439201853));
#6915=CARTESIAN_POINT('Ctrl Pts',(6.33311028444927,192.210122679635,-7.09263293746054));
#6916=CARTESIAN_POINT('Ctrl Pts',(6.28568309943364,192.585920615362,-6.1680613889009));
#6917=CARTESIAN_POINT('Ctrl Pts',(6.21193016854183,194.142286230579,-5.72210155609458));
#6918=CARTESIAN_POINT('Ctrl Pts',(6.13295293091328,195.453198817635,-6.85662984903738));
#6919=CARTESIAN_POINT('Ctrl Pts',(6.05397569328473,195.219766163866,-8.57452258566127));
#6920=CARTESIAN_POINT('Ctrl Pts',(5.97499845565618,193.653649177071,-9.31811107539222));
#6921=CARTESIAN_POINT('Ctrl Pts',(5.90841046575752,192.406870160997,-8.55512041735253));
#6922=CARTESIAN_POINT('Ctrl Pts',(5.86814822173503,192.209773069421,-7.77099837465368));
#6923=CARTESIAN_POINT('Ctrl Pts',(5.85421172358872,192.209391508434,-7.49975938312469));
#6924=CARTESIAN_POINT('Ctrl Pts',(6.39578827641127,192.208698484835,-7.49899742617242));
#6925=CARTESIAN_POINT('Ctrl Pts',(6.38620787396975,192.207575351096,-7.31274909281865));
#6926=CARTESIAN_POINT('Ctrl Pts',(6.35030172565205,192.32475075657,-6.61607875537717));
#6927=CARTESIAN_POINT('Ctrl Pts',(6.28806983145817,193.357713797607,-5.72210168383749));
#6928=CARTESIAN_POINT('Ctrl Pts',(6.20909259382961,195.02432482868,-6.1996511551849));
#6929=CARTESIAN_POINT('Ctrl Pts',(6.13011535620108,195.535464481978,-7.85626881816645));
#6930=CARTESIAN_POINT('Ctrl Pts',(6.05113811857252,194.427665966194,-9.18984606561176));
#6931=CARTESIAN_POINT('Ctrl Pts',(5.97302909197592,192.724339002133,-8.9933693547789));
#6932=CARTESIAN_POINT('Ctrl Pts',(5.92124581125551,192.205890428684,-7.99119171459019));
#6933=CARTESIAN_POINT('Ctrl Pts',(5.89578827641127,192.20455545086,-7.49969664547478));
#6934=CARTESIAN_POINT('Origin',(11.1042117235887,193.75,-7.5));
#6935=CARTESIAN_POINT('',(6.89578827641128,192.207999349832,-7.50126788988049));
#6936=CARTESIAN_POINT('',(6.85421172358873,192.205484872645,-7.49894087531739));
#6937=CARTESIAN_POINT('',(11.1042117235887,192.207,-7.49999999999988));
#6938=CARTESIAN_POINT('Ctrl Pts',(6.85421172358873,192.205484872645,-7.49894087531739));
#6939=CARTESIAN_POINT('Ctrl Pts',(6.85072383891589,192.204953930943,-7.4314949799077));
#6940=CARTESIAN_POINT('Ctrl Pts',(6.82091020836688,192.239484524417,-6.85553012418298));
#6941=CARTESIAN_POINT('Ctrl Pts',(6.76477083194167,192.96324444409,-5.85810260406218));
#6942=CARTESIAN_POINT('Ctrl Pts',(6.68579359431313,194.694811187195,-5.94367638837745));
#6943=CARTESIAN_POINT('Ctrl Pts',(6.60681635668458,195.569687187379,-7.44041893226833));
#6944=CARTESIAN_POINT('Ctrl Pts',(6.52783911905603,194.794594188923,-8.99118554982692));
#6945=CARTESIAN_POINT('Ctrl Pts',(6.44886188142748,193.072333985115,-9.18984618702808));
#6946=CARTESIAN_POINT('Ctrl Pts',(6.39098608293838,192.260521237571,-8.21257911735217));
#6947=CARTESIAN_POINT('Ctrl Pts',(6.35943603032546,192.205515861447,-7.60250846317044));
#6948=CARTESIAN_POINT('Ctrl Pts',(6.35421172358872,192.206430077948,-7.50132439201853));
#6949=CARTESIAN_POINT('Ctrl Pts',(6.89578827641128,192.207999349832,-7.50126788988049));
#6950=CARTESIAN_POINT('Ctrl Pts',(6.87749568256019,192.21079706892,-7.14605647591864));
#6951=CARTESIAN_POINT('Ctrl Pts',(6.83287734283292,192.508810445853,-6.27540337894938));
#6952=CARTESIAN_POINT('Ctrl Pts',(6.76193325722947,193.952177174564,-5.69059808851469));
#6953=CARTESIAN_POINT('Ctrl Pts',(6.68295601960092,195.375658877261,-6.68021703970858));
#6954=CARTESIAN_POINT('Ctrl Pts',(6.60397878197236,195.325103301217,-8.41315961238862));
#6955=CARTESIAN_POINT('Ctrl Pts',(6.52500154434382,193.846350816006,-9.31811094476));
#6956=CARTESIAN_POINT('Ctrl Pts',(6.45560470915678,192.470213110121,-8.66472414989827));
#6957=CARTESIAN_POINT('Ctrl Pts',(6.41253361984593,192.210661581928,-7.8245361835661));
#6958=CARTESIAN_POINT('Ctrl Pts',(6.39578827641127,192.208698484835,-7.49899742617242));
#6959=CARTESIAN_POINT('Origin',(11.1042117235887,193.75,-7.5));
#6960=CARTESIAN_POINT('',(7.39578827641127,192.204526734883,-7.49976182359843));
#6961=CARTESIAN_POINT('',(7.35421172358872,192.209372165587,-7.49970136964356));
#6962=CARTESIAN_POINT('',(11.1042117235887,192.207,-7.49999999999988));
#6963=CARTESIAN_POINT('Ctrl Pts',(7.35421172358872,192.209372165587,-7.49970136964356));
#6964=CARTESIAN_POINT('Ctrl Pts',(7.34201164750632,192.208957313051,-7.26226493157132));
#6965=CARTESIAN_POINT('Ctrl Pts',(7.30348582554774,192.371867635738,-6.51301932616824));
#6966=CARTESIAN_POINT('Ctrl Pts',(7.23863425771297,193.534924124411,-5.69208580643811));
#6967=CARTESIAN_POINT('Ctrl Pts',(7.15965702008443,195.146328445919,-6.33163437458146));
#6968=CARTESIAN_POINT('Ctrl Pts',(7.08067978245587,195.491636779246,-8.03057769715747));
#6969=CARTESIAN_POINT('Ctrl Pts',(7.00170254482733,194.257746933579,-9.2484291278129));
#6970=CARTESIAN_POINT('Ctrl Pts',(6.92621319187161,192.638291365248,-8.89715374770551));
#6971=CARTESIAN_POINT('Ctrl Pts',(6.87704958479208,192.208961355972,-7.94056098107949));
#6972=CARTESIAN_POINT('Ctrl Pts',(6.85421172358873,192.205484872645,-7.49894087531739));
#6973=CARTESIAN_POINT('Ctrl Pts',(7.39578827641127,192.204526734883,-7.49976182359843));
#6974=CARTESIAN_POINT('Ctrl Pts',(7.3951092370268,192.204498300824,-7.48665262601115));
#6975=CARTESIAN_POINT('Ctrl Pts',(7.36810445176615,192.210564040965,-6.96533860858489));
#6976=CARTESIAN_POINT('Ctrl Pts',(7.31477392062931,192.794113919616,-5.95045403794223));
#6977=CARTESIAN_POINT('Ctrl Pts',(7.23579668300077,194.525026231912,-5.85253369471506));
#6978=CARTESIAN_POINT('Ctrl Pts',(7.15681944537221,195.553197290295,-7.24842412780037));
#6979=CARTESIAN_POINT('Ctrl Pts',(7.07784220774367,194.946351270988,-8.87242650936477));
#6980=CARTESIAN_POINT('Ctrl Pts',(6.99886497011511,193.254735010781,-9.2520055586828));
#6981=CARTESIAN_POINT('Ctrl Pts',(6.93818032633765,192.299987614423,-8.32301638460994));
#6982=CARTESIAN_POINT('Ctrl Pts',(6.90382142843637,192.206770737698,-7.65725819462539));
#6983=CARTESIAN_POINT('Ctrl Pts',(6.89578827641128,192.207999349832,-7.50126788988049));
#6984=CARTESIAN_POINT('Origin',(11.1042117235887,193.75,-7.5));
#6985=CARTESIAN_POINT('',(7.89578827641127,192.208623218411,-7.49895751124277));
#6986=CARTESIAN_POINT('',(7.85421172358873,192.206539086442,-7.5013395355353));
#6987=CARTESIAN_POINT('',(11.1042117235887,192.207,-7.49999999999988));
#6988=CARTESIAN_POINT('Ctrl Pts',(7.85421172358873,192.206539086442,-7.5013395355353));
#6989=CARTESIAN_POINT('Ctrl Pts',(7.83329945609676,192.210211894961,-7.09623824980734));
#6990=CARTESIAN_POINT('Ctrl Pts',(7.7860614427286,192.580435161943,-6.17522464264907));
#6991=CARTESIAN_POINT('Ctrl Pts',(7.71249768348428,194.129597096259,-5.71934916166637));
#6992=CARTESIAN_POINT('Ctrl Pts',(7.63352044585572,195.448567284007,-6.84449977479575));
#6993=CARTESIAN_POINT('Ctrl Pts',(7.55454320822717,195.227391791687,-8.56401356072045));
#6994=CARTESIAN_POINT('Ctrl Pts',(7.47556597059863,193.666617563916,-9.31875197124186));
#6995=CARTESIAN_POINT('Ctrl Pts',(7.40878880905247,192.410871575754,-8.56252988761581));
#6996=CARTESIAN_POINT('Ctrl Pts',(7.3683373933825,192.209852496193,-7.77461348482774));
#6997=CARTESIAN_POINT('Ctrl Pts',(7.35421172358872,192.209372165587,-7.49970136964356));
#6998=CARTESIAN_POINT('Ctrl Pts',(7.89578827641127,192.208623218411,-7.49895751124277));
#6999=CARTESIAN_POINT('Ctrl Pts',(7.88639704561723,192.207474807987,-7.31640920932207));
#7000=CARTESIAN_POINT('Ctrl Pts',(7.85068006894701,192.321603805187,-6.62352563613396));
#7001=CARTESIAN_POINT('Ctrl Pts',(7.78863734640061,193.345044615692,-5.72494450116388));
#7002=CARTESIAN_POINT('Ctrl Pts',(7.70966010877207,195.015018929652,-6.19059632090648));
#7003=CARTESIAN_POINT('Ctrl Pts',(7.63068287114351,195.537959824288,-7.84352664223675));
#7004=CARTESIAN_POINT('Ctrl Pts',(7.55170563351496,194.439699942581,-9.18497028947328));
#7005=CARTESIAN_POINT('Ctrl Pts',(7.47340743527089,192.730886548687,-9.00019951012309));
#7006=CARTESIAN_POINT('Ctrl Pts',(7.42143498290299,192.205600663674,-7.99488441965429));
#7007=CARTESIAN_POINT('Ctrl Pts',(7.39578827641127,192.204526734883,-7.49976182359843));
#7008=CARTESIAN_POINT('Origin',(11.1042117235887,193.75,-7.5));
#7009=CARTESIAN_POINT('',(8.39578827641127,192.208094087103,-7.50124344047037));
#7010=CARTESIAN_POINT('',(8.35421172358873,192.205392319913,-7.49898279517222));
#7011=CARTESIAN_POINT('',(11.1042117235887,192.207,-7.49999999999988));
#7012=CARTESIAN_POINT('Ctrl Pts',(8.35421172358873,192.205392319914,-7.49898279517222));
#7013=CARTESIAN_POINT('Ctrl Pts',(8.35091301056337,192.204904838279,-7.43520495207878));
#7014=CARTESIAN_POINT('Ctrl Pts',(8.32128855166184,192.23734167906,-6.86294050102442));
#7015=CARTESIAN_POINT('Ctrl Pts',(8.26533834688412,192.951555189833,-5.86375513808729));
#7016=CARTESIAN_POINT('Ctrl Pts',(8.18636110925557,194.683688172645,-5.93697800398961));
#7017=CARTESIAN_POINT('Ctrl Pts',(8.10738387162702,195.569216008226,-7.42744327066125));
#7018=CARTESIAN_POINT('Ctrl Pts',(8.02840663399847,194.805202078465,-8.98369806129448));
#7019=CARTESIAN_POINT('Ctrl Pts',(7.94942939636992,193.084402428155,-9.19463601871432));
#7020=CARTESIAN_POINT('Ctrl Pts',(7.89136442623334,192.262964715919,-8.22000800744075));
#7021=CARTESIAN_POINT('Ctrl Pts',(7.85962520197294,192.205588320604,-7.60620654981526));
#7022=CARTESIAN_POINT('Ctrl Pts',(7.85421172358873,192.206539086442,-7.5013395355353));
#7023=CARTESIAN_POINT('Ctrl Pts',(8.39578827641127,192.208094087103,-7.50124344047037));
#7024=CARTESIAN_POINT('Ctrl Pts',(8.37768485420767,192.210797375386,-7.14965075091914));
#7025=CARTESIAN_POINT('Ctrl Pts',(8.33325568612788,192.503946250092,-6.2826993324492));
#7026=CARTESIAN_POINT('Ctrl Pts',(8.26250077217191,193.93926820592,-5.68920226559617));
#7027=CARTESIAN_POINT('Ctrl Pts',(8.18352353454336,195.369771220195,-6.66864443121961));
#7028=CARTESIAN_POINT('Ctrl Pts',(8.10454629691481,195.33157548331,-8.40190347447523));
#7029=CARTESIAN_POINT('Ctrl Pts',(8.02556905928626,193.859314301612,-9.3173775807109));
#7030=CARTESIAN_POINT('Ctrl Pts',(7.95598305245175,192.474788058606,-8.67206709005971));
#7031=CARTESIAN_POINT('Ctrl Pts',(7.91272279149342,192.210694062379,-7.82813342437856));
#7032=CARTESIAN_POINT('Ctrl Pts',(7.89578827641127,192.208623218411,-7.49895751124277));
#7033=CARTESIAN_POINT('Origin',(11.1042117235887,193.75,-7.5));
#7034=CARTESIAN_POINT('',(8.89578827641128,192.204504587159,-7.49982763623646));
#7035=CARTESIAN_POINT('',(8.85421172358873,192.209348664457,-7.49964390094256));
#7036=CARTESIAN_POINT('',(11.1042117235887,192.207,-7.49999999999988));
#7037=CARTESIAN_POINT('Ctrl Pts',(8.85421172358873,192.209348664457,-7.49964390094256));
#7038=CARTESIAN_POINT('Ctrl Pts',(8.84220081915381,192.208861207996,-7.26589800967061));
#7039=CARTESIAN_POINT('Ctrl Pts',(8.80386416884271,192.368239449142,-6.52045382640369));
#7040=CARTESIAN_POINT('Ctrl Pts',(8.73920177265541,193.522036378303,-5.69366561485201));
#7041=CARTESIAN_POINT('Ctrl Pts',(8.66022453502687,195.137960687474,-6.32170610471609));
#7042=CARTESIAN_POINT('Ctrl Pts',(8.58124729739831,195.495376327705,-8.01814365031084));
#7043=CARTESIAN_POINT('Ctrl Pts',(8.50227005976978,194.270203018371,-9.24476364548074));
#7044=CARTESIAN_POINT('Ctrl Pts',(8.42659153516656,192.644219067404,-8.90419510611991));
#7045=CARTESIAN_POINT('Ctrl Pts',(8.37723875643956,192.208795239639,-7.94419111635112));
#7046=CARTESIAN_POINT('Ctrl Pts',(8.35421172358873,192.205392319914,-7.49898279517222));
#7047=CARTESIAN_POINT('Ctrl Pts',(8.89578827641128,192.204504587159,-7.49982763623646));
#7048=CARTESIAN_POINT('Ctrl Pts',(8.89529840867429,192.204489482666,-7.4903708561456));
#7049=CARTESIAN_POINT('Ctrl Pts',(8.86848279506111,192.208834376786,-6.97271606418058));
#7050=CARTESIAN_POINT('Ctrl Pts',(8.81534143557175,192.783087638516,-5.95731045264833));
#7051=CARTESIAN_POINT('Ctrl Pts',(8.73636419794321,194.513257515601,-5.84704842360812));
#7052=CARTESIAN_POINT('Ctrl Pts',(8.65738696031465,195.551357326691,-7.23557096319292));
#7053=CARTESIAN_POINT('Ctrl Pts',(8.57840972268612,194.956108358704,-8.86385977080754));
#7054=CARTESIAN_POINT('Ctrl Pts',(8.49943248505756,193.267242111294,-9.25549301286441));
#7055=CARTESIAN_POINT('Ctrl Pts',(8.43855866963261,192.302897062316,-8.33046164990997));
#7056=CARTESIAN_POINT('Ctrl Pts',(8.40401060008385,192.206866290999,-7.66093197128455));
#7057=CARTESIAN_POINT('Ctrl Pts',(8.39578827641127,192.208094087103,-7.50124344047037));
#7058=CARTESIAN_POINT('Origin',(11.1042117235887,193.75,-7.5));
#7059=CARTESIAN_POINT('',(9.39578827641127,192.208546804027,-7.49892158962551));
#7060=CARTESIAN_POINT('',(9.35421172358872,192.20664862482,-7.5013529367736));
#7061=CARTESIAN_POINT('',(11.1042117235887,192.207,-7.49999999999988));
#7062=CARTESIAN_POINT('Ctrl Pts',(9.35421172358873,192.20664862482,-7.5013529367736));
#7063=CARTESIAN_POINT('Ctrl Pts',(9.33348862774424,192.210294402522,-7.09984296399664));
#7064=CARTESIAN_POINT('Ctrl Pts',(9.28643978602357,192.574992242069,-6.18239702350055));
#7065=CARTESIAN_POINT('Ctrl Pts',(9.21306519842672,194.116888781388,-5.71668811333144));
#7066=CARTESIAN_POINT('Ctrl Pts',(9.13408796079817,195.443849300528,-6.83240265563043));
#7067=CARTESIAN_POINT('Ctrl Pts',(9.05511072316961,195.234942310137,-8.55345060823502));
#7068=CARTESIAN_POINT('Ctrl Pts',(8.97613348554107,193.679590176814,-9.31930027428735));
#7069=CARTESIAN_POINT('Ctrl Pts',(8.90916715234743,192.414910546246,-8.56993608143863));
#7070=CARTESIAN_POINT('Ctrl Pts',(8.86852656502999,192.209929625033,-7.77822703256558));
#7071=CARTESIAN_POINT('Ctrl Pts',(8.85421172358873,192.209348664457,-7.49964390094256));
#7072=CARTESIAN_POINT('Ctrl Pts',(9.39578827641127,192.208546804027,-7.49892158962551));
#7073=CARTESIAN_POINT('Ctrl Pts',(9.38658621726472,192.207374953573,-7.320071556608));
#7074=CARTESIAN_POINT('Ctrl Pts',(9.35105841224198,192.318483999972,-6.63096578970968));
#7075=CARTESIAN_POINT('Ctrl Pts',(9.28920486134306,193.332400675289,-5.72788251234185));
#7076=CARTESIAN_POINT('Ctrl Pts',(9.2102276237145,195.005646417502,-6.18160567542752));
#7077=CARTESIAN_POINT('Ctrl Pts',(9.13125038608596,195.540365345683,-7.83076817326789));
#7078=CARTESIAN_POINT('Ctrl Pts',(9.0522731484574,194.451698295696,-9.18000823940132));
#7079=CARTESIAN_POINT('Ctrl Pts',(8.97378577856585,192.7374798217,-9.00701252930428));
#7080=CARTESIAN_POINT('Ctrl Pts',(8.92162415455047,192.205301205903,-7.99858311566114));
#7081=CARTESIAN_POINT('Ctrl Pts',(8.89578827641128,192.204504587159,-7.49982763623646));
#7082=CARTESIAN_POINT('Origin',(11.1042117235887,193.75,-7.5));
#7083=CARTESIAN_POINT('',(9.89578827641127,192.208613693742,-7.50155533293594));
#7084=CARTESIAN_POINT('',(9.85421172358872,192.205307468464,-7.49905669543159));
#7085=CARTESIAN_POINT('',(11.1042117235887,192.207,-7.49999999999988));
#7086=CARTESIAN_POINT('',(10.,193.351486158143,-8.99064942821855));
#7087=CARTESIAN_POINT('Ctrl Pts',(10.,193.351486158143,-8.99064942821855));
#7088=CARTESIAN_POINT('Ctrl Pts',(9.97367425412382,192.858350886622,-8.85881344593533));
#7089=CARTESIAN_POINT('Ctrl Pts',(9.93893701292757,192.306262472714,-8.33787961413348));
#7090=CARTESIAN_POINT('Ctrl Pts',(9.90419977173133,192.207436761646,-7.66494089015512));
#7091=CARTESIAN_POINT('Ctrl Pts',(9.89578827641127,192.208613693742,-7.50155533293594));
#7092=CARTESIAN_POINT('',(10.,194.149496753502,-8.99317027296713));
#7093=CARTESIAN_POINT('Origin',(10.,193.75,-7.5));
#7094=CARTESIAN_POINT('Ctrl Pts',(10.,194.149499757346,-8.9931779768385));
#7095=CARTESIAN_POINT('Ctrl Pts',(9.97462011236122,193.67577853398,-9.11854649059468));
#7096=CARTESIAN_POINT('Ctrl Pts',(9.92602402022412,192.641693047348,-8.89241065864695));
#7097=CARTESIAN_POINT('Ctrl Pts',(9.87742792808703,192.208612067733,-7.94776948250489));
#7098=CARTESIAN_POINT('Ctrl Pts',(9.85421172358872,192.205307468464,-7.49905669543159));
#7099=CARTESIAN_POINT('Origin',(10.,35.0000005215406,-66.98));
#7100=CARTESIAN_POINT('',(10.,35.0000005215406,-66.98));
#7101=CARTESIAN_POINT('',(10.,35.0000005215406,-76.98));
#7102=CARTESIAN_POINT('',(10.,35.0000005215406,-63.49));
#7103=CARTESIAN_POINT('',(0.,35.0000005215406,-66.98));
#7104=CARTESIAN_POINT('',(10.,35.0000005215406,-66.98));
#7105=CARTESIAN_POINT('',(0.,35.0000005215406,-76.98));
#7106=CARTESIAN_POINT('',(0.,35.0000005215406,-66.98));
#7107=CARTESIAN_POINT('',(10.,35.0000005215406,-76.98));
#7108=CARTESIAN_POINT('Origin',(10.,30.,-66.98));
#7109=CARTESIAN_POINT('',(10.,30.,-66.98));
#7110=CARTESIAN_POINT('',(10.,71.25,-66.98));
#7111=CARTESIAN_POINT('',(0.,30.,-66.98));
#7112=CARTESIAN_POINT('',(10.,30.,-66.98));
#7113=CARTESIAN_POINT('',(0.,30.,-66.98));
#7114=CARTESIAN_POINT('Origin',(0.,32.5000002607703,-71.98));
#7115=CARTESIAN_POINT('',(0.,30.,-76.98));
#7116=CARTESIAN_POINT('',(0.,31.2500001303852,-76.98));
#7117=CARTESIAN_POINT('',(0.,30.,-76.98));
#7118=CARTESIAN_POINT('Origin',(10.,30.,-76.98));
#7119=CARTESIAN_POINT('',(-5.,30.,-76.98));
#7120=CARTESIAN_POINT('',(10.,30.,-76.98));
#7121=CARTESIAN_POINT('',(-5.,130.,-76.98));
#7122=CARTESIAN_POINT('',(-5.,71.25,-76.98));
#7123=CARTESIAN_POINT('',(10.,130.,-76.98));
#7124=CARTESIAN_POINT('',(10.,130.,-76.98));
#7125=CARTESIAN_POINT('',(10.,71.25,-76.98));
#7126=CARTESIAN_POINT('Origin',(2.5,193.75,-7.5));
#7127=CARTESIAN_POINT('',(2.50000000000001,192.4855,-7.5));
#7128=CARTESIAN_POINT('Origin',(2.5,193.75,-7.5));
#7129=CARTESIAN_POINT('Origin',(2.5,193.75,-7.5));
#7130=CARTESIAN_POINT('Ctrl Pts',(2.5,192.791883847278,-6.67478870106347));
#7131=CARTESIAN_POINT('Ctrl Pts',(2.5,192.754700215697,-6.70951327125736));
#7132=CARTESIAN_POINT('Ctrl Pts',(2.5,192.719901019401,-6.74654960461923));
#7133=CARTESIAN_POINT('Ctrl Pts',(2.5,192.687499323712,-6.78558438507864));
#7134=CARTESIAN_POINT('Ctrl Pts',(2.5,192.664769777043,-6.81296699099885));
#7135=CARTESIAN_POINT('Ctrl Pts',(2.5,192.643220461069,-6.841334112273));
#7136=CARTESIAN_POINT('Ctrl Pts',(2.5,192.622863751956,-6.87058989711657));
#7137=CARTESIAN_POINT('Ctrl Pts',(2.5,192.614799356054,-6.88217969928446));
#7138=CARTESIAN_POINT('Ctrl Pts',(2.5,192.60692220399,-6.89390906558228));
#7139=CARTESIAN_POINT('Ctrl Pts',(2.5,192.599233387646,-6.90577239919559));
#7140=CARTESIAN_POINT('Ctrl Pts',(2.5,192.592601726365,-6.91600461266742));
#7141=CARTESIAN_POINT('Ctrl Pts',(2.5,192.586112997554,-6.92633226588455));
#7142=CARTESIAN_POINT('Ctrl Pts',(2.5,192.5797715114,-6.93674490779155));
#7143=CARTESIAN_POINT('Ctrl Pts',(2.5,192.551826996553,-6.982629455877));
#7144=CARTESIAN_POINT('Ctrl Pts',(2.5,192.526714475338,-7.03019860640435));
#7145=CARTESIAN_POINT('Ctrl Pts',(2.5,192.504470291441,-7.07912693288672));
#7146=CARTESIAN_POINT('Ctrl Pts',(2.5,192.487988301512,-7.11538073244464));
#7147=CARTESIAN_POINT('Ctrl Pts',(2.5,192.473081692684,-7.15238180491537));
#7148=CARTESIAN_POINT('Ctrl Pts',(2.5,192.459778660515,-7.19001006915262));
#7149=CARTESIAN_POINT('Ctrl Pts',(2.5,192.455922089268,-7.20091856580619));
#7150=CARTESIAN_POINT('Ctrl Pts',(2.5,192.452203015273,-7.21187247645925));
#7151=CARTESIAN_POINT('Ctrl Pts',(2.5,192.448623381827,-7.22286341543726));
#7152=CARTESIAN_POINT('Ctrl Pts',(2.5,192.431103146906,-7.27665770352852));
#7153=CARTESIAN_POINT('Ctrl Pts',(2.5,192.416906077965,-7.33137478487672));
#7154=CARTESIAN_POINT('Ctrl Pts',(2.5,192.406071198364,-7.38665845973853));
#7155=CARTESIAN_POINT('Ctrl Pts',(2.5,192.395381085153,-7.44120348144004));
#7156=CARTESIAN_POINT('Ctrl Pts',(2.5,192.387963523208,-7.49630122526141));
#7157=CARTESIAN_POINT('Ctrl Pts',(2.5,192.383900161795,-7.55163863262798));
#7158=CARTESIAN_POINT('Ctrl Pts',(2.5,192.381827211308,-7.57986937409527));
#7159=CARTESIAN_POINT('Ctrl Pts',(2.5,192.380627973017,-7.60816285210932));
#7160=CARTESIAN_POINT('Ctrl Pts',(2.5,192.380318319422,-7.63647898656775));
#7161=CARTESIAN_POINT('Ctrl Pts',(2.5,192.380112733404,-7.65527870799128));
#7162=CARTESIAN_POINT('Ctrl Pts',(2.5,192.380299341981,-7.6740884326599));
#7163=CARTESIAN_POINT('Ctrl Pts',(2.5,192.380883694677,-7.69289650766288));
#7164=CARTESIAN_POINT('Ctrl Pts',(2.5,192.381274567826,-7.70547721714151));
#7165=CARTESIAN_POINT('Ctrl Pts',(2.5,192.381843756426,-7.71806035399813));
#7166=CARTESIAN_POINT('Ctrl Pts',(2.5,192.382591151925,-7.73061711900727));
#7167=CARTESIAN_POINT('Ctrl Pts',(2.5,192.385775267234,-7.78411247419385));
#7168=CARTESIAN_POINT('Ctrl Pts',(2.5,192.392192013982,-7.83721910305444));
#7169=CARTESIAN_POINT('Ctrl Pts',(2.5,192.401893720947,-7.88966280404041));
#7170=CARTESIAN_POINT('Ctrl Pts',(2.5,192.411827402457,-7.94336047030035));
#7171=CARTESIAN_POINT('Ctrl Pts',(2.5,192.425203916694,-7.99636414745999));
#7172=CARTESIAN_POINT('Ctrl Pts',(2.5,192.441772442273,-8.04847759370407));
#7173=CARTESIAN_POINT('Ctrl Pts',(2.5,192.458075257023,-8.09975529225657));
#7174=CARTESIAN_POINT('Ctrl Pts',(2.5,192.477469072726,-8.15017178777585));
#7175=CARTESIAN_POINT('Ctrl Pts',(2.5,192.499761411781,-8.19953563310828));
#7176=CARTESIAN_POINT('Ctrl Pts',(2.5,192.504144869386,-8.20924230061789));
#7177=CARTESIAN_POINT('Ctrl Pts',(2.5,192.508640530994,-8.21890823403383));
#7178=CARTESIAN_POINT('Ctrl Pts',(2.5,192.513247121185,-8.22853192060512));
#7179=CARTESIAN_POINT('Ctrl Pts',(2.5,192.517384524394,-8.23717542264441));
#7180=CARTESIAN_POINT('Ctrl Pts',(2.5,192.521609933029,-8.2457816273226));
#7181=CARTESIAN_POINT('Ctrl Pts',(2.5,192.525918290209,-8.25434197258223));
#7182=CARTESIAN_POINT('Ctrl Pts',(2.5,192.551809655838,-8.30578594989458));
#7183=CARTESIAN_POINT('Ctrl Pts',(2.5,192.580730893794,-8.35565508737002));
#7184=CARTESIAN_POINT('Ctrl Pts',(2.5,192.612400376888,-8.40373662885303));
#7185=CARTESIAN_POINT('Ctrl Pts',(2.5,192.644752890257,-8.45285516700601));
#7186=CARTESIAN_POINT('Ctrl Pts',(2.5,192.679973876105,-8.50010911461302));
#7187=CARTESIAN_POINT('Ctrl Pts',(2.5,192.71781681274,-8.54526153968549));
#7188=CARTESIAN_POINT('Ctrl Pts',(2.5,192.756918817237,-8.59191622574452));
#7189=CARTESIAN_POINT('Ctrl Pts',(2.5,192.798820568272,-8.63632846028403));
#7190=CARTESIAN_POINT('Ctrl Pts',(2.5,192.843300617724,-8.67820931485464));
#7191=CARTESIAN_POINT('Ctrl Pts',(2.5,192.851562134318,-8.68598806913353));
#7192=CARTESIAN_POINT('Ctrl Pts',(2.5,192.859913827929,-8.69368024884321));
#7193=CARTESIAN_POINT('Ctrl Pts',(2.5,192.868340609254,-8.70127180383686));
#7194=CARTESIAN_POINT('Ctrl Pts',(2.5,192.913555909167,-8.74200555764019));
#7195=CARTESIAN_POINT('Ctrl Pts',(2.5,192.961014156879,-8.77992571908777));
#7196=CARTESIAN_POINT('Ctrl Pts',(2.5,193.010445782412,-8.81479148162792));
#7197=CARTESIAN_POINT('Ctrl Pts',(2.5,193.059418579492,-8.84933361726512));
#7198=CARTESIAN_POINT('Ctrl Pts',(2.5,193.110329022447,-8.88087871175044));
#7199=CARTESIAN_POINT('Ctrl Pts',(2.5,193.16295677387,-8.9091650238347));
#7200=CARTESIAN_POINT('Ctrl Pts',(2.5,193.207215199437,-8.93295299888746));
#7201=CARTESIAN_POINT('Ctrl Pts',(2.5,193.252689083153,-8.95443608636286));
#7202=CARTESIAN_POINT('Ctrl Pts',(2.5,193.299264968353,-8.97343602940023));
#7203=CARTESIAN_POINT('Ctrl Pts',(2.5,193.31620040191,-8.9803445888726));
#7204=CARTESIAN_POINT('Ctrl Pts',(2.5,193.333281664975,-8.9869246115901));
#7205=CARTESIAN_POINT('Ctrl Pts',(2.5,193.350500304636,-8.99317792407188));
#7206=CARTESIAN_POINT('Ctrl Pts',(2.5,194.148513841857,-8.99064942821854));
#7207=CARTESIAN_POINT('Ctrl Pts',(2.5,194.206192264151,-8.96957397011033));
#7208=CARTESIAN_POINT('Ctrl Pts',(2.5,194.26236698376,-8.94482380792248));
#7209=CARTESIAN_POINT('Ctrl Pts',(2.5,194.31682048411,-8.91668092092089));
#7210=CARTESIAN_POINT('Ctrl Pts',(2.5,194.368204811839,-8.8901242566174));
#7211=CARTESIAN_POINT('Ctrl Pts',(2.5,194.41805678157,-8.8605454108684));
#7212=CARTESIAN_POINT('Ctrl Pts',(2.5,194.466163733603,-8.82814887863286));
#7213=CARTESIAN_POINT('Ctrl Pts',(2.5,194.4759642441,-8.82154894783684));
#7214=CARTESIAN_POINT('Ctrl Pts',(2.5,194.485691176898,-8.81483260136659));
#7215=CARTESIAN_POINT('Ctrl Pts',(2.5,194.495334737716,-8.80800736408052));
#7216=CARTESIAN_POINT('Ctrl Pts',(2.5,194.544471547818,-8.7732307504666));
#7217=CARTESIAN_POINT('Ctrl Pts',(2.5,194.591505287275,-8.73559103497946));
#7218=CARTESIAN_POINT('Ctrl Pts',(2.5,194.636207406677,-8.6953347212958));
#7219=CARTESIAN_POINT('Ctrl Pts',(2.5,194.664071933695,-8.67024143365481));
#7220=CARTESIAN_POINT('Ctrl Pts',(2.5,194.69102976596,-8.6441307336223));
#7221=CARTESIAN_POINT('Ctrl Pts',(2.5,194.717016771898,-8.61705698584256));
#7222=CARTESIAN_POINT('Ctrl Pts',(2.5,194.725231136624,-8.60849910736798));
#7223=CARTESIAN_POINT('Ctrl Pts',(2.5,194.733348444484,-8.59984498134066));
#7224=CARTESIAN_POINT('Ctrl Pts',(2.5,194.741366510587,-8.59109626622992));
#7225=CARTESIAN_POINT('Ctrl Pts',(2.5,194.748692707052,-8.58310246761286));
#7226=CARTESIAN_POINT('Ctrl Pts',(2.5,194.755933219897,-8.57503270256402));
#7227=CARTESIAN_POINT('Ctrl Pts',(2.5,194.763081378451,-8.56689450250873));
#7228=CARTESIAN_POINT('Ctrl Pts',(2.5,194.802650268106,-8.52184520238939));
#7229=CARTESIAN_POINT('Ctrl Pts',(2.5,194.839443687549,-8.47464638373422));
#7230=CARTESIAN_POINT('Ctrl Pts',(2.5,194.873235651348,-8.42554266769217));
#7231=CARTESIAN_POINT('Ctrl Pts',(2.5,194.905552557814,-8.37858238423881));
#7232=CARTESIAN_POINT('Ctrl Pts',(2.5,194.935124557605,-8.32987887177173));
#7233=CARTESIAN_POINT('Ctrl Pts',(2.5,194.961708020676,-8.27962766835155));
#7234=CARTESIAN_POINT('Ctrl Pts',(2.5,194.976480003727,-8.2517039202987));
#7235=CARTESIAN_POINT('Ctrl Pts',(2.5,194.990328326788,-8.22330202278122));
#7236=CARTESIAN_POINT('Ctrl Pts',(2.5,195.003204232434,-8.19445452561036));
#7237=CARTESIAN_POINT('Ctrl Pts',(2.5,195.014191677787,-8.1698379815419));
#7238=CARTESIAN_POINT('Ctrl Pts',(2.5,195.024470955763,-8.14489693794884));
#7239=CARTESIAN_POINT('Ctrl Pts',(2.5,195.034008614157,-8.11965163583251));
#7240=CARTESIAN_POINT('Ctrl Pts',(2.5,195.037519646048,-8.11035825823583));
#7241=CARTESIAN_POINT('Ctrl Pts',(2.5,195.040929608448,-8.10102482372753));
#7242=CARTESIAN_POINT('Ctrl Pts',(2.5,195.044232980342,-8.09166404016704));
#7243=CARTESIAN_POINT('Ctrl Pts',(2.5,195.061879947854,-8.04165772883014));
#7244=CARTESIAN_POINT('Ctrl Pts',(2.5,195.076522662113,-7.99078246550924));
#7245=CARTESIAN_POINT('Ctrl Pts',(2.5,195.087970900109,-7.93920211855781));
#7246=CARTESIAN_POINT('Ctrl Pts',(2.5,195.100216624617,-7.88402867448157));
#7247=CARTESIAN_POINT('Ctrl Pts',(2.5,195.108807633804,-7.82804745917561));
#7248=CARTESIAN_POINT('Ctrl Pts',(2.5,195.113835111986,-7.7715947641917));
#7249=CARTESIAN_POINT('Ctrl Pts',(2.5,195.118124984762,-7.72342451450728));
#7250=CARTESIAN_POINT('Ctrl Pts',(2.5,195.119819187686,-7.67491052920653));
#7251=CARTESIAN_POINT('Ctrl Pts',(2.5,195.118945521547,-7.62627004673691));
#7252=CARTESIAN_POINT('Ctrl Pts',(2.5,195.11873588071,-7.61459850426643));
#7253=CARTESIAN_POINT('Ctrl Pts',(2.5,195.118378273776,-7.60291973554384));
#7254=CARTESIAN_POINT('Ctrl Pts',(2.5,195.117872877854,-7.59123686436988));
#7255=CARTESIAN_POINT('Ctrl Pts',(2.5,195.117446171255,-7.58137299725882));
#7256=CARTESIAN_POINT('Ctrl Pts',(2.5,195.116914057813,-7.57150707103418));
#7257=CARTESIAN_POINT('Ctrl Pts',(2.5,195.116277772177,-7.56165397796655));
#7258=CARTESIAN_POINT('Ctrl Pts',(2.5,195.11270071877,-7.50626212540585));
#7259=CARTESIAN_POINT('Ctrl Pts',(2.5,195.105831436986,-7.45116551963223));
#7260=CARTESIAN_POINT('Ctrl Pts',(2.5,195.095767455706,-7.39667882596581));
#7261=CARTESIAN_POINT('Ctrl Pts',(2.5,195.085760726034,-7.34250209420691));
#7262=CARTESIAN_POINT('Ctrl Pts',(2.5,195.072595043748,-7.28892726363008));
#7263=CARTESIAN_POINT('Ctrl Pts',(2.5,195.056319509432,-7.23628386077236));
#7264=CARTESIAN_POINT('Ctrl Pts',(2.5,195.040675360349,-7.18568268071028));
#7265=CARTESIAN_POINT('Ctrl Pts',(2.5,195.022157353626,-7.13594134252282));
#7266=CARTESIAN_POINT('Ctrl Pts',(2.5,195.000774151263,-7.08738406450446));
#7267=CARTESIAN_POINT('Ctrl Pts',(2.5,194.996732925877,-7.07820719280375));
#7268=CARTESIAN_POINT('Ctrl Pts',(2.5,194.992588981441,-7.06907234330306));
#7269=CARTESIAN_POINT('Ctrl Pts',(2.5,194.988349039097,-7.05999565721332));
#7270=CARTESIAN_POINT('Ctrl Pts',(2.5,194.965858878403,-7.01184968913407));
#7271=CARTESIAN_POINT('Ctrl Pts',(2.5,194.940629277918,-6.96524080125187));
#7272=CARTESIAN_POINT('Ctrl Pts',(2.5,194.912715586321,-6.92046427923834));
#7273=CARTESIAN_POINT('Ctrl Pts',(2.5,194.885774393989,-6.87724774919434));
#7274=CARTESIAN_POINT('Ctrl Pts',(2.5,194.856332291328,-6.83573748720009));
#7275=CARTESIAN_POINT('Ctrl Pts',(2.5,194.824405977894,-6.79623298279921));
#7276=CARTESIAN_POINT('Ctrl Pts',(2.5,194.798719304585,-6.76444919101022));
#7277=CARTESIAN_POINT('Ctrl Pts',(2.5,194.771423866084,-6.73396424260209));
#7278=CARTESIAN_POINT('Ctrl Pts',(2.5,194.742515520629,-6.70495513330842));
#7279=CARTESIAN_POINT('Ctrl Pts',(2.5,194.731876973521,-6.69427950414627));
#7280=CARTESIAN_POINT('Ctrl Pts',(2.5,194.72101987705,-6.68380396317622));
#7281=CARTESIAN_POINT('Ctrl Pts',(2.5,194.709951211646,-6.67353202616586));
#7282=CARTESIAN_POINT('Origin',(11.1042117235887,193.75,-7.5));
#7283=CARTESIAN_POINT('Ctrl Pts',(9.85421172358872,192.205307468464,-7.49905669543159));
#7284=CARTESIAN_POINT('Ctrl Pts',(9.85110218221085,192.204864855712,-7.43895682086829));
#7285=CARTESIAN_POINT('Ctrl Pts',(9.8216668949568,192.235248949888,-6.87048212302555));
#7286=CARTESIAN_POINT('Ctrl Pts',(9.76590586182656,192.939887925575,-5.86937480602904));
#7287=CARTESIAN_POINT('Ctrl Pts',(9.68692862419801,194.672526787138,-5.93041595077201));
#7288=CARTESIAN_POINT('Ctrl Pts',(9.60795138656947,195.568647841215,-7.41444347119587));
#7289=CARTESIAN_POINT('Ctrl Pts',(9.52897414894091,194.815758486238,-8.97614873761115));
#7290=CARTESIAN_POINT('Ctrl Pts',(9.44999691131237,193.096503653213,-9.19933299093325));
#7291=CARTESIAN_POINT('Ctrl Pts',(9.3917427695283,192.265438640715,-8.22743910770405));
#7292=CARTESIAN_POINT('Ctrl Pts',(9.35981437362042,192.205662960482,-7.60990427864771));
#7293=CARTESIAN_POINT('Ctrl Pts',(9.35421172358873,192.20664862482,-7.5013529367736));
#7294=CARTESIAN_POINT('Ctrl Pts',(9.89578827641127,192.208613693742,-7.50155533293594));
#7295=CARTESIAN_POINT('Ctrl Pts',(9.87787402585515,192.211120246461,-7.15358749869174));
#7296=CARTESIAN_POINT('Ctrl Pts',(9.83363402942285,192.498543007234,-6.28938343951477));
#7297=CARTESIAN_POINT('Ctrl Pts',(9.76306828711435,193.926686715779,-5.6882552921496));
#7298=CARTESIAN_POINT('Ctrl Pts',(9.6840910494858,195.363636156549,-6.65693948015861));
#7299=CARTESIAN_POINT('Ctrl Pts',(9.60511381185725,195.33804803338,-8.39068696343412));
#7300=CARTESIAN_POINT('Ctrl Pts',(9.5261365742287,193.872232659528,-9.31650992077209));
#7301=CARTESIAN_POINT('Ctrl Pts',(9.45636139574671,192.4794153495,-8.67941733729683));
#7302=CARTESIAN_POINT('Ctrl Pts',(9.4129119631409,192.210727446397,-7.83173535317551));
#7303=CARTESIAN_POINT('Ctrl Pts',(9.39578827641127,192.208546804027,-7.49892158962551));
#7304=CARTESIAN_POINT('Ctrl Pts',(10.,194.708116152722,-6.67478870106347));
#7305=CARTESIAN_POINT('Ctrl Pts',(9.97367425412382,194.98111179493,-6.99175180464579));
#7306=CARTESIAN_POINT('Ctrl Pts',(9.92102276237144,195.183068681222,-7.91272433425616));
#7307=CARTESIAN_POINT('Ctrl Pts',(9.84204552474291,194.186623683354,-8.9275859400612));
#7308=CARTESIAN_POINT('Ctrl Pts',(9.76306828711434,192.793803096393,-8.64503370224956));
#7309=CARTESIAN_POINT('Ctrl Pts',(9.68409104948582,192.268225029328,-7.32568660186583));
#7310=CARTESIAN_POINT('Ctrl Pts',(9.60511381185724,193.086107117233,-6.163690500469));
#7311=CARTESIAN_POINT('Ctrl Pts',(9.52613657422872,194.506017577665,-6.21371417352635));
#7312=CARTESIAN_POINT('Ctrl Pts',(9.44715933660014,195.240395460283,-7.42988578699104));
#7313=CARTESIAN_POINT('Ctrl Pts',(9.36818209897161,194.623397022584,-8.70971489222899));
#7314=CARTESIAN_POINT('Ctrl Pts',(9.28920486134305,193.214454873291,-8.89261605122175));
#7315=CARTESIAN_POINT('Ctrl Pts',(9.21022762371451,192.29111192317,-7.81280718927901));
#7316=CARTESIAN_POINT('Ctrl Pts',(9.13125038608595,192.690588237685,-6.44935626705959));
#7317=CARTESIAN_POINT('Ctrl Pts',(9.0522731484574,194.050668090774,-6.03856261782732));
#7318=CARTESIAN_POINT('Ctrl Pts',(8.97329591082885,195.138122126065,-6.95289900067703));
#7319=CARTESIAN_POINT('Ctrl Pts',(8.8943186732003,194.966921290452,-8.36331062483034));
#7320=CARTESIAN_POINT('Ctrl Pts',(8.81534143557176,193.692298625134,-8.99093013404823));
#7321=CARTESIAN_POINT('Ctrl Pts',(8.7363641979432,192.469995699196,-8.26667552966214));
#7322=CARTESIAN_POINT('Ctrl Pts',(8.65738696031466,192.408313889944,-6.84725138844844));
#7323=CARTESIAN_POINT('Ctrl Pts',(8.57840972268611,193.563182113004,-6.01969550873643));
#7324=CARTESIAN_POINT('Ctrl Pts',(8.49943248505756,194.887444127875,-6.53437937097437));
#7325=CARTESIAN_POINT('Ctrl Pts',(8.420455247429,195.180348908868,-7.92462258316142));
#7326=CARTESIAN_POINT('Ctrl Pts',(8.34147800980046,194.176310250635,-8.92984681121871));
#7327=CARTESIAN_POINT('Ctrl Pts',(8.26250077217191,192.785722354088,-8.63858287315929));
#7328=CARTESIAN_POINT('Ctrl Pts',(8.18352353454336,192.269476065447,-7.31492915982599));
#7329=CARTESIAN_POINT('Ctrl Pts',(8.10454629691481,193.095668527248,-6.15908514070728));
#7330=CARTESIAN_POINT('Ctrl Pts',(8.02556905928626,194.515164416273,-6.21909182504525));
#7331=CARTESIAN_POINT('Ctrl Pts',(7.94659182165771,195.240861077383,-7.4405392195406));
#7332=CARTESIAN_POINT('Ctrl Pts',(7.86761458402916,194.614745967737,-8.7159016192527));
#7333=CARTESIAN_POINT('Ctrl Pts',(7.78863734640061,193.204537829165,-8.88876684748173));
#7334=CARTESIAN_POINT('Ctrl Pts',(7.70966010877206,192.288917814334,-7.80239243242293));
#7335=CARTESIAN_POINT('Ctrl Pts',(7.63068287114352,192.698108089721,-6.44182905655853));
#7336=CARTESIAN_POINT('Ctrl Pts',(7.55170563351496,194.061082649526,-6.04074336677062));
#7337=CARTESIAN_POINT('Ctrl Pts',(7.47272839588641,195.141988548689,-6.96281267999301));
#7338=CARTESIAN_POINT('Ctrl Pts',(7.39375115825786,194.960733584309,-8.37196704311798));
#7339=CARTESIAN_POINT('Ctrl Pts',(7.31477392062931,193.681667472179,-8.99048079561594));
#7340=CARTESIAN_POINT('Ctrl Pts',(7.23579668300077,192.46456066453,-8.25752759110465));
#7341=CARTESIAN_POINT('Ctrl Pts',(7.15681944537221,192.413003116045,-6.83769971406385));
#7342=CARTESIAN_POINT('Ctrl Pts',(7.07784220774367,193.573743716991,-6.01840084396691));
#7343=CARTESIAN_POINT('Ctrl Pts',(6.99886497011511,194.894301568286,-6.54251566212457));
#7344=CARTESIAN_POINT('Ctrl Pts',(6.91988773248656,195.177284321035,-7.93481237722336));
#7345=CARTESIAN_POINT('Ctrl Pts',(6.84091049485802,194.166102396313,-8.93285070130879));
#7346=CARTESIAN_POINT('Ctrl Pts',(6.76193325722947,192.777627023058,-8.63167713159346));
#7347=CARTESIAN_POINT('Ctrl Pts',(6.68295601960092,192.270833555462,-7.30437544680963));
#7348=CARTESIAN_POINT('Ctrl Pts',(6.60397878197236,193.105247958231,-6.15445284694529));
#7349=CARTESIAN_POINT('Ctrl Pts',(6.52500154434382,194.524279809597,-6.22458120097422));
#7350=CARTESIAN_POINT('Ctrl Pts',(6.44602430671526,195.24124721221,-7.45117287093539));
#7351=CARTESIAN_POINT('Ctrl Pts',(6.36704706908672,194.606052723197,-8.72203767190939));
#7352=CARTESIAN_POINT('Ctrl Pts',(6.28806983145817,193.194647650148,-8.88484154471618));
#7353=CARTESIAN_POINT('Ctrl Pts',(6.20909259382962,192.286798444796,-7.79196497274161));
#7354=CARTESIAN_POINT('Ctrl Pts',(6.13011535620107,192.705681230302,-6.43435435358919));
#7355=CARTESIAN_POINT('Ctrl Pts',(6.05113811857252,194.071481489674,-6.04299897451817));
#7356=CARTESIAN_POINT('Ctrl Pts',(5.97216088094397,195.145784125016,-6.97275336623963));
#7357=CARTESIAN_POINT('Ctrl Pts',(5.89318364331542,194.954484325476,-8.38057926738088));
#7358=CARTESIAN_POINT('Ctrl Pts',(5.81420640568687,193.671039782505,-8.98995557669055));
#7359=CARTESIAN_POINT('Ctrl Pts',(5.73522916805832,192.459191012641,-8.24834116191222));
#7360=CARTESIAN_POINT('Ctrl Pts',(5.65625193042977,192.417760338305,-6.82818170591713));
#7361=CARTESIAN_POINT('Ctrl Pts',(5.57727469280123,193.584314286711,-6.01718154149942));
#7362=CARTESIAN_POINT('Ctrl Pts',(5.49829745517267,194.901100809342,-6.55070064616646));
#7363=CARTESIAN_POINT('Ctrl Pts',(5.41932021754413,195.174147142507,-7.94498005904381));
#7364=CARTESIAN_POINT('Ctrl Pts',(5.34034297991557,194.155873379044,-8.93578171622351));
#7365=CARTESIAN_POINT('Ctrl Pts',(5.26136574228703,192.76958114656,-8.62471383394918));
#7366=CARTESIAN_POINT('Ctrl Pts',(5.18238850465847,192.272266275173,-7.29383168292071));
#7367=CARTESIAN_POINT('Ctrl Pts',(5.10341126702993,193.114860181032,-6.14988898722401));
#7368=CARTESIAN_POINT('Ctrl Pts',(5.02443402940137,194.533355823391,-6.23013544406606));
#7369=CARTESIAN_POINT('Ctrl Pts',(4.94545679177283,195.241557502885,-7.46180900568519));
#7370=CARTESIAN_POINT('Ctrl Pts',(4.86647955414427,194.5973159402,-8.7281115722689));
#7371=CARTESIAN_POINT('Ctrl Pts',(4.78750231651573,193.184785716101,-8.88084580954437));
#7372=CARTESIAN_POINT('Ctrl Pts',(4.70852507888718,192.284753493028,-7.78152266384935));
#7373=CARTESIAN_POINT('Ctrl Pts',(4.62954784125863,192.71330748446,-6.42693384887904));
#7374=CARTESIAN_POINT('Ctrl Pts',(4.55057060363008,194.081863979423,-6.04532868467212));
#7375=CARTESIAN_POINT('Ctrl Pts',(4.47159336600153,195.149508712384,-6.98272086802221));
#7376=CARTESIAN_POINT('Ctrl Pts',(4.39261612837298,194.948173807136,-8.38914670575934));
#7377=CARTESIAN_POINT('Ctrl Pts',(4.31363889074443,193.660416108671,-8.9893545793432));
#7378=CARTESIAN_POINT('Ctrl Pts',(4.23466165311588,192.453887010798,-8.23911667233755));
#7379=CARTESIAN_POINT('Ctrl Pts',(4.15568441548733,192.422585317498,-6.81869786632768));
#7380=CARTESIAN_POINT('Ctrl Pts',(4.07670717785878,193.594893283485,-6.01603765413346));
#7381=CARTESIAN_POINT('Ctrl Pts',(3.99772994023023,194.907841505211,-6.55893391190702));
#7382=CARTESIAN_POINT('Ctrl Pts',(3.91875270260168,195.170937533976,-7.95512510782076));
#7383=CARTESIAN_POINT('Ctrl Pts',(3.83977546497313,194.145623716226,-8.93863971111488));
#7384=CARTESIAN_POINT('Ctrl Pts',(3.76079822734458,192.761585139872,-8.61769332736443));
#7385=CARTESIAN_POINT('Ctrl Pts',(3.68182098971603,192.273774139187,-7.28329841794337));
#7386=CARTESIAN_POINT('Ctrl Pts',(3.60284375208748,193.124504732419,-6.14539376640534));
#7387=CARTESIAN_POINT('Ctrl Pts',(3.52386651445893,194.542391943647,-6.23575432730924));
#7388=CARTESIAN_POINT('Ctrl Pts',(3.44488927683038,195.241792040674,-7.47244696963097));
#7389=CARTESIAN_POINT('Ctrl Pts',(3.36591203920183,194.588535844448,-8.73412324259218));
#7390=CARTESIAN_POINT('Ctrl Pts',(3.28693480157328,193.174952975171,-8.87677937305033));
#7391=CARTESIAN_POINT('Ctrl Pts',(3.20795756394474,192.28278215094,-7.77106700112759));
#7392=CARTESIAN_POINT('Ctrl Pts',(3.12898032631618,192.720988327206,-6.41956595035376));
#7393=CARTESIAN_POINT('Ctrl Pts',(3.05000308868764,194.092225785953,-6.0477364012372));
#7394=CARTESIAN_POINT('Ctrl Pts',(2.97102585105909,195.153169892296,-6.99270646279102));
#7395=CARTESIAN_POINT('Ctrl Pts',(2.89204861343054,194.941786478752,-8.3976857022161));
#7396=CARTESIAN_POINT('Ctrl Pts',(2.81307137580199,193.6498294072,-8.98864356293335));
#7397=CARTESIAN_POINT('Ctrl Pts',(2.73409413817344,192.448582721086,-8.22992458820704));
#7398=CARTESIAN_POINT('Ctrl Pts',(2.65511690054489,192.427613034488,-6.80910569699655));
#7399=CARTESIAN_POINT('Ctrl Pts',(2.57613966291634,193.605203908116,-6.01526137332886));
#7400=CARTESIAN_POINT('Ctrl Pts',(2.49716242528779,194.91508807755,-6.56661281952356));
#7401=CARTESIAN_POINT('Ctrl Pts',(2.41818518765924,195.166480429739,-7.96648731317437));
#7402=CARTESIAN_POINT('Ctrl Pts',(2.36553369590687,194.480713093886,-8.61355774619912));
#7403=CARTESIAN_POINT('Ctrl Pts',(2.33920795003069,194.076585063531,-8.7215983162556));
#7404=CARTESIAN_POINT('Ctrl Pts',(10.0535973499898,194.778456299957,-6.61420577058929));
#7405=CARTESIAN_POINT('Ctrl Pts',(10.0272716041136,195.07149393145,-6.95443873692307));
#7406=CARTESIAN_POINT('Ctrl Pts',(9.97462011236122,195.288277493064,-7.94302451274313));
#7407=CARTESIAN_POINT('Ctrl Pts',(9.89564287473268,194.218678433799,-9.03239223617481));
#7408=CARTESIAN_POINT('Ctrl Pts',(9.81666563710412,192.723603850933,-8.72909641111379));
#7409=CARTESIAN_POINT('Ctrl Pts',(9.73768839947558,192.159440442711,-7.31288937466657));
#7410=CARTESIAN_POINT('Ctrl Pts',(9.65871116184701,193.03736738668,-6.06558526898902));
#7411=CARTESIAN_POINT('Ctrl Pts',(9.57973392421848,194.561520647489,-6.11928143260823));
#7412=CARTESIAN_POINT('Ctrl Pts',(9.50075668658992,195.349812920594,-7.42473834839265));
#7413=CARTESIAN_POINT('Ctrl Pts',(9.42177944896138,194.687517510469,-8.79852617402305));
#7414=CARTESIAN_POINT('Ctrl Pts',(9.34280221133282,193.175137799931,-8.99485503112558));
#7415=CARTESIAN_POINT('Ctrl Pts',(9.26382497370428,192.184007579056,-7.83577194536552));
#7416=CARTESIAN_POINT('Ctrl Pts',(9.18484773607572,192.612811467998,-6.37222320270639));
#7417=CARTESIAN_POINT('Ctrl Pts',(9.10587049844718,194.072741654312,-5.93127111632869));
#7418=CARTESIAN_POINT('Ctrl Pts',(9.02689326081862,195.240031184219,-6.91273355232816));
#7419=CARTESIAN_POINT('Ctrl Pts',(8.94791602319008,195.056261630347,-8.42669061929856));
#7420=CARTESIAN_POINT('Ctrl Pts',(8.86893878556152,193.688062475694,-9.10038684746128));
#7421=CARTESIAN_POINT('Ctrl Pts',(8.78996154793298,192.376024116812,-8.3229610535875));
#7422=CARTESIAN_POINT('Ctrl Pts',(8.71098431030442,192.309813934323,-6.79932981514751));
#7423=CARTESIAN_POINT('Ctrl Pts',(8.63200707267588,193.549466868104,-5.91101887744162));
#7424=CARTESIAN_POINT('Ctrl Pts',(8.55302983504732,194.970949647741,-6.46348828222161));
#7425=CARTESIAN_POINT('Ctrl Pts',(8.47405259741879,195.28535804848,-7.95579627221123));
#7426=CARTESIAN_POINT('Ctrl Pts',(8.39507535979022,194.20760783988,-9.03481908930605));
#7427=CARTESIAN_POINT('Ctrl Pts',(8.31609812216169,192.71492986051,-8.72217199407002));
#7428=CARTESIAN_POINT('Ctrl Pts',(8.23712088453312,192.160783323711,-7.30134217445932));
#7429=CARTESIAN_POINT('Ctrl Pts',(8.15814364690459,193.04763074811,-6.06064180650061));
#7430=CARTESIAN_POINT('Ctrl Pts',(8.07916640927603,194.57133900173,-6.12505388469337));
#7431=CARTESIAN_POINT('Ctrl Pts',(8.00018917164749,195.350312720997,-7.43617390324748));
#7432=CARTESIAN_POINT('Ctrl Pts',(7.92121193401893,194.67823133798,-8.8051670999333));
#7433=CARTESIAN_POINT('Ctrl Pts',(7.84223469639038,193.164492695495,-8.99072323789259));
#7434=CARTESIAN_POINT('Ctrl Pts',(7.76325745876183,192.181652389605,-7.82459258859264));
#7435=CARTESIAN_POINT('Ctrl Pts',(7.68428022113329,192.620883390364,-6.36414338165452));
#7436=CARTESIAN_POINT('Ctrl Pts',(7.60530298350473,194.083920798437,-5.93361196506921));
#7437=CARTESIAN_POINT('Ctrl Pts',(7.52632574587618,195.244181460462,-6.92337504492725));
#7438=CARTESIAN_POINT('Ctrl Pts',(7.44734850824763,195.049619653435,-8.43598254898547));
#7439=CARTESIAN_POINT('Ctrl Pts',(7.36837127061909,193.676650836091,-9.09990452082458));
#7440=CARTESIAN_POINT('Ctrl Pts',(7.28939403299053,192.370190068793,-8.31314151864454));
#7441=CARTESIAN_POINT('Ctrl Pts',(7.21041679536198,192.314847420201,-6.78907690409069));
#7442=CARTESIAN_POINT('Ctrl Pts',(7.13143955773343,193.560803852798,-5.90962916479065));
#7443=CARTESIAN_POINT('Ctrl Pts',(7.05246232010489,194.978310527497,-6.4722218996102));
#7444=CARTESIAN_POINT('Ctrl Pts',(6.97348508247634,195.282068473772,-7.96673415053472));
#7445=CARTESIAN_POINT('Ctrl Pts',(6.89450784484779,194.196650575401,-9.0380435101435));
#7446=CARTESIAN_POINT('Ctrl Pts',(6.81553060721924,192.706240210332,-8.71475926712758));
#7447=CARTESIAN_POINT('Ctrl Pts',(6.73655336959068,192.162240473927,-7.29001366005242));
#7448=CARTESIAN_POINT('Ctrl Pts',(6.65757613196214,193.057913453518,-6.05566943265092));
#7449=CARTESIAN_POINT('Ctrl Pts',(6.57859889433359,194.58112360213,-6.13094626344197));
#7450=CARTESIAN_POINT('Ctrl Pts',(6.49962165670504,195.350727203933,-7.44758822471303));
#7451=CARTESIAN_POINT('Ctrl Pts',(6.42064441907649,194.668899878438,-8.81175363121524));
#7452=CARTESIAN_POINT('Ctrl Pts',(6.34166718144794,193.15387642847,-8.98650975882015));
#7453=CARTESIAN_POINT('Ctrl Pts',(6.26268994381939,192.179377426443,-7.81339959641593));
#7454=CARTESIAN_POINT('Ctrl Pts',(6.18371270619084,192.629012513455,-6.35611992297752));
#7455=CARTESIAN_POINT('Ctrl Pts',(6.10473546856229,194.095083069975,-5.93603316837697));
#7456=CARTESIAN_POINT('Ctrl Pts',(6.02575823093374,195.248255689222,-6.93404552717222));
#7457=CARTESIAN_POINT('Ctrl Pts',(5.94678099330519,195.042911604939,-8.44522704014101));
#7458=CARTESIAN_POINT('Ctrl Pts',(5.86780375567664,193.665242914027,-9.09934074292444));
#7459=CARTESIAN_POINT('Ctrl Pts',(5.7888265180481,192.364426203631,-8.3032806672747));
#7460=CARTESIAN_POINT('Ctrl Pts',(5.70984928041954,192.319953894181,-6.77886013088034));
#7461=CARTESIAN_POINT('Ctrl Pts',(5.63087204279099,193.572150461444,-5.90832034716903));
#7462=CARTESIAN_POINT('Ctrl Pts',(5.55189480516245,194.98560893519,-6.48100778468166));
#7463=CARTESIAN_POINT('Ctrl Pts',(5.47291756753388,195.27870097912,-7.97764829324539));
#7464=CARTESIAN_POINT('Ctrl Pts',(5.39394032990535,194.185670594297,-9.04118970567077));
#7465=CARTESIAN_POINT('Ctrl Pts',(5.31496309227679,192.697603645391,-8.70728475862423));
#7466=CARTESIAN_POINT('Ctrl Pts',(5.23598585464825,192.16377837683,-7.27869582518865));
#7467=CARTESIAN_POINT('Ctrl Pts',(5.15700861701969,193.068231358155,-6.05077051693059));
#7468=CARTESIAN_POINT('Ctrl Pts',(5.07803137939115,194.590865931949,-6.13690827157957));
#7469=CARTESIAN_POINT('Ctrl Pts',(4.99905414176259,195.351060274613,-7.45900521184923));
#7470=CARTESIAN_POINT('Ctrl Pts',(4.92007690413405,194.659521684063,-8.81827344728586));
#7471=CARTESIAN_POINT('Ctrl Pts',(4.8410996665055,193.143290480021,-8.98222067654267));
#7472=CARTESIAN_POINT('Ctrl Pts',(4.76212242887695,192.177182344434,-7.80219066487267));
#7473=CARTESIAN_POINT('Ctrl Pts',(4.6831451912484,192.637198649459,-6.34815464152776));
#7474=CARTESIAN_POINT('Ctrl Pts',(4.60416795361985,194.10622779075,-5.93853391432314));
#7475=CARTESIAN_POINT('Ctrl Pts',(4.5251907159913,195.252253717366,-6.94474479361711));
#7476=CARTESIAN_POINT('Ctrl Pts',(4.44621347836275,195.036137799567,-8.45442345745406));
#7477=CARTESIAN_POINT('Ctrl Pts',(4.3672362407342,193.653839302625,-9.09869562332555));
#7478=CARTESIAN_POINT('Ctrl Pts',(4.28825900310565,192.358732808216,-8.29337896131763));
#7479=CARTESIAN_POINT('Ctrl Pts',(4.2092817654771,192.325133099473,-6.76868003471368));
#7480=CARTESIAN_POINT('Ctrl Pts',(4.13030452784855,193.583506115817,-5.90709248125253));
#7481=CARTESIAN_POINT('Ctrl Pts',(4.05132729022,194.992844499597,-6.4898454960552));
#7482=CARTESIAN_POINT('Ctrl Pts',(3.97235005259145,195.27525573701,-7.98853814130648));
#7483=CARTESIAN_POINT('Ctrl Pts',(3.8933728149629,194.174668451951,-9.04425752040588));
#7484=CARTESIAN_POINT('Ctrl Pts',(3.81439557733435,192.689020611456,-8.69974884118305));
#7485=CARTESIAN_POINT('Ctrl Pts',(3.7354183397058,192.165396940759,-7.26738926001461));
#7486=CARTESIAN_POINT('Ctrl Pts',(3.65644110207725,193.078583964785,-6.04594527924149));
#7487=CARTESIAN_POINT('Ctrl Pts',(3.5774638644487,194.600565439444,-6.14293966542858));
#7488=CARTESIAN_POINT('Ctrl Pts',(3.49848662682015,195.351312031007,-7.47042416247193));
#7489=CARTESIAN_POINT('Ctrl Pts',(3.4195093891916,194.650096997125,-8.82472646469891));
#7490=CARTESIAN_POINT('Ctrl Pts',(3.34053215156306,193.132735867904,-8.97785570240171));
#7491=CARTESIAN_POINT('Ctrl Pts',(3.2615549139345,192.175066276165,-7.79096739912784));
#7492=CARTESIAN_POINT('Ctrl Pts',(3.18257767630596,192.645443381674,-6.34024582834864));
#7493=CARTESIAN_POINT('Ctrl Pts',(3.1036004386774,194.117350309846,-5.94111839352521));
#7494=CARTESIAN_POINT('Ctrl Pts',(3.02462320104885,195.256183682992,-6.95546348134574));
#7495=CARTESIAN_POINT('Ctrl Pts',(2.94564596342031,195.029281545137,-8.46358934478024));
#7496=CARTESIAN_POINT('Ctrl Pts',(2.86666872579176,193.642475377914,-9.09793240760896));
#7497=CARTESIAN_POINT('Ctrl Pts',(2.78769148816321,192.353039103799,-8.28351203985212));
#7498=CARTESIAN_POINT('Ctrl Pts',(2.70871425053466,192.330529926568,-6.75838365577171));
#7499=CARTESIAN_POINT('Ctrl Pts',(2.62973701290611,193.594573695492,-5.90625920975225));
#7500=CARTESIAN_POINT('Ctrl Pts',(2.55075977527756,195.000623079421,-6.49808815107421));
#7501=CARTESIAN_POINT('Ctrl Pts',(2.47178253764901,195.270471414234,-8.00073450355767));
#7502=CARTESIAN_POINT('Ctrl Pts',(2.41913104589664,194.534358433717,-8.69530964611118));
#7503=CARTESIAN_POINT('Ctrl Pts',(2.39280530002046,194.100561322973,-8.81128202024325));
#7504=CARTESIAN_POINT('Ctrl Pts',(10.1071946999795,194.848796447191,-6.55362284011512));
#7505=CARTESIAN_POINT('Ctrl Pts',(10.0808689541034,195.16187606797,-6.91712566920035));
#7506=CARTESIAN_POINT('Ctrl Pts',(10.028217462351,195.393486304905,-7.97332469123011));
#7507=CARTESIAN_POINT('Ctrl Pts',(9.94924022472245,194.250733184245,-9.13719853228842));
#7508=CARTESIAN_POINT('Ctrl Pts',(9.87026298709388,192.653404605472,-8.81315911997803));
#7509=CARTESIAN_POINT('Ctrl Pts',(9.79128574946535,192.050655856094,-7.30009214746732));
#7510=CARTESIAN_POINT('Ctrl Pts',(9.71230851183679,192.988627656128,-5.96748003750903));
#7511=CARTESIAN_POINT('Ctrl Pts',(9.63333127420824,194.617023717314,-6.02484869169012));
#7512=CARTESIAN_POINT('Ctrl Pts',(9.55435403657969,195.459230380905,-7.41959090979426));
#7513=CARTESIAN_POINT('Ctrl Pts',(9.47537679895115,194.751637998353,-8.8873374558171));
#7514=CARTESIAN_POINT('Ctrl Pts',(9.39639956132259,193.135820726572,-9.09709401102942));
#7515=CARTESIAN_POINT('Ctrl Pts',(9.31742232369404,192.076903234941,-7.85873670145204));
#7516=CARTESIAN_POINT('Ctrl Pts',(9.23844508606549,192.535034698312,-6.29509013835319));
#7517=CARTESIAN_POINT('Ctrl Pts',(9.15946784843695,194.09481521785,-5.82397961483006));
#7518=CARTESIAN_POINT('Ctrl Pts',(9.08049061080838,195.341940242374,-6.8725681039793));
#7519=CARTESIAN_POINT('Ctrl Pts',(9.00151337317985,195.145601970242,-8.49007061376678));
#7520=CARTESIAN_POINT('Ctrl Pts',(8.92253613555129,193.683826326254,-9.20984356087431));
#7521=CARTESIAN_POINT('Ctrl Pts',(8.84355889792275,192.282052534428,-8.37924657751287));
#7522=CARTESIAN_POINT('Ctrl Pts',(8.7645816602942,192.211313978701,-6.75140824184657));
#7523=CARTESIAN_POINT('Ctrl Pts',(8.68560442266565,193.535751623203,-5.80234224614683));
#7524=CARTESIAN_POINT('Ctrl Pts',(8.6066271850371,195.054455167608,-6.39259719346884));
#7525=CARTESIAN_POINT('Ctrl Pts',(8.52764994740854,195.390367188093,-7.98696996126104));
#7526=CARTESIAN_POINT('Ctrl Pts',(8.44867270978001,194.238905429126,-9.13979136739339));
#7527=CARTESIAN_POINT('Ctrl Pts',(8.36969547215144,192.644137366933,-8.80576111498074));
#7528=CARTESIAN_POINT('Ctrl Pts',(8.2907182345229,192.052090581976,-7.28775518909265));
#7529=CARTESIAN_POINT('Ctrl Pts',(8.21174099689434,192.999592968971,-5.96219847229395));
#7530=CARTESIAN_POINT('Ctrl Pts',(8.1327637592658,194.627513587187,-6.03101594434149));
#7531=CARTESIAN_POINT('Ctrl Pts',(8.05378652163725,195.459764364612,-7.43180858695436));
#7532=CARTESIAN_POINT('Ctrl Pts',(7.97480928400871,194.741716708222,-8.89443258061389));
#7533=CARTESIAN_POINT('Ctrl Pts',(7.89583204638015,193.124447561825,-9.09267962830345));
#7534=CARTESIAN_POINT('Ctrl Pts',(7.81685480875161,192.074386964877,-7.84679274476234));
#7535=CARTESIAN_POINT('Ctrl Pts',(7.73787757112305,192.543658691006,-6.28645770675049));
#7536=CARTESIAN_POINT('Ctrl Pts',(7.6589003334945,194.106758947348,-5.82648056336779));
#7537=CARTESIAN_POINT('Ctrl Pts',(7.57992309586595,195.346374372234,-6.8839374098615));
#7538=CARTESIAN_POINT('Ctrl Pts',(7.50094585823741,195.138505722561,-8.49999805485297));
#7539=CARTESIAN_POINT('Ctrl Pts',(7.42196862060885,193.671634200004,-9.20932824603321));
#7540=CARTESIAN_POINT('Ctrl Pts',(7.34299138298031,192.275819473056,-8.36875544618445));
#7541=CARTESIAN_POINT('Ctrl Pts',(7.26401414535174,192.216691724358,-6.74045409411752));
#7542=CARTESIAN_POINT('Ctrl Pts',(7.18503690772321,193.547863988604,-5.80085748561438));
#7543=CARTESIAN_POINT('Ctrl Pts',(7.10605967009465,195.062319486708,-6.40192813709583));
#7544=CARTESIAN_POINT('Ctrl Pts',(7.02708243246611,195.386852626509,-7.99865592384609));
#7545=CARTESIAN_POINT('Ctrl Pts',(6.94810519483755,194.22719875449,-9.1432363189782));
#7546=CARTESIAN_POINT('Ctrl Pts',(6.869127957209,192.634853397605,-8.79784140266172));
#7547=CARTESIAN_POINT('Ctrl Pts',(6.79015071958046,192.053647392392,-7.2756518732952));
#7548=CARTESIAN_POINT('Ctrl Pts',(6.7111734819519,193.010578948804,-5.95688601835655));
#7549=CARTESIAN_POINT('Ctrl Pts',(6.63219624432336,194.637967394663,-6.03731132590972));
#7550=CARTESIAN_POINT('Ctrl Pts',(6.55321900669481,195.460207195656,-7.44400357849067));
#7551=CARTESIAN_POINT('Ctrl Pts',(6.47424176906626,194.731747033681,-8.90146959052109));
#7552=CARTESIAN_POINT('Ctrl Pts',(6.39526453143771,193.113105206793,-9.0881779729241));
#7553=CARTESIAN_POINT('Ctrl Pts',(6.31628729380916,192.07195640809,-7.83483422009026));
#7554=CARTESIAN_POINT('Ctrl Pts',(6.23731005618061,192.552343796607,-6.27788549236584));
#7555=CARTESIAN_POINT('Ctrl Pts',(6.15833281855205,194.118684650277,-5.82906736223578));
#7556=CARTESIAN_POINT('Ctrl Pts',(6.07935558092351,195.350727253429,-6.8953376881048));
#7557=CARTESIAN_POINT('Ctrl Pts',(6.00037834329496,195.131338884403,-8.50987481290115));
#7558=CARTESIAN_POINT('Ctrl Pts',(5.92140110566641,193.659446045549,-9.20872590915831));
#7559=CARTESIAN_POINT('Ctrl Pts',(5.84242386803786,192.269661394621,-8.35822017263717));
#7560=CARTESIAN_POINT('Ctrl Pts',(5.76344663040931,192.222147450058,-6.72953855584355));
#7561=CARTESIAN_POINT('Ctrl Pts',(5.68446939278077,193.559986636177,-5.79945915283863));
#7562=CARTESIAN_POINT('Ctrl Pts',(5.60549215515221,195.070117061037,-6.41131492319685));
#7563=CARTESIAN_POINT('Ctrl Pts',(5.52651491752366,195.383254815731,-8.01031652744697));
#7564=CARTESIAN_POINT('Ctrl Pts',(5.44753767989511,194.21546780955,-9.14659769511803));
#7565=CARTESIAN_POINT('Ctrl Pts',(5.36856044226656,192.625626144222,-8.78985568329928));
#7566=CARTESIAN_POINT('Ctrl Pts',(5.28958320463802,192.055290478487,-7.26355996745659));
#7567=CARTESIAN_POINT('Ctrl Pts',(5.21060596700946,193.021602535278,-5.95165204663718));
#7568=CARTESIAN_POINT('Ctrl Pts',(5.13162872938092,194.648376040507,-6.04368109909306));
#7569=CARTESIAN_POINT('Ctrl Pts',(5.05265149175236,195.460563046342,-7.45620141801328));
#7570=CARTESIAN_POINT('Ctrl Pts',(4.97367425412382,194.721727427927,-8.90843532230283));
#7571=CARTESIAN_POINT('Ctrl Pts',(4.89469701649527,193.101795243942,-9.08359554354096));
#7572=CARTESIAN_POINT('Ctrl Pts',(4.81571977886672,192.06961119584,-7.82285866589602));
#7573=CARTESIAN_POINT('Ctrl Pts',(4.73674254123817,192.561089814457,-6.26937543417646));
#7574=CARTESIAN_POINT('Ctrl Pts',(4.65776530360962,194.130591602077,-5.8317391439742));
#7575=CARTESIAN_POINT('Ctrl Pts',(4.57878806598107,195.354998722348,-6.906768719212));
#7576=CARTESIAN_POINT('Ctrl Pts',(4.49981082835252,195.124101791998,-8.51970020914879));
#7577=CARTESIAN_POINT('Ctrl Pts',(4.42083359072397,193.647262496579,-9.20803666730789));
#7578=CARTESIAN_POINT('Ctrl Pts',(4.34185635309542,192.263578605635,-8.34764125029773));
#7579=CARTESIAN_POINT('Ctrl Pts',(4.26287911546687,192.227680881448,-6.71866220309967));
#7580=CARTESIAN_POINT('Ctrl Pts',(4.18390187783832,193.572118948149,-5.79814730837161));
#7581=CARTESIAN_POINT('Ctrl Pts',(4.10492464020977,195.077847493982,-6.42075708020339));
#7582=CARTESIAN_POINT('Ctrl Pts',(4.02594740258122,195.379573940045,-8.02195117479219));
#7583=CARTESIAN_POINT('Ctrl Pts',(3.94697016495267,194.203713187674,-9.1498753296969));
#7584=CARTESIAN_POINT('Ctrl Pts',(3.86799292732412,192.61645608304,-8.78180435500168));
#7585=CARTESIAN_POINT('Ctrl Pts',(3.78901568969557,192.057019742331,-7.25148010208585));
#7586=CARTESIAN_POINT('Ctrl Pts',(3.71003845206702,193.03266319715,-5.94649679207764));
#7587=CARTESIAN_POINT('Ctrl Pts',(3.63106121443847,194.658738935241,-6.0501250035479));
#7588=CARTESIAN_POINT('Ctrl Pts',(3.55208397680992,195.46083202134,-7.4684013553129));
#7589=CARTESIAN_POINT('Ctrl Pts',(3.47310673918137,194.711658149801,-8.91532968680563));
#7590=CARTESIAN_POINT('Ctrl Pts',(3.39412950155282,193.090518760638,-9.0789320317531));
#7591=CARTESIAN_POINT('Ctrl Pts',(3.31515226392427,192.067350401388,-7.81086779712811));
#7592=CARTESIAN_POINT('Ctrl Pts',(3.23617502629572,192.569898436143,-6.26092570634352));
#7593=CARTESIAN_POINT('Ctrl Pts',(3.15719778866717,194.142474833739,-5.83450038581324));
#7594=CARTESIAN_POINT('Ctrl Pts',(3.07822055103863,195.359197473687,-6.91822049990045));
#7595=CARTESIAN_POINT('Ctrl Pts',(2.99924331341008,195.116776611522,-8.52949298734441));
#7596=CARTESIAN_POINT('Ctrl Pts',(2.92026607578153,193.635121348629,-9.20722125228455));
#7597=CARTESIAN_POINT('Ctrl Pts',(2.84128883815298,192.257495486512,-8.33709949149721));
#7598=CARTESIAN_POINT('Ctrl Pts',(2.76231160052443,192.233446818648,-6.70766161454687));
#7599=CARTESIAN_POINT('Ctrl Pts',(2.68333436289588,193.583943482868,-5.79725704617565));
#7600=CARTESIAN_POINT('Ctrl Pts',(2.60435712526733,195.086158081291,-6.42956348262484));
#7601=CARTESIAN_POINT('Ctrl Pts',(2.52537988763878,195.37446239873,-8.03498169394097));
#7602=CARTESIAN_POINT('Ctrl Pts',(2.47272839588641,194.588003773548,-8.77706154602325));
#7603=CARTESIAN_POINT('Ctrl Pts',(2.44640265001023,194.124537582415,-8.90096572423089));
#7604=CARTESIAN_POINT('Ctrl Pts',(10.1607920499693,194.919136594425,-6.49303990964094));
#7605=CARTESIAN_POINT('Ctrl Pts',(10.1344663040931,195.25225820449,-6.87981260147763));
#7606=CARTESIAN_POINT('Ctrl Pts',(10.0818148123408,195.498695116746,-8.00362486971707));
#7607=CARTESIAN_POINT('Ctrl Pts',(10.0028375747122,194.28278793469,-9.24200482840204));
#7608=CARTESIAN_POINT('Ctrl Pts',(9.92386033708365,192.583205360012,-8.89722182884225));
#7609=CARTESIAN_POINT('Ctrl Pts',(9.84488309945511,191.941871269477,-7.28729492026807));
#7610=CARTESIAN_POINT('Ctrl Pts',(9.76590586182656,192.939887925575,-5.86937480602904));
#7611=CARTESIAN_POINT('Ctrl Pts',(9.68692862419801,194.672526787138,-5.93041595077201));
#7612=CARTESIAN_POINT('Ctrl Pts',(9.60795138656947,195.568647841215,-7.41444347119587));
#7613=CARTESIAN_POINT('Ctrl Pts',(9.52897414894091,194.815758486238,-8.97614873761115));
#7614=CARTESIAN_POINT('Ctrl Pts',(9.44999691131237,193.096503653213,-9.19933299093325));
#7615=CARTESIAN_POINT('Ctrl Pts',(9.37101967368381,191.969798890827,-7.88170145753855));
#7616=CARTESIAN_POINT('Ctrl Pts',(9.29204243605527,192.457257928626,-6.217957074));
#7617=CARTESIAN_POINT('Ctrl Pts',(9.21306519842672,194.116888781388,-5.71668811333144));
#7618=CARTESIAN_POINT('Ctrl Pts',(9.13408796079817,195.443849300528,-6.83240265563043));
#7619=CARTESIAN_POINT('Ctrl Pts',(9.05511072316961,195.234942310137,-8.55345060823502));
#7620=CARTESIAN_POINT('Ctrl Pts',(8.97613348554107,193.679590176814,-9.31930027428735));
#7621=CARTESIAN_POINT('Ctrl Pts',(8.89715624791251,192.188080952044,-8.43553210143824));
#7622=CARTESIAN_POINT('Ctrl Pts',(8.81817901028397,192.112814023079,-6.70348666854564));
#7623=CARTESIAN_POINT('Ctrl Pts',(8.73920177265541,193.522036378303,-5.69366561485201));
#7624=CARTESIAN_POINT('Ctrl Pts',(8.66022453502687,195.137960687474,-6.32170610471609));
#7625=CARTESIAN_POINT('Ctrl Pts',(8.58124729739831,195.495376327705,-8.01814365031084));
#7626=CARTESIAN_POINT('Ctrl Pts',(8.50227005976978,194.270203018371,-9.24476364548074));
#7627=CARTESIAN_POINT('Ctrl Pts',(8.42329282214121,192.573344873355,-8.88935023589146));
#7628=CARTESIAN_POINT('Ctrl Pts',(8.34431558451267,191.94339784024,-7.27416820372598));
#7629=CARTESIAN_POINT('Ctrl Pts',(8.26533834688412,192.951555189833,-5.86375513808729));
#7630=CARTESIAN_POINT('Ctrl Pts',(8.18636110925557,194.683688172645,-5.93697800398961));
#7631=CARTESIAN_POINT('Ctrl Pts',(8.10738387162702,195.569216008226,-7.42744327066125));
#7632=CARTESIAN_POINT('Ctrl Pts',(8.02840663399847,194.805202078465,-8.98369806129448));
#7633=CARTESIAN_POINT('Ctrl Pts',(7.94942939636992,193.084402428155,-9.19463601871432));
#7634=CARTESIAN_POINT('Ctrl Pts',(7.87045215874138,191.967121540148,-7.86899290093205));
#7635=CARTESIAN_POINT('Ctrl Pts',(7.79147492111282,192.466433991649,-6.20877203184647));
#7636=CARTESIAN_POINT('Ctrl Pts',(7.71249768348428,194.129597096259,-5.71934916166637));
#7637=CARTESIAN_POINT('Ctrl Pts',(7.63352044585572,195.448567284007,-6.84449977479575));
#7638=CARTESIAN_POINT('Ctrl Pts',(7.55454320822717,195.227391791687,-8.56401356072045));
#7639=CARTESIAN_POINT('Ctrl Pts',(7.47556597059863,193.666617563916,-9.31875197124186));
#7640=CARTESIAN_POINT('Ctrl Pts',(7.39658873297007,192.181448877319,-8.42436937372435));
#7641=CARTESIAN_POINT('Ctrl Pts',(7.31761149534153,192.118536028515,-6.69183128414436));
#7642=CARTESIAN_POINT('Ctrl Pts',(7.23863425771297,193.534924124411,-5.69208580643811));
#7643=CARTESIAN_POINT('Ctrl Pts',(7.15965702008443,195.146328445919,-6.33163437458146));
#7644=CARTESIAN_POINT('Ctrl Pts',(7.08067978245587,195.491636779246,-8.03057769715747));
#7645=CARTESIAN_POINT('Ctrl Pts',(7.00170254482733,194.257746933579,-9.2484291278129));
#7646=CARTESIAN_POINT('Ctrl Pts',(6.92272530719877,192.563466584878,-8.88092353819586));
#7647=CARTESIAN_POINT('Ctrl Pts',(6.84374806957023,191.945054310857,-7.26129008653798));
#7648=CARTESIAN_POINT('Ctrl Pts',(6.76477083194167,192.96324444409,-5.85810260406218));
#7649=CARTESIAN_POINT('Ctrl Pts',(6.68579359431313,194.694811187195,-5.94367638837745));
#7650=CARTESIAN_POINT('Ctrl Pts',(6.60681635668458,195.569687187379,-7.44041893226833));
#7651=CARTESIAN_POINT('Ctrl Pts',(6.52783911905603,194.794594188923,-8.99118554982692));
#7652=CARTESIAN_POINT('Ctrl Pts',(6.44886188142748,193.072333985115,-9.18984618702808));
#7653=CARTESIAN_POINT('Ctrl Pts',(6.36988464379893,191.964535389736,-7.85626884376457));
#7654=CARTESIAN_POINT('Ctrl Pts',(6.29090740617038,192.475675079759,-6.19965106175418));
#7655=CARTESIAN_POINT('Ctrl Pts',(6.21193016854183,194.142286230579,-5.72210155609458));
#7656=CARTESIAN_POINT('Ctrl Pts',(6.13295293091328,195.453198817635,-6.85662984903738));
#7657=CARTESIAN_POINT('Ctrl Pts',(6.05397569328473,195.219766163866,-8.57452258566127));
#7658=CARTESIAN_POINT('Ctrl Pts',(5.97499845565618,193.653649177071,-9.31811107539222));
#7659=CARTESIAN_POINT('Ctrl Pts',(5.89602121802764,192.174896585611,-8.41315967799963));
#7660=CARTESIAN_POINT('Ctrl Pts',(5.81704398039908,192.124341005935,-6.68021698080677));
#7661=CARTESIAN_POINT('Ctrl Pts',(5.73806674277053,193.54782281091,-5.69059795850823));
#7662=CARTESIAN_POINT('Ctrl Pts',(5.65908950514199,195.154625186885,-6.34162206171205));
#7663=CARTESIAN_POINT('Ctrl Pts',(5.58011226751343,195.487808652343,-8.04298476164854));
#7664=CARTESIAN_POINT('Ctrl Pts',(5.50113502988489,194.245265024804,-9.2520056845653));
#7665=CARTESIAN_POINT('Ctrl Pts',(5.42215779225633,192.553648643054,-8.87242660797433));
#7666=CARTESIAN_POINT('Ctrl Pts',(5.34318055462778,191.946802580144,-7.24842410972453));
#7667=CARTESIAN_POINT('Ctrl Pts',(5.26420331699923,192.974973712402,-5.85253357634377));
#7668=CARTESIAN_POINT('Ctrl Pts',(5.18522607937069,194.705886149065,-5.95045392660655));
#7669=CARTESIAN_POINT('Ctrl Pts',(5.10624884174213,195.570065818071,-7.45339762417734));
#7670=CARTESIAN_POINT('Ctrl Pts',(5.02727160411359,194.78393317179,-8.99859719731978));
#7671=CARTESIAN_POINT('Ctrl Pts',(4.94829436648504,193.060300007863,-9.18497041053927));
#7672=CARTESIAN_POINT('Ctrl Pts',(4.86931712885649,191.962040047246,-7.84352666691935));
#7673=CARTESIAN_POINT('Ctrl Pts',(4.79033989122794,192.484980979456,-6.19059622682516));
#7674=CARTESIAN_POINT('Ctrl Pts',(4.71136265359939,194.154955413404,-5.72494437362524));
#7675=CARTESIAN_POINT('Ctrl Pts',(4.63238541597083,195.45774372733,-6.86879264480688));
#7676=CARTESIAN_POINT('Ctrl Pts',(4.55340817834229,195.212065784429,-8.58497696084352));
#7677=CARTESIAN_POINT('Ctrl Pts',(4.47443094071374,193.640685690534,-9.31737771129023));
#7678=CARTESIAN_POINT('Ctrl Pts',(4.39545370308519,192.168424403054,-8.40190353927782));
#7679=CARTESIAN_POINT('Ctrl Pts',(4.31647646545664,192.130228663424,-6.66864437148566));
#7680=CARTESIAN_POINT('Ctrl Pts',(4.23749922782809,193.56073178048,-5.6892021354907));
#7681=CARTESIAN_POINT('Ctrl Pts',(4.15852199019954,195.162850488368,-6.35166866435157));
#7682=CARTESIAN_POINT('Ctrl Pts',(4.07954475257099,195.48389214308,-8.05536420827791));
#7683=CARTESIAN_POINT('Ctrl Pts',(4.00056751494244,194.232757923399,-9.2554931389879));
#7684=CARTESIAN_POINT('Ctrl Pts',(3.92159027731389,192.543891554624,-8.8638598688203));
#7685=CARTESIAN_POINT('Ctrl Pts',(3.84261303968534,191.948642543903,-7.23557094415708));
#7686=CARTESIAN_POINT('Ctrl Pts',(3.76363580205679,192.986742429516,-5.8470483049138));
#7687=CARTESIAN_POINT('Ctrl Pts',(3.68465856442824,194.716912431038,-5.95731034166723));
#7688=CARTESIAN_POINT('Ctrl Pts',(3.60568132679969,195.570352011673,-7.46637854815388));
#7689=CARTESIAN_POINT('Ctrl Pts',(3.52670408917114,194.773219302478,-9.00593290891235));
#7690=CARTESIAN_POINT('Ctrl Pts',(3.4477268515426,193.048301653372,-9.18000836110448));
#7691=CARTESIAN_POINT('Ctrl Pts',(3.36874961391404,191.959634526612,-7.83076819512838));
#7692=CARTESIAN_POINT('Ctrl Pts',(3.2897723762855,192.494353490612,-6.1816055843384));
#7693=CARTESIAN_POINT('Ctrl Pts',(3.21079513865694,194.167599357631,-5.72788237810126));
#7694=CARTESIAN_POINT('Ctrl Pts',(3.1318179010284,195.462211264383,-6.88097751845517));
#7695=CARTESIAN_POINT('Ctrl Pts',(3.05284066339985,195.204271677907,-8.59539662990857));
#7696=CARTESIAN_POINT('Ctrl Pts',(2.9738634257713,193.627767319343,-9.31651009696015));
#7697=CARTESIAN_POINT('Ctrl Pts',(2.89488618814275,192.161951869225,-8.39068694314229));
#7698=CARTESIAN_POINT('Ctrl Pts',(2.8159089505142,192.136363710728,-6.65693957332203));
#7699=CARTESIAN_POINT('Ctrl Pts',(2.73693171288564,193.573313270243,-5.68825488259904));
#7700=CARTESIAN_POINT('Ctrl Pts',(2.6579544752571,195.171693083163,-6.36103881417549));
#7701=CARTESIAN_POINT('Ctrl Pts',(2.57897723762855,195.478453383225,-8.06922888432426));
#7702=CARTESIAN_POINT('Ctrl Pts',(2.52632574587618,194.641649113378,-8.85881344593531));
#7703=CARTESIAN_POINT('Ctrl Pts',(2.5,194.148513841857,-8.99064942821854));
#7704=CARTESIAN_POINT('Ctrl Pts',(10.,194.708116152722,-6.67478870106347));
#7705=CARTESIAN_POINT('Ctrl Pts',(10.,194.744986156802,-6.70922038485286));
#7706=CARTESIAN_POINT('Ctrl Pts',(10.,194.77947583184,-6.74589145430801));
#7707=CARTESIAN_POINT('Ctrl Pts',(10.,194.811584305515,-6.78448175693483));
#7708=CARTESIAN_POINT('Ctrl Pts',(10.,194.845138182797,-6.8248092509078));
#7709=CARTESIAN_POINT('Ctrl Pts',(10.,194.876092266388,-6.86723311659054));
#7710=CARTESIAN_POINT('Ctrl Pts',(10.,194.904417470276,-6.91143772486995));
#7711=CARTESIAN_POINT('Ctrl Pts',(10.,194.927323688961,-6.94718540838666));
#7712=CARTESIAN_POINT('Ctrl Pts',(10.,194.948510249014,-6.98409881002471));
#7713=CARTESIAN_POINT('Ctrl Pts',(10.,194.967945034464,-7.02202946019532));
#7714=CARTESIAN_POINT('Ctrl Pts',(10.,194.976617892271,-7.03895617833683));
#7715=CARTESIAN_POINT('Ctrl Pts',(10.,194.98494168101,-7.05608566130343));
#7716=CARTESIAN_POINT('Ctrl Pts',(10.,194.992912444852,-7.07340550338249));
#7717=CARTESIAN_POINT('Ctrl Pts',(10.,194.996539958053,-7.08128780387907));
#7718=CARTESIAN_POINT('Ctrl Pts',(10.,195.00009368165,-7.08920824607063));
#7719=CARTESIAN_POINT('Ctrl Pts',(10.,195.003569538051,-7.09715666134265));
#7720=CARTESIAN_POINT('Ctrl Pts',(10.,195.025382151143,-7.14703665838425));
#7721=CARTESIAN_POINT('Ctrl Pts',(10.,195.044175113502,-7.19810974875967));
#7722=CARTESIAN_POINT('Ctrl Pts',(10.,195.05992220298,-7.25004393619381));
#7723=CARTESIAN_POINT('Ctrl Pts',(10.,195.075967134269,-7.30296041133358));
#7724=CARTESIAN_POINT('Ctrl Pts',(10.,195.088850480711,-7.35677178958709));
#7725=CARTESIAN_POINT('Ctrl Pts',(10.,195.098503711833,-7.41116155424674));
#7726=CARTESIAN_POINT('Ctrl Pts',(10.,195.105523910756,-7.45071587160226));
#7727=CARTESIAN_POINT('Ctrl Pts',(10.,195.11083495752,-7.49057687574902));
#7728=CARTESIAN_POINT('Ctrl Pts',(10.,195.114394574206,-7.53062957608959));
#7729=CARTESIAN_POINT('Ctrl Pts',(10.,195.115640311849,-7.5446465787504));
#7730=CARTESIAN_POINT('Ctrl Pts',(10.,195.116671414547,-7.55868709121822));
#7731=CARTESIAN_POINT('Ctrl Pts',(10.,195.117485640737,-7.57274625999614));
#7732=CARTESIAN_POINT('Ctrl Pts',(10.,195.1180643695,-7.58273911635806));
#7733=CARTESIAN_POINT('Ctrl Pts',(10.,195.118533422777,-7.59274142668552));
#7734=CARTESIAN_POINT('Ctrl Pts',(10.,195.118891721694,-7.60273689987357));
#7735=CARTESIAN_POINT('Ctrl Pts',(10.,195.120928448394,-7.65955551174133));
#7736=CARTESIAN_POINT('Ctrl Pts',(10.,195.119397689464,-7.71626730215232));
#7737=CARTESIAN_POINT('Ctrl Pts',(10.,195.114242536841,-7.77253854196546));
#7738=CARTESIAN_POINT('Ctrl Pts',(10.,195.110642897878,-7.81183052072404));
#7739=CARTESIAN_POINT('Ctrl Pts',(10.,195.105275232669,-7.85090838523418));
#7740=CARTESIAN_POINT('Ctrl Pts',(10.,195.098105852968,-7.88966328985797));
#7741=CARTESIAN_POINT('Ctrl Pts',(10.,195.088103143207,-7.94373408522435));
#7742=CARTESIAN_POINT('Ctrl Pts',(10.,195.074595609535,-7.99717681960771));
#7743=CARTESIAN_POINT('Ctrl Pts',(10.,195.057809739117,-8.04978863082299));
#7744=CARTESIAN_POINT('Ctrl Pts',(10.,195.053206741422,-8.06421576744136));
#7745=CARTESIAN_POINT('Ctrl Pts',(10.,195.04835692639,-8.07858038965869));
#7746=CARTESIAN_POINT('Ctrl Pts',(10.,195.043264304622,-8.09287820481005));
#7747=CARTESIAN_POINT('Ctrl Pts',(10.,195.038677092355,-8.10575705504494));
#7748=CARTESIAN_POINT('Ctrl Pts',(10.,195.03389106981,-8.11858589656252));
#7749=CARTESIAN_POINT('Ctrl Pts',(10.,195.028920114249,-8.13133426941573));
#7750=CARTESIAN_POINT('Ctrl Pts',(10.,195.008320160189,-8.18416433234353));
#7751=CARTESIAN_POINT('Ctrl Pts',(10.,194.984521106761,-8.23569662110469));
#7752=CARTESIAN_POINT('Ctrl Pts',(10.,194.957808527402,-8.28572333373869));
#7753=CARTESIAN_POINT('Ctrl Pts',(10.,194.930459240577,-8.33694245767041));
#7754=CARTESIAN_POINT('Ctrl Pts',(10.,194.90005553474,-8.38658427774507));
#7755=CARTESIAN_POINT('Ctrl Pts',(10.,194.866848431708,-8.43442009810538));
#7756=CARTESIAN_POINT('Ctrl Pts',(10.,194.846233464676,-8.46411657174165));
#7757=CARTESIAN_POINT('Ctrl Pts',(10.,194.824537013214,-8.49311686510105));
#7758=CARTESIAN_POINT('Ctrl Pts',(10.,194.801809750009,-8.52136279699158));
#7759=CARTESIAN_POINT('Ctrl Pts',(10.,194.790492993021,-8.53542750615665));
#7760=CARTESIAN_POINT('Ctrl Pts',(10.,194.778920550435,-8.54930512461829));
#7761=CARTESIAN_POINT('Ctrl Pts',(10.,194.767098091665,-8.56298809913522));
#7762=CARTESIAN_POINT('Ctrl Pts',(10.,194.75964771096,-8.57161095596403));
#7763=CARTESIAN_POINT('Ctrl Pts',(10.,194.752098031813,-8.58015650701814));
#7764=CARTESIAN_POINT('Ctrl Pts',(10.,194.744450399733,-8.58862280174259));
#7765=CARTESIAN_POINT('Ctrl Pts',(10.,194.737113165484,-8.59674547121412));
#7766=CARTESIAN_POINT('Ctrl Pts',(10.,194.729692277108,-8.60478797627452));
#7767=CARTESIAN_POINT('Ctrl Pts',(10.,194.722189657663,-8.61274863432646));
#7768=CARTESIAN_POINT('Ctrl Pts',(10.,194.680754208221,-8.65671373833319));
#7769=CARTESIAN_POINT('Ctrl Pts',(10.,194.636827399141,-8.69818674627941));
#7770=CARTESIAN_POINT('Ctrl Pts',(10.,194.590664876413,-8.7369158650536));
#7771=CARTESIAN_POINT('Ctrl Pts',(10.,194.558789505765,-8.76365844632588));
#7772=CARTESIAN_POINT('Ctrl Pts',(10.,194.52584706644,-8.78909243994439));
#7773=CARTESIAN_POINT('Ctrl Pts',(10.,194.491909702697,-8.81312683245895));
#7774=CARTESIAN_POINT('Ctrl Pts',(10.,194.478241514464,-8.82280662383638));
#7775=CARTESIAN_POINT('Ctrl Pts',(10.,194.464409287546,-8.83226076819144));
#7776=CARTESIAN_POINT('Ctrl Pts',(10.,194.450438542802,-8.84146959613896));
#7777=CARTESIAN_POINT('Ctrl Pts',(10.,194.399666469085,-8.87493605050017));
#7778=CARTESIAN_POINT('Ctrl Pts',(10.,194.347014218803,-8.90520488503897));
#7779=CARTESIAN_POINT('Ctrl Pts',(10.,194.292719977535,-8.93201191793783));
#7780=CARTESIAN_POINT('Ctrl Pts',(10.,194.262553885087,-8.94690601008808));
#7781=CARTESIAN_POINT('Ctrl Pts',(10.,194.231880193459,-8.96073090961538));
#7782=CARTESIAN_POINT('Ctrl Pts',(10.,194.200735082692,-8.97343609257318));
#7783=CARTESIAN_POINT('Ctrl Pts',(10.,194.183793223305,-8.98034727117765));
#7784=CARTESIAN_POINT('Ctrl Pts',(10.,194.16671181946,-8.98692705505484));
#7785=CARTESIAN_POINT('Ctrl Pts',(10.,194.149499757346,-8.9931779768385));
#7786=CARTESIAN_POINT('Ctrl Pts',(9.1934196736194,192.485212045422,-7.50110874176942));
#7787=CARTESIAN_POINT('Ctrl Pts',(9.1990223236511,192.48440428615,-7.59006737546989));
#7788=CARTESIAN_POINT('Ctrl Pts',(9.20462497368279,192.493000235143,-7.67887101386274));
#7789=CARTESIAN_POINT('Ctrl Pts',(9.21022762371449,192.511581800609,-7.76553351256622));
#7790=CARTESIAN_POINT('Ctrl Pts',(9.23655336959067,192.598892906543,-8.17274347659323));
#7791=CARTESIAN_POINT('Ctrl Pts',(9.26287911546685,192.906673889917,-8.53267976390747));
#7792=CARTESIAN_POINT('Ctrl Pts',(9.28920486134303,193.295388073153,-8.6821643810658));
#7793=CARTESIAN_POINT('Ctrl Pts',(9.31553060721922,193.684102256389,-8.83164899822413));
#7794=CARTESIAN_POINT('Ctrl Pts',(9.3418563530954,194.153749639486,-8.77068194522654));
#7795=CARTESIAN_POINT('Ctrl Pts',(9.36818209897159,194.491406403985,-8.52689356785477));
#7796=CARTESIAN_POINT('Ctrl Pts',(9.39450784484777,194.829063168484,-8.28310519048299));
#7797=CARTESIAN_POINT('Ctrl Pts',(9.42083359072394,195.034729314384,-7.85649548873702));
#7798=CARTESIAN_POINT('Ctrl Pts',(9.44715933660013,195.015166073564,-7.44049536895326));
#7799=CARTESIAN_POINT('Ctrl Pts',(9.47348508247631,194.995602832744,-7.02449524916949));
#7800=CARTESIAN_POINT('Ctrl Pts',(9.4998108283525,194.750810205204,-6.61910471134794));
#7801=CARTESIAN_POINT('Ctrl Pts',(9.52613657422869,194.391762148029,-6.40807216359427));
#7802=CARTESIAN_POINT('Ctrl Pts',(9.55246232010487,194.032714090854,-6.1970396158406));
#7803=CARTESIAN_POINT('Ctrl Pts',(9.57878806598105,193.559410604043,-6.18036505815482));
#7804=CARTESIAN_POINT('Ctrl Pts',(9.60511381185723,193.186445179321,-6.3656937962114));
#7805=CARTESIAN_POINT('Ctrl Pts',(9.63143955773341,192.813479754598,-6.55102253426797));
#7806=CARTESIAN_POINT('Ctrl Pts',(9.6577653036096,192.540852391963,-6.9383545680669));
#7807=CARTESIAN_POINT('Ctrl Pts',(9.68409104948579,192.492135055157,-7.35191176836365));
#7808=CARTESIAN_POINT('Ctrl Pts',(9.68720059086366,192.486380666455,-7.40076026946549));
#7809=CARTESIAN_POINT('Ctrl Pts',(9.69031013224153,192.483750233342,-7.44997465974593));
#7810=CARTESIAN_POINT('Ctrl Pts',(9.6934196736194,192.484112957792,-7.49922695487574));
#7811=CARTESIAN_POINT('Ctrl Pts',(10.,193.351486158143,-8.99064942821855));
#7812=CARTESIAN_POINT('Ctrl Pts',(9.97367425412382,192.858350886622,-8.85881344593533));
#7813=CARTESIAN_POINT('Ctrl Pts',(9.92102276237144,192.021546420566,-8.06923020892195));
#7814=CARTESIAN_POINT('Ctrl Pts',(9.84204552474291,192.328307086405,-6.36103841589429));
#7815=CARTESIAN_POINT('Ctrl Pts',(9.76306828711435,193.926686715779,-5.6882552921496));
#7816=CARTESIAN_POINT('Ctrl Pts',(9.6840910494858,195.363636156549,-6.65693948015861));
#7817=CARTESIAN_POINT('Ctrl Pts',(9.60511381185725,195.33804803338,-8.39068696343412));
#7818=CARTESIAN_POINT('Ctrl Pts',(9.5261365742287,193.872232659528,-9.31650992077209));
#7819=CARTESIAN_POINT('Ctrl Pts',(9.44715933660015,192.295728434668,-8.59539657572351));
#7820=CARTESIAN_POINT('Ctrl Pts',(9.3681820989716,192.037788853683,-6.88097754987009));
#7821=CARTESIAN_POINT('Ctrl Pts',(9.28920486134306,193.332400675289,-5.72788251234185));
#7822=CARTESIAN_POINT('Ctrl Pts',(9.2102276237145,195.005646417502,-6.18160567542752));
#7823=CARTESIAN_POINT('Ctrl Pts',(9.13125038608596,195.540365345683,-7.83076817326789));
#7824=CARTESIAN_POINT('Ctrl Pts',(9.0522731484574,194.451698295696,-9.18000823940132));
#7825=CARTESIAN_POINT('Ctrl Pts',(8.97329591082886,192.726780771321,-9.00593280122662));
#7826=CARTESIAN_POINT('Ctrl Pts',(8.89431867320031,191.92964811897,-7.46637855030227));
#7827=CARTESIAN_POINT('Ctrl Pts',(8.81534143557175,192.783087638516,-5.95731045264833));
#7828=CARTESIAN_POINT('Ctrl Pts',(8.73636419794321,194.513257515601,-5.84704842360812));
#7829=CARTESIAN_POINT('Ctrl Pts',(8.65738696031465,195.551357326691,-7.23557096319292));
#7830=CARTESIAN_POINT('Ctrl Pts',(8.57840972268612,194.956108358704,-8.86385977080754));
#7831=CARTESIAN_POINT('Ctrl Pts',(8.49943248505756,193.267242111294,-9.25549301286441));
#7832=CARTESIAN_POINT('Ctrl Pts',(8.420455247429,192.016107981498,-8.05536416836985));
#7833=CARTESIAN_POINT('Ctrl Pts',(8.34147800980046,192.337149613148,-6.35166874686229));
#7834=CARTESIAN_POINT('Ctrl Pts',(8.26250077217191,193.93926820592,-5.68920226559617));
#7835=CARTESIAN_POINT('Ctrl Pts',(8.18352353454336,195.369771220195,-6.66864443121961));
#7836=CARTESIAN_POINT('Ctrl Pts',(8.10454629691481,195.33157548331,-8.40190347447523));
#7837=CARTESIAN_POINT('Ctrl Pts',(8.02556905928626,193.859314301612,-9.3173775807109));
#7838=CARTESIAN_POINT('Ctrl Pts',(7.94659182165772,192.287934320621,-8.5849768828873));
#7839=CARTESIAN_POINT('Ctrl Pts',(7.86761458402916,192.042256395372,-6.86879269015953));
#7840=CARTESIAN_POINT('Ctrl Pts',(7.78863734640061,193.345044615692,-5.72494450116388));
#7841=CARTESIAN_POINT('Ctrl Pts',(7.70966010877207,195.015018929652,-6.19059632090648));
#7842=CARTESIAN_POINT('Ctrl Pts',(7.63068287114351,195.537959824288,-7.84352664223675));
#7843=CARTESIAN_POINT('Ctrl Pts',(7.55170563351496,194.439699942581,-9.18497028947328));
#7844=CARTESIAN_POINT('Ctrl Pts',(7.47272839588642,192.716066902499,-8.99859708964482));
#7845=CARTESIAN_POINT('Ctrl Pts',(7.39375115825786,191.929934312702,-7.45339762752578));
#7846=CARTESIAN_POINT('Ctrl Pts',(7.31477392062931,192.794113919616,-5.95045403794223));
#7847=CARTESIAN_POINT('Ctrl Pts',(7.23579668300077,194.525026231912,-5.85253369471506));
#7848=CARTESIAN_POINT('Ctrl Pts',(7.15681944537221,195.553197290295,-7.24842412780037));
#7849=CARTESIAN_POINT('Ctrl Pts',(7.07784220774367,194.946351270988,-8.87242650936477));
#7850=CARTESIAN_POINT('Ctrl Pts',(6.99886497011511,193.254735010781,-9.2520055586828));
#7851=CARTESIAN_POINT('Ctrl Pts',(6.91988773248657,192.012191472519,-8.04298472263485));
#7852=CARTESIAN_POINT('Ctrl Pts',(6.84091049485802,192.345374914038,-6.34162214494211));
#7853=CARTESIAN_POINT('Ctrl Pts',(6.76193325722947,193.952177174564,-5.69059808851469));
#7854=CARTESIAN_POINT('Ctrl Pts',(6.68295601960092,195.375658877261,-6.68021703970858));
#7855=CARTESIAN_POINT('Ctrl Pts',(6.60397878197236,195.325103301217,-8.41315961238862));
#7856=CARTESIAN_POINT('Ctrl Pts',(6.52500154434382,193.846350816006,-9.31811094476));
#7857=CARTESIAN_POINT('Ctrl Pts',(6.44602430671527,192.280233941737,-8.57452250845629));
#7858=CARTESIAN_POINT('Ctrl Pts',(6.36704706908672,192.046801304741,-6.85662989526389));
#7859=CARTESIAN_POINT('Ctrl Pts',(6.28806983145817,193.357713797607,-5.72210168383749));
#7860=CARTESIAN_POINT('Ctrl Pts',(6.20909259382961,195.02432482868,-6.1996511551849));
#7861=CARTESIAN_POINT('Ctrl Pts',(6.13011535620108,195.535464481978,-7.85626881816645));
#7862=CARTESIAN_POINT('Ctrl Pts',(6.05113811857252,194.427665966194,-9.18984606561176));
#7863=CARTESIAN_POINT('Ctrl Pts',(5.97216088094397,192.705405886132,-8.9911854426845));
#7864=CARTESIAN_POINT('Ctrl Pts',(5.89318364331542,191.930312943366,-7.44041893654929));
#7865=CARTESIAN_POINT('Ctrl Pts',(5.81420640568687,192.80518888069,-5.9436765002001));
#7866=CARTESIAN_POINT('Ctrl Pts',(5.73522916805833,194.536755499381,-5.85810272203334));
#7867=CARTESIAN_POINT('Ctrl Pts',(5.65625193042977,195.554945559457,-7.26129010368939));
#7868=CARTESIAN_POINT('Ctrl Pts',(5.57727469280123,194.936533329868,-8.88092343897578));
#7869=CARTESIAN_POINT('Ctrl Pts',(5.49829745517267,193.242253102903,-9.24842900218738));
#7870=CARTESIAN_POINT('Ctrl Pts',(5.41932021754413,192.008363345892,-8.03057765903522));
#7871=CARTESIAN_POINT('Ctrl Pts',(5.34034297991557,192.353671654408,-6.33163445852913));
#7872=CARTESIAN_POINT('Ctrl Pts',(5.26136574228703,193.965075860136,-5.69208593633767));
#7873=CARTESIAN_POINT('Ctrl Pts',(5.18238850465847,195.381463854264,-6.69183134221168));
#7874=CARTESIAN_POINT('Ctrl Pts',(5.10341126702992,195.31855100998,-8.42436930730792));
#7875=CARTESIAN_POINT('Ctrl Pts',(5.02443402940138,193.833382430093,-9.3187518405636));
#7876=CARTESIAN_POINT('Ctrl Pts',(4.94545679177283,192.272608314464,-8.56401348427056));
#7877=CARTESIAN_POINT('Ctrl Pts',(4.86647955414427,192.051432838036,-6.8444998218938));
#7878=CARTESIAN_POINT('Ctrl Pts',(4.78750231651573,193.370402931015,-5.71934928960704));
#7879=CARTESIAN_POINT('Ctrl Pts',(4.70852507888718,195.033565916127,-6.20877212462186));
#7880=CARTESIAN_POINT('Ctrl Pts',(4.62954784125863,195.532878331751,-7.86899287441969));
#7881=CARTESIAN_POINT('Ctrl Pts',(4.55057060363008,194.415597524022,-9.19463589695389));
#7882=CARTESIAN_POINT('Ctrl Pts',(4.47159336600153,192.694797997352,-8.98369795468997));
#7883=CARTESIAN_POINT('Ctrl Pts',(4.39261612837298,191.930784122485,-7.42744327587459));
#7884=CARTESIAN_POINT('Ctrl Pts',(4.31363889074443,192.816311894442,-5.93697811629335));
#7885=CARTESIAN_POINT('Ctrl Pts',(4.23466165311588,194.548444752798,-5.86375525565271));
#7886=CARTESIAN_POINT('Ctrl Pts',(4.15568441548733,195.556602029954,-7.27416821995133));
#7887=CARTESIAN_POINT('Ctrl Pts',(4.07670717785878,194.926655042102,-8.88935013606748));
#7888=CARTESIAN_POINT('Ctrl Pts',(3.99772994023023,193.229797019006,-9.24476352011558));
#7889=CARTESIAN_POINT('Ctrl Pts',(3.91875270260168,192.004623797701,-8.01814361308783));
#7890=CARTESIAN_POINT('Ctrl Pts',(3.83977546497313,192.362039412251,-6.32170618936571));
#7891=CARTESIAN_POINT('Ctrl Pts',(3.76079822734458,193.977963605318,-5.69366574466019));
#7892=CARTESIAN_POINT('Ctrl Pts',(3.68182098971603,195.387185859286,-6.70348672573265));
#7893=CARTESIAN_POINT('Ctrl Pts',(3.60284375208748,195.311918935736,-8.4355320343026));
#7894=CARTESIAN_POINT('Ctrl Pts',(3.52386651445893,193.820409818115,-9.31930014341024));
#7895=CARTESIAN_POINT('Ctrl Pts',(3.44488927683038,192.265057796583,-8.55345053284995));
#7896=CARTESIAN_POINT('Ctrl Pts',(3.36591203920183,192.056150821117,-6.83240270301332));
#7897=CARTESIAN_POINT('Ctrl Pts',(3.28693480157328,193.383111245108,-5.71668824257418));
#7898=CARTESIAN_POINT('Ctrl Pts',(3.20795756394473,195.042741978188,-6.21795716401518));
#7899=CARTESIAN_POINT('Ctrl Pts',(3.12898032631618,195.530200981937,-7.88170143405831));
#7900=CARTESIAN_POINT('Ctrl Pts',(3.05000308868763,194.403496298347,-9.19933286148083));
#7901=CARTESIAN_POINT('Ctrl Pts',(2.97102585105909,192.684241593602,-8.97614864513378));
#7902=CARTESIAN_POINT('Ctrl Pts',(2.89204861343054,191.931352282319,-7.41444345253068));
#7903=CARTESIAN_POINT('Ctrl Pts',(2.81307137580199,192.827473294679,-5.93041610823502));
#7904=CARTESIAN_POINT('Ctrl Pts',(2.73409413817344,194.560111982528,-5.86937484414181));
#7905=CARTESIAN_POINT('Ctrl Pts',(2.65511690054489,195.558128673366,-7.28729507201793));
#7906=CARTESIAN_POINT('Ctrl Pts',(2.57613966291634,194.91679439768,-8.89722149836698));
#7907=CARTESIAN_POINT('Ctrl Pts',(2.49716242528779,193.21721242981,-9.2420050618998));
#7908=CARTESIAN_POINT('Ctrl Pts',(2.41818518765924,192.001303974813,-8.00362388595237));
#7909=CARTESIAN_POINT('Ctrl Pts',(2.36553369590687,192.24774179551,-6.87981260147764));
#7910=CARTESIAN_POINT('Ctrl Pts',(2.33920795003069,192.580863405575,-6.49303990964094));
#7911=CARTESIAN_POINT('Ctrl Pts',(10.0535973499898,193.375462417585,-8.9009657242309));
#7912=CARTESIAN_POINT('Ctrl Pts',(10.0272716041136,192.911996226452,-8.77706154602327));
#7913=CARTESIAN_POINT('Ctrl Pts',(9.97462011236122,192.125537416866,-8.03498293884532));
#7914=CARTESIAN_POINT('Ctrl Pts',(9.89564287473268,192.413842078075,-6.4295631083059));
#7915=CARTESIAN_POINT('Ctrl Pts',(9.81666563710412,193.916056503996,-5.79725743108593));
#7916=CARTESIAN_POINT('Ctrl Pts',(9.73768839947558,195.266553056614,-6.70766152698856));
#7917=CARTESIAN_POINT('Ctrl Pts',(9.65871116184702,195.242504421953,-8.33709951056819));
#7918=CARTESIAN_POINT('Ctrl Pts',(9.57973392421847,193.864878631514,-9.2072210866967));
#7919=CARTESIAN_POINT('Ctrl Pts',(9.50075668658992,192.38322349428,-8.52949293641935));
#7920=CARTESIAN_POINT('Ctrl Pts',(9.42177944896137,192.140802637275,-6.91822052942531));
#7921=CARTESIAN_POINT('Ctrl Pts',(9.34280221133282,193.357525197202,-5.83450051197735));
#7922=CARTESIAN_POINT('Ctrl Pts',(9.26382497370427,194.930101477499,-6.26092579195234));
#7923=CARTESIAN_POINT('Ctrl Pts',(9.18484773607572,195.43264947859,-7.81086777658284));
#7924=CARTESIAN_POINT('Ctrl Pts',(9.10587049844718,194.409481191494,-9.07893191737211));
#7925=CARTESIAN_POINT('Ctrl Pts',(9.02689326081862,192.788341919558,-8.91532958559872));
#7926=CARTESIAN_POINT('Ctrl Pts',(8.94791602319008,192.039168101443,-7.46840135733204));
#7927=CARTESIAN_POINT('Ctrl Pts',(8.86893878556153,192.841261130128,-6.05012510785192));
#7928=CARTESIAN_POINT('Ctrl Pts',(8.78996154793298,194.467336751269,-5.94649690363082));
#7929=CARTESIAN_POINT('Ctrl Pts',(8.71098431030443,195.442980136048,-7.25148011997642));
#7930=CARTESIAN_POINT('Ctrl Pts',(8.63200707267588,194.883543835503,-8.78180426288577));
#7931=CARTESIAN_POINT('Ctrl Pts',(8.55302983504733,193.296286844931,-9.14987521116152));
#7932=CARTESIAN_POINT('Ctrl Pts',(8.47405259741878,192.120426177038,-8.02195113728517));
#7933=CARTESIAN_POINT('Ctrl Pts',(8.39507535979023,192.422152601426,-6.42075715774991));
#7934=CARTESIAN_POINT('Ctrl Pts',(8.31609812216167,193.927881039069,-5.7981474306494));
#7935=CARTESIAN_POINT('Ctrl Pts',(8.23712088453313,195.272319009172,-6.71866225923977));
#7936=CARTESIAN_POINT('Ctrl Pts',(8.15814364690458,195.236421287565,-8.34764118939394));
#7937=CARTESIAN_POINT('Ctrl Pts',(8.07916640927603,193.852737496039,-9.20803654458475));
#7938=CARTESIAN_POINT('Ctrl Pts',(8.00018917164748,192.375898306732,-8.51970013588275));
#7939=CARTESIAN_POINT('Ctrl Pts',(7.92121193401893,192.145001392972,-6.90676876183603));
#7940=CARTESIAN_POINT('Ctrl Pts',(7.84223469639038,193.369408425268,-5.83173926383958));
#7941=CARTESIAN_POINT('Ctrl Pts',(7.76325745876183,194.938910100119,-6.26937552259745));
#7942=CARTESIAN_POINT('Ctrl Pts',(7.68428022113329,195.430388683423,-7.82285864269842));
#7943=CARTESIAN_POINT('Ctrl Pts',(7.60530298350473,194.398204709484,-9.08359542975882));
#7944=CARTESIAN_POINT('Ctrl Pts',(7.52632574587619,192.778272641892,-8.90843522110604));
#7945=CARTESIAN_POINT('Ctrl Pts',(7.44734850824764,192.039437076563,-7.45620142116027));
#7946=CARTESIAN_POINT('Ctrl Pts',(7.36837127061908,192.851624024042,-6.04368120373032));
#7947=CARTESIAN_POINT('Ctrl Pts',(7.28939403299054,194.478397412386,-5.95165215788676));
#7948=CARTESIAN_POINT('Ctrl Pts',(7.21041679536198,195.444709399747,-7.26355998444491));
#7949=CARTESIAN_POINT('Ctrl Pts',(7.13143955773344,194.874373774991,-8.78985559062248));
#7950=CARTESIAN_POINT('Ctrl Pts',(7.05246232010489,193.284532223894,-9.14659757680915));
#7951=CARTESIAN_POINT('Ctrl Pts',(6.97348508247634,192.116745301619,-8.0103164907805));
#7952=CARTESIAN_POINT('Ctrl Pts',(6.89450784484779,192.429883033814,-6.41131500141944));
#7953=CARTESIAN_POINT('Ctrl Pts',(6.81553060721924,193.94001335017,-5.79945927502336));
#7954=CARTESIAN_POINT('Ctrl Pts',(6.73655336959069,195.277852440165,-6.72953861120159));
#7955=CARTESIAN_POINT('Ctrl Pts',(6.65757613196213,195.230338499016,-8.35822011097359));
#7956=CARTESIAN_POINT('Ctrl Pts',(6.57859889433359,193.840553947945,-9.2087257863855));
#7957=CARTESIAN_POINT('Ctrl Pts',(6.49962165670503,192.368661214847,-8.50987474034115));
#7958=CARTESIAN_POINT('Ctrl Pts',(6.42064441907649,192.149272861584,-6.89533773155012));
#7959=CARTESIAN_POINT('Ctrl Pts',(6.34166718144795,193.381315376213,-5.82906748229314));
#7960=CARTESIAN_POINT('Ctrl Pts',(6.26268994381938,194.947656117341,-6.27788558017538));
#7961=CARTESIAN_POINT('Ctrl Pts',(6.18371270619085,195.428043471342,-7.83483419603222));
#7962=CARTESIAN_POINT('Ctrl Pts',(6.10473546856228,194.386894747446,-9.08817785881271));
#7963=CARTESIAN_POINT('Ctrl Pts',(6.02575823093374,192.768253036859,-8.9014694898248));
#7964=CARTESIAN_POINT('Ctrl Pts',(5.94678099330519,192.039792927223,-7.44400358251407));
#7965=CARTESIAN_POINT('Ctrl Pts',(5.86780375567664,192.862032669138,-6.03731143100465));
#7966=CARTESIAN_POINT('Ctrl Pts',(5.78882651804809,194.489420998068,-5.95688612923007));
#7967=CARTESIAN_POINT('Ctrl Pts',(5.70984928041955,195.446352485725,-7.27565188941471));
#7968=CARTESIAN_POINT('Ctrl Pts',(5.63087204279099,194.865146522271,-8.79784130941115));
#7969=CARTESIAN_POINT('Ctrl Pts',(5.55189480516245,193.272801279797,-9.14323620091083));
#7970=CARTESIAN_POINT('Ctrl Pts',(5.47291756753389,192.1131474911,-7.99865588801745));
#7971=CARTESIAN_POINT('Ctrl Pts',(5.39394032990535,192.437680607583,-6.40192821599286));
#7972=CARTESIAN_POINT('Ctrl Pts',(5.31496309227679,193.952135996872,-5.80085760769864));
#7973=CARTESIAN_POINT('Ctrl Pts',(5.23598585464825,195.283308165473,-6.74045414869126));
#7974=CARTESIAN_POINT('Ctrl Pts',(5.15700861701969,195.224180421023,-8.36875538376392));
#7975=CARTESIAN_POINT('Ctrl Pts',(5.07803137939115,193.828365794365,-9.20932812321711));
#7976=CARTESIAN_POINT('Ctrl Pts',(4.9990541417626,192.361494377204,-8.49999798300261));
#7977=CARTESIAN_POINT('Ctrl Pts',(4.92007690413405,192.153625742466,-6.88393745412593));
#7978=CARTESIAN_POINT('Ctrl Pts',(4.84109966650549,193.393241078285,-5.82648068361101));
#7979=CARTESIAN_POINT('Ctrl Pts',(4.76212242887695,194.956341222318,-6.28645779394413));
#7980=CARTESIAN_POINT('Ctrl Pts',(4.68314519124839,195.42561291473,-7.84679271984508));
#7981=CARTESIAN_POINT('Ctrl Pts',(4.60416795361985,194.375552393229,-9.09267951386865));
#7982=CARTESIAN_POINT('Ctrl Pts',(4.5251907159913,192.758283363033,-8.89443248042314));
#7983=CARTESIAN_POINT('Ctrl Pts',(4.44621347836275,192.040235758236,-7.43180859185406));
#7984=CARTESIAN_POINT('Ctrl Pts',(4.3672362407342,192.872486475863,-6.03101604988856));
#7985=CARTESIAN_POINT('Ctrl Pts',(4.28825900310565,194.500406977112,-5.96219858278615));
#7986=CARTESIAN_POINT('Ctrl Pts',(4.2092817654771,195.447909296028,-7.28775520434181));
#7987=CARTESIAN_POINT('Ctrl Pts',(4.13030452784855,194.855862553611,-8.80576102116259));
#7988=CARTESIAN_POINT('Ctrl Pts',(4.05132729022,193.261094606002,-9.13979124957072));
#7989=CARTESIAN_POINT('Ctrl Pts',(3.97235005259146,192.109632929769,-7.98696992627752));
#7990=CARTESIAN_POINT('Ctrl Pts',(3.8933728149629,192.445544926117,-6.3925972730256));
#7991=CARTESIAN_POINT('Ctrl Pts',(3.81439557733435,193.964248361404,-5.80234236814519));
#7992=CARTESIAN_POINT('Ctrl Pts',(3.7354183397058,195.288685910741,-6.75140829559297));
#7993=CARTESIAN_POINT('Ctrl Pts',(3.65644110207725,195.217947360104,-8.37924651441639));
#7994=CARTESIAN_POINT('Ctrl Pts',(3.5774638644487,193.81617366898,-9.20984343787132));
#7995=CARTESIAN_POINT('Ctrl Pts',(3.49848662682015,192.354398130057,-8.49007054291719));
#7996=CARTESIAN_POINT('Ctrl Pts',(3.4195093891916,192.158059871953,-6.87256814851144));
#7997=CARTESIAN_POINT('Ctrl Pts',(3.34053215156306,193.405184807051,-5.82397973629702));
#7998=CARTESIAN_POINT('Ctrl Pts',(3.2615549139345,194.964965214108,-6.29509022295269));
#7999=CARTESIAN_POINT('Ctrl Pts',(3.18257767630596,195.423096645478,-7.85873667938447));
#8000=CARTESIAN_POINT('Ctrl Pts',(3.1036004386774,194.364179227903,-9.09709388936539));
#8001=CARTESIAN_POINT('Ctrl Pts',(3.02462320104885,192.748362076683,-8.88733736890356));
#8002=CARTESIAN_POINT('Ctrl Pts',(2.94564596342031,192.040769735198,-7.41959089225205));
#8003=CARTESIAN_POINT('Ctrl Pts',(2.86666872579175,192.882976359581,-6.0248488396795));
#8004=CARTESIAN_POINT('Ctrl Pts',(2.78769148816321,194.511372257505,-5.96748007332878));
#8005=CARTESIAN_POINT('Ctrl Pts',(2.70871425053466,195.449344090188,-7.30009229008728));
#8006=CARTESIAN_POINT('Ctrl Pts',(2.62973701290611,194.846595166798,-8.81315880938552));
#8007=CARTESIAN_POINT('Ctrl Pts',(2.55075977527756,193.249267158325,-9.13719875173799));
#8008=CARTESIAN_POINT('Ctrl Pts',(2.47178253764901,192.10651284131,-7.97332376665279));
#8009=CARTESIAN_POINT('Ctrl Pts',(2.41913104589664,192.33812393203,-6.91712566920035));
#8010=CARTESIAN_POINT('Ctrl Pts',(2.39280530002046,192.651203552809,-6.55362284011512));
#8011=CARTESIAN_POINT('Ctrl Pts',(10.1071946999795,193.399438677027,-8.81128202024325));
#8012=CARTESIAN_POINT('Ctrl Pts',(10.0808689541034,192.965641566283,-8.6953096461112));
#8013=CARTESIAN_POINT('Ctrl Pts',(10.028217462351,192.229528413166,-8.00073566876868));
#8014=CARTESIAN_POINT('Ctrl Pts',(9.94924022472245,192.499377069744,-6.49808780071753));
#8015=CARTESIAN_POINT('Ctrl Pts',(9.87026298709389,193.905426292213,-5.90625957002226));
#8016=CARTESIAN_POINT('Ctrl Pts',(9.79128574946535,195.169469956679,-6.7583835738185));
#8017=CARTESIAN_POINT('Ctrl Pts',(9.71230851183679,195.146960810525,-8.28351205770227));
#8018=CARTESIAN_POINT('Ctrl Pts',(9.63333127420824,193.857524603499,-9.09793225262131));
#8019=CARTESIAN_POINT('Ctrl Pts',(9.5543540365797,192.470718553892,-8.46358929711519));
#8020=CARTESIAN_POINT('Ctrl Pts',(9.47537679895115,192.243816420867,-6.95546350898054));
#8021=CARTESIAN_POINT('Ctrl Pts',(9.3963995613226,193.382649719114,-5.94111851161285));
#8022=CARTESIAN_POINT('Ctrl Pts',(9.31742232369403,194.854556537496,-6.34024590847715));
#8023=CARTESIAN_POINT('Ctrl Pts',(9.23844508606551,195.324933611497,-7.79096737989779));
#8024=CARTESIAN_POINT('Ctrl Pts',(9.15946784843694,194.367264087292,-8.97785559534291));
#8025=CARTESIAN_POINT('Ctrl Pts',(9.0804906108084,192.849903067794,-8.82472636997081));
#8026=CARTESIAN_POINT('Ctrl Pts',(9.00151337317984,192.148688083915,-7.47042416436182));
#8027=CARTESIAN_POINT('Ctrl Pts',(8.92253613555131,192.89943462174,-6.14293976305549));
#8028=CARTESIAN_POINT('Ctrl Pts',(8.84355889792274,194.421415986936,-6.04594538365352));
#8029=CARTESIAN_POINT('Ctrl Pts',(8.76458166029421,195.334602945407,-7.2673892767599));
#8030=CARTESIAN_POINT('Ctrl Pts',(8.68560442266565,194.810979312301,-8.699748754964));
#8031=CARTESIAN_POINT('Ctrl Pts',(8.6066271850371,193.325331578568,-9.04425740945864));
#8032=CARTESIAN_POINT('Ctrl Pts',(8.52764994740855,192.224744372577,-7.98853810620048));
#8033=CARTESIAN_POINT('Ctrl Pts',(8.44867270978001,192.507155589704,-6.48984556863754));
#8034=CARTESIAN_POINT('Ctrl Pts',(8.36969547215145,193.916493872219,-5.90709259570263));
#8035=CARTESIAN_POINT('Ctrl Pts',(8.2907182345229,195.17486679815,-6.76868008725993));
#8036=CARTESIAN_POINT('Ctrl Pts',(8.21174099689436,195.14126709182,-8.29337890431264));
#8037=CARTESIAN_POINT('Ctrl Pts',(8.1327637592658,193.846160690466,-9.0986955084586));
#8038=CARTESIAN_POINT('Ctrl Pts',(8.05378652163725,192.463862292843,-8.4544233888782));
#8039=CARTESIAN_POINT('Ctrl Pts',(7.97480928400871,192.247746390572,-6.94474483351254));
#8040=CARTESIAN_POINT('Ctrl Pts',(7.89583204638014,193.393772234845,-5.93853402651527));
#8041=CARTESIAN_POINT('Ctrl Pts',(7.81685480875161,194.862801270586,-6.34815472428842));
#8042=CARTESIAN_POINT('Ctrl Pts',(7.73787757112305,195.322817542558,-7.80219064316009));
#8043=CARTESIAN_POINT('Ctrl Pts',(7.6589003334945,194.356709476386,-8.98222057004435));
#8044=CARTESIAN_POINT('Ctrl Pts',(7.57992309586596,192.840478381286,-8.81827335256725));
#8045=CARTESIAN_POINT('Ctrl Pts',(7.5009458582374,192.148939840424,-7.45900521479476));
#8046=CARTESIAN_POINT('Ctrl Pts',(7.42196862060886,192.909134128467,-6.13690836951841));
#8047=CARTESIAN_POINT('Ctrl Pts',(7.34299138298031,194.431768592859,-6.05077062105846));
#8048=CARTESIAN_POINT('Ctrl Pts',(7.26401414535176,195.336221509199,-7.27869584108946));
#8049=CARTESIAN_POINT('Ctrl Pts',(7.1850369077232,194.802396278994,-8.7072846718802));
#8050=CARTESIAN_POINT('Ctrl Pts',(7.10605967009466,193.314329437006,-9.04118959493551));
#8051=CARTESIAN_POINT('Ctrl Pts',(7.02708243246611,192.221299130719,-7.97764825892615));
#8052=CARTESIAN_POINT('Ctrl Pts',(6.94810519483755,192.514391153589,-6.48100785789677));
#8053=CARTESIAN_POINT('Ctrl Pts',(6.86912795720901,193.927849525777,-5.90832046153202));
#8054=CARTESIAN_POINT('Ctrl Pts',(6.79015071958046,195.180046003069,-6.7788601826946));
#8055=CARTESIAN_POINT('Ctrl Pts',(6.71117348195191,195.135573696815,-8.30328060955855));
#8056=CARTESIAN_POINT('Ctrl Pts',(6.63219624432336,193.834757079883,-9.09934062801099));
#8057=CARTESIAN_POINT('Ctrl Pts',(6.55321900669481,192.457088487957,-8.44522697222599));
#8058=CARTESIAN_POINT('Ctrl Pts',(6.47424176906626,192.251744418428,-6.93404556783636));
#8059=CARTESIAN_POINT('Ctrl Pts',(6.39526453143771,193.404916954819,-5.93603328074879));
#8060=CARTESIAN_POINT('Ctrl Pts',(6.31628729380916,194.870987406002,-6.35612000516587));
#8061=CARTESIAN_POINT('Ctrl Pts',(6.23731005618061,195.320622460707,-7.813399573898));
#8062=CARTESIAN_POINT('Ctrl Pts',(6.15833281855206,194.346123528698,-8.98650965201365));
#8063=CARTESIAN_POINT('Ctrl Pts',(6.07935558092352,192.831100187585,-8.81175353696509));
#8064=CARTESIAN_POINT('Ctrl Pts',(6.00037834329496,192.14927291108,-7.44758822847887));
#8065=CARTESIAN_POINT('Ctrl Pts',(5.92140110566642,192.918876457587,-6.13094636180918));
#8066=CARTESIAN_POINT('Ctrl Pts',(5.84242386803786,194.442086496756,-6.05566953642681));
#8067=CARTESIAN_POINT('Ctrl Pts',(5.76344663040932,195.337759411992,-7.29001367514002));
#8068=CARTESIAN_POINT('Ctrl Pts',(5.68446939278076,194.793759714674,-8.71475917984652));
#8069=CARTESIAN_POINT('Ctrl Pts',(5.60549215515222,193.303349456691,-9.03804339963428));
#8070=CARTESIAN_POINT('Ctrl Pts',(5.52651491752366,192.217931636308,-7.96673411699968));
#8071=CARTESIAN_POINT('Ctrl Pts',(5.44753767989512,192.521689560758,-6.47222197345659));
#8072=CARTESIAN_POINT('Ctrl Pts',(5.36856044226656,193.939196133608,-5.9096292790596));
#8073=CARTESIAN_POINT('Ctrl Pts',(5.28958320463802,195.185152476682,-6.78907695517086));
#8074=CARTESIAN_POINT('Ctrl Pts',(5.21060596700946,195.129809832067,-8.3131414602199));
#8075=CARTESIAN_POINT('Ctrl Pts',(5.13162872938092,193.823349158638,-9.09990440587062));
#8076=CARTESIAN_POINT('Ctrl Pts',(5.05265149175236,192.450380439943,-8.43598248173467));
#8077=CARTESIAN_POINT('Ctrl Pts',(4.97367425412382,192.255818646896,-6.92337508635807));
#8078=CARTESIAN_POINT('Ctrl Pts',(4.89469701649527,193.416079225555,-5.93361207761498));
#8079=CARTESIAN_POINT('Ctrl Pts',(4.81571977886672,194.879116528509,-6.36414346326639));
#8080=CARTESIAN_POINT('Ctrl Pts',(4.73674254123817,195.318347497708,-7.82459256527047));
#8081=CARTESIAN_POINT('Ctrl Pts',(4.65776530360962,194.335507262436,-8.9907231307834));
#8082=CARTESIAN_POINT('Ctrl Pts',(4.57878806598107,192.821768728714,-8.80516700615633));
#8083=CARTESIAN_POINT('Ctrl Pts',(4.49981082835252,192.149687393986,-7.43617390783352));
#8084=CARTESIAN_POINT('Ctrl Pts',(4.42083359072397,192.928661057283,-6.12505398348378));
#8085=CARTESIAN_POINT('Ctrl Pts',(4.34185635309542,194.452369201425,-6.06064190991958));
#8086=CARTESIAN_POINT('Ctrl Pts',(4.26287911546687,195.339216562103,-7.30134218873229));
#8087=CARTESIAN_POINT('Ctrl Pts',(4.18390187783833,194.785070065119,-8.72217190625769));
#8088=CARTESIAN_POINT('Ctrl Pts',(4.10492464020976,193.292392192999,-9.03481897902587));
#8089=CARTESIAN_POINT('Ctrl Pts',(4.02594740258122,192.214642061836,-7.9557962394672));
#8090=CARTESIAN_POINT('Ctrl Pts',(3.94697016495267,192.529050439984,-6.46348835668548));
#8091=CARTESIAN_POINT('Ctrl Pts',(3.86799292732412,193.950533117489,-5.9110189916302));
#8092=CARTESIAN_POINT('Ctrl Pts',(3.78901568969558,195.190185962197,-6.79932986545329));
#8093=CARTESIAN_POINT('Ctrl Pts',(3.71003845206702,195.123975784472,-8.32296099453019));
#8094=CARTESIAN_POINT('Ctrl Pts',(3.63106121443848,193.811937519846,-9.10038673233239));
#8095=CARTESIAN_POINT('Ctrl Pts',(3.55208397680992,192.443738463531,-8.42669055298445));
#8096=CARTESIAN_POINT('Ctrl Pts',(3.47310673918138,192.259968922788,-6.91273359400955));
#8097=CARTESIAN_POINT('Ctrl Pts',(3.39412950155282,193.427258368995,-5.93127123001987));
#8098=CARTESIAN_POINT('Ctrl Pts',(3.31515226392427,194.887188450028,-6.3722232818902));
#8099=CARTESIAN_POINT('Ctrl Pts',(3.23617502629573,195.315992309019,-7.83577192471063));
#8100=CARTESIAN_POINT('Ctrl Pts',(3.15719778866718,194.324862157457,-8.99485491724996));
#8101=CARTESIAN_POINT('Ctrl Pts',(3.07822055103863,192.812482559764,-8.79852609267332));
#8102=CARTESIAN_POINT('Ctrl Pts',(2.99924331341008,192.150187188076,-7.42473833197342));
#8103=CARTESIAN_POINT('Ctrl Pts',(2.92026607578153,192.938479424483,-6.11928157112397));
#8104=CARTESIAN_POINT('Ctrl Pts',(2.84128883815298,194.462632532481,-6.06558530251574));
#8105=CARTESIAN_POINT('Ctrl Pts',(2.76231160052442,195.340559507009,-7.31288950815663));
#8106=CARTESIAN_POINT('Ctrl Pts',(2.68333436289588,194.776395935916,-8.72909612040406));
#8107=CARTESIAN_POINT('Ctrl Pts',(2.60435712526733,193.281321886841,-9.03239244157619));
#8108=CARTESIAN_POINT('Ctrl Pts',(2.52537988763878,192.211721707807,-7.94302364735322));
#8109=CARTESIAN_POINT('Ctrl Pts',(2.47272839588641,192.42850606855,-6.95443873692307));
#8110=CARTESIAN_POINT('Ctrl Pts',(2.44640265001023,192.721543700043,-6.6142057705893));
#8111=CARTESIAN_POINT('Ctrl Pts',(10.1607920499693,193.423414936469,-8.72159831625561));
#8112=CARTESIAN_POINT('Ctrl Pts',(10.1344663040931,193.019286906114,-8.61355774619914));
#8113=CARTESIAN_POINT('Ctrl Pts',(10.0818148123408,192.333519409466,-7.96648839869205));
#8114=CARTESIAN_POINT('Ctrl Pts',(10.0028375747122,192.584912061413,-6.56661249312916));
#8115=CARTESIAN_POINT('Ctrl Pts',(9.92386033708365,193.894796080429,-6.01526170895859));
#8116=CARTESIAN_POINT('Ctrl Pts',(9.84488309945512,195.072386856744,-6.80910562064844));
#8117=CARTESIAN_POINT('Ctrl Pts',(9.76590586182656,195.051417199098,-8.22992460483634));
#8118=CARTESIAN_POINT('Ctrl Pts',(9.68692862419802,193.850170575485,-8.98864341854593));
#8119=CARTESIAN_POINT('Ctrl Pts',(9.60795138656947,192.558213613504,-8.39768565781103));
#8120=CARTESIAN_POINT('Ctrl Pts',(9.52897414894091,192.34683020446,-6.99270648853577));
#8121=CARTESIAN_POINT('Ctrl Pts',(9.44999691131237,193.407774241026,-6.04773651124836));
#8122=CARTESIAN_POINT('Ctrl Pts',(9.37101967368381,194.779011597493,-6.41956602500197));
#8123=CARTESIAN_POINT('Ctrl Pts',(9.29204243605527,195.217217744404,-7.77106698321275));
#8124=CARTESIAN_POINT('Ctrl Pts',(9.21306519842671,194.32504698309,-8.87677927331369));
#8125=CARTESIAN_POINT('Ctrl Pts',(9.13408796079817,192.911464216031,-8.73412315434291));
#8126=CARTESIAN_POINT('Ctrl Pts',(9.05511072316962,192.258208066388,-7.47244697139159));
#8127=CARTESIAN_POINT('Ctrl Pts',(8.97613348554107,192.957608113353,-6.23575441825908));
#8128=CARTESIAN_POINT('Ctrl Pts',(8.89715624791251,194.375495222603,-6.14539386367623));
#8129=CARTESIAN_POINT('Ctrl Pts',(8.81817901028398,195.226225754764,-7.28329843354339));
#8130=CARTESIAN_POINT('Ctrl Pts',(8.73920177265542,194.7384147891,-8.61769324704224));
#8131=CARTESIAN_POINT('Ctrl Pts',(8.66022453502687,193.354376312204,-8.93863960775574));
#8132=CARTESIAN_POINT('Ctrl Pts',(8.58124729739832,192.329062568117,-7.95512507511581));
#8133=CARTESIAN_POINT('Ctrl Pts',(8.50227005976977,192.592158577981,-6.55893397952516));
#8134=CARTESIAN_POINT('Ctrl Pts',(8.42329282214122,193.905106705369,-6.01603776075587));
#8135=CARTESIAN_POINT('Ctrl Pts',(8.34431558451267,195.077414587127,-6.81869791528008));
#8136=CARTESIAN_POINT('Ctrl Pts',(8.26533834688413,195.046112896076,-8.23911661923135));
#8137=CARTESIAN_POINT('Ctrl Pts',(8.18636110925556,193.839583884892,-8.98935447233245));
#8138=CARTESIAN_POINT('Ctrl Pts',(8.10738387162703,192.551826278954,-8.38914664187365));
#8139=CARTESIAN_POINT('Ctrl Pts',(8.02840663399847,192.350491388171,-6.98272090518905));
#8140=CARTESIAN_POINT('Ctrl Pts',(7.94942939636992,193.418136044422,-6.04532878919097));
#8141=CARTESIAN_POINT('Ctrl Pts',(7.87045215874137,194.786692441053,-6.42693392597939));
#8142=CARTESIAN_POINT('Ctrl Pts',(7.79147492111283,195.215246401693,-7.78152264362176));
#8143=CARTESIAN_POINT('Ctrl Pts',(7.71249768348427,194.315214243289,-8.88084571032989));
#8144=CARTESIAN_POINT('Ctrl Pts',(7.63352044585573,192.90268412068,-8.72811148402847));
#8145=CARTESIAN_POINT('Ctrl Pts',(7.55454320822717,192.258442604285,-7.46180900842926));
#8146=CARTESIAN_POINT('Ctrl Pts',(7.47556597059863,192.966644232893,-6.23013553530648));
#8147=CARTESIAN_POINT('Ctrl Pts',(7.39658873297007,194.385139773333,-6.14988908423017));
#8148=CARTESIAN_POINT('Ctrl Pts',(7.31761149534153,195.227733618651,-7.29383169773399));
#8149=CARTESIAN_POINT('Ctrl Pts',(7.23863425771298,194.730418782997,-8.62471375313791));
#8150=CARTESIAN_POINT('Ctrl Pts',(7.15965702008443,193.344126650118,-8.93578161306187));
#8151=CARTESIAN_POINT('Ctrl Pts',(7.08067978245588,192.325852959819,-7.9449800270718));
#8152=CARTESIAN_POINT('Ctrl Pts',(7.00170254482732,192.598899273364,-6.55070071437411));
#8153=CARTESIAN_POINT('Ctrl Pts',(6.92272530719878,193.915685701384,-6.01718164804069));
#8154=CARTESIAN_POINT('Ctrl Pts',(6.84374806957023,195.082239565973,-6.8281817541876));
#8155=CARTESIAN_POINT('Ctrl Pts',(6.76477083194168,195.040808894613,-8.24834110814351));
#8156=CARTESIAN_POINT('Ctrl Pts',(6.68579359431313,193.828960211821,-8.98995546963648));
#8157=CARTESIAN_POINT('Ctrl Pts',(6.60681635668459,192.545515761067,-8.38057920411084));
#8158=CARTESIAN_POINT('Ctrl Pts',(6.52783911905602,192.354215975272,-6.97275340412259));
#8159=CARTESIAN_POINT('Ctrl Pts',(6.44886188142749,193.428518533425,-6.04299907920444));
#8160=CARTESIAN_POINT('Ctrl Pts',(6.36988464379892,194.794318694663,-6.43435443015635));
#8161=CARTESIAN_POINT('Ctrl Pts',(6.29090740617039,195.213201450072,-7.79196495176377));
#8162=CARTESIAN_POINT('Ctrl Pts',(6.21193016854183,194.30535230995,-8.8848414452146));
#8163=CARTESIAN_POINT('Ctrl Pts',(6.13295293091329,192.893947338311,-8.72203758410538));
#8164=CARTESIAN_POINT('Ctrl Pts',(6.05397569328473,192.258752894936,-7.45117287444367));
#8165=CARTESIAN_POINT('Ctrl Pts',(5.97499845565618,192.975720246035,-6.22458129261372));
#8166=CARTESIAN_POINT('Ctrl Pts',(5.89602121802763,194.394751995442,-6.15445294362353));
#8167=CARTESIAN_POINT('Ctrl Pts',(5.81704398039908,195.229166338259,-7.30437546086535));
#8168=CARTESIAN_POINT('Ctrl Pts',(5.73806674277053,194.722372907076,-8.63167705028187));
#8169=CARTESIAN_POINT('Ctrl Pts',(5.65908950514198,193.333897633585,-8.93285059835774));
#8170=CARTESIAN_POINT('Ctrl Pts',(5.58011226751344,192.322715781517,-7.93481234598189));
#8171=CARTESIAN_POINT('Ctrl Pts',(5.50113502988488,192.605698513933,-6.54251573092032));
#8172=CARTESIAN_POINT('Ctrl Pts',(5.42215779225634,193.926256270345,-6.01840095042057));
#8173=CARTESIAN_POINT('Ctrl Pts',(5.34318055462778,195.086996787892,-6.83769976165045));
#8174=CARTESIAN_POINT('Ctrl Pts',(5.26420331699923,195.03543924311,-8.25752753667589));
#8175=CARTESIAN_POINT('Ctrl Pts',(5.18522607937069,193.818332522911,-8.99048068852413));
#8176=CARTESIAN_POINT('Ctrl Pts',(5.10624884174214,192.539266502683,-8.37196698046673));
#8177=CARTESIAN_POINT('Ctrl Pts',(5.02727160411359,192.358011551326,-6.9628127185902));
#8178=CARTESIAN_POINT('Ctrl Pts',(4.94829436648504,193.438917372825,-6.04074347161895));
#8179=CARTESIAN_POINT('Ctrl Pts',(4.86931712885649,194.8018918347,-6.44182913258866));
#8180=CARTESIAN_POINT('Ctrl Pts',(4.79033989122794,195.211082080687,-7.80239241069586));
#8181=CARTESIAN_POINT('Ctrl Pts',(4.71136265359939,194.295462131643,-8.88876674769815));
#8182=CARTESIAN_POINT('Ctrl Pts',(4.63238541597084,192.885254094395,-8.71590153188951));
#8183=CARTESIAN_POINT('Ctrl Pts',(4.55340817834229,192.259139029736,-7.44053922381298));
#8184=CARTESIAN_POINT('Ctrl Pts',(4.47443094071374,192.984835638705,-6.21909191707899));
#8185=CARTESIAN_POINT('Ctrl Pts',(4.39545370308519,194.404331425738,-6.15908523705302));
#8186=CARTESIAN_POINT('Ctrl Pts',(4.31647646545664,195.230523828177,-7.31492917312278));
#8187=CARTESIAN_POINT('Ctrl Pts',(4.23749922782809,194.714277576628,-8.6385827913528));
#8188=CARTESIAN_POINT('Ctrl Pts',(4.15852199019954,193.323689779995,-8.92984670848102));
#8189=CARTESIAN_POINT('Ctrl Pts',(4.079544752571,192.319651193903,-7.92462255265688));
#8190=CARTESIAN_POINT('Ctrl Pts',(4.00056751494244,192.612555953851,-6.53437944034537));
#8191=CARTESIAN_POINT('Ctrl Pts',(3.9215902773139,193.936817873574,-6.01969561511521));
#8192=CARTESIAN_POINT('Ctrl Pts',(3.84261303968534,195.091686013653,-6.84725143531361));
#8193=CARTESIAN_POINT('Ctrl Pts',(3.7636358020568,195.030004208839,-8.26667547464399));
#8194=CARTESIAN_POINT('Ctrl Pts',(3.68465856442824,193.807701370711,-8.99093002679346));
#8195=CARTESIAN_POINT('Ctrl Pts',(3.60568132679969,192.533078797005,-8.36331056305171));
#8196=CARTESIAN_POINT('Ctrl Pts',(3.52670408917115,192.361877973624,-6.95289903950767));
#8197=CARTESIAN_POINT('Ctrl Pts',(3.44772685154259,193.449331930939,-6.03856272374271));
#8198=CARTESIAN_POINT('Ctrl Pts',(3.36874961391405,194.809411685949,-6.44935634082771));
#8199=CARTESIAN_POINT('Ctrl Pts',(3.2897723762855,195.208887972559,-7.81280717003678));
#8200=CARTESIAN_POINT('Ctrl Pts',(3.21079513865694,194.285545087013,-8.89261594513452));
#8201=CARTESIAN_POINT('Ctrl Pts',(3.1318179010284,192.876603042845,-8.7097148164431));
#8202=CARTESIAN_POINT('Ctrl Pts',(3.05284066339984,192.259604640954,-7.42988577169478));
#8203=CARTESIAN_POINT('Ctrl Pts',(2.9738634257713,192.993982489385,-6.21371430256846));
#8204=CARTESIAN_POINT('Ctrl Pts',(2.89488618814274,194.413892807458,-6.1636905317027));
#8205=CARTESIAN_POINT('Ctrl Pts',(2.8159089505142,195.231774923831,-7.32568672622597));
#8206=CARTESIAN_POINT('Ctrl Pts',(2.73693171288565,194.706196705034,-8.64503343142261));
#8207=CARTESIAN_POINT('Ctrl Pts',(2.6579544752571,193.313376615356,-8.92758613141437));
#8208=CARTESIAN_POINT('Ctrl Pts',(2.57897723762855,192.316930574304,-7.91272352805365));
#8209=CARTESIAN_POINT('Ctrl Pts',(2.52632574587618,192.51888820507,-6.99175180464579));
#8210=CARTESIAN_POINT('Ctrl Pts',(2.5,192.791883847278,-6.67478870106347));
#8211=CARTESIAN_POINT('Ctrl Pts',(9.55658032638063,192.486767617428,-7.49911623466079));
#8212=CARTESIAN_POINT('Ctrl Pts',(9.54737826723407,192.485807277248,-7.35254729963118));
#8213=CARTESIAN_POINT('Ctrl Pts',(9.53817620808751,192.509391358993,-7.20627724094496));
#8214=CARTESIAN_POINT('Ctrl Pts',(9.52897414894096,192.558884778728,-7.06937468720044));
#8215=CARTESIAN_POINT('Ctrl Pts',(9.50264840306477,192.700478216649,-6.67771649610668));
#8216=CARTESIAN_POINT('Ctrl Pts',(9.47632265718859,193.054126228838,-6.36272650367756));
#8217=CARTESIAN_POINT('Ctrl Pts',(9.44999691131241,193.459489794343,-6.2672030930886));
#8218=CARTESIAN_POINT('Ctrl Pts',(9.42367116543622,193.864853359848,-6.17167968249964));
#8219=CARTESIAN_POINT('Ctrl Pts',(9.39734541956003,194.321932478671,-6.29562285375084));
#8220=CARTESIAN_POINT('Ctrl Pts',(9.37101967368385,194.6235063959,-6.58284459907822));
#8221=CARTESIAN_POINT('Ctrl Pts',(9.34469392780767,194.92508031313,-6.8700663444056));
#8222=CARTESIAN_POINT('Ctrl Pts',(9.31836818193149,195.071149028767,-7.32056666380917));
#8223=CARTESIAN_POINT('Ctrl Pts',(9.29204243605531,194.9954882597,-7.73010220519443));
#8224=CARTESIAN_POINT('Ctrl Pts',(9.26571669017913,194.919827490633,-8.13963774657969));
#8225=CARTESIAN_POINT('Ctrl Pts',(9.23939094430294,194.622437236861,-8.50820850994665));
#8226=CARTESIAN_POINT('Ctrl Pts',(9.21306519842676,194.238144982133,-8.66871787180167));
#8227=CARTESIAN_POINT('Ctrl Pts',(9.18673945255057,193.853852727404,-8.82922723365669));
#8228=CARTESIAN_POINT('Ctrl Pts',(9.16041370667439,193.382658471717,-8.78167519399977));
#8229=CARTESIAN_POINT('Ctrl Pts',(9.13408796079821,193.038185318934,-8.5476198103461));
#8230=CARTESIAN_POINT('Ctrl Pts',(9.10825208265902,192.700122099779,-8.31791971378136));
#8231=CARTESIAN_POINT('Ctrl Pts',(9.08241620451982,192.484107825576,-7.90859257923111));
#8232=CARTESIAN_POINT('Ctrl Pts',(9.05658032638063,192.483454990578,-7.49985874661124));
#8233=CARTESIAN_POINT('Ctrl Pts',(10.,193.351486158143,-8.99064942821855));
#8234=CARTESIAN_POINT('Ctrl Pts',(10.,193.293718606007,-8.96954140243291));
#8235=CARTESIAN_POINT('Ctrl Pts',(10.,193.237533888897,-8.94477504712017));
#8236=CARTESIAN_POINT('Ctrl Pts',(10.,193.183132575909,-8.91665668839495));
#8237=CARTESIAN_POINT('Ctrl Pts',(10.,193.129350793538,-8.88885854591416));
#8238=CARTESIAN_POINT('Ctrl Pts',(10.,193.077311364923,-8.85778322872092));
#8239=CARTESIAN_POINT('Ctrl Pts',(10.,193.027240175075,-8.82368186856761));
#8240=CARTESIAN_POINT('Ctrl Pts',(10.,192.989182094027,-8.79776212644674));
#8241=CARTESIAN_POINT('Ctrl Pts',(10.,192.952261678483,-8.77009317171511));
#8242=CARTESIAN_POINT('Ctrl Pts',(10.,192.916594257149,-8.74077323316362));
#8243=CARTESIAN_POINT('Ctrl Pts',(10.,192.897661355059,-8.72520968791379));
#8244=CARTESIAN_POINT('Ctrl Pts',(10.,192.879081761566,-8.70918080105981));
#8245=CARTESIAN_POINT('Ctrl Pts',(10.,192.860874612597,-8.69270046170553));
#8246=CARTESIAN_POINT('Ctrl Pts',(10.,192.852999926268,-8.6855726294882));
#8247=CARTESIAN_POINT('Ctrl Pts',(10.,192.84519470123,-8.6783599969926));
#8248=CARTESIAN_POINT('Ctrl Pts',(10.,192.837471441978,-8.67107431936483));
#8249=CARTESIAN_POINT('Ctrl Pts',(10.,192.794393663964,-8.63043722649107));
#8250=CARTESIAN_POINT('Ctrl Pts',(10.,192.753776048214,-8.5874531938023));
#8251=CARTESIAN_POINT('Ctrl Pts',(10.,192.715825225975,-8.5423635220903));
#8252=CARTESIAN_POINT('Ctrl Pts',(10.,192.678646137637,-8.49819075352128));
#8253=CARTESIAN_POINT('Ctrl Pts',(10.,192.644026042783,-8.45199616935691));
#8254=CARTESIAN_POINT('Ctrl Pts',(10.,192.612202195704,-8.40398355167791));
#8255=CARTESIAN_POINT('Ctrl Pts',(10.,192.588707766942,-8.36853752207152));
#8256=CARTESIAN_POINT('Ctrl Pts',(10.,192.566738231113,-8.33210007462099));
#8257=CARTESIAN_POINT('Ctrl Pts',(10.,192.546406705869,-8.2947492187707));
#8258=CARTESIAN_POINT('Ctrl Pts',(10.,192.536020638661,-8.27566907133928));
#8259=CARTESIAN_POINT('Ctrl Pts',(10.,192.526062271018,-8.25635053389869));
#8260=CARTESIAN_POINT('Ctrl Pts',(10.,192.516548371974,-8.23680392055645));
#8261=CARTESIAN_POINT('Ctrl Pts',(10.,192.511564948642,-8.22656531611677));
#8262=CARTESIAN_POINT('Ctrl Pts',(10.,192.506707004514,-8.21627119860893));
#8263=CARTESIAN_POINT('Ctrl Pts',(10.,192.501979650634,-8.20593051477571));
#8264=CARTESIAN_POINT('Ctrl Pts',(10.,192.478809924891,-8.15524871381948));
#8265=CARTESIAN_POINT('Ctrl Pts',(10.,192.458746788555,-8.10339500669129));
#8266=CARTESIAN_POINT('Ctrl Pts',(10.,192.442003273014,-8.05056010670451));
#8267=CARTESIAN_POINT('Ctrl Pts',(10.,192.430383494766,-8.01389338518584));
#8268=CARTESIAN_POINT('Ctrl Pts',(10.,192.42036344181,-7.97675372324512));
#8269=CARTESIAN_POINT('Ctrl Pts',(10.,192.412029021339,-7.93920276224334));
#8270=CARTESIAN_POINT('Ctrl Pts',(10.,192.400067789909,-7.8853111045625));
#8271=CARTESIAN_POINT('Ctrl Pts',(10.,192.391576887388,-7.83057130051406));
#8272=CARTESIAN_POINT('Ctrl Pts',(10.,192.38649981664,-7.77529885097643));
#8273=CARTESIAN_POINT('Ctrl Pts',(10.,192.385010768147,-7.75908805506505));
#8274=CARTESIAN_POINT('Ctrl Pts',(10.,192.383815662082,-7.74283153096656));
#8275=CARTESIAN_POINT('Ctrl Pts',(10.,192.382913774505,-7.72653752004511));
#8276=CARTESIAN_POINT('Ctrl Pts',(10.,192.382221758523,-7.7140351680247));
#8277=CARTESIAN_POINT('Ctrl Pts',(10.,192.381702435064,-7.70150762204886));
#8278=CARTESIAN_POINT('Ctrl Pts',(10.,192.381355857506,-7.68898348248779));
#8279=CARTESIAN_POINT('Ctrl Pts',(10.,192.379815999176,-7.63333821586052));
#8280=CARTESIAN_POINT('Ctrl Pts',(10.,192.381674743864,-7.57766149294243));
#8281=CARTESIAN_POINT('Ctrl Pts',(10.,192.386824414713,-7.52227050189661));
#8282=CARTESIAN_POINT('Ctrl Pts',(10.,192.391970104983,-7.46692232682352));
#8283=CARTESIAN_POINT('Ctrl Pts',(10.,192.400402098098,-7.41185829990323));
#8284=CARTESIAN_POINT('Ctrl Pts',(10.,192.412062246581,-7.35741013715001));
#8285=CARTESIAN_POINT('Ctrl Pts',(10.,192.419294157018,-7.32364004948563));
#8286=CARTESIAN_POINT('Ctrl Pts',(10.,192.427768813487,-7.29010724042865));
#8287=CARTESIAN_POINT('Ctrl Pts',(10.,192.437480719099,-7.2568967000637));
#8288=CARTESIAN_POINT('Ctrl Pts',(10.,192.442498198102,-7.23973907975342));
#8289=CARTESIAN_POINT('Ctrl Pts',(10.,192.447846008342,-7.222667562715));
#8290=CARTESIAN_POINT('Ctrl Pts',(10.,192.453523997714,-7.20569450230615));
#8291=CARTESIAN_POINT('Ctrl Pts',(10.,192.457660494894,-7.19332938290778));
#8292=CARTESIAN_POINT('Ctrl Pts',(10.,192.4619728888,-7.18101519343928));
#8293=CARTESIAN_POINT('Ctrl Pts',(10.,192.466453703427,-7.16877615354066));
#8294=CARTESIAN_POINT('Ctrl Pts',(10.,192.484887767927,-7.1184247621718));
#8295=CARTESIAN_POINT('Ctrl Pts',(10.,192.506193864993,-7.06926602292644));
#8296=CARTESIAN_POINT('Ctrl Pts',(10.,192.530327847672,-7.02161348051667));
#8297=CARTESIAN_POINT('Ctrl Pts',(10.,192.546407613385,-6.98986398737521));
#8298=CARTESIAN_POINT('Ctrl Pts',(10.,192.563743574453,-6.9587836531412));
#8299=CARTESIAN_POINT('Ctrl Pts',(10.,192.582331584151,-6.92847454533484));
#8300=CARTESIAN_POINT('Ctrl Pts',(10.,192.590982747215,-6.91436819192668));
#8301=CARTESIAN_POINT('Ctrl Pts',(10.,192.599907815405,-6.9004254788115));
#8302=CARTESIAN_POINT('Ctrl Pts',(10.,192.609090615933,-6.88668059587513));
#8303=CARTESIAN_POINT('Ctrl Pts',(10.,192.637552948066,-6.84407796914367));
#8304=CARTESIAN_POINT('Ctrl Pts',(10.,192.668513315187,-6.80333013605153));
#8305=CARTESIAN_POINT('Ctrl Pts',(10.,192.701948104779,-6.76473798366636));
#8306=CARTESIAN_POINT('Ctrl Pts',(10.,192.719757701915,-6.74418123140387));
#8307=CARTESIAN_POINT('Ctrl Pts',(10.,192.738269916292,-6.72423676170732));
#8308=CARTESIAN_POINT('Ctrl Pts',(10.,192.757484543553,-6.70495515264491));
#8309=CARTESIAN_POINT('Ctrl Pts',(10.,192.768126241178,-6.69427635827789));
#8310=CARTESIAN_POINT('Ctrl Pts',(10.,192.77898343773,-6.68380095872012));
#8311=CARTESIAN_POINT('Ctrl Pts',(10.,192.790048854683,-6.67353203327039));
#8312=CARTESIAN_POINT('Origin',(2.5,193.75,-112.5));
#8313=CARTESIAN_POINT('',(2.50000000000001,192.4855,-112.5));
#8314=CARTESIAN_POINT('Origin',(2.5,193.75,-112.5));
#8315=CARTESIAN_POINT('Origin',(2.5,193.75,-112.5));
#8316=CARTESIAN_POINT('Ctrl Pts',(2.5,192.791883847278,-111.674788701063));
#8317=CARTESIAN_POINT('Ctrl Pts',(2.5,192.75470504491,-111.709508761414));
#8318=CARTESIAN_POINT('Ctrl Pts',(2.5,192.719911023261,-111.746541039621));
#8319=CARTESIAN_POINT('Ctrl Pts',(2.5,192.687514614067,-111.785572097964));
#8320=CARTESIAN_POINT('Ctrl Pts',(2.5,192.664797083579,-111.812942083709));
#8321=CARTESIAN_POINT('Ctrl Pts',(2.5,192.643258976739,-111.841296029386));
#8322=CARTESIAN_POINT('Ctrl Pts',(2.5,192.622912574801,-111.870538143958));
#8323=CARTESIAN_POINT('Ctrl Pts',(2.5,192.615000906346,-111.881908897181));
#8324=CARTESIAN_POINT('Ctrl Pts',(2.5,192.607269503363,-111.89341404006));
#8325=CARTESIAN_POINT('Ctrl Pts',(2.5,192.599719390655,-111.905048281195));
#8326=CARTESIAN_POINT('Ctrl Pts',(2.5,192.593377586483,-111.914820596103));
#8327=CARTESIAN_POINT('Ctrl Pts',(2.5,192.587165779527,-111.92468091558));
#8328=CARTESIAN_POINT('Ctrl Pts',(2.5,192.581088566872,-111.93461883756));
#8329=CARTESIAN_POINT('Ctrl Pts',(2.5,192.553071058103,-111.980435206353));
#8330=CARTESIAN_POINT('Ctrl Pts',(2.5,192.52788339637,-112.027940736149));
#8331=CARTESIAN_POINT('Ctrl Pts',(2.5,192.505561085417,-112.076809509251));
#8332=CARTESIAN_POINT('Ctrl Pts',(2.5,192.489390739772,-112.112210187701));
#8333=CARTESIAN_POINT('Ctrl Pts',(2.5,192.474724641477,-112.148327287494));
#8334=CARTESIAN_POINT('Ctrl Pts',(2.5,192.461588634407,-112.185048383813));
#8335=CARTESIAN_POINT('Ctrl Pts',(2.5,192.457908589199,-112.195335778898));
#8336=CARTESIAN_POINT('Ctrl Pts',(2.5,192.454349404413,-112.205668928527));
#8337=CARTESIAN_POINT('Ctrl Pts',(2.5,192.45091513701,-112.216034128434));
#8338=CARTESIAN_POINT('Ctrl Pts',(2.5,192.432926757951,-112.270326099067));
#8339=CARTESIAN_POINT('Ctrl Pts',(2.5,192.418331914121,-112.325577039113));
#8340=CARTESIAN_POINT('Ctrl Pts',(2.5,192.407168988148,-112.381417433598));
#8341=CARTESIAN_POINT('Ctrl Pts',(2.5,192.396268762747,-112.435943718894));
#8342=CARTESIAN_POINT('Ctrl Pts',(2.5,192.388640504979,-112.49103328244));
#8343=CARTESIAN_POINT('Ctrl Pts',(2.5,192.384364137815,-112.546371910517));
#8344=CARTESIAN_POINT('Ctrl Pts',(2.5,192.382148657384,-112.575041489831));
#8345=CARTESIAN_POINT('Ctrl Pts',(2.5,192.380833590764,-112.603778299378));
#8346=CARTESIAN_POINT('Ctrl Pts',(2.5,192.380435329471,-112.632540264474));
#8347=CARTESIAN_POINT('Ctrl Pts',(2.5,192.380196437485,-112.649792764574));
#8348=CARTESIAN_POINT('Ctrl Pts',(2.5,192.380287488383,-112.667054330819));
#8349=CARTESIAN_POINT('Ctrl Pts',(2.5,192.380712698977,-112.6843159476));
#8350=CARTESIAN_POINT('Ctrl Pts',(2.5,192.380938150294,-112.693468246024));
#8351=CARTESIAN_POINT('Ctrl Pts',(2.5,192.381257605416,-112.702621747829));
#8352=CARTESIAN_POINT('Ctrl Pts',(2.5,192.38167158254,-112.711771393248));
#8353=CARTESIAN_POINT('Ctrl Pts',(2.5,192.384381776696,-112.771671600599));
#8354=CARTESIAN_POINT('Ctrl Pts',(2.5,192.391124846069,-112.831126505479));
#8355=CARTESIAN_POINT('Ctrl Pts',(2.5,192.401970546235,-112.889751432986));
#8356=CARTESIAN_POINT('Ctrl Pts',(2.5,192.411905699546,-112.9434545258));
#8357=CARTESIAN_POINT('Ctrl Pts',(2.5,192.425283240102,-112.996462533269));
#8358=CARTESIAN_POINT('Ctrl Pts',(2.5,192.441852481705,-113.048579358235));
#8359=CARTESIAN_POINT('Ctrl Pts',(2.5,192.458154605994,-113.099855993492));
#8360=CARTESIAN_POINT('Ctrl Pts',(2.5,192.477546902317,-113.150270651638));
#8361=CARTESIAN_POINT('Ctrl Pts',(2.5,192.499837070659,-113.199632058075));
#8362=CARTESIAN_POINT('Ctrl Pts',(2.5,192.504222791703,-113.209344203612));
#8363=CARTESIAN_POINT('Ctrl Pts',(2.5,192.508720829278,-113.219015541722));
#8364=CARTESIAN_POINT('Ctrl Pts',(2.5,192.513329906938,-113.228644558133));
#8365=CARTESIAN_POINT('Ctrl Pts',(2.5,192.517470663282,-113.237295184948));
#8366=CARTESIAN_POINT('Ctrl Pts',(2.5,192.521699546203,-113.24590839987));
#8367=CARTESIAN_POINT('Ctrl Pts',(2.5,192.526011508797,-113.254475666186));
#8368=CARTESIAN_POINT('Ctrl Pts',(2.5,192.551903553383,-113.30591953579));
#8369=CARTESIAN_POINT('Ctrl Pts',(2.5,192.580825189182,-113.355787695653));
#8370=CARTESIAN_POINT('Ctrl Pts',(2.5,192.612494961305,-113.403867553954));
#8371=CARTESIAN_POINT('Ctrl Pts',(2.5,192.644846520351,-113.452982475549));
#8372=CARTESIAN_POINT('Ctrl Pts',(2.5,192.680066216758,-113.500232214111));
#8373=CARTESIAN_POINT('Ctrl Pts',(2.5,192.717907737822,-113.545380019824));
#8374=CARTESIAN_POINT('Ctrl Pts',(2.5,192.757003482931,-113.592024209985));
#8375=CARTESIAN_POINT('Ctrl Pts',(2.5,192.798898153498,-113.636426059688));
#8376=CARTESIAN_POINT('Ctrl Pts',(2.5,192.843370606112,-113.678296934737));
#8377=CARTESIAN_POINT('Ctrl Pts',(2.5,192.851616031339,-113.686060013882));
#8378=CARTESIAN_POINT('Ctrl Pts',(2.5,192.859951282223,-113.693736827774));
#8379=CARTESIAN_POINT('Ctrl Pts',(2.5,192.868361341341,-113.701313394678));
#8380=CARTESIAN_POINT('Ctrl Pts',(2.5,192.913572082136,-113.742043453482));
#8381=CARTESIAN_POINT('Ctrl Pts',(2.5,192.961025942329,-113.779959951337));
#8382=CARTESIAN_POINT('Ctrl Pts',(2.5,193.010453558511,-113.814822291265));
#8383=CARTESIAN_POINT('Ctrl Pts',(2.5,193.059422024362,-113.849360782783));
#8384=CARTESIAN_POINT('Ctrl Pts',(2.5,193.110328478371,-113.880902513081));
#8385=CARTESIAN_POINT('Ctrl Pts',(2.5,193.162952787942,-113.909185946934));
#8386=CARTESIAN_POINT('Ctrl Pts',(2.5,193.207210616978,-113.93297273654));
#8387=CARTESIAN_POINT('Ctrl Pts',(2.5,193.252684417034,-113.954454742918));
#8388=CARTESIAN_POINT('Ctrl Pts',(2.5,193.299260839113,-113.97345380597));
#8389=CARTESIAN_POINT('Ctrl Pts',(2.5,193.316195554073,-113.980361672717));
#8390=CARTESIAN_POINT('Ctrl Pts',(2.5,193.333276164916,-113.98694106474));
#8391=CARTESIAN_POINT('Ctrl Pts',(2.5,193.350494215542,-113.993193805166));
#8392=CARTESIAN_POINT('Ctrl Pts',(2.5,194.148513841857,-113.990649428219));
#8393=CARTESIAN_POINT('Ctrl Pts',(2.5,194.206192264151,-113.96957397011));
#8394=CARTESIAN_POINT('Ctrl Pts',(2.5,194.262366741023,-113.944822113375));
#8395=CARTESIAN_POINT('Ctrl Pts',(2.5,194.316819818973,-113.916676235616));
#8396=CARTESIAN_POINT('Ctrl Pts',(2.5,194.368201581422,-113.890117869047));
#8397=CARTESIAN_POINT('Ctrl Pts',(2.5,194.418050954745,-113.860536420659));
#8398=CARTESIAN_POINT('Ctrl Pts',(2.5,194.46615535882,-113.828136686314));
#8399=CARTESIAN_POINT('Ctrl Pts',(2.5,194.475955532693,-113.821535980285));
#8400=CARTESIAN_POINT('Ctrl Pts',(2.5,194.485682131771,-113.814818826989));
#8401=CARTESIAN_POINT('Ctrl Pts',(2.5,194.495325358655,-113.807992757284));
#8402=CARTESIAN_POINT('Ctrl Pts',(2.5,194.544461769893,-113.773210980172));
#8403=CARTESIAN_POINT('Ctrl Pts',(2.5,194.59149500528,-113.735565271982));
#8404=CARTESIAN_POINT('Ctrl Pts',(2.5,194.63619657523,-113.695302517998));
#8405=CARTESIAN_POINT('Ctrl Pts',(2.5,194.664060913512,-113.670205077385));
#8406=CARTESIAN_POINT('Ctrl Pts',(2.5,194.691018529388,-113.644090039062));
#8407=CARTESIAN_POINT('Ctrl Pts',(2.5,194.717005304822,-113.617011861306));
#8408=CARTESIAN_POINT('Ctrl Pts',(2.5,194.725213197296,-113.608459250692));
#8409=CARTESIAN_POINT('Ctrl Pts',(2.5,194.733324182653,-113.599810533291));
#8410=CARTESIAN_POINT('Ctrl Pts',(2.5,194.741336081564,-113.591067366691));
#8411=CARTESIAN_POINT('Ctrl Pts',(2.5,194.748653915813,-113.583081613912));
#8412=CARTESIAN_POINT('Ctrl Pts',(2.5,194.755886288495,-113.575020036843));
#8413=CARTESIAN_POINT('Ctrl Pts',(2.5,194.763026512935,-113.566890186725));
#8414=CARTESIAN_POINT('Ctrl Pts',(2.5,194.802600621935,-113.521831158469));
#8415=CARTESIAN_POINT('Ctrl Pts',(2.5,194.839398815173,-113.474622078452));
#8416=CARTESIAN_POINT('Ctrl Pts',(2.5,194.873195117669,-113.425508032611));
#8417=CARTESIAN_POINT('Ctrl Pts',(2.5,194.905514174662,-113.378540774968));
#8418=CARTESIAN_POINT('Ctrl Pts',(2.5,194.935088266109,-113.32983043987));
#8419=CARTESIAN_POINT('Ctrl Pts',(2.5,194.96167380404,-113.279572934039));
#8420=CARTESIAN_POINT('Ctrl Pts',(2.5,194.976447882541,-113.251643902159));
#8421=CARTESIAN_POINT('Ctrl Pts',(2.5,194.990298178025,-113.223236820599));
#8422=CARTESIAN_POINT('Ctrl Pts',(2.5,195.003175930511,-113.194384310746));
#8423=CARTESIAN_POINT('Ctrl Pts',(2.5,195.014161376492,-113.16977149972));
#8424=CARTESIAN_POINT('Ctrl Pts',(2.5,195.02443902426,-113.144834525005));
#8425=CARTESIAN_POINT('Ctrl Pts',(2.5,195.033975452242,-113.119593653659));
#8426=CARTESIAN_POINT('Ctrl Pts',(2.5,195.037487562705,-113.110297853543));
#8427=CARTESIAN_POINT('Ctrl Pts',(2.5,195.04089858485,-113.100961969668));
#8428=CARTESIAN_POINT('Ctrl Pts',(2.5,195.044202976831,-113.091598764242));
#8429=CARTESIAN_POINT('Ctrl Pts',(2.5,195.061857084618,-113.041574723874));
#8430=CARTESIAN_POINT('Ctrl Pts',(2.5,195.076505321968,-112.990682142245));
#8431=CARTESIAN_POINT('Ctrl Pts',(2.5,195.087957342504,-112.939085326085));
#8432=CARTESIAN_POINT('Ctrl Pts',(2.5,195.100203279744,-112.883911536408));
#8433=CARTESIAN_POINT('Ctrl Pts',(2.5,195.108794796119,-112.827931451079));
#8434=CARTESIAN_POINT('Ctrl Pts',(2.5,195.11382301767,-112.771481059845));
#8435=CARTESIAN_POINT('Ctrl Pts',(2.5,195.118113551869,-112.723312471467));
#8436=CARTESIAN_POINT('Ctrl Pts',(2.5,195.119808555528,-112.674800998366));
#8437=CARTESIAN_POINT('Ctrl Pts',(2.5,195.118935794825,-112.626163699586));
#8438=CARTESIAN_POINT('Ctrl Pts',(2.5,195.118726359023,-112.614492239488));
#8439=CARTESIAN_POINT('Ctrl Pts',(2.5,195.118368945868,-112.602813590962));
#8440=CARTESIAN_POINT('Ctrl Pts',(2.5,195.117863732018,-112.591130875872));
#8441=CARTESIAN_POINT('Ctrl Pts',(2.5,195.117437194798,-112.581267502543));
#8442=CARTESIAN_POINT('Ctrl Pts',(2.5,195.116905250162,-112.571402097035));
#8443=CARTESIAN_POINT('Ctrl Pts',(2.5,195.116269132242,-112.56154954847));
#8444=CARTESIAN_POINT('Ctrl Pts',(2.5,195.112693122764,-112.506162322397));
#8445=CARTESIAN_POINT('Ctrl Pts',(2.5,195.105825038288,-112.451071083881));
#8446=CARTESIAN_POINT('Ctrl Pts',(2.5,195.09576235073,-112.39659020686));
#8447=CARTESIAN_POINT('Ctrl Pts',(2.5,195.085756783401,-112.342418587197));
#8448=CARTESIAN_POINT('Ctrl Pts',(2.5,195.072592280725,-112.288849328714));
#8449=CARTESIAN_POINT('Ctrl Pts',(2.5,195.056317890049,-112.236211686413));
#8450=CARTESIAN_POINT('Ctrl Pts',(2.5,195.040674440755,-112.185614751345));
#8451=CARTESIAN_POINT('Ctrl Pts',(2.5,195.022156954034,-112.135877876631));
#8452=CARTESIAN_POINT('Ctrl Pts',(2.5,195.000774042151,-112.087325058116));
#8453=CARTESIAN_POINT('Ctrl Pts',(2.5,194.99673357258,-112.078150620749));
#8454=CARTESIAN_POINT('Ctrl Pts',(2.5,194.992590412993,-112.069018194466));
#8455=CARTESIAN_POINT('Ctrl Pts',(2.5,194.988351280532,-112.059943908713));
#8456=CARTESIAN_POINT('Ctrl Pts',(2.5,194.965861863167,-112.011803068236));
#8457=CARTESIAN_POINT('Ctrl Pts',(2.5,194.940632853875,-111.96519918343));
#8458=CARTESIAN_POINT('Ctrl Pts',(2.5,194.912719553045,-111.920427296417));
#8459=CARTESIAN_POINT('Ctrl Pts',(2.5,194.885777558227,-111.877213347798));
#8460=CARTESIAN_POINT('Ctrl Pts',(2.5,194.856334247619,-111.83570547396));
#8461=CARTESIAN_POINT('Ctrl Pts',(2.5,194.824406274677,-111.796202978818));
#8462=CARTESIAN_POINT('Ctrl Pts',(2.5,194.798722910141,-111.76442654927));
#8463=CARTESIAN_POINT('Ctrl Pts',(2.5,194.771431069341,-111.733948249043));
#8464=CARTESIAN_POINT('Ctrl Pts',(2.5,194.74252658505,-111.704944876643));
#8465=CARTESIAN_POINT('Ctrl Pts',(2.5,194.731888178956,-111.694270074402));
#8466=CARTESIAN_POINT('Ctrl Pts',(2.5,194.721031206625,-111.683795284852));
#8467=CARTESIAN_POINT('Ctrl Pts',(2.5,194.709962649084,-111.673524027567));
#8468=CARTESIAN_POINT('Origin',(11.1042117235887,193.75,-112.5));
#8469=CARTESIAN_POINT('Ctrl Pts',(9.85421172358873,192.205286927645,-112.499052564927));
#8470=CARTESIAN_POINT('Ctrl Pts',(9.85110218221086,192.204844911561,-112.438950991557));
#8471=CARTESIAN_POINT('Ctrl Pts',(9.8216668949568,192.235234391821,-111.870461645604));
#8472=CARTESIAN_POINT('Ctrl Pts',(9.76590586182656,192.93987156195,-110.869364734273));
#8473=CARTESIAN_POINT('Ctrl Pts',(9.68692862419801,194.672541889341,-110.930387172299));
#8474=CARTESIAN_POINT('Ctrl Pts',(9.60795138656946,195.568672028673,-112.414446137646));
#8475=CARTESIAN_POINT('Ctrl Pts',(9.52897414894091,194.815773726427,-113.976167120688));
#8476=CARTESIAN_POINT('Ctrl Pts',(9.44999691131236,193.096494387441,-114.19935767765));
#8477=CARTESIAN_POINT('Ctrl Pts',(9.3917427695283,192.265418064503,-113.227449050934));
#8478=CARTESIAN_POINT('Ctrl Pts',(9.35981437362042,192.205641570574,-112.609905607687));
#8479=CARTESIAN_POINT('Ctrl Pts',(9.35421172358873,192.20662724907,-112.501352764974));
#8480=CARTESIAN_POINT('Ctrl Pts',(9.89578827641127,192.208621945222,-112.501444775522));
#8481=CARTESIAN_POINT('Ctrl Pts',(9.87787402585515,192.211121257894,-112.153504785498));
#8482=CARTESIAN_POINT('Ctrl Pts',(9.83363402942284,192.498517118572,-111.289427935371));
#8483=CARTESIAN_POINT('Ctrl Pts',(9.76306828711435,193.926688967124,-110.688184518224));
#8484=CARTESIAN_POINT('Ctrl Pts',(9.6840910494858,195.363661555881,-111.656952251409));
#8485=CARTESIAN_POINT('Ctrl Pts',(9.60511381185726,195.338067232413,-113.39068603662));
#8486=CARTESIAN_POINT('Ctrl Pts',(9.5261365742287,193.872236402889,-114.316542236017));
#8487=CARTESIAN_POINT('Ctrl Pts',(9.45636139574671,192.479396793211,-113.679431193863));
#8488=CARTESIAN_POINT('Ctrl Pts',(9.4129119631409,192.210705800028,-112.831739019464));
#8489=CARTESIAN_POINT('Ctrl Pts',(9.39578827641127,192.208525358913,-112.49892126428));
#8490=CARTESIAN_POINT('Ctrl Pts',(10.,194.708116152722,-111.674788701063));
#8491=CARTESIAN_POINT('Ctrl Pts',(9.97367425412382,194.98111179493,-111.991751804646));
#8492=CARTESIAN_POINT('Ctrl Pts',(9.92102276237145,195.182936668153,-112.912868672477));
#8493=CARTESIAN_POINT('Ctrl Pts',(9.8420455247429,194.186670247537,-113.927560130276));
#8494=CARTESIAN_POINT('Ctrl Pts',(9.76306828711435,192.79376894535,-113.645080508223));
#8495=CARTESIAN_POINT('Ctrl Pts',(9.6840910494858,192.268213714947,-112.325666270018));
#8496=CARTESIAN_POINT('Ctrl Pts',(9.60511381185725,193.086093707119,-111.16368224659));
#8497=CARTESIAN_POINT('Ctrl Pts',(9.52613657422871,194.506029954032,-111.213690589353));
#8498=CARTESIAN_POINT('Ctrl Pts',(9.44715933660015,195.240415282085,-112.429887972167));
#8499=CARTESIAN_POINT('Ctrl Pts',(9.36818209897161,194.623409512033,-113.709729957298));
#8500=CARTESIAN_POINT('Ctrl Pts',(9.28920486134305,193.214447279922,-113.89263628217));
#8501=CARTESIAN_POINT('Ctrl Pts',(9.2102276237145,192.291091763497,-112.812811039687));
#8502=CARTESIAN_POINT('Ctrl Pts',(9.13125038608596,192.69057351413,-111.449341953662));
#8503=CARTESIAN_POINT('Ctrl Pts',(9.0522731484574,194.050672273827,-111.038542215357));
#8504=CARTESIAN_POINT('Ctrl Pts',(8.97329591082886,195.138141371417,-111.952891483607));
#8505=CARTESIAN_POINT('Ctrl Pts',(8.8943186732003,194.96693816931,-113.363322561005));
#8506=CARTESIAN_POINT('Ctrl Pts',(8.81534143557176,193.692297824046,-113.99095082955));
#8507=CARTESIAN_POINT('Ctrl Pts',(8.7363641979432,192.469977948037,-113.26668615244));
#8508=CARTESIAN_POINT('Ctrl Pts',(8.65738696031466,192.408295282946,-111.847242340919));
#8509=CARTESIAN_POINT('Ctrl Pts',(8.57840972268611,193.563179522183,-111.019674976891));
#8510=CARTESIAN_POINT('Ctrl Pts',(8.49943248505756,194.887459902284,-111.534365980765));
#8511=CARTESIAN_POINT('Ctrl Pts',(8.42045524742901,195.18036874536,-112.92462847129));
#8512=CARTESIAN_POINT('Ctrl Pts',(8.34147800980046,194.176316162837,-113.92986664109));
#8513=CARTESIAN_POINT('Ctrl Pts',(8.2625007721719,192.785708981199,-113.63859866319));
#8514=CARTESIAN_POINT('Ctrl Pts',(8.18352353454336,192.269455533109,-112.314926593296));
#8515=CARTESIAN_POINT('Ctrl Pts',(8.10454629691481,193.095659452786,-111.159066544463));
#8516=CARTESIAN_POINT('Ctrl Pts',(8.02556905928626,194.515175027798,-111.219074061057));
#8517=CARTESIAN_POINT('Ctrl Pts',(7.94659182165771,195.240881753081,-112.44053839491));
#8518=CARTESIAN_POINT('Ctrl Pts',(7.86761458402916,194.614757960288,-113.715918481738));
#8519=CARTESIAN_POINT('Ctrl Pts',(7.78863734640061,193.204530264536,-113.888786107305));
#8520=CARTESIAN_POINT('Ctrl Pts',(7.70966010877206,192.288897551618,-112.802396626091));
#8521=CARTESIAN_POINT('Ctrl Pts',(7.63068287114351,192.698093501776,-111.441814381533));
#8522=CARTESIAN_POINT('Ctrl Pts',(7.55170563351496,194.061086963712,-111.040723129372));
#8523=CARTESIAN_POINT('Ctrl Pts',(7.47272839588642,195.142007853194,-111.962805230122));
#8524=CARTESIAN_POINT('Ctrl Pts',(7.39375115825786,194.960750375117,-113.371979135813));
#8525=CARTESIAN_POINT('Ctrl Pts',(7.31477392062931,193.681666524523,-113.990501466041));
#8526=CARTESIAN_POINT('Ctrl Pts',(7.23579668300076,192.464542837681,-113.257538096719));
#8527=CARTESIAN_POINT('Ctrl Pts',(7.15681944537222,192.41298457418,-111.837690529089));
#8528=CARTESIAN_POINT('Ctrl Pts',(7.07784220774367,193.573741272617,-111.018380296715));
#8529=CARTESIAN_POINT('Ctrl Pts',(6.99886497011512,194.894317437796,-111.542502383451));
#8530=CARTESIAN_POINT('Ctrl Pts',(6.91988773248656,195.177304115032,-112.934818407329));
#8531=CARTESIAN_POINT('Ctrl Pts',(6.84091049485802,194.166108166942,-113.932870572502));
#8532=CARTESIAN_POINT('Ctrl Pts',(6.76193325722946,192.777613537905,-113.631692826024));
#8533=CARTESIAN_POINT('Ctrl Pts',(6.68295601960092,192.270813041948,-112.304372733831));
#8534=CARTESIAN_POINT('Ctrl Pts',(6.60397878197237,193.105239016621,-111.154434186503));
#8535=CARTESIAN_POINT('Ctrl Pts',(6.52500154434382,194.524290547537,-111.224563513092));
#8536=CARTESIAN_POINT('Ctrl Pts',(6.44602430671527,195.241267893264,-112.451172193786));
#8537=CARTESIAN_POINT('Ctrl Pts',(6.36704706908672,194.606064595187,-113.722054619486));
#8538=CARTESIAN_POINT('Ctrl Pts',(6.28806983145817,193.194639948359,-113.884860750105));
#8539=CARTESIAN_POINT('Ctrl Pts',(6.20909259382962,192.286778152688,-112.791969021797));
#8540=CARTESIAN_POINT('Ctrl Pts',(6.13011535620107,192.705666747383,-111.434339574903));
#8541=CARTESIAN_POINT('Ctrl Pts',(6.05113811857252,194.071485948073,-111.042978768401));
#8542=CARTESIAN_POINT('Ctrl Pts',(5.97216088094397,195.145803482159,-111.972746054229));
#8543=CARTESIAN_POINT('Ctrl Pts',(5.89318364331542,194.954501029617,-113.380591479512));
#8544=CARTESIAN_POINT('Ctrl Pts',(5.81420640568687,193.671038687462,-113.989976239831));
#8545=CARTESIAN_POINT('Ctrl Pts',(5.73522916805832,192.459173111324,-113.248351540127));
#8546=CARTESIAN_POINT('Ctrl Pts',(5.65625193042977,192.417741862415,-111.828172388944));
#8547=CARTESIAN_POINT('Ctrl Pts',(5.57727469280122,193.584311988933,-111.017160977338));
#8548=CARTESIAN_POINT('Ctrl Pts',(5.49829745517267,194.901116773146,-111.550687481005));
#8549=CARTESIAN_POINT('Ctrl Pts',(5.41932021754412,195.174166892997,-112.944986230158));
#8550=CARTESIAN_POINT('Ctrl Pts',(5.34034297991558,194.155879007815,-113.935801628065));
#8551=CARTESIAN_POINT('Ctrl Pts',(5.26136574228702,192.769567549823,-113.62472943181));
#8552=CARTESIAN_POINT('Ctrl Pts',(5.18238850465847,192.272245781529,-112.293828823718));
#8553=CARTESIAN_POINT('Ctrl Pts',(5.10341126702992,193.114851372727,-111.149870263489));
#8554=CARTESIAN_POINT('Ctrl Pts',(5.02443402940138,194.5333666872,-111.230117833212));
#8555=CARTESIAN_POINT('Ctrl Pts',(4.94545679177282,195.241578188241,-112.461808476041));
#8556=CARTESIAN_POINT('Ctrl Pts',(4.86647955414428,194.597327691026,-113.72812860408));
#8557=CARTESIAN_POINT('Ctrl Pts',(4.78750231651573,193.184777877543,-113.880864959518));
#8558=CARTESIAN_POINT('Ctrl Pts',(4.70852507888718,192.28473317256,-112.781526568089));
#8559=CARTESIAN_POINT('Ctrl Pts',(4.62954784125863,192.713293107305,-111.426918967282));
#8560=CARTESIAN_POINT('Ctrl Pts',(4.55057060363008,194.081868581808,-111.045308510866));
#8561=CARTESIAN_POINT('Ctrl Pts',(4.47159336600153,195.149528121185,-111.982713694239));
#8562=CARTESIAN_POINT('Ctrl Pts',(4.39261612837298,194.948190423755,-113.389159036715));
#8563=CARTESIAN_POINT('Ctrl Pts',(4.31363889074443,193.660414866309,-113.989375234131));
#8564=CARTESIAN_POINT('Ctrl Pts',(4.23466165311588,192.453869035897,-113.23912692266));
#8565=CARTESIAN_POINT('Ctrl Pts',(4.15568441548733,192.422566908573,-111.81868841776));
#8566=CARTESIAN_POINT('Ctrl Pts',(4.07670717785878,193.59489113232,-111.016017074247));
#8567=CARTESIAN_POINT('Ctrl Pts',(3.99772994023023,194.907857562691,-111.558920860652));
#8568=CARTESIAN_POINT('Ctrl Pts',(3.91875270260168,195.170957239576,-112.955131420173));
#8569=CARTESIAN_POINT('Ctrl Pts',(3.83977546497313,194.145629203585,-113.938659661517));
#8570=CARTESIAN_POINT('Ctrl Pts',(3.76079822734458,192.761571430829,-113.617708829983));
#8571=CARTESIAN_POINT('Ctrl Pts',(3.68182098971603,192.273753669175,-112.28329540849));
#8572=CARTESIAN_POINT('Ctrl Pts',(3.60284375208748,193.124496052661,-111.145374988523));
#8573=CARTESIAN_POINT('Ctrl Pts',(3.52386651445893,194.542402942672,-111.235736778321));
#8574=CARTESIAN_POINT('Ctrl Pts',(3.44488927683039,195.241812710583,-112.472446618908));
#8575=CARTESIAN_POINT('Ctrl Pts',(3.36591203920183,194.588547508542,-113.73414029659));
#8576=CARTESIAN_POINT('Ctrl Pts',(3.28693480157329,193.174944935269,-113.876798585512));
#8577=CARTESIAN_POINT('Ctrl Pts',(3.20795756394473,192.282761922197,-112.771070530198));
#8578=CARTESIAN_POINT('Ctrl Pts',(3.12898032631619,192.72097384177,-111.419551410401));
#8579=CARTESIAN_POINT('Ctrl Pts',(3.05000308868764,194.092230911774,-111.047715408941));
#8580=CARTESIAN_POINT('Ctrl Pts',(2.97102585105909,195.153188698857,-111.992701053923));
#8581=CARTESIAN_POINT('Ctrl Pts',(2.89204861343054,194.941804085793,-113.39769506549));
#8582=CARTESIAN_POINT('Ctrl Pts',(2.81307137580199,193.649826343491,-113.988670020473));
#8583=CARTESIAN_POINT('Ctrl Pts',(2.73409413817344,192.448566991669,-113.229923851255));
#8584=CARTESIAN_POINT('Ctrl Pts',(2.65511690054489,192.427592231153,-111.809116119112));
#8585=CARTESIAN_POINT('Ctrl Pts',(2.57613966291634,193.605202066931,-111.015203462164));
#8586=CARTESIAN_POINT('Ctrl Pts',(2.49716242528779,194.915112004133,-111.566660378821));
#8587=CARTESIAN_POINT('Ctrl Pts',(2.41818518765924,195.166452694086,-112.966293685423));
#8588=CARTESIAN_POINT('Ctrl Pts',(2.36553369590687,194.480713093886,-113.613557746199));
#8589=CARTESIAN_POINT('Ctrl Pts',(2.33920795003069,194.076585063531,-113.721598316256));
#8590=CARTESIAN_POINT('Ctrl Pts',(10.0535973499898,194.778456299957,-111.614205770589));
#8591=CARTESIAN_POINT('Ctrl Pts',(10.0272716041136,195.07149393145,-111.954438736923));
#8592=CARTESIAN_POINT('Ctrl Pts',(9.97462011236122,195.288135788248,-112.943179447562));
#8593=CARTESIAN_POINT('Ctrl Pts',(9.89564287473267,194.218728416494,-114.032364531563));
#8594=CARTESIAN_POINT('Ctrl Pts',(9.81666563710412,192.723567192689,-113.729146653351));
#8595=CARTESIAN_POINT('Ctrl Pts',(9.73768839947557,192.159428297685,-112.312867550155));
#8596=CARTESIAN_POINT('Ctrl Pts',(9.65871116184702,193.037352992063,-111.065576409151));
#8597=CARTESIAN_POINT('Ctrl Pts',(9.57973392421848,194.561533932469,-111.119256117002));
#8598=CARTESIAN_POINT('Ctrl Pts',(9.50075668658991,195.349834197614,-112.424740693993));
#8599=CARTESIAN_POINT('Ctrl Pts',(9.42177944896138,194.687530916831,-113.798542345094));
#8600=CARTESIAN_POINT('Ctrl Pts',(9.34280221133282,193.175129649095,-113.99487674733));
#8601=CARTESIAN_POINT('Ctrl Pts',(9.26382497370427,192.183985939359,-112.835776078451));
#8602=CARTESIAN_POINT('Ctrl Pts',(9.18484773607573,192.612795663513,-111.37220783849));
#8603=CARTESIAN_POINT('Ctrl Pts',(9.10587049844717,194.072746144464,-110.93124921601));
#8604=CARTESIAN_POINT('Ctrl Pts',(9.02689326081863,195.24005184247,-111.912725483392));
#8605=CARTESIAN_POINT('Ctrl Pts',(8.94791602319007,195.056279748368,-113.426703431769));
#8606=CARTESIAN_POINT('Ctrl Pts',(8.86893878556153,193.688061615794,-114.100409062324));
#8607=CARTESIAN_POINT('Ctrl Pts',(8.78996154793297,192.376005062451,-113.322972456237));
#8608=CARTESIAN_POINT('Ctrl Pts',(8.71098431030443,192.309793961291,-111.799320103393));
#8609=CARTESIAN_POINT('Ctrl Pts',(8.63200707267587,193.549464087078,-110.91099683825));
#8610=CARTESIAN_POINT('Ctrl Pts',(8.55302983504733,194.970966580229,-111.46347390897));
#8611=CARTESIAN_POINT('Ctrl Pts',(8.47405259741877,195.285379341269,-112.955802592617));
#8612=CARTESIAN_POINT('Ctrl Pts',(8.39507535979024,194.207614186127,-114.034840374988));
#8613=CARTESIAN_POINT('Ctrl Pts',(8.31609812216168,192.714915505849,-113.722188943326));
#8614=CARTESIAN_POINT('Ctrl Pts',(8.23712088453313,192.160761283991,-112.301339419507));
#8615=CARTESIAN_POINT('Ctrl Pts',(8.15814364690458,193.047621007445,-111.060621845012));
#8616=CARTESIAN_POINT('Ctrl Pts',(8.07916640927603,194.571350392301,-111.125034816561));
#8617=CARTESIAN_POINT('Ctrl Pts',(8.00018917164749,195.350334914603,-112.436173018077));
#8618=CARTESIAN_POINT('Ctrl Pts',(7.92121193401893,194.678244210964,-113.805185200379));
#8619=CARTESIAN_POINT('Ctrl Pts',(7.84223469639039,193.164484575508,-113.990743911676));
#8620=CARTESIAN_POINT('Ctrl Pts',(7.76325745876183,192.181630639301,-112.824597090139));
#8621=CARTESIAN_POINT('Ctrl Pts',(7.68428022113329,192.620867731443,-111.364127629261));
#8622=CARTESIAN_POINT('Ctrl Pts',(7.60530298350473,194.083925429349,-110.933590241941));
#8623=CARTESIAN_POINT('Ctrl Pts',(7.52632574587619,195.244202182208,-111.923367048123));
#8624=CARTESIAN_POINT('Ctrl Pts',(7.44734850824763,195.049637676941,-113.435995529466));
#8625=CARTESIAN_POINT('Ctrl Pts',(7.36837127061909,193.676649818864,-114.099926708769));
#8626=CARTESIAN_POINT('Ctrl Pts',(7.28939403299053,192.370170933185,-113.31315279553));
#8627=CARTESIAN_POINT('Ctrl Pts',(7.21041679536199,192.314827517084,-111.789067044801));
#8628=CARTESIAN_POINT('Ctrl Pts',(7.13143955773344,193.56080122897,-110.909607109062));
#8629=CARTESIAN_POINT('Ctrl Pts',(7.05246232010488,194.978327562067,-111.472207646082));
#8630=CARTESIAN_POINT('Ctrl Pts',(6.97348508247634,195.282089720946,-112.966740623341));
#8631=CARTESIAN_POINT('Ctrl Pts',(6.89450784484779,194.196656769682,-114.038064840182));
#8632=CARTESIAN_POINT('Ctrl Pts',(6.81553060721923,192.706225735165,-113.714776113765));
#8633=CARTESIAN_POINT('Ctrl Pts',(6.73655336959069,192.162218454412,-112.2900107479));
#8634=CARTESIAN_POINT('Ctrl Pts',(6.65757613196214,193.057903855459,-111.055649402251));
#8635=CARTESIAN_POINT('Ctrl Pts',(6.57859889433359,194.581135128395,-111.130927277003));
#8636=CARTESIAN_POINT('Ctrl Pts',(6.49962165670504,195.350749403287,-112.447587497851));
#8637=CARTESIAN_POINT('Ctrl Pts',(6.42064441907649,194.668912622011,-113.811771822999));
#8638=CARTESIAN_POINT('Ctrl Pts',(6.34166718144794,193.153868161254,-113.986530374173));
#8639=CARTESIAN_POINT('Ctrl Pts',(6.26268994381939,192.179355644588,-112.813403942733));
#8640=CARTESIAN_POINT('Ctrl Pts',(6.18371270619085,192.628996967272,-111.356104059313));
#8641=CARTESIAN_POINT('Ctrl Pts',(6.10473546856228,194.095087855688,-110.936011478826));
#8642=CARTESIAN_POINT('Ctrl Pts',(6.02575823093374,195.248276467472,-111.93403767835));
#8643=CARTESIAN_POINT('Ctrl Pts',(5.94678099330519,195.042929535416,-113.445240148827));
#8644=CARTESIAN_POINT('Ctrl Pts',(5.86780375567664,193.665241738591,-114.099362923051));
#8645=CARTESIAN_POINT('Ctrl Pts',(5.78882651804809,192.364406988088,-113.303291807406));
#8646=CARTESIAN_POINT('Ctrl Pts',(5.70984928041954,192.319934061883,-111.778850129901));
#8647=CARTESIAN_POINT('Ctrl Pts',(5.63087204279099,193.572147994975,-110.908298273289));
#8648=CARTESIAN_POINT('Ctrl Pts',(5.55189480516244,194.985626070977,-111.480993652999));
#8649=CARTESIAN_POINT('Ctrl Pts',(5.4729175675339,195.278722179593,-112.977654917412));
#8650=CARTESIAN_POINT('Ctrl Pts',(5.39394032990534,194.185676636304,-114.041211079341));
#8651=CARTESIAN_POINT('Ctrl Pts',(5.3149630922768,192.69758905045,-113.707301501603));
#8652=CARTESIAN_POINT('Ctrl Pts',(5.23598585464824,192.163756378644,-112.278692756077));
#8653=CARTESIAN_POINT('Ctrl Pts',(5.15700861701969,193.068221903188,-111.050750418591));
#8654=CARTESIAN_POINT('Ctrl Pts',(5.07803137939115,194.590877593324,-111.136889367824));
#8655=CARTESIAN_POINT('Ctrl Pts',(4.99905414176259,195.351082478586,-112.459004643321));
#8656=CARTESIAN_POINT('Ctrl Pts',(4.92007690413405,194.659534297577,-113.818291729489));
#8657=CARTESIAN_POINT('Ctrl Pts',(4.8410996665055,193.143282065996,-113.982241232413));
#8658=CARTESIAN_POINT('Ctrl Pts',(4.76212242887695,192.177160532137,-112.802194855742));
#8659=CARTESIAN_POINT('Ctrl Pts',(4.6831451912484,192.637183216804,-111.348138667397));
#8660=CARTESIAN_POINT('Ctrl Pts',(4.60416795361985,194.10623273102,-110.938512259456));
#8661=CARTESIAN_POINT('Ctrl Pts',(4.5251907159913,195.252274551065,-111.94473709317));
#8662=CARTESIAN_POINT('Ctrl Pts',(4.44621347836275,195.036155636095,-113.454436693688));
#8663=CARTESIAN_POINT('Ctrl Pts',(4.36723624073419,193.653837969055,-114.098717794486));
#8664=CARTESIAN_POINT('Ctrl Pts',(4.28825900310566,192.358713513687,-113.293389964168));
#8665=CARTESIAN_POINT('Ctrl Pts',(4.2092817654771,192.325113339056,-111.768669892479));
#8666=CARTESIAN_POINT('Ctrl Pts',(4.13030452784855,193.583503806724,-110.907070390493));
#8667=CARTESIAN_POINT('Ctrl Pts',(4.05132729022,194.992861735938,-111.489831486641));
#8668=CARTESIAN_POINT('Ctrl Pts',(3.97235005259145,195.275276889298,-112.988544917081));
#8669=CARTESIAN_POINT('Ctrl Pts',(3.8933728149629,194.174674342164,-114.044278935468));
#8670=CARTESIAN_POINT('Ctrl Pts',(3.81439557733435,192.689005895964,-113.699765481927));
#8671=CARTESIAN_POINT('Ctrl Pts',(3.7354183397058,192.16537496794,-112.267386029622));
#8672=CARTESIAN_POINT('Ctrl Pts',(3.65644110207726,193.078574647802,-111.04592512278));
#8673=CARTESIAN_POINT('Ctrl Pts',(3.5774638644487,194.600577245963,-111.14292082808));
#8674=CARTESIAN_POINT('Ctrl Pts',(3.49848662682015,195.351334218398,-112.470423786));
#8675=CARTESIAN_POINT('Ctrl Pts',(3.4195093891916,194.650109517538,-113.824744770717));
#8676=CARTESIAN_POINT('Ctrl Pts',(3.34053215156306,193.132727237753,-113.977876325348));
#8677=CARTESIAN_POINT('Ctrl Pts',(3.2615549139345,192.175044562327,-112.790971187286));
#8678=CARTESIAN_POINT('Ctrl Pts',(3.18257767630596,192.64542783279,-111.340230220945));
#8679=CARTESIAN_POINT('Ctrl Pts',(3.1036004386774,194.117355811979,-110.941095860079));
#8680=CARTESIAN_POINT('Ctrl Pts',(3.02462320104886,195.256203870238,-111.955457675385));
#8681=CARTESIAN_POINT('Ctrl Pts',(2.9456459634203,195.0293004448,-113.46359939546));
#8682=CARTESIAN_POINT('Ctrl Pts',(2.86666872579176,193.642472089283,-114.09796080753));
#8683=CARTESIAN_POINT('Ctrl Pts',(2.78769148816321,192.353022219606,-113.283511248796));
#8684=CARTESIAN_POINT('Ctrl Pts',(2.70871425053466,192.330507595955,-111.758394843027));
#8685=CARTESIAN_POINT('Ctrl Pts',(2.62973701290611,193.594571719136,-110.906197047037));
#8686=CARTESIAN_POINT('Ctrl Pts',(2.55075977527756,195.000648762575,-111.49813920194));
#8687=CARTESIAN_POINT('Ctrl Pts',(2.47178253764901,195.270441642367,-113.000526660615));
#8688=CARTESIAN_POINT('Ctrl Pts',(2.41913104589664,194.534358433717,-113.695309646111));
#8689=CARTESIAN_POINT('Ctrl Pts',(2.39280530002046,194.100561322973,-113.811282020243));
#8690=CARTESIAN_POINT('Ctrl Pts',(10.1071946999795,194.848796447191,-111.553622840115));
#8691=CARTESIAN_POINT('Ctrl Pts',(10.0808689541034,195.16187606797,-111.9171256692));
#8692=CARTESIAN_POINT('Ctrl Pts',(10.028217462351,195.393334908343,-112.973490222647));
#8693=CARTESIAN_POINT('Ctrl Pts',(9.94924022472244,194.250786585451,-114.13716893285));
#8694=CARTESIAN_POINT('Ctrl Pts',(9.87026298709389,192.653365440028,-113.813212798478));
#8695=CARTESIAN_POINT('Ctrl Pts',(9.79128574946535,192.050642880422,-112.300068830292));
#8696=CARTESIAN_POINT('Ctrl Pts',(9.71230851183679,192.988612277006,-110.967470571712));
#8697=CARTESIAN_POINT('Ctrl Pts',(9.63333127420824,194.617037910905,-111.02482164465));
#8698=CARTESIAN_POINT('Ctrl Pts',(9.55435403657969,195.459253113143,-112.419593415819));
#8699=CARTESIAN_POINT('Ctrl Pts',(9.47537679895114,194.751652321629,-113.887354732891));
#8700=CARTESIAN_POINT('Ctrl Pts',(9.3963995613226,193.135812018268,-114.09711721249));
#8701=CARTESIAN_POINT('Ctrl Pts',(9.31742232369404,192.076880115222,-112.858741117215));
#8702=CARTESIAN_POINT('Ctrl Pts',(9.23844508606549,192.535017812896,-111.295073723318));
#8703=CARTESIAN_POINT('Ctrl Pts',(9.15946784843694,194.094820015101,-110.823956216663));
#8704=CARTESIAN_POINT('Ctrl Pts',(9.08049061080839,195.341962313523,-111.872559483177));
#8705=CARTESIAN_POINT('Ctrl Pts',(9.00151337317985,195.145621327425,-113.490084302532));
#8706=CARTESIAN_POINT('Ctrl Pts',(8.92253613555129,193.683825407543,-114.209867295099));
#8707=CARTESIAN_POINT('Ctrl Pts',(8.84355889792274,192.282032176864,-113.379258760034));
#8708=CARTESIAN_POINT('Ctrl Pts',(8.7645816602942,192.211292639635,-111.751397865868));
#8709=CARTESIAN_POINT('Ctrl Pts',(8.68560442266565,193.535748651973,-110.802318699609));
#8710=CARTESIAN_POINT('Ctrl Pts',(8.60662718503709,195.054473258174,-111.392581837174));
#8711=CARTESIAN_POINT('Ctrl Pts',(8.52764994740855,195.390389937179,-112.986976713944));
#8712=CARTESIAN_POINT('Ctrl Pts',(8.44867270978,194.238912209416,-114.139814108887));
#8713=CARTESIAN_POINT('Ctrl Pts',(8.36969547215146,192.644122030501,-113.805779223463));
#8714=CARTESIAN_POINT('Ctrl Pts',(8.2907182345229,192.052067034873,-112.287752245718));
#8715=CARTESIAN_POINT('Ctrl Pts',(8.21174099689435,192.999582562105,-110.962177145561));
#8716=CARTESIAN_POINT('Ctrl Pts',(8.13276375926579,194.627525756804,-111.030995572065));
#8717=CARTESIAN_POINT('Ctrl Pts',(8.05378652163726,195.459788076125,-112.431807641243));
#8718=CARTESIAN_POINT('Ctrl Pts',(7.9748092840087,194.741730461641,-113.89445191902));
#8719=CARTESIAN_POINT('Ctrl Pts',(7.89583204638015,193.12443888648,-114.092701716048));
#8720=CARTESIAN_POINT('Ctrl Pts',(7.8168548087516,192.074363726984,-112.846797554187));
#8721=CARTESIAN_POINT('Ctrl Pts',(7.73787757112305,192.543641961111,-111.286440876989));
#8722=CARTESIAN_POINT('Ctrl Pts',(7.6589003334945,194.106763894986,-110.82645735451));
#8723=CARTESIAN_POINT('Ctrl Pts',(7.57992309586596,195.346396511222,-111.883928866125));
#8724=CARTESIAN_POINT('Ctrl Pts',(7.5009458582374,195.138524978765,-113.500011923119));
#8725=CARTESIAN_POINT('Ctrl Pts',(7.42196862060884,193.671633113204,-114.209351951498));
#8726=CARTESIAN_POINT('Ctrl Pts',(7.34299138298032,192.275799028688,-113.36876749434));
#8727=CARTESIAN_POINT('Ctrl Pts',(7.26401414535174,192.216670459989,-111.740443560512));
#8728=CARTESIAN_POINT('Ctrl Pts',(7.18503690772322,193.547861185323,-110.800833921408));
#8729=CARTESIAN_POINT('Ctrl Pts',(7.10605967009465,195.062337686339,-111.401912908713));
#8730=CARTESIAN_POINT('Ctrl Pts',(7.02708243246611,195.386875326861,-112.998662839353));
#8731=CARTESIAN_POINT('Ctrl Pts',(6.94810519483755,194.227205372422,-114.143259107861));
#8732=CARTESIAN_POINT('Ctrl Pts',(6.86912795720901,192.634837932425,-113.797859401507));
#8733=CARTESIAN_POINT('Ctrl Pts',(6.79015071958045,192.053623866876,-112.275648761969));
#8734=CARTESIAN_POINT('Ctrl Pts',(6.71117348195191,193.010568694296,-110.956864618));
#8735=CARTESIAN_POINT('Ctrl Pts',(6.63219624432336,194.637979709255,-111.037291040914));
#8736=CARTESIAN_POINT('Ctrl Pts',(6.55321900669481,195.460230913311,-112.444002801916));
#8737=CARTESIAN_POINT('Ctrl Pts',(6.47424176906626,194.731760648836,-113.901489026512));
#8738=CARTESIAN_POINT('Ctrl Pts',(6.39526453143771,193.113096374149,-114.088199998242));
#8739=CARTESIAN_POINT('Ctrl Pts',(6.31628729380915,192.071933136489,-112.834838863669));
#8740=CARTESIAN_POINT('Ctrl Pts',(6.23731005618061,192.55232718716,-111.277868543724));
#8741=CARTESIAN_POINT('Ctrl Pts',(6.15833281855205,194.118689763304,-110.829044189252));
#8742=CARTESIAN_POINT('Ctrl Pts',(6.07935558092351,195.350749452784,-111.895329302471));
#8743=CARTESIAN_POINT('Ctrl Pts',(6.00037834329496,195.131358041215,-113.509888818141));
#8744=CARTESIAN_POINT('Ctrl Pts',(5.92140110566641,193.65944478972,-114.20874960627));
#8745=CARTESIAN_POINT('Ctrl Pts',(5.84242386803786,192.269640864852,-113.358232074686));
#8746=CARTESIAN_POINT('Ctrl Pts',(5.76344663040931,192.222126261351,-111.729527870858));
#8747=CARTESIAN_POINT('Ctrl Pts',(5.68446939278076,193.559984001016,-110.79943556924));
#8748=CARTESIAN_POINT('Ctrl Pts',(5.60549215515221,195.070135368808,-111.411299824993));
#8749=CARTESIAN_POINT('Ctrl Pts',(5.52651491752366,195.383277466188,-113.010323604666));
#8750=CARTESIAN_POINT('Ctrl Pts',(5.44753767989511,194.215474264794,-114.146620530618));
#8751=CARTESIAN_POINT('Ctrl Pts',(5.36856044226656,192.625610551076,-113.789873571396));
#8752=CARTESIAN_POINT('Ctrl Pts',(5.28958320463801,192.055266975758,-112.263556688437));
#8753=CARTESIAN_POINT('Ctrl Pts',(5.21060596700946,193.021592433649,-110.951630573694));
#8754=CARTESIAN_POINT('Ctrl Pts',(5.13162872938092,194.648388499449,-111.043660902436));
#8755=CARTESIAN_POINT('Ctrl Pts',(5.05265149175236,195.460586768932,-112.456200810602));
#8756=CARTESIAN_POINT('Ctrl Pts',(4.97367425412382,194.721740904127,-113.908454854897));
#8757=CARTESIAN_POINT('Ctrl Pts',(4.89469701649527,193.101786254449,-114.083617505308));
#8758=CARTESIAN_POINT('Ctrl Pts',(4.81571977886672,192.069587891715,-112.822863143395));
#8759=CARTESIAN_POINT('Ctrl Pts',(4.73674254123817,192.561073326303,-111.269358367513));
#8760=CARTESIAN_POINT('Ctrl Pts',(4.65776530360962,194.130596880231,-110.831716008046));
#8761=CARTESIAN_POINT('Ctrl Pts',(4.57878806598107,195.355020980945,-111.906760492102));
#8762=CARTESIAN_POINT('Ctrl Pts',(4.49981082835252,195.124120848437,-113.51971435066));
#8763=CARTESIAN_POINT('Ctrl Pts',(4.42083359072397,193.647261071801,-114.208060354841));
#8764=CARTESIAN_POINT('Ctrl Pts',(4.34185635309542,192.263557991478,-113.347653005675));
#8765=CARTESIAN_POINT('Ctrl Pts',(4.26287911546687,192.227659769539,-111.718651367198));
#8766=CARTESIAN_POINT('Ctrl Pts',(4.18390187783832,193.572116481128,-110.798123706739));
#8767=CARTESIAN_POINT('Ctrl Pts',(4.10492464020977,195.077865909184,-111.420742112631));
#8768=CARTESIAN_POINT('Ctrl Pts',(4.02594740258122,195.379596539021,-113.021958413988));
#8769=CARTESIAN_POINT('Ctrl Pts',(3.94697016495267,194.203719480742,-114.149898209419));
#8770=CARTESIAN_POINT('Ctrl Pts',(3.86799292732412,192.616440361098,-113.781822133871));
#8771=CARTESIAN_POINT('Ctrl Pts',(3.78901568969557,192.056996266706,-112.251476650755));
#8772=CARTESIAN_POINT('Ctrl Pts',(3.71003845206702,193.032653242943,-110.946475257037));
#8773=CARTESIAN_POINT('Ctrl Pts',(3.63106121443847,194.658751549254,-111.05010487784));
#8774=CARTESIAN_POINT('Ctrl Pts',(3.55208397680992,195.460855726213,-112.468400953093));
#8775=CARTESIAN_POINT('Ctrl Pts',(3.47310673918137,194.711671526535,-113.915349244844));
#8776=CARTESIAN_POINT('Ctrl Pts',(3.39412950155283,193.090509540236,-114.078954065183));
#8777=CARTESIAN_POINT('Ctrl Pts',(3.31515226392427,192.067327202456,-112.810871844373));
#8778=CARTESIAN_POINT('Ctrl Pts',(3.23617502629572,192.56988182381,-111.260909031489));
#8779=CARTESIAN_POINT('Ctrl Pts',(3.15719778866718,194.142480712185,-110.834476311217));
#8780=CARTESIAN_POINT('Ctrl Pts',(3.07822055103863,195.359219041618,-111.918214296847));
#8781=CARTESIAN_POINT('Ctrl Pts',(2.99924331341008,195.116796803807,-113.529503725429));
#8782=CARTESIAN_POINT('Ctrl Pts',(2.92026607578153,193.635117835075,-114.207251594587));
#8783=CARTESIAN_POINT('Ctrl Pts',(2.84128883815298,192.257477447543,-113.337098646338));
#8784=CARTESIAN_POINT('Ctrl Pts',(2.76231160052443,192.233422960757,-111.707673566942));
#8785=CARTESIAN_POINT('Ctrl Pts',(2.68333436289588,193.583941371341,-110.797190631909));
#8786=CARTESIAN_POINT('Ctrl Pts',(2.60435712526733,195.086185521017,-111.429618025058));
#8787=CARTESIAN_POINT('Ctrl Pts',(2.52537988763878,195.374430590648,-113.034759635807));
#8788=CARTESIAN_POINT('Ctrl Pts',(2.47272839588641,194.588003773548,-113.777061546023));
#8789=CARTESIAN_POINT('Ctrl Pts',(2.44640265001023,194.124537582415,-113.900965724231));
#8790=CARTESIAN_POINT('Ctrl Pts',(10.1607920499693,194.919136594425,-111.493039909641));
#8791=CARTESIAN_POINT('Ctrl Pts',(10.1344663040931,195.25225820449,-111.879812601478));
#8792=CARTESIAN_POINT('Ctrl Pts',(10.0818148123408,195.498534028438,-113.003800997732));
#8793=CARTESIAN_POINT('Ctrl Pts',(10.0028375747122,194.282844754408,-114.241973334137));
#8794=CARTESIAN_POINT('Ctrl Pts',(9.92386033708365,192.583163687367,-113.897278943605));
#8795=CARTESIAN_POINT('Ctrl Pts',(9.84488309945512,191.941857463159,-112.287270110429));
#8796=CARTESIAN_POINT('Ctrl Pts',(9.76590586182656,192.93987156195,-110.869364734273));
#8797=CARTESIAN_POINT('Ctrl Pts',(9.68692862419801,194.672541889341,-110.930387172299));
#8798=CARTESIAN_POINT('Ctrl Pts',(9.60795138656946,195.568672028673,-112.414446137646));
#8799=CARTESIAN_POINT('Ctrl Pts',(9.52897414894091,194.815773726427,-113.976167120688));
#8800=CARTESIAN_POINT('Ctrl Pts',(9.44999691131236,193.096494387441,-114.19935767765));
#8801=CARTESIAN_POINT('Ctrl Pts',(9.37101967368381,191.969774291084,-112.88170615598));
#8802=CARTESIAN_POINT('Ctrl Pts',(9.29204243605526,192.45723996228,-111.217939608146));
#8803=CARTESIAN_POINT('Ctrl Pts',(9.21306519842672,194.116893885738,-110.716663217316));
#8804=CARTESIAN_POINT('Ctrl Pts',(9.13408796079816,195.443872784576,-111.832393482962));
#8805=CARTESIAN_POINT('Ctrl Pts',(9.05511072316962,195.234962906482,-113.553465173295));
#8806=CARTESIAN_POINT('Ctrl Pts',(8.97613348554107,193.679589199291,-114.319325527873));
#8807=CARTESIAN_POINT('Ctrl Pts',(8.89715624791251,192.188059291278,-113.435545063831));
#8808=CARTESIAN_POINT('Ctrl Pts',(8.81817901028397,192.11279131798,-111.703475628342));
#8809=CARTESIAN_POINT('Ctrl Pts',(8.73920177265542,193.522033216867,-110.693640560968));
#8810=CARTESIAN_POINT('Ctrl Pts',(8.66022453502686,195.13797993612,-111.321689765378));
#8811=CARTESIAN_POINT('Ctrl Pts',(8.58124729739832,195.495400533088,-113.018150835271));
#8812=CARTESIAN_POINT('Ctrl Pts',(8.50227005976976,194.270210232706,-114.244787842785));
#8813=CARTESIAN_POINT('Ctrl Pts',(8.42329282214122,192.573328555152,-113.889369503599));
#8814=CARTESIAN_POINT('Ctrl Pts',(8.34431558451267,191.943372785755,-112.27416507193));
#8815=CARTESIAN_POINT('Ctrl Pts',(8.26533834688412,192.951544116764,-110.863732446111));
#8816=CARTESIAN_POINT('Ctrl Pts',(8.18636110925556,194.683701121307,-110.936956327569));
#8817=CARTESIAN_POINT('Ctrl Pts',(8.10738387162703,195.569241237646,-112.42744226441));
#8818=CARTESIAN_POINT('Ctrl Pts',(8.02840663399847,194.805216712317,-113.983718637661));
#8819=CARTESIAN_POINT('Ctrl Pts',(7.94942939636992,193.084393197452,-114.19465952042));
#8820=CARTESIAN_POINT('Ctrl Pts',(7.87045215874137,191.967096814667,-112.868998018235));
#8821=CARTESIAN_POINT('Ctrl Pts',(7.79147492111282,192.466416190779,-111.208754124718));
#8822=CARTESIAN_POINT('Ctrl Pts',(7.71249768348427,194.129602360623,-110.719324467079));
#8823=CARTESIAN_POINT('Ctrl Pts',(7.63352044585572,195.448590840236,-111.844490684126));
#8824=CARTESIAN_POINT('Ctrl Pts',(7.55454320822717,195.22741228059,-113.564028316773));
#8825=CARTESIAN_POINT('Ctrl Pts',(7.47556597059862,193.666616407544,-114.318777194227));
#8826=CARTESIAN_POINT('Ctrl Pts',(7.39658873297008,192.181427124192,-113.42438219315));
#8827=CARTESIAN_POINT('Ctrl Pts',(7.31761149534152,192.118513402894,-111.691820076224));
#8828=CARTESIAN_POINT('Ctrl Pts',(7.23863425771298,193.534921141675,-110.692060733754));
#8829=CARTESIAN_POINT('Ctrl Pts',(7.15965702008443,195.146347810612,-111.331618171344));
#8830=CARTESIAN_POINT('Ctrl Pts',(7.08067978245588,195.491660932775,-113.030585055364));
#8831=CARTESIAN_POINT('Ctrl Pts',(7.00170254482732,194.257753975162,-114.248453375541));
#8832=CARTESIAN_POINT('Ctrl Pts',(6.92272530719878,192.563450129685,-113.880942689248));
#8833=CARTESIAN_POINT('Ctrl Pts',(6.84374806957022,191.94502927934,-112.261286776039));
#8834=CARTESIAN_POINT('Ctrl Pts',(6.76477083194168,192.963233533133,-110.858079833748));
#8835=CARTESIAN_POINT('Ctrl Pts',(6.68579359431313,194.694824290114,-110.943654804825));
#8836=CARTESIAN_POINT('Ctrl Pts',(6.60681635668458,195.569712423334,-112.440418105981));
#8837=CARTESIAN_POINT('Ctrl Pts',(6.52783911905603,194.794608675661,-113.991206230025));
#8838=CARTESIAN_POINT('Ctrl Pts',(6.44886188142748,193.072324587044,-114.18986962231));
#8839=CARTESIAN_POINT('Ctrl Pts',(6.36988464379893,191.964510628389,-112.856273784605));
#8840=CARTESIAN_POINT('Ctrl Pts',(6.29090740617038,192.475657407048,-111.199633028134));
#8841=CARTESIAN_POINT('Ctrl Pts',(6.21193016854183,194.142291670919,-110.722076899678));
#8842=CARTESIAN_POINT('Ctrl Pts',(6.13295293091328,195.453222438096,-111.856620926592));
#8843=CARTESIAN_POINT('Ctrl Pts',(6.05397569328473,195.219786547014,-113.574537487455));
#8844=CARTESIAN_POINT('Ctrl Pts',(5.97499845565618,193.653647840849,-114.31813628949));
#8845=CARTESIAN_POINT('Ctrl Pts',(5.89602121802764,192.174874741615,-113.413172341966));
#8846=CARTESIAN_POINT('Ctrl Pts',(5.81704398039908,192.124318460819,-111.680205611816));
#8847=CARTESIAN_POINT('Ctrl Pts',(5.73806674277054,193.547820007057,-110.69057286519));
#8848=CARTESIAN_POINT('Ctrl Pts',(5.65908950514198,195.154644666639,-111.341605996987));
#8849=CARTESIAN_POINT('Ctrl Pts',(5.58011226751343,195.487832752783,-113.04299229192));
#8850=CARTESIAN_POINT('Ctrl Pts',(5.50113502988489,194.245271893284,-114.252029981894));
#8851=CARTESIAN_POINT('Ctrl Pts',(5.42215779225633,192.553632051702,-113.872445641189));
#8852=CARTESIAN_POINT('Ctrl Pts',(5.34318055462779,191.946777572874,-112.248420620796));
#8853=CARTESIAN_POINT('Ctrl Pts',(5.26420331699923,192.97496296411,-110.852510728796));
#8854=CARTESIAN_POINT('Ctrl Pts',(5.18522607937069,194.705899405574,-110.950432437048));
#8855=CARTESIAN_POINT('Ctrl Pts',(5.10624884174214,195.570091059277,-112.453396977882));
#8856=CARTESIAN_POINT('Ctrl Pts',(5.02727160411358,194.783947510678,-113.998617980305));
#8857=CARTESIAN_POINT('Ctrl Pts',(4.94829436648504,193.060290442902,-114.184993778203));
#8858=CARTESIAN_POINT('Ctrl Pts',(4.86931712885649,191.962015251293,-112.843531431049));
#8859=CARTESIAN_POINT('Ctrl Pts',(4.79033989122794,192.484963435803,-111.190578067628));
#8860=CARTESIAN_POINT('Ctrl Pts',(4.71136265359939,194.154961029443,-110.724919756636));
#8861=CARTESIAN_POINT('Ctrl Pts',(4.63238541597084,195.457767410825,-111.868783891033));
#8862=CARTESIAN_POINT('Ctrl Pts',(4.55340817834229,195.212086060778,-113.584992007633));
#8863=CARTESIAN_POINT('Ctrl Pts',(4.47443094071373,193.640684174547,-114.317402915195));
#8864=CARTESIAN_POINT('Ctrl Pts',(4.3954537030852,192.168402469268,-113.401916047183));
#8865=CARTESIAN_POINT('Ctrl Pts',(4.31647646545663,192.130206200022,-111.668632841917));
#8866=CARTESIAN_POINT('Ctrl Pts',(4.23749922782809,193.560729155532,-110.689177022984));
#8867=CARTESIAN_POINT('Ctrl Pts',(4.15852199019954,195.16287008243,-111.351652738621));
#8868=CARTESIAN_POINT('Ctrl Pts',(4.07954475257099,195.483916188743,-113.055371910895));
#8869=CARTESIAN_POINT('Ctrl Pts',(4.00056751494244,194.232764619321,-114.25551748337));
#8870=CARTESIAN_POINT('Ctrl Pts',(3.92159027731389,192.543874826232,-113.863878785815));
#8871=CARTESIAN_POINT('Ctrl Pts',(3.84261303968534,191.948617565471,-112.235567271887));
#8872=CARTESIAN_POINT('Ctrl Pts',(3.7636358020568,192.986731838083,-110.847025391294));
#8873=CARTESIAN_POINT('Ctrl Pts',(3.68465856442824,194.716925852545,-110.957288927599));
#8874=CARTESIAN_POINT('Ctrl Pts',(3.60568132679969,195.570377234028,-112.466378120185));
#8875=CARTESIAN_POINT('Ctrl Pts',(3.52670408917114,194.773233535532,-114.005953718971));
#8876=CARTESIAN_POINT('Ctrl Pts',(3.4477268515426,193.04829184272,-114.180031805018));
#8877=CARTESIAN_POINT('Ctrl Pts',(3.36874961391404,191.959609842586,-112.83077250146));
#8878=CARTESIAN_POINT('Ctrl Pts',(3.28977237628549,192.49433581483,-111.181587842032));
#8879=CARTESIAN_POINT('Ctrl Pts',(3.21079513865695,194.16760561239,-110.727856762354));
#8880=CARTESIAN_POINT('Ctrl Pts',(3.13181790102839,195.462234212999,-111.88097091831));
#8881=CARTESIAN_POINT('Ctrl Pts',(3.05284066339985,195.204293162814,-113.595408055399));
#8882=CARTESIAN_POINT('Ctrl Pts',(2.9738634257713,193.627763580867,-114.316542381644));
#8883=CARTESIAN_POINT('Ctrl Pts',(2.89488618814275,192.16193267548,-113.39068604388));
#8884=CARTESIAN_POINT('Ctrl Pts',(2.8159089505142,192.136338325558,-111.656952290858));
#8885=CARTESIAN_POINT('Ctrl Pts',(2.73693171288565,193.573311023547,-110.688184216781));
#8886=CARTESIAN_POINT('Ctrl Pts',(2.6579544752571,195.17172227946,-111.361096848177));
#8887=CARTESIAN_POINT('Ctrl Pts',(2.57897723762855,195.478419538928,-113.068992610999));
#8888=CARTESIAN_POINT('Ctrl Pts',(2.52632574587618,194.641649113378,-113.858813445935));
#8889=CARTESIAN_POINT('Ctrl Pts',(2.5,194.148513841857,-113.990649428219));
#8890=CARTESIAN_POINT('Ctrl Pts',(10.,194.708116152722,-111.674788701063));
#8891=CARTESIAN_POINT('Ctrl Pts',(10.,194.74498110095,-111.709215663359));
#8892=CARTESIAN_POINT('Ctrl Pts',(10.,194.779465425781,-111.745882433305));
#8893=CARTESIAN_POINT('Ctrl Pts',(10.,194.811568482157,-111.784468747463));
#8894=CARTESIAN_POINT('Ctrl Pts',(10.,194.845118133238,-111.82479379818));
#8895=CARTESIAN_POINT('Ctrl Pts',(10.,194.876067694394,-111.867215739365));
#8896=CARTESIAN_POINT('Ctrl Pts',(10.,194.904388330606,-111.911418772069));
#8897=CARTESIAN_POINT('Ctrl Pts',(10.,194.927293815378,-111.94716980128));
#8898=CARTESIAN_POINT('Ctrl Pts',(10.,194.948479167406,-111.984087078038));
#8899=CARTESIAN_POINT('Ctrl Pts',(10.,194.967912390927,-112.022021987352));
#8900=CARTESIAN_POINT('Ctrl Pts',(10.,194.976572484151,-112.038927049488));
#8901=CARTESIAN_POINT('Ctrl Pts',(10.,194.98488440859,-112.056034388992));
#8902=CARTESIAN_POINT('Ctrl Pts',(10.,194.992844235757,-112.073331639103));
#8903=CARTESIAN_POINT('Ctrl Pts',(10.,194.996469562023,-112.081209721607));
#8904=CARTESIAN_POINT('Ctrl Pts',(10.,195.000021216185,-112.089125996761));
#8905=CARTESIAN_POINT('Ctrl Pts',(10.,195.003495081478,-112.097070211471));
#8906=CARTESIAN_POINT('Ctrl Pts',(10.,195.025305667548,-112.146947787047));
#8907=CARTESIAN_POINT('Ctrl Pts',(10.,195.044097017484,-112.198018758512));
#8908=CARTESIAN_POINT('Ctrl Pts',(10.,195.059843190893,-112.249950944682));
#8909=CARTESIAN_POINT('Ctrl Pts',(10.,195.075888330922,-112.302869147571));
#8910=CARTESIAN_POINT('Ctrl Pts',(10.,195.088772158571,-112.356682502945));
#8911=CARTESIAN_POINT('Ctrl Pts',(10.,195.098426439485,-112.411074240857));
#8912=CARTESIAN_POINT('Ctrl Pts',(10.,195.105449800729,-112.450643508356));
#8913=CARTESIAN_POINT('Ctrl Pts',(10.,195.110763143421,-112.490519670446));
#8914=CARTESIAN_POINT('Ctrl Pts',(10.,195.114324262359,-112.530587525722));
#8915=CARTESIAN_POINT('Ctrl Pts',(10.,195.115560760973,-112.544499964031));
#8916=CARTESIAN_POINT('Ctrl Pts',(10.,195.116585878781,-112.558435544901));
#8917=CARTESIAN_POINT('Ctrl Pts',(10.,195.117397430019,-112.572389519262));
#8918=CARTESIAN_POINT('Ctrl Pts',(10.,195.117988778933,-112.582557290784));
#8919=CARTESIAN_POINT('Ctrl Pts',(10.,195.118466627715,-112.592735042476));
#8920=CARTESIAN_POINT('Ctrl Pts',(10.,195.118829838492,-112.602905693821));
#8921=CARTESIAN_POINT('Ctrl Pts',(10.,195.120859087666,-112.659728858722));
#8922=CARTESIAN_POINT('Ctrl Pts',(10.,195.119321370198,-112.716444411765));
#8923=CARTESIAN_POINT('Ctrl Pts',(10.,195.114160006116,-112.772718357837));
#8924=CARTESIAN_POINT('Ctrl Pts',(10.,195.110558984196,-112.811980016198));
#8925=CARTESIAN_POINT('Ctrl Pts',(10.,195.105193195079,-112.851027397257));
#8926=CARTESIAN_POINT('Ctrl Pts',(10.,195.098029114964,-112.889751828571));
#8927=CARTESIAN_POINT('Ctrl Pts',(10.,195.088025102857,-112.943827114376));
#8928=CARTESIAN_POINT('Ctrl Pts',(10.,195.074516840239,-112.997273264997));
#8929=CARTESIAN_POINT('Ctrl Pts',(10.,195.057730665005,-113.049887568804));
#8930=CARTESIAN_POINT('Ctrl Pts',(10.,195.053127768332,-113.064314810305));
#8931=CARTESIAN_POINT('Ctrl Pts',(10.,195.048278106017,-113.078679472881));
#8932=CARTESIAN_POINT('Ctrl Pts',(10.,195.043185685118,-113.092977267291));
#8933=CARTESIAN_POINT('Ctrl Pts',(10.,195.038599715615,-113.105853117583));
#8934=CARTESIAN_POINT('Ctrl Pts',(10.,195.033815068157,-113.118678929702));
#8935=CARTESIAN_POINT('Ctrl Pts',(10.,195.028845609711,-113.131424261428));
#8936=CARTESIAN_POINT('Ctrl Pts',(10.,195.008246147082,-113.184256373304));
#8937=CARTESIAN_POINT('Ctrl Pts',(10.,194.984447900045,-113.235789796056));
#8938=CARTESIAN_POINT('Ctrl Pts',(10.,194.957736288661,-113.285816892723));
#8939=CARTESIAN_POINT('Ctrl Pts',(10.,194.930388926918,-113.337034660528));
#8940=CARTESIAN_POINT('Ctrl Pts',(10.,194.899987524172,-113.386674445929));
#8941=CARTESIAN_POINT('Ctrl Pts',(10.,194.866782914,-113.434507736384));
#8942=CARTESIAN_POINT('Ctrl Pts',(10.,194.846170522717,-113.464201158293));
#8943=CARTESIAN_POINT('Ctrl Pts',(10.,194.824476828118,-113.49319827819));
#8944=CARTESIAN_POINT('Ctrl Pts',(10.,194.801752451092,-113.521440965183));
#8945=CARTESIAN_POINT('Ctrl Pts',(10.,194.790438654686,-113.535502165199));
#8946=CARTESIAN_POINT('Ctrl Pts',(10.,194.778869273596,-113.54937630716));
#8947=CARTESIAN_POINT('Ctrl Pts',(10.,194.767049968683,-113.563055847063));
#8948=CARTESIAN_POINT('Ctrl Pts',(10.,194.759595966642,-113.571683031072));
#8949=CARTESIAN_POINT('Ctrl Pts',(10.,194.752042553301,-113.580232809505));
#8950=CARTESIAN_POINT('Ctrl Pts',(10.,194.744391075093,-113.588703229728));
#8951=CARTESIAN_POINT('Ctrl Pts',(10.,194.73705908566,-113.596819966114));
#8952=CARTESIAN_POINT('Ctrl Pts',(10.,194.729643572412,-113.604856607421));
#8953=CARTESIAN_POINT('Ctrl Pts',(10.,194.722146420528,-113.612811511977));
#8954=CARTESIAN_POINT('Ctrl Pts',(10.,194.680715381489,-113.656772200826));
#8955=CARTESIAN_POINT('Ctrl Pts',(10.,194.636793034495,-113.698240679986));
#8956=CARTESIAN_POINT('Ctrl Pts',(10.,194.590634808991,-113.73696536845));
#8957=CARTESIAN_POINT('Ctrl Pts',(10.,194.558761099075,-113.763705986687));
#8958=CARTESIAN_POINT('Ctrl Pts',(10.,194.52582015466,-113.789137956758));
#8959=CARTESIAN_POINT('Ctrl Pts',(10.,194.491884058136,-113.813170322551));
#8960=CARTESIAN_POINT('Ctrl Pts',(10.,194.478219120563,-113.822847357093));
#8961=CARTESIAN_POINT('Ctrl Pts',(10.,194.464390176787,-113.832298831939));
#8962=CARTESIAN_POINT('Ctrl Pts',(10.,194.450422730793,-113.841505092646));
#8963=CARTESIAN_POINT('Ctrl Pts',(10.,194.399654762934,-113.874967412662));
#8964=CARTESIAN_POINT('Ctrl Pts',(10.,194.34700623894,-113.905232466594));
#8965=CARTESIAN_POINT('Ctrl Pts',(10.,194.292715127569,-113.932036285807));
#8966=CARTESIAN_POINT('Ctrl Pts',(10.,194.262552161103,-113.946927907653));
#8967=CARTESIAN_POINT('Ctrl Pts',(10.,194.231881458059,-113.96075061012));
#8968=CARTESIAN_POINT('Ctrl Pts',(10.,194.200739155996,-113.973453913248));
#8969=CARTESIAN_POINT('Ctrl Pts',(10.,194.183798014561,-113.980364399651));
#8970=CARTESIAN_POINT('Ctrl Pts',(10.,194.166717262096,-113.986943553543));
#8971=CARTESIAN_POINT('Ctrl Pts',(10.,194.149505788113,-113.993193904037));
#8972=CARTESIAN_POINT('Ctrl Pts',(9.19341967361938,192.485194527835,-112.501108600978));
#8973=CARTESIAN_POINT('Ctrl Pts',(9.19902232365107,192.484386756961,-112.590068464628));
#8974=CARTESIAN_POINT('Ctrl Pts',(9.20462497368277,192.492982822967,-112.678873341771));
#8975=CARTESIAN_POINT('Ctrl Pts',(9.21022762371446,192.51156464134,-112.765537065763));
#8976=CARTESIAN_POINT('Ctrl Pts',(9.23655336959064,192.598876935639,-113.172752787181));
#8977=CARTESIAN_POINT('Ctrl Pts',(9.26287911546683,192.90666210778,-113.532694534675));
#8978=CARTESIAN_POINT('Ctrl Pts',(9.28920486134301,193.295381732536,-113.682181020944));
#8979=CARTESIAN_POINT('Ctrl Pts',(9.3155306072192,193.684101357292,-113.831667507212));
#8980=CARTESIAN_POINT('Ctrl Pts',(9.34185635309538,194.153755434662,-113.770698732255));
#8981=CARTESIAN_POINT('Ctrl Pts',(9.36818209897156,194.491416768356,-113.526907347254));
#8982=CARTESIAN_POINT('Ctrl Pts',(9.39450784484775,194.82907810205,-113.283115962254));
#8983=CARTESIAN_POINT('Ctrl Pts',(9.42083359072393,195.034746692067,-112.85650196721));
#8984=CARTESIAN_POINT('Ctrl Pts',(9.44715933660011,195.015183432401,-112.440495405886));
#8985=CARTESIAN_POINT('Ctrl Pts',(9.47348508247629,194.995620172734,-112.024488844562));
#8986=CARTESIAN_POINT('Ctrl Pts',(9.49981082835248,194.750825063383,-111.619089716958));
#8987=CARTESIAN_POINT('Ctrl Pts',(9.52613657422866,194.391771467556,-111.408055429362));
#8988=CARTESIAN_POINT('Ctrl Pts',(9.55246232010485,194.032717871728,-111.197021141766));
#8989=CARTESIAN_POINT('Ctrl Pts',(9.57878806598103,193.559405789424,-111.180351694178));
#8990=CARTESIAN_POINT('Ctrl Pts',(9.60511381185721,193.186436416243,-111.365680974289));
#8991=CARTESIAN_POINT('Ctrl Pts',(9.63143955773339,192.813467043062,-111.551010254399));
#8992=CARTESIAN_POINT('Ctrl Pts',(9.65776530360958,192.540840379005,-111.938338262209));
#8993=CARTESIAN_POINT('Ctrl Pts',(9.68409104948576,192.492119585377,-112.351904639147));
#8994=CARTESIAN_POINT('Ctrl Pts',(9.68720059086363,192.486364788363,-112.400754224175));
#8995=CARTESIAN_POINT('Ctrl Pts',(9.69031013224151,192.483733888962,-112.449969882582));
#8996=CARTESIAN_POINT('Ctrl Pts',(9.69341967361938,192.484096124437,-112.499223569897));
#8997=CARTESIAN_POINT('Ctrl Pts',(10.,193.351486158143,-113.990649428219));
#8998=CARTESIAN_POINT('Ctrl Pts',(9.97367425412382,192.858350886622,-113.858813445935));
#8999=CARTESIAN_POINT('Ctrl Pts',(9.92102276237145,192.021580318346,-113.068993644301));
#9000=CARTESIAN_POINT('Ctrl Pts',(9.8420455247429,192.328277843432,-111.361096652004));
#9001=CARTESIAN_POINT('Ctrl Pts',(9.76306828711435,193.926688967124,-110.688184518224));
#9002=CARTESIAN_POINT('Ctrl Pts',(9.6840910494858,195.363661555881,-111.656952251409));
#9003=CARTESIAN_POINT('Ctrl Pts',(9.60511381185726,195.338067232413,-113.39068603662));
#9004=CARTESIAN_POINT('Ctrl Pts',(9.5261365742287,193.872236402889,-114.316542236017));
#9005=CARTESIAN_POINT('Ctrl Pts',(9.44715933660016,192.295706937466,-113.59540799793));
#9006=CARTESIAN_POINT('Ctrl Pts',(9.3681820989716,192.037765895777,-111.880970951408));
#9007=CARTESIAN_POINT('Ctrl Pts',(9.28920486134306,193.3323944167,-110.727856881984));
#9008=CARTESIAN_POINT('Ctrl Pts',(9.2102276237145,195.005664102101,-111.181587926232));
#9009=CARTESIAN_POINT('Ctrl Pts',(9.13125038608596,195.540390040955,-112.83077248085));
#9010=CARTESIAN_POINT('Ctrl Pts',(9.0522731484574,194.451708111122,-114.180031694704));
#9011=CARTESIAN_POINT('Ctrl Pts',(8.97329591082886,192.726766531501,-114.005953620812));
#9012=CARTESIAN_POINT('Ctrl Pts',(8.89431867320031,191.929622884859,-112.466378122249));
#9013=CARTESIAN_POINT('Ctrl Pts',(8.81534143557175,192.783074210693,-110.957289028491));
#9014=CARTESIAN_POINT('Ctrl Pts',(8.73636419794321,194.513268112011,-110.84702549929));
#9015=CARTESIAN_POINT('Ctrl Pts',(8.65738696031466,195.551382316812,-112.235567289186));
#9016=CARTESIAN_POINT('Ctrl Pts',(8.57840972268611,194.956125094936,-113.86387869667));
#9017=CARTESIAN_POINT('Ctrl Pts',(8.49943248505755,193.267235412233,-114.255517368642));
#9018=CARTESIAN_POINT('Ctrl Pts',(8.42045524742901,192.016083924575,-113.055371874597));
#9019=CARTESIAN_POINT('Ctrl Pts',(8.34147800980046,192.337130009909,-111.351652813672));
#9020=CARTESIAN_POINT('Ctrl Pts',(8.26250077217191,193.939270832098,-110.68917714133));
#9021=CARTESIAN_POINT('Ctrl Pts',(8.18352353454336,195.369793694116,-111.668632896251));
#9022=CARTESIAN_POINT('Ctrl Pts',(8.10454629691481,195.331597427367,-113.401915988238));
#9023=CARTESIAN_POINT('Ctrl Pts',(8.02556905928626,193.859315818309,-114.317402796419));
#9024=CARTESIAN_POINT('Ctrl Pts',(7.94659182165771,192.287914034777,-113.584991936723));
#9025=CARTESIAN_POINT('Ctrl Pts',(7.86761458402916,192.042232700786,-111.868783932286));
#9026=CARTESIAN_POINT('Ctrl Pts',(7.78863734640061,193.345038997024,-110.724919872647));
#9027=CARTESIAN_POINT('Ctrl Pts',(7.70966010877206,195.015036481521,-111.190578153206));
#9028=CARTESIAN_POINT('Ctrl Pts',(7.63068287114351,195.537984631853,-112.843531408597));
#9029=CARTESIAN_POINT('Ctrl Pts',(7.55170563351496,194.439709512022,-114.18499366808));
#9030=CARTESIAN_POINT('Ctrl Pts',(7.47272839588642,192.716052556896,-113.998617882363));
#9031=CARTESIAN_POINT('Ctrl Pts',(7.39375115825786,191.929909059675,-112.453396980927));
#9032=CARTESIAN_POINT('Ctrl Pts',(7.31477392062932,192.794100656899,-110.95043253832));
#9033=CARTESIAN_POINT('Ctrl Pts',(7.23579668300076,194.525036985237,-110.852510836468));
#9034=CARTESIAN_POINT('Ctrl Pts',(7.15681944537221,195.553222309277,-112.248420637238));
#9035=CARTESIAN_POINT('Ctrl Pts',(7.07784220774366,194.946367870109,-113.872445551493));
#9036=CARTESIAN_POINT('Ctrl Pts',(6.99886497011511,193.254728139084,-114.25202986739));
#9037=CARTESIAN_POINT('Ctrl Pts',(6.91988773248657,192.012167360793,-113.042992256433));
#9038=CARTESIAN_POINT('Ctrl Pts',(6.84091049485802,192.345355425162,-111.341606072694));
#9039=CARTESIAN_POINT('Ctrl Pts',(6.76193325722946,193.952179979729,-110.690572983446));
#9040=CARTESIAN_POINT('Ctrl Pts',(6.68295601960092,195.375681432934,-111.680205665393));
#9041=CARTESIAN_POINT('Ctrl Pts',(6.60397878197237,195.325125155442,-113.413172282285));
#9042=CARTESIAN_POINT('Ctrl Pts',(6.52500154434382,193.846352152854,-114.318136170665));
#9043=CARTESIAN_POINT('Ctrl Pts',(6.44602430671527,192.280213549043,-113.574537417229));
#9044=CARTESIAN_POINT('Ctrl Pts',(6.36704706908672,192.046777673219,-111.85662096864));
#9045=CARTESIAN_POINT('Ctrl Pts',(6.28806983145817,193.357708354719,-110.722077015874));
#9046=CARTESIAN_POINT('Ctrl Pts',(6.20909259382962,195.024342509667,-111.19963311312));
#9047=CARTESIAN_POINT('Ctrl Pts',(6.13011535620107,195.53548925492,-112.856273761321));
#9048=CARTESIAN_POINT('Ctrl Pts',(6.05113811857252,194.427675368666,-114.189869511869));
#9049=CARTESIAN_POINT('Ctrl Pts',(5.97216088094397,192.705391392609,-113.991206132567));
#9050=CARTESIAN_POINT('Ctrl Pts',(5.89318364331542,191.930287695593,-112.440418109875));
#9051=CARTESIAN_POINT('Ctrl Pts',(5.81420640568687,192.805175771635,-110.94365490654));
#9052=CARTESIAN_POINT('Ctrl Pts',(5.73522916805832,194.536766415448,-110.858079941056));
#9053=CARTESIAN_POINT('Ctrl Pts',(5.65625193042978,195.554970602696,-112.26128679164));
#9054=CARTESIAN_POINT('Ctrl Pts',(5.57727469280122,194.936549792768,-113.880942598997));
#9055=CARTESIAN_POINT('Ctrl Pts',(5.49829745517267,193.242246058022,-114.24845326127));
#9056=CARTESIAN_POINT('Ctrl Pts',(5.41932021754412,192.008339181051,-113.030585020688));
#9057=CARTESIAN_POINT('Ctrl Pts',(5.34034297991557,192.353652280647,-111.331618247704));
#9058=CARTESIAN_POINT('Ctrl Pts',(5.26136574228702,193.965078844268,-110.692060851912));
#9059=CARTESIAN_POINT('Ctrl Pts',(5.18238850465848,195.38148649048,-111.691820129042));
#9060=CARTESIAN_POINT('Ctrl Pts',(5.10341126702992,195.318572773293,-113.424382132737));
#9061=CARTESIAN_POINT('Ctrl Pts',(5.02443402940138,193.833383587006,-114.318777075361));
#9062=CARTESIAN_POINT('Ctrl Pts',(4.94545679177282,192.272587815966,-113.564028247233));
#9063=CARTESIAN_POINT('Ctrl Pts',(4.86647955414428,192.051409270775,-111.844490726967));
#9064=CARTESIAN_POINT('Ctrl Pts',(4.78750231651572,193.370397664186,-110.719324583455));
#9065=CARTESIAN_POINT('Ctrl Pts',(4.70852507888718,195.033583725332,-111.208754209107));
#9066=CARTESIAN_POINT('Ctrl Pts',(4.62954784125863,195.532903068811,-112.86899799412));
#9067=CARTESIAN_POINT('Ctrl Pts',(4.55057060363008,194.415606759047,-114.194659409665));
#9068=CARTESIAN_POINT('Ctrl Pts',(4.47159336600153,192.694783356647,-113.983718540692));
#9069=CARTESIAN_POINT('Ctrl Pts',(4.39261612837298,191.93075888125,-112.427442269152));
#9070=CARTESIAN_POINT('Ctrl Pts',(4.31363889074443,192.816298939715,-110.936956429722));
#9071=CARTESIAN_POINT('Ctrl Pts',(4.23466165311588,194.548455831053,-110.863732553049));
#9072=CARTESIAN_POINT('Ctrl Pts',(4.15568441548733,195.556627096172,-112.274165086689));
#9073=CARTESIAN_POINT('Ctrl Pts',(4.07670717785878,194.926671367947,-113.889369412798));
#9074=CARTESIAN_POINT('Ctrl Pts',(3.99772994023023,193.229789801292,-114.244787728753));
#9075=CARTESIAN_POINT('Ctrl Pts',(3.91875270260168,192.004599580982,-113.01815080141));
#9076=CARTESIAN_POINT('Ctrl Pts',(3.83977546497313,192.362020154592,-111.321689842381));
#9077=CARTESIAN_POINT('Ctrl Pts',(3.76079822734458,193.977966768234,-110.693640679033));
#9078=CARTESIAN_POINT('Ctrl Pts',(3.68182098971603,195.38720857502,-111.703475680378));
#9079=CARTESIAN_POINT('Ctrl Pts',(3.60284375208748,195.311940606641,-113.43554500273));
#9080=CARTESIAN_POINT('Ctrl Pts',(3.52386651445893,193.820410796106,-114.31932540889));
#9081=CARTESIAN_POINT('Ctrl Pts',(3.44488927683038,192.265037190574,-113.553465104603));
#9082=CARTESIAN_POINT('Ctrl Pts',(3.36591203920183,192.05612732611,-111.832393526287));
#9083=CARTESIAN_POINT('Ctrl Pts',(3.28693480157328,193.383106138285,-110.71666333446));
#9084=CARTESIAN_POINT('Ctrl Pts',(3.20795756394473,195.04275995312,-111.217939690792));
#9085=CARTESIAN_POINT('Ctrl Pts',(3.12898032631618,195.530225592845,-112.881706133223));
#9086=CARTESIAN_POINT('Ctrl Pts',(3.05000308868763,194.403505569186,-114.199357562426));
#9087=CARTESIAN_POINT('Ctrl Pts',(2.97102585105909,192.684226344789,-113.976167032054));
#9088=CARTESIAN_POINT('Ctrl Pts',(2.89204861343053,191.931328086555,-112.414446128621));
#9089=CARTESIAN_POINT('Ctrl Pts',(2.81307137580199,192.827458179292,-110.930387301761));
#9090=CARTESIAN_POINT('Ctrl Pts',(2.73409413817343,194.560128366047,-110.869364792169));
#9091=CARTESIAN_POINT('Ctrl Pts',(2.65511690054488,195.55814246112,-112.287270209823));
#9092=CARTESIAN_POINT('Ctrl Pts',(2.57613966291634,194.916836135078,-113.897278699824));
#9093=CARTESIAN_POINT('Ctrl Pts',(2.49716242528778,193.217155457652,-114.241973426962));
#9094=CARTESIAN_POINT('Ctrl Pts',(2.41818518765924,192.001465271437,-113.003800224486));
#9095=CARTESIAN_POINT('Ctrl Pts',(2.36553369590687,192.24774179551,-111.879812601478));
#9096=CARTESIAN_POINT('Ctrl Pts',(2.33920795003069,192.580863405575,-111.493039909641));
#9097=CARTESIAN_POINT('Ctrl Pts',(10.0535973499898,193.375462417585,-113.900965724231));
#9098=CARTESIAN_POINT('Ctrl Pts',(10.0272716041136,192.911996226452,-113.777061546023));
#9099=CARTESIAN_POINT('Ctrl Pts',(9.97462011236121,192.125569275214,-113.034760606941));
#9100=CARTESIAN_POINT('Ctrl Pts',(9.89564287473268,192.413814594481,-111.429617840688));
#9101=CARTESIAN_POINT('Ctrl Pts',(9.81666563710411,193.91605861989,-110.797190915216));
#9102=CARTESIAN_POINT('Ctrl Pts',(9.73768839947558,195.266576927816,-111.707673529867));
#9103=CARTESIAN_POINT('Ctrl Pts',(9.65871116184702,195.242522465892,-113.337098639515));
#9104=CARTESIAN_POINT('Ctrl Pts',(9.57973392421847,193.864882149658,-114.207251457722));
#9105=CARTESIAN_POINT('Ctrl Pts',(9.50075668658993,192.38320329044,-113.529503671418));
#9106=CARTESIAN_POINT('Ctrl Pts',(9.42177944896136,192.140781060613,-111.918214327955));
#9107=CARTESIAN_POINT('Ctrl Pts',(9.34280221133283,193.357519315155,-110.834476423649));
#9108=CARTESIAN_POINT('Ctrl Pts',(9.26382497370427,194.930118098118,-111.260909110623));
#9109=CARTESIAN_POINT('Ctrl Pts',(9.18484773607573,195.432672688091,-112.810871825003));
#9110=CARTESIAN_POINT('Ctrl Pts',(9.10587049844717,194.409490416383,-114.078953961506));
#9111=CARTESIAN_POINT('Ctrl Pts',(9.02689326081863,192.788328536464,-113.915349152591));
#9112=CARTESIAN_POINT('Ctrl Pts',(8.94791602319008,192.039144385521,-112.468400955033));
#9113=CARTESIAN_POINT('Ctrl Pts',(8.86893878556152,192.841248510179,-111.050104972661));
#9114=CARTESIAN_POINT('Ctrl Pts',(8.78996154793298,194.467346710154,-110.946475358536));
#9115=CARTESIAN_POINT('Ctrl Pts',(8.71098431030442,195.443003622659,-112.251476667013));
#9116=CARTESIAN_POINT('Ctrl Pts',(8.63200707267588,194.883559564813,-113.781822050089));
#9117=CARTESIAN_POINT('Ctrl Pts',(8.55302983504732,193.296280548913,-114.149898101594));
#9118=CARTESIAN_POINT('Ctrl Pts',(8.47405259741878,192.12040356748,-113.021958379873));
#9119=CARTESIAN_POINT('Ctrl Pts',(8.39507535979023,192.4221341776,-111.420742183167));
#9120=CARTESIAN_POINT('Ctrl Pts',(8.31609812216168,193.927883507246,-110.798123817964));
#9121=CARTESIAN_POINT('Ctrl Pts',(8.23712088453313,195.272340130968,-111.718651418263));
#9122=CARTESIAN_POINT('Ctrl Pts',(8.15814364690458,195.236441911376,-113.347652950277));
#9123=CARTESIAN_POINT('Ctrl Pts',(8.07916640927602,193.852738921485,-114.20806024321));
#9124=CARTESIAN_POINT('Ctrl Pts',(8.00018917164749,192.375879241369,-113.519714284017));
#9125=CARTESIAN_POINT('Ctrl Pts',(7.92121193401893,192.144979123951,-111.906760530873));
#9126=CARTESIAN_POINT('Ctrl Pts',(7.84223469639038,193.369403144643,-110.831716117077));
#9127=CARTESIAN_POINT('Ctrl Pts',(7.76325745876184,194.938926595994,-111.269358447942));
#9128=CARTESIAN_POINT('Ctrl Pts',(7.68428022113327,195.430411998461,-112.822863122294));
#9129=CARTESIAN_POINT('Ctrl Pts',(7.60530298350474,194.398213703187,-114.08361740181));
#9130=CARTESIAN_POINT('Ctrl Pts',(7.52632574587618,192.778259159381,-113.908454762847));
#9131=CARTESIAN_POINT('Ctrl Pts',(7.44734850824764,192.039413342864,-112.456200813464));
#9132=CARTESIAN_POINT('Ctrl Pts',(7.36837127061908,192.851611559265,-111.043660997615));
#9133=CARTESIAN_POINT('Ctrl Pts',(7.28939403299053,194.478407518746,-110.951630674888));
#9134=CARTESIAN_POINT('Ctrl Pts',(7.21041679536198,195.444732913482,-112.26355670389));
#9135=CARTESIAN_POINT('Ctrl Pts',(7.13143955773343,194.874389375439,-113.789873487096));
#9136=CARTESIAN_POINT('Ctrl Pts',(7.05246232010489,193.284525765627,-114.146620423002));
#9137=CARTESIAN_POINT('Ctrl Pts',(6.97348508247634,192.116722640555,-113.010323571314));
#9138=CARTESIAN_POINT('Ctrl Pts',(6.89450784484778,192.42986471747,-111.411299896145));
#9139=CARTESIAN_POINT('Ctrl Pts',(6.81553060721924,193.940015986566,-110.79943568038));
#9140=CARTESIAN_POINT('Ctrl Pts',(6.73655336959068,195.277873638795,-111.729527921213));
#9141=CARTESIAN_POINT('Ctrl Pts',(6.65757613196214,195.230359038399,-113.358232018596));
#9142=CARTESIAN_POINT('Ctrl Pts',(6.57859889433358,193.840555204362,-114.208749494595));
#9143=CARTESIAN_POINT('Ctrl Pts',(6.49962165670504,192.368642049063,-113.50988875214));
#9144=CARTESIAN_POINT('Ctrl Pts',(6.42064441907648,192.149250651834,-111.895329341989));
#9145=CARTESIAN_POINT('Ctrl Pts',(6.34166718144795,193.381310260792,-110.829044298458));
#9146=CARTESIAN_POINT('Ctrl Pts',(6.26268994381939,194.947672734566,-111.277868623596));
#9147=CARTESIAN_POINT('Ctrl Pts',(6.18371270619085,195.428066753841,-112.834838841786));
#9148=CARTESIAN_POINT('Ctrl Pts',(6.10473546856228,194.386903584226,-114.088199894445));
#9149=CARTESIAN_POINT('Ctrl Pts',(6.02575823093374,192.768239415327,-113.901488934918));
#9150=CARTESIAN_POINT('Ctrl Pts',(5.94678099330519,192.039769198461,-112.444002805576));
#9151=CARTESIAN_POINT('Ctrl Pts',(5.86780375567664,192.862020348779,-111.03729113651));
#9152=CARTESIAN_POINT('Ctrl Pts',(5.78882651804809,194.489431257379,-110.956864718851));
#9153=CARTESIAN_POINT('Ctrl Pts',(5.70984928041954,195.446376022257,-112.275648776632));
#9154=CARTESIAN_POINT('Ctrl Pts',(5.630872042791,194.865161994693,-113.797859316685));
#9155=CARTESIAN_POINT('Ctrl Pts',(5.55189480516244,193.272794658766,-114.143259000466));
#9156=CARTESIAN_POINT('Ctrl Pts',(5.47291756753389,192.113124780117,-112.998662806762));
#9157=CARTESIAN_POINT('Ctrl Pts',(5.39394032990534,192.437662399428,-111.401912980479));
#9158=CARTESIAN_POINT('Ctrl Pts',(5.31496309227679,193.952138801466,-110.800834032457));
#9159=CARTESIAN_POINT('Ctrl Pts',(5.23598585464824,195.2833294398,-111.740443610153));
#9160=CARTESIAN_POINT('Ctrl Pts',(5.1570086170197,195.224200874965,-113.368767437561));
#9161=CARTESIAN_POINT('Ctrl Pts',(5.07803137939114,193.828366881674,-114.209351839783));
#9162=CARTESIAN_POINT('Ctrl Pts',(4.9990541417626,192.361475111981,-113.500011857763));
#9163=CARTESIAN_POINT('Ctrl Pts',(4.92007690413404,192.15360359311,-111.883928906388));
#9164=CARTESIAN_POINT('Ctrl Pts',(4.8410996665055,193.393236128331,-110.826457463884));
#9165=CARTESIAN_POINT('Ctrl Pts',(4.76212242887694,194.956357960047,-111.286440956302));
#9166=CARTESIAN_POINT('Ctrl Pts',(4.6831451912484,195.425636163505,-112.846797531522));
#9167=CARTESIAN_POINT('Ctrl Pts',(4.60416795361985,194.375561072636,-114.092701611957));
#9168=CARTESIAN_POINT('Ctrl Pts',(4.5251907159913,192.758269603174,-113.894451827885));
#9169=CARTESIAN_POINT('Ctrl Pts',(4.44621347836275,192.040212035619,-112.4318076457));
#9170=CARTESIAN_POINT('Ctrl Pts',(4.3672362407342,192.872474300547,-111.030995668072));
#9171=CARTESIAN_POINT('Ctrl Pts',(4.28825900310565,194.500417388852,-110.962177246066));
#9172=CARTESIAN_POINT('Ctrl Pts',(4.2092817654771,195.447932854158,-112.28775225959));
#9173=CARTESIAN_POINT('Ctrl Pts',(4.13030452784855,194.855877897225,-113.805779138124));
#9174=CARTESIAN_POINT('Ctrl Pts',(4.05132729022,193.261087822537,-114.139814001715));
#9175=CARTESIAN_POINT('Ctrl Pts',(3.97235005259145,192.109610170029,-112.98697668212));
#9176=CARTESIAN_POINT('Ctrl Pts',(3.8933728149629,192.44552682708,-111.392581909544));
#9177=CARTESIAN_POINT('Ctrl Pts',(3.81439557733435,193.964251334025,-110.802318810571));
#9178=CARTESIAN_POINT('Ctrl Pts',(3.7354183397058,195.288707259803,-111.751397914773));
#9179=CARTESIAN_POINT('Ctrl Pts',(3.65644110207725,195.217967727197,-113.379258702609));
#9180=CARTESIAN_POINT('Ctrl Pts',(3.5774638644487,193.816174588131,-114.209867183274));
#9181=CARTESIAN_POINT('Ctrl Pts',(3.49848662682015,192.354378763792,-113.490084237973));
#9182=CARTESIAN_POINT('Ctrl Pts',(3.4195093891916,192.158037790504,-111.872559523896));
#9183=CARTESIAN_POINT('Ctrl Pts',(3.34053215156305,193.405180007476,-110.823956326759));
#9184=CARTESIAN_POINT('Ctrl Pts',(3.2615549139345,194.964982107593,-111.295073800992));
#9185=CARTESIAN_POINT('Ctrl Pts',(3.18257767630595,195.423119775691,-112.858741095828));
#9186=CARTESIAN_POINT('Ctrl Pts',(3.1036004386774,194.364187940969,-114.097117104199));
#9187=CARTESIAN_POINT('Ctrl Pts',(3.02462320104885,192.748347745303,-113.88735464959));
#9188=CARTESIAN_POINT('Ctrl Pts',(2.94564596342031,192.040746995151,-112.419593407337));
#9189=CARTESIAN_POINT('Ctrl Pts',(2.86666872579175,192.882962153599,-111.024821766324));
#9190=CARTESIAN_POINT('Ctrl Pts',(2.78769148816321,194.511387655322,-110.967470626124));
#9191=CARTESIAN_POINT('Ctrl Pts',(2.70871425053466,195.449357048412,-112.300068923706));
#9192=CARTESIAN_POINT('Ctrl Pts',(2.62973701290611,194.846634393099,-113.813212569364));
#9193=CARTESIAN_POINT('Ctrl Pts',(2.55075977527756,193.249213613851,-114.13716902009));
#9194=CARTESIAN_POINT('Ctrl Pts',(2.47178253764901,192.106664433655,-112.973489495923));
#9195=CARTESIAN_POINT('Ctrl Pts',(2.41913104589664,192.33812393203,-111.9171256692));
#9196=CARTESIAN_POINT('Ctrl Pts',(2.39280530002046,192.651203552809,-111.553622840115));
#9197=CARTESIAN_POINT('Ctrl Pts',(10.1071946999795,193.399438677027,-113.811282020243));
#9198=CARTESIAN_POINT('Ctrl Pts',(10.0808689541034,192.965641566283,-113.695309646111));
#9199=CARTESIAN_POINT('Ctrl Pts',(10.028217462351,192.229558232082,-113.000527569581));
#9200=CARTESIAN_POINT('Ctrl Pts',(9.94924022472245,192.499351345529,-111.498139029372));
#9201=CARTESIAN_POINT('Ctrl Pts',(9.87026298709388,193.905428272657,-110.906197312207));
#9202=CARTESIAN_POINT('Ctrl Pts',(9.79128574946535,195.169492299751,-111.758394808325));
#9203=CARTESIAN_POINT('Ctrl Pts',(9.71230851183679,195.14697769937,-113.28351124241));
#9204=CARTESIAN_POINT('Ctrl Pts',(9.63333127420825,193.857527896428,-114.097960679426));
#9205=CARTESIAN_POINT('Ctrl Pts',(9.5543540365797,192.470699643414,-113.463599344906));
#9206=CARTESIAN_POINT('Ctrl Pts',(9.47537679895115,192.243796225449,-111.955457704501));
#9207=CARTESIAN_POINT('Ctrl Pts',(9.39639956132259,193.382644213611,-110.941095965314));
#9208=CARTESIAN_POINT('Ctrl Pts',(9.31742232369405,194.854572094136,-111.340230295014));
#9209=CARTESIAN_POINT('Ctrl Pts',(9.23844508606549,195.324955335227,-112.790971169156));
#9210=CARTESIAN_POINT('Ctrl Pts',(9.15946784843695,194.367272721643,-113.977876228308));
#9211=CARTESIAN_POINT('Ctrl Pts',(9.0804906108084,192.849890541428,-113.824744684369));
#9212=CARTESIAN_POINT('Ctrl Pts',(9.00151337317985,192.148665886183,-112.470423787816));
#9213=CARTESIAN_POINT('Ctrl Pts',(8.9225361355513,192.899422809665,-111.142920916832));
#9214=CARTESIAN_POINT('Ctrl Pts',(8.84355889792275,194.421425308297,-111.045925217782));
#9215=CARTESIAN_POINT('Ctrl Pts',(8.76458166029419,195.334624928506,-112.26738604484));
#9216=CARTESIAN_POINT('Ctrl Pts',(8.68560442266565,194.81099403469,-113.699765403508));
#9217=CARTESIAN_POINT('Ctrl Pts',(8.6066271850371,193.325325685593,-114.044278834546));
#9218=CARTESIAN_POINT('Ctrl Pts',(8.52764994740854,192.224723210385,-112.98854488515));
#9219=CARTESIAN_POINT('Ctrl Pts',(8.44867270978001,192.50713834529,-111.489831552662));
#9220=CARTESIAN_POINT('Ctrl Pts',(8.36969547215145,193.916496182394,-110.907070494598));
#9221=CARTESIAN_POINT('Ctrl Pts',(8.2907182345229,195.17488656782,-111.768669940275));
#9222=CARTESIAN_POINT('Ctrl Pts',(8.21174099689436,195.141286395385,-113.293389912315));
#9223=CARTESIAN_POINT('Ctrl Pts',(8.1327637592658,193.84616202466,-114.098717690002));
#9224=CARTESIAN_POINT('Ctrl Pts',(8.05378652163726,192.463844447961,-113.454436631311));
#9225=CARTESIAN_POINT('Ctrl Pts',(7.9748092840087,192.247725547116,-111.94473712946));
#9226=CARTESIAN_POINT('Ctrl Pts',(7.89583204638015,193.393767292262,-110.938512361507));
#9227=CARTESIAN_POINT('Ctrl Pts',(7.8168548087516,194.862816710467,-111.348138742677));
#9228=CARTESIAN_POINT('Ctrl Pts',(7.73787757112305,195.32283936507,-112.802194835992));
#9229=CARTESIAN_POINT('Ctrl Pts',(7.6589003334945,194.356717894352,-113.982241135541));
#9230=CARTESIAN_POINT('Ctrl Pts',(7.57992309586595,192.840465761866,-113.818291643332));
#9231=CARTESIAN_POINT('Ctrl Pts',(7.50094585823741,192.148917626052,-112.459004646));
#9232=CARTESIAN_POINT('Ctrl Pts',(7.42196862060885,192.909122461631,-111.13688945691));
#9233=CARTESIAN_POINT('Ctrl Pts',(7.34299138298031,194.431778052254,-111.050750513307));
#9234=CARTESIAN_POINT('Ctrl Pts',(7.26401414535176,195.336243517687,-112.278692770541));
#9235=CARTESIAN_POINT('Ctrl Pts',(7.1850369077232,194.80241088077,-113.7073014227));
#9236=CARTESIAN_POINT('Ctrl Pts',(7.10605967009466,193.314323392169,-114.041210978615));
#9237=CARTESIAN_POINT('Ctrl Pts',(7.0270824324661,192.221277920317,-112.977654886195));
#9238=CARTESIAN_POINT('Ctrl Pts',(6.94810519483756,192.514374009778,-111.480993719596));
#9239=CARTESIAN_POINT('Ctrl Pts',(6.86912795720901,193.927851993402,-110.908298377315));
#9240=CARTESIAN_POINT('Ctrl Pts',(6.79015071958046,195.180065844655,-111.778850177032));
#9241=CARTESIAN_POINT('Ctrl Pts',(6.71117348195191,195.135592921357,-113.303291754907));
#9242=CARTESIAN_POINT('Ctrl Pts',(6.63219624432335,193.83475825587,-114.099362818524));
#9243=CARTESIAN_POINT('Ctrl Pts',(6.55321900669481,192.457070549083,-113.44524008705));
#9244=CARTESIAN_POINT('Ctrl Pts',(6.47424176906626,192.251723630449,-111.934037715338));
#9245=CARTESIAN_POINT('Ctrl Pts',(6.39526453143771,193.404912166865,-110.936011581041));
#9246=CARTESIAN_POINT('Ctrl Pts',(6.31628729380916,194.871002959465,-111.356104134073));
#9247=CARTESIAN_POINT('Ctrl Pts',(6.23731005618061,195.320644252762,-112.813403922251));
#9248=CARTESIAN_POINT('Ctrl Pts',(6.15833281855207,194.346131799786,-113.986530277021));
#9249=CARTESIAN_POINT('Ctrl Pts',(6.07935558092351,192.831087438044,-113.811771737268));
#9250=CARTESIAN_POINT('Ctrl Pts',(6.00037834329496,192.14925070133,-112.447587501277));
#9251=CARTESIAN_POINT('Ctrl Pts',(5.92140110566641,192.918864925923,-111.130927366479));
#9252=CARTESIAN_POINT('Ctrl Pts',(5.84242386803786,194.442096099309,-111.055649496647));
#9253=CARTESIAN_POINT('Ctrl Pts',(5.76344663040931,195.337781441818,-112.290010761624));
#9254=CARTESIAN_POINT('Ctrl Pts',(5.68446939278076,194.793774196619,-113.714776034373));
#9255=CARTESIAN_POINT('Ctrl Pts',(5.60549215515221,193.303343259509,-114.038064739661));
#9256=CARTESIAN_POINT('Ctrl Pts',(5.52651491752366,192.217910379184,-112.966740592837));
#9257=CARTESIAN_POINT('Ctrl Pts',(5.44753767989511,192.52167251821,-111.472207713254));
#9258=CARTESIAN_POINT('Ctrl Pts',(5.36856044226656,193.939198758665,-110.909607213002));
#9259=CARTESIAN_POINT('Ctrl Pts',(5.28958320463802,195.18517238912,-111.789067091264));
#9260=CARTESIAN_POINT('Ctrl Pts',(5.21060596700947,195.129828976637,-113.313152742386));
#9261=CARTESIAN_POINT('Ctrl Pts',(5.13162872938091,193.823350176342,-114.099926604206));
#9262=CARTESIAN_POINT('Ctrl Pts',(5.05265149175236,192.450362407997,-113.435995468294));
#9263=CARTESIAN_POINT('Ctrl Pts',(4.97367425412382,192.255797915445,-111.923367085809));
#9264=CARTESIAN_POINT('Ctrl Pts',(4.89469701649527,193.416074592475,-110.933590344314));
#9265=CARTESIAN_POINT('Ctrl Pts',(4.81571977886672,194.879132194762,-111.364127703496));
#9266=CARTESIAN_POINT('Ctrl Pts',(4.73674254123817,195.318369258198,-112.824597068925));
#9267=CARTESIAN_POINT('Ctrl Pts',(4.65776530360962,194.335515386226,-113.990743814249));
#9268=CARTESIAN_POINT('Ctrl Pts',(4.57878806598107,192.821755849701,-113.805185115079));
#9269=CARTESIAN_POINT('Ctrl Pts',(4.49981082835252,192.149665189987,-112.436173022248));
#9270=CARTESIAN_POINT('Ctrl Pts',(4.42083359072397,192.928649661378,-111.125034906422));
#9271=CARTESIAN_POINT('Ctrl Pts',(4.34185635309542,194.452378946651,-111.060621939083));
#9272=CARTESIAN_POINT('Ctrl Pts',(4.26287911546687,195.339238612144,-112.30133943249));
#9273=CARTESIAN_POINT('Ctrl Pts',(4.18390187783832,194.785084426502,-113.722188863451));
#9274=CARTESIAN_POINT('Ctrl Pts',(4.10492464020977,193.292385843781,-114.034840274678));
#9275=CARTESIAN_POINT('Ctrl Pts',(4.02594740258122,192.214620759075,-112.95580256283));
#9276=CARTESIAN_POINT('Ctrl Pts',(3.94697016495267,192.529033499567,-111.463473976707));
#9277=CARTESIAN_POINT('Ctrl Pts',(3.86799292732412,193.950535899816,-110.910996942109));
#9278=CARTESIAN_POINT('Ctrl Pts',(3.78901568969557,195.190205944585,-111.799320149168));
#9279=CARTESIAN_POINT('Ctrl Pts',(3.71003845206702,195.123994847752,-113.322972402488));
#9280=CARTESIAN_POINT('Ctrl Pts',(3.63106121443847,193.811938380156,-114.100408957659));
#9281=CARTESIAN_POINT('Ctrl Pts',(3.55208397680992,192.44372033701,-113.426703371342));
#9282=CARTESIAN_POINT('Ctrl Pts',(3.47310673918137,192.259948254897,-111.912725521504));
#9283=CARTESIAN_POINT('Ctrl Pts',(3.39412950155283,193.427253876668,-110.931249319058));
#9284=CARTESIAN_POINT('Ctrl Pts',(3.31515226392427,194.887204262066,-111.372207911191));
#9285=CARTESIAN_POINT('Ctrl Pts',(3.23617502629572,195.316013958536,-112.835776058433));
#9286=CARTESIAN_POINT('Ctrl Pts',(3.15719778866717,194.324870312751,-113.994876645971));
#9287=CARTESIAN_POINT('Ctrl Pts',(3.07822055103863,192.812469145816,-113.798542267126));
#9288=CARTESIAN_POINT('Ctrl Pts',(2.99924331341007,192.150165903748,-112.424740686054));
#9289=CARTESIAN_POINT('Ctrl Pts',(2.92026607578153,192.938466127906,-111.119256230886));
#9290=CARTESIAN_POINT('Ctrl Pts',(2.84128883815298,194.462646944598,-111.06557646008));
#9291=CARTESIAN_POINT('Ctrl Pts',(2.76231160052442,195.340571635705,-112.312867637589));
#9292=CARTESIAN_POINT('Ctrl Pts',(2.68333436289588,194.776432651121,-113.729146438904));
#9293=CARTESIAN_POINT('Ctrl Pts',(2.60435712526733,193.28127177005,-114.032364613219));
#9294=CARTESIAN_POINT('Ctrl Pts',(2.52537988763878,192.211863595872,-112.94317876736));
#9295=CARTESIAN_POINT('Ctrl Pts',(2.47272839588641,192.42850606855,-111.954438736923));
#9296=CARTESIAN_POINT('Ctrl Pts',(2.44640265001023,192.721543700043,-111.614205770589));
#9297=CARTESIAN_POINT('Ctrl Pts',(10.1607920499693,193.423414936469,-113.721598316256));
#9298=CARTESIAN_POINT('Ctrl Pts',(10.1344663040931,193.019286906114,-113.613557746199));
#9299=CARTESIAN_POINT('Ctrl Pts',(10.0818148123408,192.333547188949,-112.966294532222));
#9300=CARTESIAN_POINT('Ctrl Pts',(10.0028375747122,192.584888096578,-111.566660218055));
#9301=CARTESIAN_POINT('Ctrl Pts',(9.92386033708366,193.894797925423,-111.015203709199));
#9302=CARTESIAN_POINT('Ctrl Pts',(9.84488309945512,195.072407671686,-111.809116086783));
#9303=CARTESIAN_POINT('Ctrl Pts',(9.76590586182656,195.051432932849,-113.229923845305));
#9304=CARTESIAN_POINT('Ctrl Pts',(9.68692862419802,193.850173643197,-113.98866990113));
#9305=CARTESIAN_POINT('Ctrl Pts',(9.60795138656946,192.558195996388,-113.397695018394));
#9306=CARTESIAN_POINT('Ctrl Pts',(9.52897414894092,192.346811390285,-111.992701081047));
#9307=CARTESIAN_POINT('Ctrl Pts',(9.44999691131237,193.407769112066,-111.047715506979));
#9308=CARTESIAN_POINT('Ctrl Pts',(9.37101967368381,194.779026090153,-111.419551479404));
#9309=CARTESIAN_POINT('Ctrl Pts',(9.29204243605527,195.217237982364,-112.771070513309));
#9310=CARTESIAN_POINT('Ctrl Pts',(9.21306519842672,194.325055026904,-113.876798495109));
#9311=CARTESIAN_POINT('Ctrl Pts',(9.13408796079817,192.911452546392,-113.734140216148));
#9312=CARTESIAN_POINT('Ctrl Pts',(9.05511072316962,192.258187386846,-112.472446620599));
#9313=CARTESIAN_POINT('Ctrl Pts',(8.97613348554107,192.957597109151,-111.235736861002));
#9314=CARTESIAN_POINT('Ctrl Pts',(8.89715624791252,194.37550390644,-111.145375077027));
#9315=CARTESIAN_POINT('Ctrl Pts',(8.81817901028397,195.226246234354,-112.283295422667));
#9316=CARTESIAN_POINT('Ctrl Pts',(8.73920177265542,194.738428504567,-113.617708756927));
#9317=CARTESIAN_POINT('Ctrl Pts',(8.66022453502687,193.354370822274,-113.938659567497));
#9318=CARTESIAN_POINT('Ctrl Pts',(8.58124729739832,192.32904285329,-112.955131390426));
#9319=CARTESIAN_POINT('Ctrl Pts',(8.50227005976977,192.592142512981,-111.558920922157));
#9320=CARTESIAN_POINT('Ctrl Pts',(8.42329282214121,193.905108857542,-111.016017171233));
#9321=CARTESIAN_POINT('Ctrl Pts',(8.34431558451267,195.077433004672,-111.818688462287));
#9322=CARTESIAN_POINT('Ctrl Pts',(8.26533834688412,195.046130879394,-113.239126874354));
#9323=CARTESIAN_POINT('Ctrl Pts',(8.18636110925557,193.839585127836,-113.989375136793));
#9324=CARTESIAN_POINT('Ctrl Pts',(8.10738387162703,192.551809654553,-113.389158978604));
#9325=CARTESIAN_POINT('Ctrl Pts',(8.02840663399847,192.350471970282,-111.982713728046));
#9326=CARTESIAN_POINT('Ctrl Pts',(7.94942939636993,193.418131439881,-111.045308605938));
#9327=CARTESIAN_POINT('Ctrl Pts',(7.87045215874138,194.786706824941,-111.426919037413));
#9328=CARTESIAN_POINT('Ctrl Pts',(7.79147492111282,195.215266731678,-112.78152654969));
#9329=CARTESIAN_POINT('Ctrl Pts',(7.71249768348427,194.315222085517,-113.880864869272));
#9330=CARTESIAN_POINT('Ctrl Pts',(7.63352044585573,192.902672364352,-113.728128523816));
#9331=CARTESIAN_POINT('Ctrl Pts',(7.55454320822717,192.258421909241,-112.461808478537));
#9332=CARTESIAN_POINT('Ctrl Pts',(7.47556597059863,192.966633363998,-111.230117916206));
#9333=CARTESIAN_POINT('Ctrl Pts',(7.39658873297008,194.385148585763,-111.149870351726));
#9334=CARTESIAN_POINT('Ctrl Pts',(7.31761149534152,195.227754121893,-112.293828837192));
#9335=CARTESIAN_POINT('Ctrl Pts',(7.23863425771298,194.7304323861,-113.624729358304));
#9336=CARTESIAN_POINT('Ctrl Pts',(7.15965702008442,193.344121018711,-113.935801534228));
#9337=CARTESIAN_POINT('Ctrl Pts',(7.08067978245588,192.325833200079,-112.944986201076));
#9338=CARTESIAN_POINT('Ctrl Pts',(7.00170254482733,192.598883302085,-111.550687543047));
#9339=CARTESIAN_POINT('Ctrl Pts',(6.92272530719877,193.915688000238,-111.017161074249));
#9340=CARTESIAN_POINT('Ctrl Pts',(6.84374806957023,195.082258050516,-111.828172432851));
#9341=CARTESIAN_POINT('Ctrl Pts',(6.76477083194167,195.040826804314,-113.248351491218));
#9342=CARTESIAN_POINT('Ctrl Pts',(6.68579359431313,193.828961307377,-113.989976142454));
#9343=CARTESIAN_POINT('Ctrl Pts',(6.60681635668458,192.545499049103,-113.380591421961));
#9344=CARTESIAN_POINT('Ctrl Pts',(6.52783911905603,192.354196609063,-111.972746088687));
#9345=CARTESIAN_POINT('Ctrl Pts',(6.44886188142748,193.428514072937,-111.042978863625));
#9346=CARTESIAN_POINT('Ctrl Pts',(6.36988464379893,194.794333184364,-111.434339644549));
#9347=CARTESIAN_POINT('Ctrl Pts',(6.29090740617038,195.213221751683,-112.791969002716));
#9348=CARTESIAN_POINT('Ctrl Pts',(6.21193016854183,194.305360015346,-113.884860659597));
#9349=CARTESIAN_POINT('Ctrl Pts',(6.13295293091328,192.893935460761,-113.722054539619));
#9350=CARTESIAN_POINT('Ctrl Pts',(6.05397569328473,192.258732204198,-112.451172196978));
#9351=CARTESIAN_POINT('Ctrl Pts',(5.97499845565618,192.975709503067,-111.224563596449));
#9352=CARTESIAN_POINT('Ctrl Pts',(5.89602121802763,194.39476094124,-111.154434274442));
#9353=CARTESIAN_POINT('Ctrl Pts',(5.81704398039908,195.22918686138,-112.304372746616));
#9354=CARTESIAN_POINT('Ctrl Pts',(5.73806674277053,194.722386398545,-113.631692752062));
#9355=CARTESIAN_POINT('Ctrl Pts',(5.65908950514198,193.333891860252,-113.932870478857));
#9356=CARTESIAN_POINT('Ctrl Pts',(5.58011226751343,192.322695978249,-112.934818378911));
#9357=CARTESIAN_POINT('Ctrl Pts',(5.50113502988489,192.605682636992,-111.542502446028));
#9358=CARTESIAN_POINT('Ctrl Pts',(5.42215779225633,193.926258715863,-111.018380393547));
#9359=CARTESIAN_POINT('Ctrl Pts',(5.34318055462778,195.087015338439,-111.837690572375));
#9360=CARTESIAN_POINT('Ctrl Pts',(5.26420331699924,195.035457078308,-113.25753804721));
#9361=CARTESIAN_POINT('Ctrl Pts',(5.18522607937069,193.81833347101,-113.990501368629));
#9362=CARTESIAN_POINT('Ctrl Pts',(5.10624884174213,192.539249704012,-113.371979078824));
#9363=CARTESIAN_POINT('Ctrl Pts',(5.02727160411359,192.35799223778,-111.96280526523));
#9364=CARTESIAN_POINT('Ctrl Pts',(4.94829436648504,193.438913056619,-111.040723224743));
#9365=CARTESIAN_POINT('Ctrl Pts',(4.86931712885649,194.801906429477,-111.441814450691));
#9366=CARTESIAN_POINT('Ctrl Pts',(4.79033989122794,195.211102352892,-112.802396606328));
#9367=CARTESIAN_POINT('Ctrl Pts',(4.71136265359939,194.295469699815,-113.88878601654));
#9368=CARTESIAN_POINT('Ctrl Pts',(4.63238541597084,192.885242096228,-113.715918402272));
#9369=CARTESIAN_POINT('Ctrl Pts',(4.55340817834229,192.259118344356,-112.440538398796));
#9370=CARTESIAN_POINT('Ctrl Pts',(4.47443094071374,192.98482502221,-111.219074144772));
#9371=CARTESIAN_POINT('Ctrl Pts',(4.39545370308519,194.40434050445,-111.1590666321));
#9372=CARTESIAN_POINT('Ctrl Pts',(4.31647646545664,195.23054437013,-112.314926605391));
#9373=CARTESIAN_POINT('Ctrl Pts',(4.23749922782809,194.71429095578,-113.638598588777));
#9374=CARTESIAN_POINT('Ctrl Pts',(4.15852199019954,193.323683865026,-113.92986654764));
#9375=CARTESIAN_POINT('Ctrl Pts',(4.07954475257099,192.319631348122,-112.92462844354));
#9376=CARTESIAN_POINT('Ctrl Pts',(4.00056751494244,192.612540172055,-111.53436604387));
#9377=CARTESIAN_POINT('Ctrl Pts',(3.92159027731389,193.936820465607,-111.019675073647));
#9378=CARTESIAN_POINT('Ctrl Pts',(3.84261303968534,195.091704629367,-111.847242383563));
#9379=CARTESIAN_POINT('Ctrl Pts',(3.76363580205679,195.030021968307,-113.266686102367));
#9380=CARTESIAN_POINT('Ctrl Pts',(3.68465856442824,193.807702172182,-113.990950732043));
#9381=CARTESIAN_POINT('Ctrl Pts',(3.60568132679969,192.533061910227,-113.363322504712));
#9382=CARTESIAN_POINT('Ctrl Pts',(3.52670408917114,192.361858719291,-111.952891519112));
#9383=CARTESIAN_POINT('Ctrl Pts',(3.44772685154259,193.449327745859,-111.038542311357));
#9384=CARTESIAN_POINT('Ctrl Pts',(3.36874961391405,194.809426416539,-111.449342021391));
#9385=CARTESIAN_POINT('Ctrl Pts',(3.28977237628549,195.208908141382,-112.812811021038));
#9386=CARTESIAN_POINT('Ctrl Pts',(3.21079513865695,194.285552684534,-113.892636187743));
#9387=CARTESIAN_POINT('Ctrl Pts',(3.1318179010284,192.876590546329,-113.709729884661));
#9388=CARTESIAN_POINT('Ctrl Pts',(3.05284066339985,192.259584812345,-112.42988796477));
#9389=CARTESIAN_POINT('Ctrl Pts',(2.9738634257713,192.993970102213,-111.213690695449));
#9390=CARTESIAN_POINT('Ctrl Pts',(2.89488618814275,194.413906233873,-111.163682294036));
#9391=CARTESIAN_POINT('Ctrl Pts',(2.8159089505142,195.231786222998,-112.325666351472));
#9392=CARTESIAN_POINT('Ctrl Pts',(2.73693171288565,194.706230909142,-113.645080308443));
#9393=CARTESIAN_POINT('Ctrl Pts',(2.6579544752571,193.313329926248,-113.927560206347));
#9394=CARTESIAN_POINT('Ctrl Pts',(2.57897723762855,192.31706275809,-112.912868038797));
#9395=CARTESIAN_POINT('Ctrl Pts',(2.52632574587618,192.51888820507,-111.991751804646));
#9396=CARTESIAN_POINT('Ctrl Pts',(2.5,192.791883847278,-111.674788701063));
#9397=CARTESIAN_POINT('Ctrl Pts',(9.55658032638061,192.486750042998,-112.499115968038));
#9398=CARTESIAN_POINT('Ctrl Pts',(9.54737826723406,192.485789791449,-112.35254527512));
#9399=CARTESIAN_POINT('Ctrl Pts',(9.53817620808749,192.509374297666,-112.206273464324));
#9400=CARTESIAN_POINT('Ctrl Pts',(9.52897414894094,192.558868444932,-112.069369141594));
#9401=CARTESIAN_POINT('Ctrl Pts',(9.50264840306476,192.700463964212,-111.677705889691));
#9402=CARTESIAN_POINT('Ctrl Pts',(9.47632265718857,193.054116538139,-111.362710698335));
#9403=CARTESIAN_POINT('Ctrl Pts',(9.44999691131239,193.459485654783,-111.267185764728));
#9404=CARTESIAN_POINT('Ctrl Pts',(9.4236711654362,193.864854771428,-111.171660831121));
#9405=CARTESIAN_POINT('Ctrl Pts',(9.39734541956002,194.321940430791,-111.295606155263));
#9406=CARTESIAN_POINT('Ctrl Pts',(9.37101967368383,194.62351857584,-111.582831989651));
#9407=CARTESIAN_POINT('Ctrl Pts',(9.34469392780765,194.92509672089,-111.870057824039));
#9408=CARTESIAN_POINT('Ctrl Pts',(9.31836818193147,195.071167351627,-112.320564168674));
#9409=CARTESIAN_POINT('Ctrl Pts',(9.29204243605529,194.995505507752,-112.730105337958));
#9410=CARTESIAN_POINT('Ctrl Pts',(9.26571669017911,194.919843663877,-113.139646507242));
#9411=CARTESIAN_POINT('Ctrl Pts',(9.23939094430292,194.622449345391,-113.508222501176));
#9412=CARTESIAN_POINT('Ctrl Pts',(9.21306519842674,194.238151772729,-113.668734118316));
#9413=CARTESIAN_POINT('Ctrl Pts',(9.18673945255056,193.853854200067,-113.829245735456));
#9414=CARTESIAN_POINT('Ctrl Pts',(9.16041370667437,193.382653373229,-113.781692975802));
#9415=CARTESIAN_POINT('Ctrl Pts',(9.13408796079819,193.03817543322,-113.54763433005));
#9416=CARTESIAN_POINT('Ctrl Pts',(9.108252082659,192.70010751592,-113.317931032088));
#9417=CARTESIAN_POINT('Ctrl Pts',(9.0824162045198,192.484090261723,-112.908598247766));
#9418=CARTESIAN_POINT('Ctrl Pts',(9.05658032638061,192.483437422278,-112.499858752288));
#9419=CARTESIAN_POINT('Ctrl Pts',(10.,193.351486158143,-113.990649428219));
#9420=CARTESIAN_POINT('Ctrl Pts',(10.,193.293718606007,-113.969541402433));
#9421=CARTESIAN_POINT('Ctrl Pts',(10.,193.237534132677,-113.944773345832));
#9422=CARTESIAN_POINT('Ctrl Pts',(10.,193.183133242462,-113.916651994769));
#9423=CARTESIAN_POINT('Ctrl Pts',(10.,193.129352253567,-113.888851088144));
#9424=CARTESIAN_POINT('Ctrl Pts',(10.,193.07731376925,-113.857771789634));
#9425=CARTESIAN_POINT('Ctrl Pts',(10.,193.027243609257,-113.823665606036));
#9426=CARTESIAN_POINT('Ctrl Pts',(10.,192.98918600155,-113.79774198694));
#9427=CARTESIAN_POINT('Ctrl Pts',(10.,192.952266127301,-113.770068639871));
#9428=CARTESIAN_POINT('Ctrl Pts',(10.,192.916599288925,-113.740743960322));
#9429=CARTESIAN_POINT('Ctrl Pts',(10.,192.897667304091,-113.725178398199));
#9430=CARTESIAN_POINT('Ctrl Pts',(10.,192.879088616911,-113.709147426132));
#9431=CARTESIAN_POINT('Ctrl Pts',(10.,192.860882357452,-113.692664957172));
#9432=CARTESIAN_POINT('Ctrl Pts',(10.,192.853007365299,-113.685535578729));
#9433=CARTESIAN_POINT('Ctrl Pts',(10.,192.845201842155,-113.678321375565));
#9434=CARTESIAN_POINT('Ctrl Pts',(10.,192.837478294764,-113.67103410914));
#9435=CARTESIAN_POINT('Ctrl Pts',(10.,192.794401398793,-113.630390503053));
#9436=CARTESIAN_POINT('Ctrl Pts',(10.,192.753784684395,-113.587399646502));
#9437=CARTESIAN_POINT('Ctrl Pts',(10.,192.715834723873,-113.54230320448));
#9438=CARTESIAN_POINT('Ctrl Pts',(10.,192.678655274169,-113.498122370693));
#9439=CARTESIAN_POINT('Ctrl Pts',(10.,192.644034945751,-113.451919640788));
#9440=CARTESIAN_POINT('Ctrl Pts',(10.,192.612210960032,-113.403899163432));
#9441=CARTESIAN_POINT('Ctrl Pts',(10.,192.588717334689,-113.368448698058));
#9442=CARTESIAN_POINT('Ctrl Pts',(10.,192.566748536633,-113.332007047141));
#9443=CARTESIAN_POINT('Ctrl Pts',(10.,192.546417658147,-113.294652363974));
#9444=CARTESIAN_POINT('Ctrl Pts',(10.,192.536032284901,-113.275570929425));
#9445=CARTESIAN_POINT('Ctrl Pts',(10.,192.526074557511,-113.25625121981));
#9446=CARTESIAN_POINT('Ctrl Pts',(10.,192.516561239671,-113.236703568099));
#9447=CARTESIAN_POINT('Ctrl Pts',(10.,192.51157806103,-113.22646429699));
#9448=CARTESIAN_POINT('Ctrl Pts',(10.,192.506720347962,-113.216169548161));
#9449=CARTESIAN_POINT('Ctrl Pts',(10.,192.501993210752,-113.205828271362));
#9450=CARTESIAN_POINT('Ctrl Pts',(10.,192.478823147687,-113.15514050307));
#9451=CARTESIAN_POINT('Ctrl Pts',(10.,192.458759705203,-113.103281604127));
#9452=CARTESIAN_POINT('Ctrl Pts',(10.,192.442015882395,-113.050442631112));
#9453=CARTESIAN_POINT('Ctrl Pts',(10.,192.430396644042,-113.013775459651));
#9454=CARTESIAN_POINT('Ctrl Pts',(10.,192.420376923296,-112.976635947964));
#9455=CARTESIAN_POINT('Ctrl Pts',(10.,192.412042600287,-112.939085845611));
#9456=CARTESIAN_POINT('Ctrl Pts',(10.,192.400081094683,-112.885193554751));
#9457=CARTESIAN_POINT('Ctrl Pts',(10.,192.391589674578,-112.830454518449));
#9458=CARTESIAN_POINT('Ctrl Pts',(10.,192.38651189447,-112.775183970165));
#9459=CARTESIAN_POINT('Ctrl Pts',(10.,192.385022635349,-112.758973703783));
#9460=CARTESIAN_POINT('Ctrl Pts',(10.,192.383827303173,-112.742717806597));
#9461=CARTESIAN_POINT('Ctrl Pts',(10.,192.382925175299,-112.726424513321));
#9462=CARTESIAN_POINT('Ctrl Pts',(10.,192.382232969765,-112.713922618522));
#9463=CARTESIAN_POINT('Ctrl Pts',(10.,192.381713450935,-112.701395583152));
#9464=CARTESIAN_POINT('Ctrl Pts',(10.,192.38136667317,-112.68887200358));
#9465=CARTESIAN_POINT('Ctrl Pts',(10.,192.379825945713,-112.633229961664));
#9466=CARTESIAN_POINT('Ctrl Pts',(10.,192.381683634445,-112.577557438754));
#9467=CARTESIAN_POINT('Ctrl Pts',(10.,192.386832119507,-112.522171328441));
#9468=CARTESIAN_POINT('Ctrl Pts',(10.,192.391976651837,-112.466827740615));
#9469=CARTESIAN_POINT('Ctrl Pts',(10.,192.400407391576,-112.411768984424));
#9470=CARTESIAN_POINT('Ctrl Pts',(10.,192.412066245738,-112.357326493556));
#9471=CARTESIAN_POINT('Ctrl Pts',(10.,192.419296867529,-112.323562192592));
#9472=CARTESIAN_POINT('Ctrl Pts',(10.,192.427770052667,-112.290035292789));
#9473=CARTESIAN_POINT('Ctrl Pts',(10.,192.437480318455,-112.256830698774));
#9474=CARTESIAN_POINT('Ctrl Pts',(10.,192.4424978573,-112.239673048925));
#9475=CARTESIAN_POINT('Ctrl Pts',(10.,192.447845801823,-112.222601543332));
#9476=CARTESIAN_POINT('Ctrl Pts',(10.,192.453524001715,-112.205628529948));
#9477=CARTESIAN_POINT('Ctrl Pts',(10.,192.457660396744,-112.193264208591));
#9478=CARTESIAN_POINT('Ctrl Pts',(10.,192.46197270734,-112.180950829666));
#9479=CARTESIAN_POINT('Ctrl Pts',(10.,192.466453457916,-112.168712609472));
#9480=CARTESIAN_POINT('Ctrl Pts',(10.,192.484886792663,-112.118365863823));
#9481=CARTESIAN_POINT('Ctrl Pts',(10.,192.50619234066,-112.069211865714));
#9482=CARTESIAN_POINT('Ctrl Pts',(10.,192.5303260034,-112.021563921599));
#9483=CARTESIAN_POINT('Ctrl Pts',(10.,192.546405853376,-111.989816904942));
#9484=CARTESIAN_POINT('Ctrl Pts',(10.,192.56374204699,-111.958739008524));
#9485=CARTESIAN_POINT('Ctrl Pts',(10.,192.582330453234,-111.928432233601));
#9486=CARTESIAN_POINT('Ctrl Pts',(10.,192.590979765466,-111.914330284481));
#9487=CARTESIAN_POINT('Ctrl Pts',(10.,192.599902888281,-111.900391878197));
#9488=CARTESIAN_POINT('Ctrl Pts',(10.,192.609083657287,-111.886651178133));
#9489=CARTESIAN_POINT('Ctrl Pts',(10.,192.637546588709,-111.844051195131));
#9490=CARTESIAN_POINT('Ctrl Pts',(10.,192.668507940009,-111.803305719907));
#9491=CARTESIAN_POINT('Ctrl Pts',(10.,192.701944144,-111.764715441605));
#9492=CARTESIAN_POINT('Ctrl Pts',(10.,192.719751480312,-111.744163166465));
#9493=CARTESIAN_POINT('Ctrl Pts',(10.,192.738261318309,-111.72422282949));
#9494=CARTESIAN_POINT('Ctrl Pts',(10.,192.757473461503,-111.704944952064));
#9495=CARTESIAN_POINT('Ctrl Pts',(10.,192.768115017854,-111.694266985691));
#9496=CARTESIAN_POINT('Ctrl Pts',(10.,192.778972090087,-111.683792338192));
#9497=CARTESIAN_POINT('Ctrl Pts',(10.,192.790037399044,-111.673524092819));
#9498=CARTESIAN_POINT('Origin',(2.12010587361983,193.75,-7.5));
#9499=CARTESIAN_POINT('',(1.74021174723965,193.75,-7.5));
#9500=CARTESIAN_POINT('',(2.12010587361983,193.11775,-7.5));
#9501=CARTESIAN_POINT('Origin',(6.25,193.75,-7.5));
#9502=CARTESIAN_POINT('Origin',(2.12010587361983,193.75,-112.5));
#9503=CARTESIAN_POINT('',(1.74021174723965,193.75,-112.5));
#9504=CARTESIAN_POINT('',(2.12010587361983,193.11775,-112.5));
#9505=CARTESIAN_POINT('Origin',(6.25,193.75,-112.5));
#9506=CARTESIAN_POINT('Origin',(10.,30.,-110.));
#9507=CARTESIAN_POINT('',(-5.,30.,-110.));
#9508=CARTESIAN_POINT('',(-5.,30.,-85.));
#9509=CARTESIAN_POINT('',(10.,30.,-110.));
#9510=CARTESIAN_POINT('',(10.,30.,-68.49));
#9511=CARTESIAN_POINT('',(10.,30.,-110.));
#9512=CARTESIAN_POINT('Origin',(10.,130.,-110.));
#9513=CARTESIAN_POINT('',(-5.,130.,-110.));
#9514=CARTESIAN_POINT('',(-5.,121.25,-110.));
#9515=CARTESIAN_POINT('',(10.,130.,-110.));
#9516=CARTESIAN_POINT('',(10.,121.25,-110.));
#9517=CARTESIAN_POINT('',(10.,130.,-110.));
#9518=CARTESIAN_POINT('Origin',(10.,130.,-76.98));
#9519=CARTESIAN_POINT('',(-5.,130.,-68.49));
#9520=CARTESIAN_POINT('',(10.,130.,-68.49));
#9521=CARTESIAN_POINT('Origin',(10.,15.,-15.));
#9522=CARTESIAN_POINT('',(-5.,173.75,-15.));
#9523=CARTESIAN_POINT('',(-5.,15.,-15.));
#9524=CARTESIAN_POINT('',(-5.,63.75,-15.));
#9525=CARTESIAN_POINT('',(10.,173.75,-15.));
#9526=CARTESIAN_POINT('',(10.,173.75,-15.));
#9527=CARTESIAN_POINT('',(10.,15.,-15.));
#9528=CARTESIAN_POINT('',(10.,63.75,-15.));
#9529=CARTESIAN_POINT('',(10.,15.,-15.));
#9530=CARTESIAN_POINT('Origin',(10.,15.,-59.45));
#9531=CARTESIAN_POINT('',(-5.,15.,-59.45));
#9532=CARTESIAN_POINT('',(-5.,15.,-59.725));
#9533=CARTESIAN_POINT('',(10.,15.,-59.45));
#9534=CARTESIAN_POINT('',(10.,15.,-59.725));
#9535=CARTESIAN_POINT('',(10.,15.,-59.45));
#9536=CARTESIAN_POINT('Origin',(10.,173.75,-59.45));
#9537=CARTESIAN_POINT('',(-5.,173.75,-59.45));
#9538=CARTESIAN_POINT('',(-5.,143.125,-59.45));
#9539=CARTESIAN_POINT('',(10.,173.75,-59.45));
#9540=CARTESIAN_POINT('',(10.,143.125,-59.45));
#9541=CARTESIAN_POINT('',(10.,173.75,-59.45));
#9542=CARTESIAN_POINT('Origin',(10.,173.75,-15.));
#9543=CARTESIAN_POINT('',(-5.,173.75,-37.5));
#9544=CARTESIAN_POINT('',(10.,173.75,-37.5));
#9545=CARTESIAN_POINT('Origin',(0.,112.5,-60.));
#9546=CARTESIAN_POINT('',(0.,-5.,5.));
#9547=CARTESIAN_POINT('',(0.,230.,5.));
#9548=CARTESIAN_POINT('',(0.,-5.,5.));
#9549=CARTESIAN_POINT('',(0.,-5.,-125.));
#9550=CARTESIAN_POINT('',(0.,-5.,-125.));
#9551=CARTESIAN_POINT('',(0.,230.,-125.));
#9552=CARTESIAN_POINT('',(0.,230.,-125.));
#9553=CARTESIAN_POINT('',(0.,230.,5.));
#9554=CARTESIAN_POINT('',(0.,225.,-120.));
#9555=CARTESIAN_POINT('',(0.,225.,2.46519032881566E-31));
#9556=CARTESIAN_POINT('',(0.,225.,-120.));
#9557=CARTESIAN_POINT('',(0.,0.,-120.));
#9558=CARTESIAN_POINT('',(0.,0.,-120.));
#9559=CARTESIAN_POINT('',(0.,0.,0.));
#9560=CARTESIAN_POINT('',(0.,0.,0.));
#9561=CARTESIAN_POINT('',(0.,225.,2.46519032881566E-31));
#9562=CARTESIAN_POINT('Origin',(0.,-5.,-125.));
#9563=CARTESIAN_POINT('',(-5.,-5.,5.));
#9564=CARTESIAN_POINT('',(0.,-5.,5.));
#9565=CARTESIAN_POINT('',(-5.,-5.,-125.));
#9566=CARTESIAN_POINT('',(-5.,-5.,-125.));
#9567=CARTESIAN_POINT('',(0.,-5.,-125.));
#9568=CARTESIAN_POINT('Origin',(0.,230.,-125.));
#9569=CARTESIAN_POINT('',(-5.,230.,-125.));
#9570=CARTESIAN_POINT('',(-5.,230.,-125.));
#9571=CARTESIAN_POINT('',(0.,230.,-125.));
#9572=CARTESIAN_POINT('Origin',(0.,230.,5.));
#9573=CARTESIAN_POINT('',(-5.,230.,5.));
#9574=CARTESIAN_POINT('',(-5.,230.,5.));
#9575=CARTESIAN_POINT('',(0.,230.,5.));
#9576=CARTESIAN_POINT('Origin',(0.,-5.,5.));
#9577=CARTESIAN_POINT('',(-5.,-5.,5.));
#9578=CARTESIAN_POINT('Origin',(-5.,112.5,-60.));
#9579=CARTESIAN_POINT('Origin',(0.,225.,-120.));
#9580=CARTESIAN_POINT('',(10.,225.,2.46519032881566E-31));
#9581=CARTESIAN_POINT('',(0.,225.,2.46519032881566E-31));
#9582=CARTESIAN_POINT('',(10.,225.,-120.));
#9583=CARTESIAN_POINT('',(10.,225.,-120.));
#9584=CARTESIAN_POINT('',(0.,225.,-120.));
#9585=CARTESIAN_POINT('Origin',(0.,0.,-120.));
#9586=CARTESIAN_POINT('',(10.,0.,-120.));
#9587=CARTESIAN_POINT('',(10.,0.,-120.));
#9588=CARTESIAN_POINT('',(0.,0.,-120.));
#9589=CARTESIAN_POINT('Origin',(0.,0.,0.));
#9590=CARTESIAN_POINT('',(10.,0.,0.));
#9591=CARTESIAN_POINT('',(10.,0.,0.));
#9592=CARTESIAN_POINT('',(0.,0.,0.));
#9593=CARTESIAN_POINT('Origin',(0.,225.,2.46519032881566E-31));
#9594=CARTESIAN_POINT('',(10.,225.,2.46519032881566E-31));
#9595=CARTESIAN_POINT('Origin',(10.,112.5,-60.));
#9596=CARTESIAN_POINT('',(0.,0.,0.));
#9597=CARTESIAN_POINT('Origin',(311.015999999999,-140.266137857954,60.));
#9598=CARTESIAN_POINT('',(311.016,2.03199999999999,4.5286726420857E-31));
#9599=CARTESIAN_POINT('',(311.016,2.03199999999999,120.));
#9600=CARTESIAN_POINT('',(311.016,2.03199999999999,30.));
#9601=CARTESIAN_POINT('',(311.016,24.733862142046,120.));
#9602=CARTESIAN_POINT('',(311.016,29.733862142046,120.));
#9603=CARTESIAN_POINT('',(311.016,29.733862142046,115.));
#9604=CARTESIAN_POINT('Ctrl Pts',(311.016,29.733862142046,115.));
#9605=CARTESIAN_POINT('Ctrl Pts',(311.016,29.733862142046,115.373999125427));
#9606=CARTESIAN_POINT('Ctrl Pts',(311.016,29.731958874585,115.744034678936));
#9607=CARTESIAN_POINT('Ctrl Pts',(311.016,29.6900300531583,116.112667822043));
#9608=CARTESIAN_POINT('Ctrl Pts',(311.016,29.6481012317316,116.48130096515));
#9609=CARTESIAN_POINT('Ctrl Pts',(311.016,29.5661468563392,116.848531697856));
#9610=CARTESIAN_POINT('Ctrl Pts',(311.016,29.4271158048243,117.207355731905));
#9611=CARTESIAN_POINT('Ctrl Pts',(311.016,29.2880847533094,117.566179765954));
#9612=CARTESIAN_POINT('Ctrl Pts',(311.016,29.0919770256721,117.916597101346));
#9613=CARTESIAN_POINT('Ctrl Pts',(311.016,28.8447635005033,118.241037442216));
#9614=CARTESIAN_POINT('Ctrl Pts',(311.016,28.5975499753345,118.565477783085));
#9615=CARTESIAN_POINT('Ctrl Pts',(311.016,28.2992306526343,118.863941129431));
#9616=CARTESIAN_POINT('Ctrl Pts',(311.016,27.9749292085063,119.11100819762));
#9617=CARTESIAN_POINT('Ctrl Pts',(311.016,27.6506277643784,119.358075265809));
#9618=CARTESIAN_POINT('Ctrl Pts',(311.016,27.3003441988227,119.553746055841));
#9619=CARTESIAN_POINT('Ctrl Pts',(311.016,26.94152794542,119.692715626078));
#9620=CARTESIAN_POINT('Ctrl Pts',(311.016,26.5827116920172,119.831685196315));
#9621=CARTESIAN_POINT('Ctrl Pts',(311.016,26.2153627507674,119.913953546757));
#9622=CARTESIAN_POINT('Ctrl Pts',(311.016,25.8466501446314,119.956032247678));
#9623=CARTESIAN_POINT('Ctrl Pts',(311.016,25.4779375384955,119.9981109486));
#9624=CARTESIAN_POINT('Ctrl Pts',(311.016,25.1078612674733,120.));
#9625=CARTESIAN_POINT('Ctrl Pts',(311.016,24.733862142046,120.));
#9626=CARTESIAN_POINT('',(311.016,29.733862142046,5.));
#9627=CARTESIAN_POINT('',(311.016,29.733862142046,4.93038065763132E-31));
#9628=CARTESIAN_POINT('',(311.016,24.733862142046,4.85787505972498E-31));
#9629=CARTESIAN_POINT('Ctrl Pts',(311.016,24.733862142046,0.));
#9630=CARTESIAN_POINT('Ctrl Pts',(311.016,25.1078612674733,0.));
#9631=CARTESIAN_POINT('Ctrl Pts',(311.016,25.477897486804,0.00190311771112681));
#9632=CARTESIAN_POINT('Ctrl Pts',(311.016,25.8465311028252,0.0438319806548799));
#9633=CARTESIAN_POINT('Ctrl Pts',(311.016,26.2151647188463,0.0857608435986329));
#9634=CARTESIAN_POINT('Ctrl Pts',(311.016,26.582395731558,0.167715451775012));
#9635=CARTESIAN_POINT('Ctrl Pts',(311.016,26.9412200542526,0.306746573147352));
#9636=CARTESIAN_POINT('Ctrl Pts',(311.016,27.3000443769471,0.445777694519691));
#9637=CARTESIAN_POINT('Ctrl Pts',(311.016,27.6504620096245,0.64188532908799));
#9638=CARTESIAN_POINT('Ctrl Pts',(311.016,27.9749025884915,0.889098959424964));
#9639=CARTESIAN_POINT('Ctrl Pts',(311.016,28.2993431673586,1.13631258976194));
#9640=CARTESIAN_POINT('Ctrl Pts',(311.016,28.5978066924153,1.43463221586759));
#9641=CARTESIAN_POINT('Ctrl Pts',(311.016,28.8448739526594,1.75893391610947));
#9642=CARTESIAN_POINT('Ctrl Pts',(311.016,29.0919412129034,2.08323561635135));
#9643=CARTESIAN_POINT('Ctrl Pts',(311.016,29.2876122083348,2.43351939072947));
#9644=CARTESIAN_POINT('Ctrl Pts',(311.016,29.4265817367288,2.79233569117747));
#9645=CARTESIAN_POINT('Ctrl Pts',(311.016,29.5655512651229,3.15115199162547));
#9646=CARTESIAN_POINT('Ctrl Pts',(311.016,29.6478193264796,3.51850081814337));
#9647=CARTESIAN_POINT('Ctrl Pts',(311.016,29.6898970457104,3.88721303888016));
#9648=CARTESIAN_POINT('Ctrl Pts',(311.016,29.7319747649411,4.25592525961695));
#9649=CARTESIAN_POINT('Ctrl Pts',(311.016,29.733862142046,4.62600087457264));
#9650=CARTESIAN_POINT('Ctrl Pts',(311.016,29.733862142046,5.));
#9651=CARTESIAN_POINT('',(311.015999999998,-310.266137857954,0.));
#9652=CARTESIAN_POINT('',(311.016,16.733862142046,7.5));
#9653=CARTESIAN_POINT('',(311.016,22.733862142046,7.5));
#9654=CARTESIAN_POINT('Origin',(311.016,19.733862142046,7.5));
#9655=CARTESIAN_POINT('',(311.016,22.733862142046,112.5));
#9656=CARTESIAN_POINT('',(311.016,22.733862142046,86.25));
#9657=CARTESIAN_POINT('',(311.016,16.733862142046,112.5));
#9658=CARTESIAN_POINT('Origin',(311.016,19.733862142046,112.5));
#9659=CARTESIAN_POINT('',(311.016,16.733862142046,33.75));
#9660=CARTESIAN_POINT('Origin',(312.032,2.03199999999999,0.));
#9661=CARTESIAN_POINT('',(312.032,2.03199999999999,4.5286726420857E-31));
#9662=CARTESIAN_POINT('',(312.032,2.03199999999999,4.5286726420857E-31));
#9663=CARTESIAN_POINT('',(310.,0.,4.49534707019327E-31));
#9664=CARTESIAN_POINT('Origin',(310.,2.032,0.));
#9665=CARTESIAN_POINT('',(310.,1.016,4.49534707019327E-31));
#9666=CARTESIAN_POINT('',(310.,0.,4.49534707019327E-31));
#9667=CARTESIAN_POINT('Origin',(310.,2.032,0.));
#9668=CARTESIAN_POINT('Origin',(310.,2.032,60.));
#9669=CARTESIAN_POINT('',(312.032,2.03199999999999,120.));
#9670=CARTESIAN_POINT('',(312.032,2.03199999999999,30.));
#9671=CARTESIAN_POINT('',(310.,0.,120.));
#9672=CARTESIAN_POINT('Origin',(310.,2.032,120.));
#9673=CARTESIAN_POINT('',(310.,0.,30.));
#9674=CARTESIAN_POINT('Origin',(312.031999999998,-310.266137857954,120.));
#9675=CARTESIAN_POINT('',(312.032,2.03199999999999,120.));
#9676=CARTESIAN_POINT('',(312.032,24.733862142046,120.));
#9677=CARTESIAN_POINT('',(312.032,29.733862142046,120.));
#9678=CARTESIAN_POINT('',(312.032,24.733862142046,120.));
#9679=CARTESIAN_POINT('Origin',(312.032,29.733862142046,4.93038065763132E-31));
#9680=CARTESIAN_POINT('',(312.032,24.733862142046,4.85787505972498E-31));
#9681=CARTESIAN_POINT('',(312.032,24.733862142046,0.));
#9682=CARTESIAN_POINT('',(312.031999999998,-310.266137857954,0.));
#9683=CARTESIAN_POINT('Origin',(170.,0.,60.));
#9684=CARTESIAN_POINT('',(30.,0.,120.));
#9685=CARTESIAN_POINT('',(340.,0.,120.));
#9686=CARTESIAN_POINT('',(30.,0.,4.35033587438058E-32));
#9687=CARTESIAN_POINT('',(30.,0.,30.));
#9688=CARTESIAN_POINT('',(0.,0.,0.));
#9689=CARTESIAN_POINT('',(305.5,0.,102.));
#9690=CARTESIAN_POINT('',(305.5,0.,18.));
#9691=CARTESIAN_POINT('',(305.5,0.,39.));
#9692=CARTESIAN_POINT('',(302.5,0.,15.));
#9693=CARTESIAN_POINT('Origin',(302.5,0.,18.));
#9694=CARTESIAN_POINT('',(37.5,0.,15.));
#9695=CARTESIAN_POINT('',(103.75,0.,15.));
#9696=CARTESIAN_POINT('',(34.5,0.,18.));
#9697=CARTESIAN_POINT('Origin',(37.5,0.,18.));
#9698=CARTESIAN_POINT('',(34.5,0.,102.));
#9699=CARTESIAN_POINT('',(34.5,0.,81.));
#9700=CARTESIAN_POINT('',(37.5,0.,105.));
#9701=CARTESIAN_POINT('Origin',(37.5,0.,102.));
#9702=CARTESIAN_POINT('',(302.5,0.,105.));
#9703=CARTESIAN_POINT('',(236.25,0.,105.));
#9704=CARTESIAN_POINT('Origin',(302.5,0.,102.));
#9705=CARTESIAN_POINT('',(37.5,0.,10.5));
#9706=CARTESIAN_POINT('',(37.5,0.,4.5));
#9707=CARTESIAN_POINT('Origin',(37.5,0.,7.5));
#9708=CARTESIAN_POINT('',(302.500000114043,0.,10.5));
#9709=CARTESIAN_POINT('',(305.5,0.,10.5));
#9710=CARTESIAN_POINT('',(302.499999885957,0.,4.5));
#9711=CARTESIAN_POINT('Origin',(302.5,0.,7.5));
#9712=CARTESIAN_POINT('',(34.5,0.,4.5));
#9713=CARTESIAN_POINT('',(37.5,0.,109.5));
#9714=CARTESIAN_POINT('',(302.5,0.,109.5));
#9715=CARTESIAN_POINT('',(305.5,0.,109.5));
#9716=CARTESIAN_POINT('',(37.5,0.,115.5));
#9717=CARTESIAN_POINT('Origin',(37.5,0.,112.5));
#9718=CARTESIAN_POINT('',(302.499999786692,0.,115.5));
#9719=CARTESIAN_POINT('',(34.5,0.,115.5));
#9720=CARTESIAN_POINT('Origin',(302.5,0.,112.5));
#9721=CARTESIAN_POINT('Origin',(0.,0.,120.));
#9722=CARTESIAN_POINT('',(310.,1.016,120.));
#9723=CARTESIAN_POINT('',(310.,0.,120.));
#9724=CARTESIAN_POINT('',(30.,1.016,120.));
#9725=CARTESIAN_POINT('',(340.,1.016,120.));
#9726=CARTESIAN_POINT('',(30.,0.,120.));
#9727=CARTESIAN_POINT('Origin',(310.,2.032,60.));
#9728=CARTESIAN_POINT('',(310.,1.016,30.));
#9729=CARTESIAN_POINT('Origin',(310.,2.032,120.));
#9730=CARTESIAN_POINT('Origin',(28.9840000000008,-140.266137857954,60.));
#9731=CARTESIAN_POINT('',(28.984,2.03199999999999,120.));
#9732=CARTESIAN_POINT('',(28.984,2.03199999999998,2.96272585820721E-15));
#9733=CARTESIAN_POINT('',(28.984,2.03199999999998,30.));
#9734=CARTESIAN_POINT('',(28.9839999999999,24.733862142046,4.42312853010659E-16));
#9735=CARTESIAN_POINT('',(28.9839999999998,29.733862142046,-1.12798659301916E-16));
#9736=CARTESIAN_POINT('',(28.9839999999998,29.733862142046,5.));
#9737=CARTESIAN_POINT('Ctrl Pts',(28.9839999999998,29.733862142046,5.));
#9738=CARTESIAN_POINT('Ctrl Pts',(28.9839999999998,29.733862142046,4.62600087457264));
#9739=CARTESIAN_POINT('Ctrl Pts',(28.9839999999998,29.7319624414463,4.2559575025761));
#9740=CARTESIAN_POINT('Ctrl Pts',(28.9839999999998,29.6900333598319,3.88731825165611));
#9741=CARTESIAN_POINT('Ctrl Pts',(28.9839999999998,29.6481042782174,3.51867900073611));
#9742=CARTESIAN_POINT('Ctrl Pts',(28.9839999999998,29.5661458155883,3.15144387089266));
#9743=CARTESIAN_POINT('Ctrl Pts',(28.9839999999998,29.4271138522492,2.79261590536674));
#9744=CARTESIAN_POINT('Ctrl Pts',(28.9839999999998,29.2880818889101,2.43378793984083));
#9745=CARTESIAN_POINT('Ctrl Pts',(28.9839999999998,29.0919764248611,2.08336713863244));
#9746=CARTESIAN_POINT('Ctrl Pts',(28.9839999999998,28.8447612809438,1.75892312605772));
#9747=CARTESIAN_POINT('Ctrl Pts',(28.9839999999999,28.5975461370265,1.434479113483));
#9748=CARTESIAN_POINT('Ctrl Pts',(28.9839999999999,28.299221313241,1.13601188954194));
#9749=CARTESIAN_POINT('Ctrl Pts',(28.9839999999999,27.9749152251096,0.888940760099664));
#9750=CARTESIAN_POINT('Ctrl Pts',(28.9839999999999,27.6506091369782,0.641869630657385));
#9751=CARTESIAN_POINT('Ctrl Pts',(28.9839999999999,27.3003217845008,0.446194595713882));
#9752=CARTESIAN_POINT('Ctrl Pts',(28.9839999999999,26.9415045011337,0.30722498577861));
#9753=CARTESIAN_POINT('Ctrl Pts',(28.9839999999999,26.5826872177666,0.168255375843337));
#9754=CARTESIAN_POINT('Ctrl Pts',(28.9839999999999,26.2153400035097,0.0859911909162957));
#9755=CARTESIAN_POINT('Ctrl Pts',(28.9839999999999,25.8466335159364,0.043927346955452));
#9756=CARTESIAN_POINT('Ctrl Pts',(28.9839999999999,25.477927028363,0.00186350299460821));
#9757=CARTESIAN_POINT('Ctrl Pts',(28.9839999999999,25.1078612674733,-3.78921431269201E-14));
#9758=CARTESIAN_POINT('Ctrl Pts',(28.9839999999999,24.7338621420459,-3.99593552691258E-14));
#9759=CARTESIAN_POINT('',(28.9839999999998,29.733862142046,115.));
#9760=CARTESIAN_POINT('',(28.9839999999998,29.733862142046,120.));
#9761=CARTESIAN_POINT('',(28.9839999999999,24.733862142046,120.));
#9762=CARTESIAN_POINT('Ctrl Pts',(28.9839999999999,24.733862142046,120.));
#9763=CARTESIAN_POINT('Ctrl Pts',(28.9839999999999,25.1078612674733,120.));
#9764=CARTESIAN_POINT('Ctrl Pts',(28.9839999999999,25.4778997607484,119.99809753269));
#9765=CARTESIAN_POINT('Ctrl Pts',(28.9839999999999,25.8465350345999,119.956168546595));
#9766=CARTESIAN_POINT('Ctrl Pts',(28.9839999999999,26.2151703084514,119.9142395605));
#9767=CARTESIAN_POINT('Ctrl Pts',(28.9839999999999,26.5824023628793,119.83228405562));
#9768=CARTESIAN_POINT('Ctrl Pts',(28.9839999999999,26.9412277147141,119.693252687926));
#9769=CARTESIAN_POINT('Ctrl Pts',(28.9839999999999,27.3000530665487,119.554221320232));
#9770=CARTESIAN_POINT('Ctrl Pts',(28.9839999999999,27.6504717157901,119.358114089725));
#9771=CARTESIAN_POINT('Ctrl Pts',(28.9839999999999,27.9749131772821,119.110900068752));
#9772=CARTESIAN_POINT('Ctrl Pts',(28.9839999999999,28.299354638774,118.863686047778));
#9773=CARTESIAN_POINT('Ctrl Pts',(28.9839999999999,28.5978189125165,118.565365236337));
#9774=CARTESIAN_POINT('Ctrl Pts',(28.9839999999999,28.8448869678459,118.24106253546));
#9775=CARTESIAN_POINT('Ctrl Pts',(28.9839999999999,29.0919550231753,117.916759834582));
#9776=CARTESIAN_POINT('Ctrl Pts',(28.9839999999999,29.2876268600915,117.566475244267));
#9777=CARTESIAN_POINT('Ctrl Pts',(28.9839999999999,29.4265962846506,117.207658747061));
#9778=CARTESIAN_POINT('Ctrl Pts',(28.9839999999999,29.5655657092096,116.848842249855));
#9779=CARTESIAN_POINT('Ctrl Pts',(28.9839999999999,29.6478327214113,116.481493845758));
#9780=CARTESIAN_POINT('Ctrl Pts',(28.9839999999999,29.6899068296204,116.112783064651));
#9781=CARTESIAN_POINT('Ctrl Pts',(28.9839999999999,29.7319809378295,115.744072283544));
#9782=CARTESIAN_POINT('Ctrl Pts',(28.9839999999998,29.733862142046,115.373999125427));
#9783=CARTESIAN_POINT('Ctrl Pts',(28.9839999999998,29.733862142046,115.));
#9784=CARTESIAN_POINT('',(28.9840000000017,-310.266137857954,120.));
#9785=CARTESIAN_POINT('',(28.9839999999999,22.733862142046,7.5));
#9786=CARTESIAN_POINT('',(28.9839999999999,16.733862142046,7.5));
#9787=CARTESIAN_POINT('Origin',(28.9839999999999,19.733862142046,7.5));
#9788=CARTESIAN_POINT('',(28.9839999999999,16.733862142046,112.5));
#9789=CARTESIAN_POINT('',(28.9839999999999,16.733862142046,33.75));
#9790=CARTESIAN_POINT('',(28.9839999999999,22.733862142046,112.5));
#9791=CARTESIAN_POINT('Origin',(28.9839999999999,19.733862142046,112.5));
#9792=CARTESIAN_POINT('',(28.9839999999999,22.733862142046,86.25));
#9793=CARTESIAN_POINT('Origin',(27.968,2.03199999999999,120.));
#9794=CARTESIAN_POINT('',(27.968,2.03199999999998,120.));
#9795=CARTESIAN_POINT('',(27.968,2.03199999999998,120.));
#9796=CARTESIAN_POINT('Origin',(30.,2.032,120.));
#9797=CARTESIAN_POINT('Origin',(30.,2.032,120.));
#9798=CARTESIAN_POINT('Origin',(30.,2.032,60.));
#9799=CARTESIAN_POINT('',(27.968,2.03199999999998,3.07552451750913E-15));
#9800=CARTESIAN_POINT('',(27.968,2.03199999999998,30.));
#9801=CARTESIAN_POINT('Origin',(30.,2.032,0.));
#9802=CARTESIAN_POINT('Origin',(27.9680000000017,-310.266137857954,3.77475828372551E-14));
#9803=CARTESIAN_POINT('',(27.968,2.03199999999997,3.07552451750913E-15));
#9804=CARTESIAN_POINT('',(27.9679999999999,24.733862142046,5.55111512312575E-16));
#9805=CARTESIAN_POINT('',(27.9679999999998,29.733862142046,0.));
#9806=CARTESIAN_POINT('',(27.9679999999999,24.733862142046,5.55111512312575E-16));
#9807=CARTESIAN_POINT('Origin',(27.9679999999998,29.733862142046,120.));
#9808=CARTESIAN_POINT('',(27.9679999999999,24.733862142046,120.));
#9809=CARTESIAN_POINT('',(27.9679999999999,24.733862142046,120.));
#9810=CARTESIAN_POINT('',(27.9680000000017,-310.266137857954,120.));
#9811=CARTESIAN_POINT('Origin',(312.031999999999,-140.266137857954,60.));
#9812=CARTESIAN_POINT('',(312.032,29.733862142046,5.));
#9813=CARTESIAN_POINT('Ctrl Pts',(312.032,29.733862142046,5.));
#9814=CARTESIAN_POINT('Ctrl Pts',(312.032,29.733862142046,4.62600087457264));
#9815=CARTESIAN_POINT('Ctrl Pts',(312.032,29.7319747649411,4.25592525961695));
#9816=CARTESIAN_POINT('Ctrl Pts',(312.032,29.6898970457104,3.88721303888016));
#9817=CARTESIAN_POINT('Ctrl Pts',(312.032,29.6478193264796,3.51850081814337));
#9818=CARTESIAN_POINT('Ctrl Pts',(312.032,29.5655512651229,3.15115199162547));
#9819=CARTESIAN_POINT('Ctrl Pts',(312.032,29.4265817367288,2.79233569117747));
#9820=CARTESIAN_POINT('Ctrl Pts',(312.032,29.2876122083348,2.43351939072947));
#9821=CARTESIAN_POINT('Ctrl Pts',(312.032,29.0919412129034,2.08323561635135));
#9822=CARTESIAN_POINT('Ctrl Pts',(312.032,28.8448739526593,1.75893391610947));
#9823=CARTESIAN_POINT('Ctrl Pts',(312.032,28.5978066924153,1.43463221586759));
#9824=CARTESIAN_POINT('Ctrl Pts',(312.032,28.2993431673586,1.13631258976194));
#9825=CARTESIAN_POINT('Ctrl Pts',(312.032,27.9749025884915,0.889098959424965));
#9826=CARTESIAN_POINT('Ctrl Pts',(312.032,27.6504620096245,0.64188532908799));
#9827=CARTESIAN_POINT('Ctrl Pts',(312.032,27.3000443769471,0.445777694519691));
#9828=CARTESIAN_POINT('Ctrl Pts',(312.032,26.9412200542526,0.306746573147351));
#9829=CARTESIAN_POINT('Ctrl Pts',(312.032,26.582395731558,0.167715451775012));
#9830=CARTESIAN_POINT('Ctrl Pts',(312.032,26.2151647188463,0.0857608435986329));
#9831=CARTESIAN_POINT('Ctrl Pts',(312.032,25.8465311028252,0.0438319806548799));
#9832=CARTESIAN_POINT('Ctrl Pts',(312.032,25.477897486804,0.0019031177111268));
#9833=CARTESIAN_POINT('Ctrl Pts',(312.032,25.1078612674733,0.));
#9834=CARTESIAN_POINT('Ctrl Pts',(312.032,24.733862142046,0.));
#9835=CARTESIAN_POINT('',(312.032,29.733862142046,115.));
#9836=CARTESIAN_POINT('',(312.032,29.733862142046,4.93038065763132E-31));
#9837=CARTESIAN_POINT('Ctrl Pts',(312.032,24.733862142046,120.));
#9838=CARTESIAN_POINT('Ctrl Pts',(312.032,25.1078612674733,120.));
#9839=CARTESIAN_POINT('Ctrl Pts',(312.032,25.4779375384955,119.9981109486));
#9840=CARTESIAN_POINT('Ctrl Pts',(312.032,25.8466501446314,119.956032247678));
#9841=CARTESIAN_POINT('Ctrl Pts',(312.032,26.2153627507674,119.913953546757));
#9842=CARTESIAN_POINT('Ctrl Pts',(312.032,26.5827116920172,119.831685196315));
#9843=CARTESIAN_POINT('Ctrl Pts',(312.032,26.94152794542,119.692715626078));
#9844=CARTESIAN_POINT('Ctrl Pts',(312.032,27.3003441988227,119.553746055841));
#9845=CARTESIAN_POINT('Ctrl Pts',(312.032,27.6506277643784,119.358075265809));
#9846=CARTESIAN_POINT('Ctrl Pts',(312.032,27.9749292085063,119.11100819762));
#9847=CARTESIAN_POINT('Ctrl Pts',(312.032,28.2992306526343,118.863941129431));
#9848=CARTESIAN_POINT('Ctrl Pts',(312.032,28.5975499753345,118.565477783085));
#9849=CARTESIAN_POINT('Ctrl Pts',(312.032,28.8447635005033,118.241037442216));
#9850=CARTESIAN_POINT('Ctrl Pts',(312.032,29.0919770256721,117.916597101346));
#9851=CARTESIAN_POINT('Ctrl Pts',(312.032,29.2880847533094,117.566179765954));
#9852=CARTESIAN_POINT('Ctrl Pts',(312.032,29.4271158048243,117.207355731905));
#9853=CARTESIAN_POINT('Ctrl Pts',(312.032,29.5661468563392,116.848531697856));
#9854=CARTESIAN_POINT('Ctrl Pts',(312.032,29.6481012317316,116.48130096515));
#9855=CARTESIAN_POINT('Ctrl Pts',(312.032,29.6900300531583,116.112667822043));
#9856=CARTESIAN_POINT('Ctrl Pts',(312.032,29.731958874585,115.744034678936));
#9857=CARTESIAN_POINT('Ctrl Pts',(312.032,29.733862142046,115.373999125427));
#9858=CARTESIAN_POINT('Ctrl Pts',(312.032,29.733862142046,115.));
#9859=CARTESIAN_POINT('',(312.032,22.733862142046,7.5));
#9860=CARTESIAN_POINT('',(312.032,16.733862142046,7.5));
#9861=CARTESIAN_POINT('Origin',(312.032,19.733862142046,7.5));
#9862=CARTESIAN_POINT('',(312.032,16.733862142046,112.5));
#9863=CARTESIAN_POINT('',(312.032,16.733862142046,33.75));
#9864=CARTESIAN_POINT('',(312.032,22.733862142046,112.5));
#9865=CARTESIAN_POINT('Origin',(312.032,19.733862142046,112.5));
#9866=CARTESIAN_POINT('',(312.032,22.733862142046,86.25));
#9867=CARTESIAN_POINT('Origin',(340.,0.,4.93038065763132E-31));
#9868=CARTESIAN_POINT('',(30.,1.016,4.35033587438058E-32));
#9869=CARTESIAN_POINT('',(30.,0.,0.));
#9870=CARTESIAN_POINT('',(0.,1.016,0.));
#9871=CARTESIAN_POINT('Origin',(30.,2.032,60.));
#9872=CARTESIAN_POINT('',(30.,1.016,30.));
#9873=CARTESIAN_POINT('Origin',(30.,2.032,0.));
#9874=CARTESIAN_POINT('Ctrl Pts',(27.9679999999999,24.733862142046,120.));
#9875=CARTESIAN_POINT('Ctrl Pts',(28.3066666666665,24.733862142046,120.));
#9876=CARTESIAN_POINT('Ctrl Pts',(28.6453333333332,24.733862142046,120.));
#9877=CARTESIAN_POINT('Ctrl Pts',(28.9839999999999,24.733862142046,120.));
#9878=CARTESIAN_POINT('Ctrl Pts',(27.9679999999999,25.1078612674733,120.));
#9879=CARTESIAN_POINT('Ctrl Pts',(28.3066666666665,25.1078612674733,120.));
#9880=CARTESIAN_POINT('Ctrl Pts',(28.6453333333332,25.1078612674733,120.));
#9881=CARTESIAN_POINT('Ctrl Pts',(28.9839999999999,25.1078612674733,120.));
#9882=CARTESIAN_POINT('Ctrl Pts',(27.9679999999999,25.8479382540233,119.996195065381));
#9883=CARTESIAN_POINT('Ctrl Pts',(28.3066666666665,25.8479382540233,119.996195065381));
#9884=CARTESIAN_POINT('Ctrl Pts',(28.6453333333332,25.8479382540234,119.996195065381));
#9885=CARTESIAN_POINT('Ctrl Pts',(28.9839999999999,25.8479382540234,119.996195065381));
#9886=CARTESIAN_POINT('Ctrl Pts',(27.9679999999999,26.9496344173073,119.750328550739));
#9887=CARTESIAN_POINT('Ctrl Pts',(28.3066666666666,26.9496344173073,119.750328550739));
#9888=CARTESIAN_POINT('Ctrl Pts',(28.6453333333332,26.9496344173074,119.750328550739));
#9889=CARTESIAN_POINT('Ctrl Pts',(28.9839999999999,26.9496344173074,119.750328550739));
#9890=CARTESIAN_POINT('Ctrl Pts',(27.9679999999999,28.0008903650315,119.162006859218));
#9891=CARTESIAN_POINT('Ctrl Pts',(28.3066666666665,28.0008903650315,119.162006859218));
#9892=CARTESIAN_POINT('Ctrl Pts',(28.6453333333332,28.0008903650315,119.162006859218));
#9893=CARTESIAN_POINT('Ctrl Pts',(28.9839999999999,28.0008903650315,119.162006859218));
#9894=CARTESIAN_POINT('Ctrl Pts',(27.9679999999999,28.896283186259,118.267044424897));
#9895=CARTESIAN_POINT('Ctrl Pts',(28.3066666666665,28.896283186259,118.267044424897));
#9896=CARTESIAN_POINT('Ctrl Pts',(28.6453333333332,28.896283186259,118.267044424897));
#9897=CARTESIAN_POINT('Ctrl Pts',(28.9839999999999,28.896283186259,118.267044424897));
#9898=CARTESIAN_POINT('Ctrl Pts',(27.9679999999999,29.4832986970078,117.216190653952));
#9899=CARTESIAN_POINT('Ctrl Pts',(28.3066666666665,29.4832986970078,117.216190653952));
#9900=CARTESIAN_POINT('Ctrl Pts',(28.6453333333332,29.4832986970078,117.216190653952));
#9901=CARTESIAN_POINT('Ctrl Pts',(28.9839999999999,29.4832986970078,117.216190653952));
#9902=CARTESIAN_POINT('Ctrl Pts',(27.9679999999999,29.7300997336131,116.114145441662));
#9903=CARTESIAN_POINT('Ctrl Pts',(28.3066666666665,29.7300997336131,116.114145441662));
#9904=CARTESIAN_POINT('Ctrl Pts',(28.6453333333332,29.7300997336131,116.114145441662));
#9905=CARTESIAN_POINT('Ctrl Pts',(28.9839999999999,29.7300997336131,116.114145441662));
#9906=CARTESIAN_POINT('Ctrl Pts',(27.9679999999998,29.733862142046,115.373999125427));
#9907=CARTESIAN_POINT('Ctrl Pts',(28.3066666666665,29.733862142046,115.373999125427));
#9908=CARTESIAN_POINT('Ctrl Pts',(28.6453333333332,29.733862142046,115.373999125427));
#9909=CARTESIAN_POINT('Ctrl Pts',(28.9839999999998,29.733862142046,115.373999125427));
#9910=CARTESIAN_POINT('Ctrl Pts',(27.9679999999998,29.733862142046,115.));
#9911=CARTESIAN_POINT('Ctrl Pts',(28.3066666666665,29.733862142046,115.));
#9912=CARTESIAN_POINT('Ctrl Pts',(28.6453333333332,29.733862142046,115.));
#9913=CARTESIAN_POINT('Ctrl Pts',(28.9839999999998,29.733862142046,115.));
#9914=CARTESIAN_POINT('',(27.9679999999998,29.733862142046,115.));
#9915=CARTESIAN_POINT('',(27.9679999999998,29.733862142046,115.));
#9916=CARTESIAN_POINT('Ctrl Pts',(27.9679999999998,29.733862142046,115.));
#9917=CARTESIAN_POINT('Ctrl Pts',(27.9679999999998,29.733862142046,115.373999125427));
#9918=CARTESIAN_POINT('Ctrl Pts',(27.9679999999999,29.7319809378295,115.744072283544));
#9919=CARTESIAN_POINT('Ctrl Pts',(27.9679999999999,29.6899068296204,116.112783064651));
#9920=CARTESIAN_POINT('Ctrl Pts',(27.9679999999999,29.6478327214113,116.481493845758));
#9921=CARTESIAN_POINT('Ctrl Pts',(27.9679999999999,29.5655657092096,116.848842249855));
#9922=CARTESIAN_POINT('Ctrl Pts',(27.9679999999999,29.4265962846506,117.207658747061));
#9923=CARTESIAN_POINT('Ctrl Pts',(27.9679999999999,29.2876268600915,117.566475244267));
#9924=CARTESIAN_POINT('Ctrl Pts',(27.9679999999999,29.0919550231753,117.916759834582));
#9925=CARTESIAN_POINT('Ctrl Pts',(27.9679999999999,28.8448869678459,118.24106253546));
#9926=CARTESIAN_POINT('Ctrl Pts',(27.9679999999999,28.5978189125165,118.565365236337));
#9927=CARTESIAN_POINT('Ctrl Pts',(27.9679999999999,28.299354638774,118.863686047778));
#9928=CARTESIAN_POINT('Ctrl Pts',(27.9679999999999,27.9749131772821,119.110900068752));
#9929=CARTESIAN_POINT('Ctrl Pts',(27.9679999999999,27.6504717157901,119.358114089725));
#9930=CARTESIAN_POINT('Ctrl Pts',(27.9679999999999,27.3000530665487,119.554221320232));
#9931=CARTESIAN_POINT('Ctrl Pts',(27.9679999999999,26.941227714714,119.693252687926));
#9932=CARTESIAN_POINT('Ctrl Pts',(27.9679999999999,26.5824023628793,119.83228405562));
#9933=CARTESIAN_POINT('Ctrl Pts',(27.9679999999999,26.2151703084513,119.9142395605));
#9934=CARTESIAN_POINT('Ctrl Pts',(27.9679999999999,25.8465350345998,119.956168546595));
#9935=CARTESIAN_POINT('Ctrl Pts',(27.9679999999999,25.4778997607483,119.99809753269));
#9936=CARTESIAN_POINT('Ctrl Pts',(27.9679999999999,25.1078612674733,120.));
#9937=CARTESIAN_POINT('Ctrl Pts',(27.9679999999999,24.733862142046,120.));
#9938=CARTESIAN_POINT('Origin',(27.9680000000008,-140.266137857954,60.));
#9939=CARTESIAN_POINT('',(27.9679999999998,29.733862142046,5.));
#9940=CARTESIAN_POINT('',(27.9679999999998,29.733862142046,120.));
#9941=CARTESIAN_POINT('Ctrl Pts',(27.9679999999999,24.7338621420459,-3.99593552691258E-14));
#9942=CARTESIAN_POINT('Ctrl Pts',(27.9679999999999,25.1078612674733,-3.78921431269201E-14));
#9943=CARTESIAN_POINT('Ctrl Pts',(27.9679999999999,25.477927028363,0.00186350299460822));
#9944=CARTESIAN_POINT('Ctrl Pts',(27.9679999999999,25.8466335159364,0.043927346955452));
#9945=CARTESIAN_POINT('Ctrl Pts',(27.9679999999999,26.2153400035097,0.0859911909162958));
#9946=CARTESIAN_POINT('Ctrl Pts',(27.9679999999999,26.5826872177666,0.168255375843337));
#9947=CARTESIAN_POINT('Ctrl Pts',(27.9679999999999,26.9415045011337,0.30722498577861));
#9948=CARTESIAN_POINT('Ctrl Pts',(27.9679999999999,27.3003217845008,0.446194595713882));
#9949=CARTESIAN_POINT('Ctrl Pts',(27.9679999999999,27.6506091369782,0.641869630657385));
#9950=CARTESIAN_POINT('Ctrl Pts',(27.9679999999999,27.9749152251096,0.888940760099664));
#9951=CARTESIAN_POINT('Ctrl Pts',(27.9679999999999,28.299221313241,1.13601188954194));
#9952=CARTESIAN_POINT('Ctrl Pts',(27.9679999999999,28.5975461370265,1.434479113483));
#9953=CARTESIAN_POINT('Ctrl Pts',(27.9679999999999,28.8447612809438,1.75892312605772));
#9954=CARTESIAN_POINT('Ctrl Pts',(27.9679999999999,29.091976424861,2.08336713863244));
#9955=CARTESIAN_POINT('Ctrl Pts',(27.9679999999998,29.2880818889101,2.43378793984083));
#9956=CARTESIAN_POINT('Ctrl Pts',(27.9679999999998,29.4271138522492,2.79261590536674));
#9957=CARTESIAN_POINT('Ctrl Pts',(27.9679999999998,29.5661458155883,3.15144387089266));
#9958=CARTESIAN_POINT('Ctrl Pts',(27.9679999999998,29.6481042782174,3.51867900073611));
#9959=CARTESIAN_POINT('Ctrl Pts',(27.9679999999998,29.6900333598319,3.88731825165611));
#9960=CARTESIAN_POINT('Ctrl Pts',(27.9679999999998,29.7319624414463,4.2559575025761));
#9961=CARTESIAN_POINT('Ctrl Pts',(27.9679999999998,29.733862142046,4.62600087457264));
#9962=CARTESIAN_POINT('Ctrl Pts',(27.9679999999998,29.733862142046,5.));
#9963=CARTESIAN_POINT('',(27.9679999999999,16.733862142046,7.5));
#9964=CARTESIAN_POINT('',(27.9679999999999,22.733862142046,7.5));
#9965=CARTESIAN_POINT('Origin',(27.9679999999999,19.733862142046,7.5));
#9966=CARTESIAN_POINT('',(27.9679999999999,22.733862142046,112.5));
#9967=CARTESIAN_POINT('',(27.9679999999999,22.733862142046,86.25));
#9968=CARTESIAN_POINT('',(27.9679999999999,16.733862142046,112.5));
#9969=CARTESIAN_POINT('Origin',(27.9679999999999,19.733862142046,112.5));
#9970=CARTESIAN_POINT('',(27.9679999999999,16.733862142046,33.75));
#9971=CARTESIAN_POINT('Origin',(27.9679999999998,29.733862142046,0.));
#9972=CARTESIAN_POINT('',(27.9679999999998,29.733862142046,5.));
#9973=CARTESIAN_POINT('Ctrl Pts',(27.9679999999998,29.733862142046,5.));
#9974=CARTESIAN_POINT('Ctrl Pts',(28.3066666666665,29.733862142046,5.));
#9975=CARTESIAN_POINT('Ctrl Pts',(28.6453333333332,29.733862142046,5.));
#9976=CARTESIAN_POINT('Ctrl Pts',(28.9839999999998,29.733862142046,5.));
#9977=CARTESIAN_POINT('Ctrl Pts',(27.9679999999998,29.733862142046,4.62600087457264));
#9978=CARTESIAN_POINT('Ctrl Pts',(28.3066666666665,29.733862142046,4.62600087457264));
#9979=CARTESIAN_POINT('Ctrl Pts',(28.6453333333332,29.733862142046,4.62600087457264));
#9980=CARTESIAN_POINT('Ctrl Pts',(28.9839999999998,29.733862142046,4.62600087457264));
#9981=CARTESIAN_POINT('Ctrl Pts',(27.9679999999998,29.7300627408466,3.88591413057956));
#9982=CARTESIAN_POINT('Ctrl Pts',(28.3066666666665,29.7300627408466,3.88591413057956));
#9983=CARTESIAN_POINT('Ctrl Pts',(28.6453333333332,29.7300627408466,3.88591413057956));
#9984=CARTESIAN_POINT('Ctrl Pts',(28.9839999999998,29.7300627408466,3.88591413057956));
#9985=CARTESIAN_POINT('Ctrl Pts',(27.9679999999998,29.4841873529591,2.78420874104921));
#9986=CARTESIAN_POINT('Ctrl Pts',(28.3066666666665,29.4841873529591,2.78420874104921));
#9987=CARTESIAN_POINT('Ctrl Pts',(28.6453333333332,29.4841873529591,2.78420874104921));
#9988=CARTESIAN_POINT('Ctrl Pts',(28.9839999999998,29.4841873529591,2.78420874104921));
#9989=CARTESIAN_POINT('Ctrl Pts',(27.9679999999999,28.895870960812,1.73294633742405));
#9990=CARTESIAN_POINT('Ctrl Pts',(28.3066666666665,28.895870960812,1.73294633742405));
#9991=CARTESIAN_POINT('Ctrl Pts',(28.6453333333332,28.895870960812,1.73294633742405));
#9992=CARTESIAN_POINT('Ctrl Pts',(28.9839999999999,28.895870960812,1.73294633742405));
#9993=CARTESIAN_POINT('Ctrl Pts',(27.9679999999999,28.0008964894556,0.837544665600888));
#9994=CARTESIAN_POINT('Ctrl Pts',(28.3066666666665,28.0008964894556,0.837544665600888));
#9995=CARTESIAN_POINT('Ctrl Pts',(28.6453333333332,28.0008964894556,0.837544665600888));
#9996=CARTESIAN_POINT('Ctrl Pts',(28.9839999999999,28.0008964894556,0.837544665600888));
#9997=CARTESIAN_POINT('Ctrl Pts',(27.9679999999999,26.9500344320234,0.250519560770379));
#9998=CARTESIAN_POINT('Ctrl Pts',(28.3066666666665,26.9500344320234,0.250519560770379));
#9999=CARTESIAN_POINT('Ctrl Pts',(28.6453333333332,26.9500344320234,0.250519560770379));
#10000=CARTESIAN_POINT('Ctrl Pts',(28.9839999999999,26.9500344320234,0.250519560770379));
#10001=CARTESIAN_POINT('Ctrl Pts',(27.9679999999999,25.8479927892528,0.00372700598925429));
#10002=CARTESIAN_POINT('Ctrl Pts',(28.3066666666665,25.8479927892528,0.00372700598925426));
#10003=CARTESIAN_POINT('Ctrl Pts',(28.6453333333332,25.8479927892528,0.00372700598925433));
#10004=CARTESIAN_POINT('Ctrl Pts',(28.9839999999999,25.8479927892528,0.00372700598925429));
#10005=CARTESIAN_POINT('Ctrl Pts',(27.9679999999999,25.1078612674733,-3.7894840607434E-14));
#10006=CARTESIAN_POINT('Ctrl Pts',(28.3066666666665,25.1078612674733,-3.79324401605347E-14));
#10007=CARTESIAN_POINT('Ctrl Pts',(28.6453333333332,25.1078612674733,-3.78572410543334E-14));
#10008=CARTESIAN_POINT('Ctrl Pts',(28.9839999999999,25.1078612674733,-3.7894840607434E-14));
#10009=CARTESIAN_POINT('Ctrl Pts',(27.9679999999999,24.7338621420459,-3.99680288865056E-14));
#10010=CARTESIAN_POINT('Ctrl Pts',(28.3066666666665,24.7338621420459,-4.00056284396063E-14));
#10011=CARTESIAN_POINT('Ctrl Pts',(28.6453333333332,24.7338621420459,-3.9930429333405E-14));
#10012=CARTESIAN_POINT('Ctrl Pts',(28.9839999999999,24.7338621420459,-3.99680288865056E-14));
#10013=CARTESIAN_POINT('Ctrl Pts',(312.032,29.733862142046,115.));
#10014=CARTESIAN_POINT('Ctrl Pts',(311.693333333333,29.733862142046,115.));
#10015=CARTESIAN_POINT('Ctrl Pts',(311.354666666667,29.733862142046,115.));
#10016=CARTESIAN_POINT('Ctrl Pts',(311.016,29.733862142046,115.));
#10017=CARTESIAN_POINT('Ctrl Pts',(312.032,29.733862142046,115.373999125427));
#10018=CARTESIAN_POINT('Ctrl Pts',(311.693333333333,29.733862142046,115.373999125427));
#10019=CARTESIAN_POINT('Ctrl Pts',(311.354666666667,29.733862142046,115.373999125427));
#10020=CARTESIAN_POINT('Ctrl Pts',(311.016,29.733862142046,115.373999125427));
#10021=CARTESIAN_POINT('Ctrl Pts',(312.032,29.7300556071241,116.114070232444));
#10022=CARTESIAN_POINT('Ctrl Pts',(311.693333333333,29.7300556071241,116.114070232444));
#10023=CARTESIAN_POINT('Ctrl Pts',(311.354666666667,29.7300556071241,116.114070232444));
#10024=CARTESIAN_POINT('Ctrl Pts',(311.016,29.7300556071241,116.114070232444));
#10025=CARTESIAN_POINT('Ctrl Pts',(312.032,29.4841924809468,117.215762430562));
#10026=CARTESIAN_POINT('Ctrl Pts',(311.693333333334,29.4841924809468,117.215762430562));
#10027=CARTESIAN_POINT('Ctrl Pts',(311.354666666667,29.4841924809468,117.215762430562));
#10028=CARTESIAN_POINT('Ctrl Pts',(311.016,29.4841924809468,117.215762430562));
#10029=CARTESIAN_POINT('Ctrl Pts',(312.032,28.8958692980347,118.267014436738));
#10030=CARTESIAN_POINT('Ctrl Pts',(311.693333333333,28.8958692980347,118.267014436738));
#10031=CARTESIAN_POINT('Ctrl Pts',(311.354666666667,28.8958692980347,118.267014436738));
#10032=CARTESIAN_POINT('Ctrl Pts',(311.016,28.8958692980347,118.267014436738));
#10033=CARTESIAN_POINT('Ctrl Pts',(312.032,28.000911329934,119.162404475778));
#10034=CARTESIAN_POINT('Ctrl Pts',(311.693333333334,28.000911329934,119.162404475778));
#10035=CARTESIAN_POINT('Ctrl Pts',(311.354666666667,28.000911329934,119.162404475778));
#10036=CARTESIAN_POINT('Ctrl Pts',(311.016,28.000911329934,119.162404475778));
#10037=CARTESIAN_POINT('Ctrl Pts',(312.032,26.9500606332671,119.749416845872));
#10038=CARTESIAN_POINT('Ctrl Pts',(311.693333333333,26.9500606332671,119.749416845872));
#10039=CARTESIAN_POINT('Ctrl Pts',(311.354666666667,26.9500606332671,119.749416845872));
#10040=CARTESIAN_POINT('Ctrl Pts',(311.016,26.9500606332671,119.749416845872));
#10041=CARTESIAN_POINT('Ctrl Pts',(312.032,25.8480138095176,119.996221897199));
#10042=CARTESIAN_POINT('Ctrl Pts',(311.693333333333,25.8480138095176,119.996221897199));
#10043=CARTESIAN_POINT('Ctrl Pts',(311.354666666667,25.8480138095176,119.996221897199));
#10044=CARTESIAN_POINT('Ctrl Pts',(311.016,25.8480138095176,119.996221897199));
#10045=CARTESIAN_POINT('Ctrl Pts',(312.032,25.1078612674733,120.));
#10046=CARTESIAN_POINT('Ctrl Pts',(311.693333333333,25.1078612674733,120.));
#10047=CARTESIAN_POINT('Ctrl Pts',(311.354666666667,25.1078612674733,120.));
#10048=CARTESIAN_POINT('Ctrl Pts',(311.016,25.1078612674733,120.));
#10049=CARTESIAN_POINT('Ctrl Pts',(312.032,24.733862142046,120.));
#10050=CARTESIAN_POINT('Ctrl Pts',(311.693333333333,24.733862142046,120.));
#10051=CARTESIAN_POINT('Ctrl Pts',(311.354666666667,24.733862142046,120.));
#10052=CARTESIAN_POINT('Ctrl Pts',(311.016,24.733862142046,120.));
#10053=CARTESIAN_POINT('',(312.032,29.733862142046,115.));
#10054=CARTESIAN_POINT('Origin',(312.032,29.733862142046,120.));
#10055=CARTESIAN_POINT('',(312.032,29.733862142046,5.));
#10056=CARTESIAN_POINT('Ctrl Pts',(312.032,24.733862142046,0.));
#10057=CARTESIAN_POINT('Ctrl Pts',(311.693333333333,24.733862142046,0.));
#10058=CARTESIAN_POINT('Ctrl Pts',(311.354666666667,24.733862142046,0.));
#10059=CARTESIAN_POINT('Ctrl Pts',(311.016,24.733862142046,0.));
#10060=CARTESIAN_POINT('Ctrl Pts',(312.032,25.1078612674733,0.));
#10061=CARTESIAN_POINT('Ctrl Pts',(311.693333333333,25.1078612674733,0.));
#10062=CARTESIAN_POINT('Ctrl Pts',(311.354666666667,25.1078612674733,0.));
#10063=CARTESIAN_POINT('Ctrl Pts',(311.016,25.1078612674733,0.));
#10064=CARTESIAN_POINT('Ctrl Pts',(312.032,25.8479337061347,0.00380623542225359));
#10065=CARTESIAN_POINT('Ctrl Pts',(311.693333333333,25.8479337061347,0.00380623542225359));
#10066=CARTESIAN_POINT('Ctrl Pts',(311.354666666667,25.8479337061347,0.00380623542225359));
#10067=CARTESIAN_POINT('Ctrl Pts',(311.016,25.8479337061347,0.00380623542225359));
#10068=CARTESIAN_POINT('Ctrl Pts',(312.032,26.9496267442697,0.249670059951392));
#10069=CARTESIAN_POINT('Ctrl Pts',(311.693333333333,26.9496267442697,0.249670059951392));
#10070=CARTESIAN_POINT('Ctrl Pts',(311.354666666667,26.9496267442697,0.249670059951392));
#10071=CARTESIAN_POINT('Ctrl Pts',(311.016,26.9496267442697,0.249670059951392));
#10072=CARTESIAN_POINT('Ctrl Pts',(312.032,28.0008796423019,0.837992963656289));
#10073=CARTESIAN_POINT('Ctrl Pts',(311.693333333334,28.0008796423019,0.837992963656289));
#10074=CARTESIAN_POINT('Ctrl Pts',(311.354666666667,28.0008796423019,0.837992963656289));
#10075=CARTESIAN_POINT('Ctrl Pts',(311.016,28.0008796423019,0.837992963656289));
#10076=CARTESIAN_POINT('Ctrl Pts',(312.032,28.896270217472,1.73295184197324));
#10077=CARTESIAN_POINT('Ctrl Pts',(311.693333333334,28.896270217472,1.73295184197324));
#10078=CARTESIAN_POINT('Ctrl Pts',(311.354666666667,28.896270217472,1.73295184197324));
#10079=CARTESIAN_POINT('Ctrl Pts',(311.016,28.896270217472,1.73295184197324));
#10080=CARTESIAN_POINT('Ctrl Pts',(312.032,29.4832832037662,2.78380316510758));
#10081=CARTESIAN_POINT('Ctrl Pts',(311.693333333333,29.4832832037662,2.78380316510758));
#10082=CARTESIAN_POINT('Ctrl Pts',(311.354666666667,29.4832832037662,2.78380316510758));
#10083=CARTESIAN_POINT('Ctrl Pts',(311.016,29.4832832037662,2.78380316510758));
#10084=CARTESIAN_POINT('Ctrl Pts',(312.032,29.7300873878363,3.88584964466126));
#10085=CARTESIAN_POINT('Ctrl Pts',(311.693333333334,29.7300873878363,3.88584964466126));
#10086=CARTESIAN_POINT('Ctrl Pts',(311.354666666667,29.7300873878363,3.88584964466126));
#10087=CARTESIAN_POINT('Ctrl Pts',(311.016,29.7300873878363,3.88584964466126));
#10088=CARTESIAN_POINT('Ctrl Pts',(312.032,29.733862142046,4.62600087457264));
#10089=CARTESIAN_POINT('Ctrl Pts',(311.693333333333,29.733862142046,4.62600087457264));
#10090=CARTESIAN_POINT('Ctrl Pts',(311.354666666667,29.733862142046,4.62600087457264));
#10091=CARTESIAN_POINT('Ctrl Pts',(311.016,29.733862142046,4.62600087457264));
#10092=CARTESIAN_POINT('Ctrl Pts',(312.032,29.733862142046,5.));
#10093=CARTESIAN_POINT('Ctrl Pts',(311.693333333333,29.733862142046,5.));
#10094=CARTESIAN_POINT('Ctrl Pts',(311.354666666667,29.733862142046,5.));
#10095=CARTESIAN_POINT('Ctrl Pts',(311.016,29.733862142046,5.));
#10096=CARTESIAN_POINT('Origin',(311.016,19.733862142046,7.5));
#10097=CARTESIAN_POINT('',(311.016,22.733862142046,7.5));
#10098=CARTESIAN_POINT('',(311.016,16.733862142046,7.5));
#10099=CARTESIAN_POINT('Origin',(311.016,22.733862142046,112.5));
#10100=CARTESIAN_POINT('',(311.016,22.733862142046,112.5));
#10101=CARTESIAN_POINT('Origin',(311.016,19.733862142046,112.5));
#10102=CARTESIAN_POINT('',(311.016,16.733862142046,112.5));
#10103=CARTESIAN_POINT('Origin',(311.016,16.733862142046,7.5));
#10104=CARTESIAN_POINT('Origin',(28.9839999999999,19.733862142046,7.5));
#10105=CARTESIAN_POINT('',(28.9839999999999,16.733862142046,7.5));
#10106=CARTESIAN_POINT('',(28.9839999999999,22.733862142046,7.5));
#10107=CARTESIAN_POINT('Origin',(28.9839999999999,22.733862142046,112.5));
#10108=CARTESIAN_POINT('',(28.9839999999999,22.733862142046,112.5));
#10109=CARTESIAN_POINT('Origin',(28.9839999999999,19.733862142046,112.5));
#10110=CARTESIAN_POINT('',(28.9839999999999,16.733862142046,112.5));
#10111=CARTESIAN_POINT('Origin',(28.9839999999999,16.733862142046,7.5));
#10112=CARTESIAN_POINT('Origin',(305.5,1.016,18.));
#10113=CARTESIAN_POINT('',(305.5,1.016,102.));
#10114=CARTESIAN_POINT('',(305.5,1.016,102.));
#10115=CARTESIAN_POINT('',(305.5,1.016,18.));
#10116=CARTESIAN_POINT('',(305.5,1.016,39.));
#10117=CARTESIAN_POINT('',(305.5,1.016,18.));
#10118=CARTESIAN_POINT('Origin',(302.5,1.016,18.));
#10119=CARTESIAN_POINT('',(302.5,1.016,15.));
#10120=CARTESIAN_POINT('Origin',(302.5,1.016,18.));
#10121=CARTESIAN_POINT('',(302.5,1.016,15.));
#10122=CARTESIAN_POINT('Origin',(37.5,1.016,15.));
#10123=CARTESIAN_POINT('',(37.5,1.016,15.));
#10124=CARTESIAN_POINT('',(103.75,1.016,15.));
#10125=CARTESIAN_POINT('',(37.5,1.016,15.));
#10126=CARTESIAN_POINT('Origin',(37.5,1.016,18.));
#10127=CARTESIAN_POINT('',(34.5,1.016,18.));
#10128=CARTESIAN_POINT('Origin',(37.5,1.016,18.));
#10129=CARTESIAN_POINT('',(34.5,1.016,18.));
#10130=CARTESIAN_POINT('Origin',(34.5,1.016,102.));
#10131=CARTESIAN_POINT('',(34.5,1.016,102.));
#10132=CARTESIAN_POINT('',(34.5,1.016,81.));
#10133=CARTESIAN_POINT('',(34.5,1.016,102.));
#10134=CARTESIAN_POINT('Origin',(37.5,1.016,102.));
#10135=CARTESIAN_POINT('',(37.5,1.016,105.));
#10136=CARTESIAN_POINT('Origin',(37.5,1.016,102.));
#10137=CARTESIAN_POINT('',(37.5,1.016,105.));
#10138=CARTESIAN_POINT('Origin',(302.5,1.016,105.));
#10139=CARTESIAN_POINT('',(302.5,1.016,105.));
#10140=CARTESIAN_POINT('',(236.25,1.016,105.));
#10141=CARTESIAN_POINT('',(302.5,1.016,105.));
#10142=CARTESIAN_POINT('Origin',(302.5,1.016,102.));
#10143=CARTESIAN_POINT('Origin',(302.5,1.016,102.));
#10144=CARTESIAN_POINT('Origin',(37.5,0.,112.5));
#10145=CARTESIAN_POINT('',(37.5,1.016,109.5));
#10146=CARTESIAN_POINT('',(37.5,0.,109.5));
#10147=CARTESIAN_POINT('',(37.5,1.016,115.5));
#10148=CARTESIAN_POINT('Origin',(37.5,1.016,112.5));
#10149=CARTESIAN_POINT('',(37.5,0.,115.5));
#10150=CARTESIAN_POINT('Origin',(302.499999786692,0.,115.5));
#10151=CARTESIAN_POINT('',(302.499999786692,1.016,115.5));
#10152=CARTESIAN_POINT('',(34.5,1.016,115.5));
#10153=CARTESIAN_POINT('',(302.499999786692,0.,115.5));
#10154=CARTESIAN_POINT('Origin',(302.5,0.,112.5));
#10155=CARTESIAN_POINT('',(302.5,1.016,109.5));
#10156=CARTESIAN_POINT('Origin',(302.5,1.016,112.5));
#10157=CARTESIAN_POINT('',(302.5,0.,109.5));
#10158=CARTESIAN_POINT('Origin',(37.5,0.,109.5));
#10159=CARTESIAN_POINT('',(305.5,1.016,109.5));
#10160=CARTESIAN_POINT('Origin',(302.500000114043,0.,10.5));
#10161=CARTESIAN_POINT('',(37.5,1.016,10.5));
#10162=CARTESIAN_POINT('',(37.5,0.,10.5));
#10163=CARTESIAN_POINT('',(302.500000114043,1.016,10.5));
#10164=CARTESIAN_POINT('',(305.5,1.016,10.5));
#10165=CARTESIAN_POINT('',(302.500000114043,0.,10.5));
#10166=CARTESIAN_POINT('Origin',(302.5,0.,7.5));
#10167=CARTESIAN_POINT('',(302.499999885957,1.016,4.5));
#10168=CARTESIAN_POINT('Origin',(302.5,1.016,7.5));
#10169=CARTESIAN_POINT('',(302.499999885957,0.,4.5));
#10170=CARTESIAN_POINT('Origin',(37.5,0.,4.5));
#10171=CARTESIAN_POINT('',(37.5,1.016,4.5));
#10172=CARTESIAN_POINT('',(34.5,1.016,4.5));
#10173=CARTESIAN_POINT('',(37.5,0.,4.5));
#10174=CARTESIAN_POINT('Origin',(37.5,0.,7.5));
#10175=CARTESIAN_POINT('Origin',(37.5,1.016,7.5));
#10176=CARTESIAN_POINT('Origin',(28.984,2.03199999999999,0.));
#10177=CARTESIAN_POINT('Origin',(311.016,2.03199999999999,120.));
#10178=CARTESIAN_POINT('Origin',(170.,1.016,60.));
#10179=CARTESIAN_POINT('',(0.,0.,0.));
#10180=CARTESIAN_POINT('Origin',(-2.03199999999999,141.282137857954,82.47));
#10181=CARTESIAN_POINT('',(-2.032,-1.016,164.94));
#10182=CARTESIAN_POINT('',(-2.032,-1.016,149.94));
#10183=CARTESIAN_POINT('',(-2.032,-1.016,41.235));
#10184=CARTESIAN_POINT('',(-2.032,-13.717862142046,149.94));
#10185=CARTESIAN_POINT('',(-2.032,-13.717862142046,149.94));
#10186=CARTESIAN_POINT('',(-2.032,-13.717862142046,164.94));
#10187=CARTESIAN_POINT('',(-2.032,-13.717862142046,164.94));
#10188=CARTESIAN_POINT('',(-2.032,1.28213785795401,164.94));
#10189=CARTESIAN_POINT('',(-2.032,-6.217862142046,155.19));
#10190=CARTESIAN_POINT('Origin',(-2.032,-6.217862142046,157.44));
#10191=CARTESIAN_POINT('Origin',(-1.016,-1.016,164.94));
#10192=CARTESIAN_POINT('',(-1.016,-1.016,164.94));
#10193=CARTESIAN_POINT('',(-1.016,-1.016,164.94));
#10194=CARTESIAN_POINT('',(0.,0.,164.94));
#10195=CARTESIAN_POINT('Origin',(1.08042892120939E-16,-1.016,164.94));
#10196=CARTESIAN_POINT('',(5.40214460604696E-17,1.016,164.94));
#10197=CARTESIAN_POINT('',(5.40214460604696E-17,0.,164.94));
#10198=CARTESIAN_POINT('Origin',(1.08042892120939E-16,-1.016,164.94));
#10199=CARTESIAN_POINT('Origin',(5.40214460604696E-17,-1.016,82.47));
#10200=CARTESIAN_POINT('',(-1.016,-1.016,149.94));
#10201=CARTESIAN_POINT('',(-1.016,-1.016,41.235));
#10202=CARTESIAN_POINT('',(-0.868528012962654,-0.488823472924729,149.94));
#10203=CARTESIAN_POINT('Origin',(9.82172380539203E-17,-1.016,149.94));
#10204=CARTESIAN_POINT('',(4.51783574001526E-17,0.,151.44));
#10205=CARTESIAN_POINT('Ctrl Pts',(-0.868528012962654,-0.488823472924729,
149.94));
#10206=CARTESIAN_POINT('Ctrl Pts',(-0.868528012962654,-0.488823472924729,
150.164399475256));
#10207=CARTESIAN_POINT('Ctrl Pts',(-0.851073914112196,-0.458470803638729,
150.388384524752));
#10208=CARTESIAN_POINT('Ctrl Pts',(-0.810011738451823,-0.40452372231391,
150.590501739166));
#10209=CARTESIAN_POINT('Ctrl Pts',(-0.768949562791451,-0.350576640989091,
150.792618953581));
#10210=CARTESIAN_POINT('Ctrl Pts',(-0.704279310321164,-0.273035147625454,
150.972868332915));
#10211=CARTESIAN_POINT('Ctrl Pts',(-0.60571324232321,-0.201434586394472,
151.112499176209));
#10212=CARTESIAN_POINT('Ctrl Pts',(-0.45786414032628,-0.0940337445479989,
151.32194544115));
#10213=CARTESIAN_POINT('Ctrl Pts',(-0.233749453392098,-1.89388578200315E-32,
151.44));
#10214=CARTESIAN_POINT('Ctrl Pts',(6.16849103630738E-17,0.,151.44));
#10215=CARTESIAN_POINT('',(0.,0.,41.235));
#10216=CARTESIAN_POINT('Origin',(-2.032,-13.717862142046,149.94));
#10217=CARTESIAN_POINT('',(-1.524,-1.016,149.94));
#10218=CARTESIAN_POINT('',(-1.016,-13.717862142046,149.94));
#10219=CARTESIAN_POINT('',(-1.016,63.782137857954,149.94));
#10220=CARTESIAN_POINT('',(-2.032,-13.717862142046,149.94));
#10221=CARTESIAN_POINT('Origin',(-2.032,1.28213785795401,15.));
#10222=CARTESIAN_POINT('',(-1.016,-1.016,15.));
#10223=CARTESIAN_POINT('',(-2.032,-1.016,15.));
#10224=CARTESIAN_POINT('',(-1.524,-1.016,15.));
#10225=CARTESIAN_POINT('',(-2.032,-13.717862142046,15.));
#10226=CARTESIAN_POINT('',(-2.032,-13.717862142046,15.));
#10227=CARTESIAN_POINT('',(-1.016,-13.717862142046,15.));
#10228=CARTESIAN_POINT('',(-2.032,-13.717862142046,15.));
#10229=CARTESIAN_POINT('',(-1.016,71.282137857954,15.));
#10230=CARTESIAN_POINT('Origin',(5.40214460604696E-17,-1.016,82.47));
#10231=CARTESIAN_POINT('',(-1.016,-1.016,-1.5053805060314E-18));
#10232=CARTESIAN_POINT('',(-1.016,-1.016,41.235));
#10233=CARTESIAN_POINT('',(0.,0.,6.90253292068385E-30));
#10234=CARTESIAN_POINT('Origin',(0.,-1.016,0.));
#10235=CARTESIAN_POINT('',(-4.51783574001526E-17,0.,13.5));
#10236=CARTESIAN_POINT('',(0.,0.,41.235));
#10237=CARTESIAN_POINT('',(-0.868528012962654,-0.488823472924729,15.));
#10238=CARTESIAN_POINT('Ctrl Pts',(-1.38777878078145E-16,0.,13.5));
#10239=CARTESIAN_POINT('Ctrl Pts',(-0.155832968928065,0.,13.5));
#10240=CARTESIAN_POINT('Ctrl Pts',(-0.311134982775849,-0.038587326488155,
13.551269598525));
#10241=CARTESIAN_POINT('Ctrl Pts',(-0.437647679357637,-0.0986766805608758,
13.6485865632066));
#10242=CARTESIAN_POINT('Ctrl Pts',(-0.564160375939424,-0.158766034633596,
13.7459035278881));
#10243=CARTESIAN_POINT('Ctrl Pts',(-0.661883755255215,-0.240357416290883,
13.8892678587261));
#10244=CARTESIAN_POINT('Ctrl Pts',(-0.73012725304209,-0.309484882748921,
14.0647402863701));
#10245=CARTESIAN_POINT('Ctrl Pts',(-0.832492499722403,-0.413176082435979,
14.327948927836));
#10246=CARTESIAN_POINT('Ctrl Pts',(-0.868528012962654,-0.48882347292473,
14.6634007871154));
#10247=CARTESIAN_POINT('Ctrl Pts',(-0.868528012962654,-0.48882347292473,
15.));
#10248=CARTESIAN_POINT('Origin',(9.82565406701884E-18,-1.016,15.));
#10249=CARTESIAN_POINT('Origin',(-2.032,-1.016,0.));
#10250=CARTESIAN_POINT('',(-2.032,-1.016,-8.39856203889693E-19));
#10251=CARTESIAN_POINT('',(-1.016,-1.016,-1.50538050603838E-18));
#10252=CARTESIAN_POINT('',(0.,1.016,9.20337722757847E-30));
#10253=CARTESIAN_POINT('Origin',(0.,-1.016,0.));
#10254=CARTESIAN_POINT('',(-6.00714973256062E-35,0.,0.));
#10255=CARTESIAN_POINT('Origin',(-2.03199999999999,141.282137857954,82.47));
#10256=CARTESIAN_POINT('',(-2.032,-1.016,41.235));
#10257=CARTESIAN_POINT('',(-2.032,-13.717862142046,-9.16012976487918E-18));
#10258=CARTESIAN_POINT('',(-2.03199999999998,281.282137857954,1.84077733553158E-16));
#10259=CARTESIAN_POINT('',(-2.032,-13.717862142046,-9.16012976487918E-18));
#10260=CARTESIAN_POINT('',(-2.032,-6.21786214204599,5.25));
#10261=CARTESIAN_POINT('Origin',(-2.032,-6.21786214204599,7.5));
#10262=CARTESIAN_POINT('Origin',(-1.016,1.28213785795401,164.94));
#10263=CARTESIAN_POINT('',(-1.016,-13.717862142046,164.94));
#10264=CARTESIAN_POINT('',(-2.032,-13.717862142046,164.94));
#10265=CARTESIAN_POINT('',(-1.01599999999998,281.282137857954,164.94));
#10266=CARTESIAN_POINT('Origin',(140.,0.,82.47));
#10267=CARTESIAN_POINT('',(2.55656866371796E-31,0.,148.44));
#10268=CARTESIAN_POINT('Origin',(0.,0.,149.94));
#10269=CARTESIAN_POINT('',(0.,0.,16.5));
#10270=CARTESIAN_POINT('',(2.84074666797117E-31,0.,164.94));
#10271=CARTESIAN_POINT('Origin',(0.,0.,15.));
#10272=CARTESIAN_POINT('',(280.,0.,-2.30084430689462E-30));
#10273=CARTESIAN_POINT('',(210.,0.,0.));
#10274=CARTESIAN_POINT('',(280.,0.,13.5));
#10275=CARTESIAN_POINT('',(280.,0.,41.235));
#10276=CARTESIAN_POINT('',(280.,0.,16.5));
#10277=CARTESIAN_POINT('Origin',(280.,0.,15.));
#10278=CARTESIAN_POINT('',(280.,0.,148.44));
#10279=CARTESIAN_POINT('',(280.,0.,8.32001735975286E-31));
#10280=CARTESIAN_POINT('',(280.,0.,151.44));
#10281=CARTESIAN_POINT('Origin',(280.,0.,149.94));
#10282=CARTESIAN_POINT('',(280.,0.,164.94));
#10283=CARTESIAN_POINT('',(280.,0.,41.235));
#10284=CARTESIAN_POINT('',(280.,0.,164.94));
#10285=CARTESIAN_POINT('',(19.5,0.,12.5));
#10286=CARTESIAN_POINT('',(19.5,0.,152.44));
#10287=CARTESIAN_POINT('',(19.5,0.,117.455));
#10288=CARTESIAN_POINT('',(163.25,0.,152.44));
#10289=CARTESIAN_POINT('',(151.625,0.,152.44));
#10290=CARTESIAN_POINT('',(163.25,0.,12.5));
#10291=CARTESIAN_POINT('',(163.25,0.,47.485));
#10292=CARTESIAN_POINT('',(79.75,0.,12.5));
#10293=CARTESIAN_POINT('',(170.75,0.,158.24));
#10294=CARTESIAN_POINT('Origin',(170.75,0.,159.94));
#10295=CARTESIAN_POINT('',(12.,0.,3.3));
#10296=CARTESIAN_POINT('Origin',(12.,0.,5.));
#10297=CARTESIAN_POINT('',(12.,0.,158.24));
#10298=CARTESIAN_POINT('Origin',(12.,0.,159.94));
#10299=CARTESIAN_POINT('',(170.75,0.,26.16));
#10300=CARTESIAN_POINT('Origin',(170.75,0.,27.86));
#10301=CARTESIAN_POINT('Origin',(0.,0.508,149.94));
#10302=CARTESIAN_POINT('',(4.51783574001526E-17,1.016,151.44));
#10303=CARTESIAN_POINT('',(4.51783574001526E-17,0.508,151.44));
#10304=CARTESIAN_POINT('',(2.55656866371796E-31,1.016,148.44));
#10305=CARTESIAN_POINT('Origin',(0.,1.016,149.94));
#10306=CARTESIAN_POINT('',(2.55656866371796E-31,0.508,148.44));
#10307=CARTESIAN_POINT('Origin',(5.40214460604696E-17,-1.016,82.47));
#10308=CARTESIAN_POINT('',(0.,1.016,41.235));
#10309=CARTESIAN_POINT('',(-1.73705602592531,0.0383530541505411,149.94));
#10310=CARTESIAN_POINT('Ctrl Pts',(2.41700172655254E-17,1.016,151.44));
#10311=CARTESIAN_POINT('Ctrl Pts',(-0.467498906784196,1.016,151.44));
#10312=CARTESIAN_POINT('Ctrl Pts',(-1.21454786323147,0.702554184840004,
151.243242401916));
#10313=CARTESIAN_POINT('Ctrl Pts',(-1.66723963052347,0.159763731294544,
150.612369574247));
#10314=CARTESIAN_POINT('Ctrl Pts',(-1.73705602592531,0.0383530541505411,
150.164399475256));
#10315=CARTESIAN_POINT('Ctrl Pts',(-1.73705602592531,0.0383530541505411,
149.94));
#10316=CARTESIAN_POINT('Origin',(9.82172380539203E-17,-1.016,149.94));
#10317=CARTESIAN_POINT('Ctrl Pts',(-1.73705602592531,0.0383530541505411,
15.));
#10318=CARTESIAN_POINT('Ctrl Pts',(-1.73705602592531,0.0383530541505411,
14.6634007871154));
#10319=CARTESIAN_POINT('Ctrl Pts',(-1.6169376484578,0.290511022446375,14.1043143549831));
#10320=CARTESIAN_POINT('Ctrl Pts',(-0.932873993247266,0.86165069404738,
13.6025391970501));
#10321=CARTESIAN_POINT('Ctrl Pts',(-0.311665937856131,1.016,13.5));
#10322=CARTESIAN_POINT('Ctrl Pts',(-2.58573728745822E-16,1.016,13.5));
#10323=CARTESIAN_POINT('Ctrl Pts',(-1.44754668827109,-0.137372454874549,
15.));
#10324=CARTESIAN_POINT('Ctrl Pts',(-1.44754668827109,-0.137372454874549,
14.6634007871154));
#10325=CARTESIAN_POINT('Ctrl Pts',(-1.3474480403815,0.0727591853719794,
14.1043143549831));
#10326=CARTESIAN_POINT('Ctrl Pts',(-0.777394994372721,0.54870891170615,
13.6025391970501));
#10327=CARTESIAN_POINT('Ctrl Pts',(-0.259721614880109,0.677333333333333,
13.5));
#10328=CARTESIAN_POINT('Ctrl Pts',(-2.14004259178132E-16,0.677333333333333,
13.5));
#10329=CARTESIAN_POINT('Ctrl Pts',(-1.15803735061687,-0.313097963899639,
15.));
#10330=CARTESIAN_POINT('Ctrl Pts',(-1.15803735061687,-0.313097963899639,
14.6634007871154));
#10331=CARTESIAN_POINT('Ctrl Pts',(-1.0779584323052,-0.144992651702417,
14.1043143549831));
#10332=CARTESIAN_POINT('Ctrl Pts',(-0.621915995498177,0.23576712936492,
13.6025391970501));
#10333=CARTESIAN_POINT('Ctrl Pts',(-0.207777291904087,0.338666666666667,
13.5));
#10334=CARTESIAN_POINT('Ctrl Pts',(-1.69434789610442E-16,0.338666666666667,
13.5));
#10335=CARTESIAN_POINT('Ctrl Pts',(-0.868528012962654,-0.488823472924729,
15.));
#10336=CARTESIAN_POINT('Ctrl Pts',(-0.868528012962654,-0.488823472924729,
14.6634007871154));
#10337=CARTESIAN_POINT('Ctrl Pts',(-0.808468824228902,-0.362744488776812,
14.1043143549831));
#10338=CARTESIAN_POINT('Ctrl Pts',(-0.466436996623633,-0.07717465297631,
13.6025391970501));
#10339=CARTESIAN_POINT('Ctrl Pts',(-0.155832968928065,-2.05080495067386E-17,
13.5));
#10340=CARTESIAN_POINT('Ctrl Pts',(-1.24865320042752E-16,0.,13.5));
#10341=CARTESIAN_POINT('',(-4.51783574001526E-17,1.016,13.5));
#10342=CARTESIAN_POINT('',(-4.51783574001526E-17,0.508,13.5));
#10343=CARTESIAN_POINT('',(-1.73705602592531,0.0383530541505411,15.));
#10344=CARTESIAN_POINT('Ctrl Pts',(-1.73705602592531,0.0383530541505411,
15.));
#10345=CARTESIAN_POINT('Ctrl Pts',(-1.73705602592531,0.0383530541505411,
14.6634007871154));
#10346=CARTESIAN_POINT('Ctrl Pts',(-1.6169376484578,0.290511022446375,14.1043143549831));
#10347=CARTESIAN_POINT('Ctrl Pts',(-0.932873993247266,0.86165069404738,
13.6025391970501));
#10348=CARTESIAN_POINT('Ctrl Pts',(-0.311665937856131,1.016,13.5));
#10349=CARTESIAN_POINT('Ctrl Pts',(-2.58573728745822E-16,1.016,13.5));
#10350=CARTESIAN_POINT('',(-1.30279201944398,-0.225235209387094,15.));
#10351=CARTESIAN_POINT('Origin',(-1.01599999999999,141.282137857954,82.47));
#10352=CARTESIAN_POINT('',(-1.016,-13.717862142046,123.705));
#10353=CARTESIAN_POINT('',(-1.016,-6.217862142046,155.19));
#10354=CARTESIAN_POINT('Origin',(-1.016,-6.217862142046,157.44));
#10355=CARTESIAN_POINT('Origin',(280.,0.,8.32001735975286E-31));
#10356=CARTESIAN_POINT('',(280.,1.016,1.16774872027068E-45));
#10357=CARTESIAN_POINT('',(280.,1.016,0.));
#10358=CARTESIAN_POINT('',(280.,0.,8.32001735975286E-31));
#10359=CARTESIAN_POINT('Origin',(5.40214460604696E-17,-1.016,82.47));
#10360=CARTESIAN_POINT('Origin',(9.82565406701884E-18,-1.016,15.));
#10361=CARTESIAN_POINT('',(0.,1.016,41.235));
#10362=CARTESIAN_POINT('Origin',(282.031999999999,141.282137857954,82.47));
#10363=CARTESIAN_POINT('',(282.032,-1.01599999999998,-7.55379629561768E-32));
#10364=CARTESIAN_POINT('',(282.032,-1.01599999999998,15.));
#10365=CARTESIAN_POINT('',(282.032,-1.01600000000001,41.235));
#10366=CARTESIAN_POINT('',(282.032,-13.717862142046,15.));
#10367=CARTESIAN_POINT('',(282.032,-13.717862142046,15.));
#10368=CARTESIAN_POINT('',(282.032,-13.717862142046,-4.93038065763132E-31));
#10369=CARTESIAN_POINT('',(282.032,-13.717862142046,-4.93038065763132E-31));
#10370=CARTESIAN_POINT('',(282.032,1.28213785795399,0.));
#10371=CARTESIAN_POINT('',(282.032,-6.21786214204601,5.25));
#10372=CARTESIAN_POINT('Origin',(282.032,-6.21786214204601,7.5));
#10373=CARTESIAN_POINT('Origin',(281.016,-1.01599999999999,0.));
#10374=CARTESIAN_POINT('',(281.016,-1.01599999999998,-2.37638226985079E-30));
#10375=CARTESIAN_POINT('',(281.016,-1.01600000000001,8.38830502715744E-31));
#10376=CARTESIAN_POINT('Origin',(280.,-1.016,0.));
#10377=CARTESIAN_POINT('Origin',(280.,-1.016,0.));
#10378=CARTESIAN_POINT('Origin',(280.,-1.016,82.47));
#10379=CARTESIAN_POINT('',(281.016,-1.01599999999998,15.));
#10380=CARTESIAN_POINT('',(281.016,-1.01600000000001,41.235));
#10381=CARTESIAN_POINT('',(280.868528012963,-0.488823472924725,15.));
#10382=CARTESIAN_POINT('Origin',(280.,-1.016,15.));
#10383=CARTESIAN_POINT('Ctrl Pts',(280.868528012963,-0.488823472924724,
15.));
#10384=CARTESIAN_POINT('Ctrl Pts',(280.868528012963,-0.488823472924724,
14.7756005247436));
#10385=CARTESIAN_POINT('Ctrl Pts',(280.851049709213,-0.458502817900346,
14.5516298317127));
#10386=CARTESIAN_POINT('Ctrl Pts',(280.809964784809,-0.404583905568044,
14.3495240623856));
#10387=CARTESIAN_POINT('Ctrl Pts',(280.768879860405,-0.350664993235742,
14.1474182930586));
#10388=CARTESIAN_POINT('Ctrl Pts',(280.704188315346,-0.273147823595516,
13.9671774474354));
#10389=CARTESIAN_POINT('Ctrl Pts',(280.605629141212,-0.201537990749753,
13.8275423514214));
#10390=CARTESIAN_POINT('Ctrl Pts',(280.457790380011,-0.0941232414811069,
13.6180897074004));
#10391=CARTESIAN_POINT('Ctrl Pts',(280.233749453392,0.,13.5));
#10392=CARTESIAN_POINT('Ctrl Pts',(280.,0.,13.5));
#10393=CARTESIAN_POINT('Origin',(282.032,-13.717862142046,15.));
#10394=CARTESIAN_POINT('',(281.524,-1.01600000000001,15.));
#10395=CARTESIAN_POINT('',(281.016,-13.717862142046,15.));
#10396=CARTESIAN_POINT('',(281.016,63.782137857954,15.));
#10397=CARTESIAN_POINT('',(282.032,-13.717862142046,15.));
#10398=CARTESIAN_POINT('Origin',(281.015999999998,281.282137857954,164.94));
#10399=CARTESIAN_POINT('',(282.032,-1.01599999999998,164.94));
#10400=CARTESIAN_POINT('',(281.016,-1.01599999999998,164.94));
#10401=CARTESIAN_POINT('',(281.016,-1.01599999999998,164.94));
#10402=CARTESIAN_POINT('',(281.016,-13.717862142046,164.94));
#10403=CARTESIAN_POINT('',(281.016,1.28213785795399,164.94));
#10404=CARTESIAN_POINT('',(282.032,-13.717862142046,164.94));
#10405=CARTESIAN_POINT('',(282.032,-13.717862142046,164.94));
#10406=CARTESIAN_POINT('',(282.031999999998,281.282137857954,164.94));
#10407=CARTESIAN_POINT('Origin',(280.,-1.016,82.47));
#10408=CARTESIAN_POINT('',(282.032,-1.01599999999998,149.94));
#10409=CARTESIAN_POINT('',(282.032,-1.01600000000001,41.235));
#10410=CARTESIAN_POINT('',(281.737056025925,0.0383530541505511,149.94));
#10411=CARTESIAN_POINT('Origin',(280.,-1.016,149.94));
#10412=CARTESIAN_POINT('',(280.,1.016,151.44));
#10413=CARTESIAN_POINT('Ctrl Pts',(281.737056025925,0.0383530541505511,
149.94));
#10414=CARTESIAN_POINT('Ctrl Pts',(281.737056025925,0.0383530541505512,
150.276599212885));
#10415=CARTESIAN_POINT('Ctrl Pts',(281.618024750569,0.291988641165194,150.835489613376));
#10416=CARTESIAN_POINT('Ctrl Pts',(280.9331517398,0.861586985908753,151.337314579523));
#10417=CARTESIAN_POINT('Ctrl Pts',(280.311665937856,1.016,151.44));
#10418=CARTESIAN_POINT('Ctrl Pts',(280.,1.016,151.44));
#10419=CARTESIAN_POINT('',(280.,1.016,164.94));
#10420=CARTESIAN_POINT('',(280.,1.016,41.235));
#10421=CARTESIAN_POINT('Origin',(280.,-1.016,164.94));
#10422=CARTESIAN_POINT('Origin',(281.016,-1.01599999999999,149.94));
#10423=CARTESIAN_POINT('',(281.016,-1.01599999999998,149.94));
#10424=CARTESIAN_POINT('',(281.524,-1.01600000000001,149.94));
#10425=CARTESIAN_POINT('',(280.868528012963,-0.488823472924725,149.94));
#10426=CARTESIAN_POINT('Origin',(280.,-1.016,149.94));
#10427=CARTESIAN_POINT('',(281.302792019444,-0.225235209387087,149.94));
#10428=CARTESIAN_POINT('Origin',(281.015999999999,141.282137857954,82.47));
#10429=CARTESIAN_POINT('',(281.016,-1.01600000000001,41.235));
#10430=CARTESIAN_POINT('',(281.016,-13.717862142046,149.94));
#10431=CARTESIAN_POINT('',(281.016,71.282137857954,149.94));
#10432=CARTESIAN_POINT('',(281.016,-13.717862142046,116.205));
#10433=CARTESIAN_POINT('',(281.016,-6.21786214204601,155.19));
#10434=CARTESIAN_POINT('Origin',(281.016,-6.21786214204601,157.44));
#10435=CARTESIAN_POINT('Origin',(281.016,1.28213785795399,8.32001735975286E-31));
#10436=CARTESIAN_POINT('',(281.016,-13.717862142046,-4.93038065763132E-31));
#10437=CARTESIAN_POINT('',(282.032,-13.717862142046,-4.93038065763132E-31));
#10438=CARTESIAN_POINT('',(281.016,71.282137857954,0.));
#10439=CARTESIAN_POINT('Origin',(-1.01599999999999,141.282137857954,82.47));
#10440=CARTESIAN_POINT('',(-1.016,-13.717862142046,-9.82565406701859E-18));
#10441=CARTESIAN_POINT('',(-1.016,-13.717862142046,48.735));
#10442=CARTESIAN_POINT('',(-1.01599999999999,211.282137857954,1.37559156938264E-16));
#10443=CARTESIAN_POINT('',(-1.016,-6.21786214204599,5.25));
#10444=CARTESIAN_POINT('Origin',(-1.016,-6.21786214204599,7.5));
#10445=CARTESIAN_POINT('Origin',(280.,0.508,15.));
#10446=CARTESIAN_POINT('',(280.,1.016,13.5));
#10447=CARTESIAN_POINT('',(280.,0.508,13.5));
#10448=CARTESIAN_POINT('',(280.,1.016,16.5));
#10449=CARTESIAN_POINT('Origin',(280.,1.016,15.));
#10450=CARTESIAN_POINT('',(280.,0.508,16.5));
#10451=CARTESIAN_POINT('Origin',(280.,-1.016,82.47));
#10452=CARTESIAN_POINT('',(280.,1.016,41.235));
#10453=CARTESIAN_POINT('',(281.737056025925,0.0383530541505511,15.));
#10454=CARTESIAN_POINT('Ctrl Pts',(280.,1.016,13.5));
#10455=CARTESIAN_POINT('Ctrl Pts',(280.467498906784,1.016,13.5));
#10456=CARTESIAN_POINT('Ctrl Pts',(280.915580760023,0.827753517037786,13.6180897074004));
#10457=CARTESIAN_POINT('Ctrl Pts',(281.211258282424,0.612924018500495,13.8275423514214));
#10458=CARTESIAN_POINT('Ctrl Pts',(281.408376630692,0.469704352808968,13.9671774474354));
#10459=CARTESIAN_POINT('Ctrl Pts',(281.53775972081,0.314670013528517,14.1474182930586));
#10460=CARTESIAN_POINT('Ctrl Pts',(281.619929569618,0.206832188863913,14.3495240623856));
#10461=CARTESIAN_POINT('Ctrl Pts',(281.702099418426,0.0989943641993087,
14.5516298317127));
#10462=CARTESIAN_POINT('Ctrl Pts',(281.737056025925,0.0383530541505511,
14.7756005247436));
#10463=CARTESIAN_POINT('Ctrl Pts',(281.737056025925,0.0383530541505511,
15.));
#10464=CARTESIAN_POINT('Origin',(280.,-1.016,15.));
#10465=CARTESIAN_POINT('Origin',(282.031999999999,141.282137857954,82.47));
#10466=CARTESIAN_POINT('',(282.032,-13.717862142046,149.94));
#10467=CARTESIAN_POINT('',(282.032,-13.717862142046,164.94));
#10468=CARTESIAN_POINT('',(282.032,-13.717862142046,149.94));
#10469=CARTESIAN_POINT('',(282.032,-6.21786214204601,155.19));
#10470=CARTESIAN_POINT('Origin',(282.032,-6.21786214204601,157.44));
#10471=CARTESIAN_POINT('Origin',(280.,0.508,149.94));
#10472=CARTESIAN_POINT('',(280.,0.508,151.44));
#10473=CARTESIAN_POINT('',(280.,1.016,148.44));
#10474=CARTESIAN_POINT('',(280.,0.508,148.44));
#10475=CARTESIAN_POINT('Origin',(280.,1.016,149.94));
#10476=CARTESIAN_POINT('Origin',(281.015999999999,141.282137857954,82.47));
#10477=CARTESIAN_POINT('',(281.016,-13.717862142046,41.235));
#10478=CARTESIAN_POINT('',(281.016,-6.21786214204601,5.25));
#10479=CARTESIAN_POINT('Origin',(281.016,-6.21786214204601,7.5));
#10480=CARTESIAN_POINT('Origin',(282.032,-1.01599999999999,164.94));
#10481=CARTESIAN_POINT('',(280.,0.,164.94));
#10482=CARTESIAN_POINT('Origin',(280.,-1.016,164.94));
#10483=CARTESIAN_POINT('Origin',(19.5,1.016,152.44));
#10484=CARTESIAN_POINT('',(19.5,1.016,12.5));
#10485=CARTESIAN_POINT('',(19.5,1.016,12.5));
#10486=CARTESIAN_POINT('',(19.5,1.016,152.44));
#10487=CARTESIAN_POINT('',(19.5,1.016,117.455));
#10488=CARTESIAN_POINT('',(19.5,1.016,152.44));
#10489=CARTESIAN_POINT('Origin',(163.25,1.016,152.44));
#10490=CARTESIAN_POINT('',(163.25,1.016,152.44));
#10491=CARTESIAN_POINT('',(151.625,1.016,152.44));
#10492=CARTESIAN_POINT('',(163.25,1.016,152.44));
#10493=CARTESIAN_POINT('Origin',(163.25,1.016,12.5));
#10494=CARTESIAN_POINT('',(163.25,1.016,12.5));
#10495=CARTESIAN_POINT('',(163.25,1.016,47.485));
#10496=CARTESIAN_POINT('',(163.25,1.016,12.5));
#10497=CARTESIAN_POINT('Origin',(19.5,1.016,12.5));
#10498=CARTESIAN_POINT('',(79.75,1.016,12.5));
#10499=CARTESIAN_POINT('Origin',(170.75,0.508,159.94));
#10500=CARTESIAN_POINT('',(170.75,1.016,158.24));
#10501=CARTESIAN_POINT('Origin',(170.75,1.016,159.94));
#10502=CARTESIAN_POINT('',(170.75,0.508,158.24));
#10503=CARTESIAN_POINT('Origin',(12.,0.508,5.));
#10504=CARTESIAN_POINT('',(12.,1.016,3.3));
#10505=CARTESIAN_POINT('Origin',(12.,1.016,5.));
#10506=CARTESIAN_POINT('',(12.,0.508,3.3));
#10507=CARTESIAN_POINT('Origin',(12.,0.508,159.94));
#10508=CARTESIAN_POINT('',(12.,1.016,158.24));
#10509=CARTESIAN_POINT('Origin',(12.,1.016,159.94));
#10510=CARTESIAN_POINT('',(12.,0.508,158.24));
#10511=CARTESIAN_POINT('Origin',(170.75,0.508,27.86));
#10512=CARTESIAN_POINT('',(170.75,1.016,26.16));
#10513=CARTESIAN_POINT('Origin',(170.75,1.016,27.86));
#10514=CARTESIAN_POINT('',(170.75,0.508,26.16));
#10515=CARTESIAN_POINT('Ctrl Pts',(2.41700172655254E-17,1.016,151.44));
#10516=CARTESIAN_POINT('Ctrl Pts',(-0.467498906784196,1.016,151.44));
#10517=CARTESIAN_POINT('Ctrl Pts',(-1.21454786323147,0.702554184840004,
151.243242401916));
#10518=CARTESIAN_POINT('Ctrl Pts',(-1.66723963052347,0.159763731294544,
150.612369574247));
#10519=CARTESIAN_POINT('Ctrl Pts',(-1.73705602592531,0.0383530541505411,
150.164399475256));
#10520=CARTESIAN_POINT('Ctrl Pts',(-1.73705602592531,0.0383530541505411,
149.94));
#10521=CARTESIAN_POINT('Ctrl Pts',(3.66749816313749E-17,0.677333333333333,
151.44));
#10522=CARTESIAN_POINT('Ctrl Pts',(-0.389582422320163,0.677333333333333,
151.44));
#10523=CARTESIAN_POINT('Ctrl Pts',(-1.01212321935956,0.416128487366669,
151.243242401916));
#10524=CARTESIAN_POINT('Ctrl Pts',(-1.38936635876956,-0.0361968905878796,
150.612369574247));
#10525=CARTESIAN_POINT('Ctrl Pts',(-1.44754668827109,-0.137372454874549,
150.164399475256));
#10526=CARTESIAN_POINT('Ctrl Pts',(-1.44754668827109,-0.137372454874549,
149.94));
#10527=CARTESIAN_POINT('Ctrl Pts',(4.91799459972244E-17,0.338666666666667,
151.44));
#10528=CARTESIAN_POINT('Ctrl Pts',(-0.31166593785613,0.338666666666667,
151.44));
#10529=CARTESIAN_POINT('Ctrl Pts',(-0.809698575487646,0.129702789893336,
151.243242401916));
#10530=CARTESIAN_POINT('Ctrl Pts',(-1.11149308701565,-0.232157512470304,
150.612369574247));
#10531=CARTESIAN_POINT('Ctrl Pts',(-1.15803735061687,-0.313097963899639,
150.164399475256));
#10532=CARTESIAN_POINT('Ctrl Pts',(-1.15803735061687,-0.313097963899639,
149.94));
#10533=CARTESIAN_POINT('Ctrl Pts',(6.16849103630738E-17,0.,151.44));
#10534=CARTESIAN_POINT('Ctrl Pts',(-0.233749453392098,-8.63098991694381E-18,
151.44));
#10535=CARTESIAN_POINT('Ctrl Pts',(-0.607273931615734,-0.156722907579998,
151.243242401916));
#10536=CARTESIAN_POINT('Ctrl Pts',(-0.833619815261737,-0.428118134352728,
150.612369574247));
#10537=CARTESIAN_POINT('Ctrl Pts',(-0.868528012962654,-0.488823472924729,
150.164399475256));
#10538=CARTESIAN_POINT('Ctrl Pts',(-0.868528012962654,-0.488823472924729,
149.94));
#10539=CARTESIAN_POINT('',(-1.30279201944398,-0.225235209387094,149.94));
#10540=CARTESIAN_POINT('Ctrl Pts',(281.737056025925,0.0383530541505511,
149.94));
#10541=CARTESIAN_POINT('Ctrl Pts',(281.737056025925,0.0383530541505512,
150.276599212885));
#10542=CARTESIAN_POINT('Ctrl Pts',(281.618024750569,0.291988641165194,150.835489613376));
#10543=CARTESIAN_POINT('Ctrl Pts',(280.9331517398,0.861586985908753,151.337314579523));
#10544=CARTESIAN_POINT('Ctrl Pts',(280.311665937856,1.016,151.44));
#10545=CARTESIAN_POINT('Ctrl Pts',(280.,1.016,151.44));
#10546=CARTESIAN_POINT('Ctrl Pts',(281.447546688271,-0.137372454874541,
149.94));
#10547=CARTESIAN_POINT('Ctrl Pts',(281.447546688271,-0.137372454874541,
150.276599212885));
#10548=CARTESIAN_POINT('Ctrl Pts',(281.348353958807,0.0739905343043286,
150.835489613376));
#10549=CARTESIAN_POINT('Ctrl Pts',(280.777626449833,0.548655821590628,151.337314579523));
#10550=CARTESIAN_POINT('Ctrl Pts',(280.25972161488,0.677333333333333,151.44));
#10551=CARTESIAN_POINT('Ctrl Pts',(280.,0.677333333333333,151.44));
#10552=CARTESIAN_POINT('Ctrl Pts',(281.158037350617,-0.313097963899633,
149.94));
#10553=CARTESIAN_POINT('Ctrl Pts',(281.158037350617,-0.313097963899633,
150.276599212885));
#10554=CARTESIAN_POINT('Ctrl Pts',(281.078683167046,-0.144007572556537,
150.835489613376));
#10555=CARTESIAN_POINT('Ctrl Pts',(280.622101159867,0.235724657272502,151.337314579523));
#10556=CARTESIAN_POINT('Ctrl Pts',(280.207777291904,0.338666666666667,151.44));
#10557=CARTESIAN_POINT('Ctrl Pts',(280.,0.338666666666667,151.44));
#10558=CARTESIAN_POINT('Ctrl Pts',(280.868528012963,-0.488823472924725,
149.94));
#10559=CARTESIAN_POINT('Ctrl Pts',(280.868528012963,-0.488823472924725,
150.276599212885));
#10560=CARTESIAN_POINT('Ctrl Pts',(280.809012375284,-0.362005679417403,
150.835489613376));
#10561=CARTESIAN_POINT('Ctrl Pts',(280.4665758699,-0.0772065070456234,151.337314579523));
#10562=CARTESIAN_POINT('Ctrl Pts',(280.155832968928,0.,151.44));
#10563=CARTESIAN_POINT('Ctrl Pts',(280.,0.,151.44));
#10564=CARTESIAN_POINT('Ctrl Pts',(280.,0.,151.44));
#10565=CARTESIAN_POINT('Ctrl Pts',(280.155832968928,0.,151.44));
#10566=CARTESIAN_POINT('Ctrl Pts',(280.311204419414,-0.0386032535228117,
151.388657289762));
#10567=CARTESIAN_POINT('Ctrl Pts',(280.437809645426,-0.098590476337329,
151.291296653764));
#10568=CARTESIAN_POINT('Ctrl Pts',(280.564414871438,-0.158577699151846,
151.193936017767));
#10569=CARTESIAN_POINT('Ctrl Pts',(280.662253872977,-0.239948891258069,
151.05055745601));
#10570=CARTESIAN_POINT('Ctrl Pts',(280.730479775928,-0.309062453482974,
150.875107854878));
#10571=CARTESIAN_POINT('Ctrl Pts',(280.832818630356,-0.412732796820332,
150.611933453179));
#10572=CARTESIAN_POINT('Ctrl Pts',(280.868528012963,-0.488823472924725,
150.276599212885));
#10573=CARTESIAN_POINT('Ctrl Pts',(280.868528012963,-0.488823472924725,
149.94));
#10574=CARTESIAN_POINT('Origin',(0.,0.508,15.));
#10575=CARTESIAN_POINT('',(0.,1.016,16.5));
#10576=CARTESIAN_POINT('',(2.84178004253209E-32,0.508,16.5));
#10577=CARTESIAN_POINT('Origin',(0.,1.016,15.));
#10578=CARTESIAN_POINT('Ctrl Pts',(280.,1.016,13.5));
#10579=CARTESIAN_POINT('Ctrl Pts',(280.467498906784,1.016,13.5));
#10580=CARTESIAN_POINT('Ctrl Pts',(281.214301995515,0.702255861729643,13.6968161790007));
#10581=CARTESIAN_POINT('Ctrl Pts',(281.667142810927,0.159635674248066,14.3276591386818));
#10582=CARTESIAN_POINT('Ctrl Pts',(281.737056025925,0.0383530541505511,
14.7756005247436));
#10583=CARTESIAN_POINT('Ctrl Pts',(281.737056025925,0.0383530541505511,
15.));
#10584=CARTESIAN_POINT('Ctrl Pts',(280.,0.677333333333333,13.5));
#10585=CARTESIAN_POINT('Ctrl Pts',(280.38958242232,0.677333333333333,13.5));
#10586=CARTESIAN_POINT('Ctrl Pts',(281.011918329596,0.415879884774703,13.6968161790007));
#10587=CARTESIAN_POINT('Ctrl Pts',(281.389285675773,-0.0363036047932786,
14.3276591386818));
#10588=CARTESIAN_POINT('Ctrl Pts',(281.447546688271,-0.137372454874541,
14.7756005247436));
#10589=CARTESIAN_POINT('Ctrl Pts',(281.447546688271,-0.137372454874541,
15.));
#10590=CARTESIAN_POINT('Ctrl Pts',(280.,0.338666666666667,13.5));
#10591=CARTESIAN_POINT('Ctrl Pts',(280.311665937856,0.338666666666667,13.5));
#10592=CARTESIAN_POINT('Ctrl Pts',(280.809534663677,0.129503907819762,13.6968161790007));
#10593=CARTESIAN_POINT('Ctrl Pts',(281.111428540618,-0.232242883834623,
14.3276591386818));
#10594=CARTESIAN_POINT('Ctrl Pts',(281.158037350617,-0.313097963899633,
14.7756005247436));
#10595=CARTESIAN_POINT('Ctrl Pts',(281.158037350617,-0.313097963899633,
15.));
#10596=CARTESIAN_POINT('Ctrl Pts',(280.,0.,13.5));
#10597=CARTESIAN_POINT('Ctrl Pts',(280.233749453392,0.,13.5));
#10598=CARTESIAN_POINT('Ctrl Pts',(280.607150997758,-0.156872069135178,
13.6968161790007));
#10599=CARTESIAN_POINT('Ctrl Pts',(280.833571405464,-0.428182162875967,
14.3276591386818));
#10600=CARTESIAN_POINT('Ctrl Pts',(280.868528012963,-0.488823472924725,
14.7756005247436));
#10601=CARTESIAN_POINT('Ctrl Pts',(280.868528012963,-0.488823472924725,
15.));
#10602=CARTESIAN_POINT('',(281.302792019444,-0.225235209387087,15.));
#10603=CARTESIAN_POINT('Origin',(-2.032,-1.016,149.94));
#10604=CARTESIAN_POINT('Origin',(140.,1.016,82.47));
#10605=CARTESIAN_POINT('',(0.,1.016,164.94));
#10606=CARTESIAN_POINT('',(280.,1.016,8.32001735975286E-31));
#10607=CARTESIAN_POINT('',(2.84074666797117E-31,1.016,164.94));
#10608=CARTESIAN_POINT('Origin',(280.,0.,164.94));
#10609=CARTESIAN_POINT('Origin',(282.032,-1.01599999999999,15.));
#10610=CARTESIAN_POINT('Origin',(281.4732,-6.21786214204601,157.44));
#10611=CARTESIAN_POINT('',(281.4732,-6.21786214204601,155.19));
#10612=CARTESIAN_POINT('Origin',(-1.4732,-6.21786214204599,7.5));
#10613=CARTESIAN_POINT('',(-1.4732,-6.21786214204599,5.25));
#10614=CARTESIAN_POINT('Origin',(-1.4732,-6.217862142046,157.44));
#10615=CARTESIAN_POINT('',(-1.4732,-6.217862142046,155.19));
#10616=CARTESIAN_POINT('Origin',(281.4732,-6.21786214204601,7.5));
#10617=CARTESIAN_POINT('',(281.4732,-6.21786214204601,5.25));
#10618=CARTESIAN_POINT('Origin',(282.032,1.28213785795399,149.94));
#10619=CARTESIAN_POINT('',(282.032,-13.717862142046,149.94));
#10620=CARTESIAN_POINT('Origin',(282.032,-13.717862142046,149.94));
#10621=CARTESIAN_POINT('Origin',(-1.016,-1.016,15.));
#10622=CARTESIAN_POINT('Origin',(-2.032,-13.717862142046,15.));
#10623=CARTESIAN_POINT('',(-2.032,-13.717862142046,-9.16012976487918E-18));
#10624=CARTESIAN_POINT('Origin',(0.,0.,0.));
#10625=CARTESIAN_POINT('Origin',(282.032,-13.717862142046,-4.93038065763132E-31));
#10626=CARTESIAN_POINT('Origin',(-2.032,-13.717862142046,164.94));
#10627=CARTESIAN_POINT('Origin',(-1.01599999999998,281.282137857954,1.83412209251019E-16));
#10628=CARTESIAN_POINT('Origin',(0.,0.,164.94));
#10629=CARTESIAN_POINT('Origin',(280.,-1.016,82.47));
#10630=CARTESIAN_POINT('',(-0.0495082779933687,-7.73047983983084E-16,3.20000376760708));
#10631=CARTESIAN_POINT('',(-18.0175082779931,203.836462497711,-116.799996232393));
#10632=CARTESIAN_POINT('',(11.9824917220069,179.338079218686,-67.2659962323929));
#10633=UNCERTAINTY_MEASURE_WITH_UNIT(LENGTH_MEASURE(0.01),#10643,
'DISTANCE_ACCURACY_VALUE',
'Maximum model space distance between geometric entities at asserted c
onnectivities');
#10634=UNCERTAINTY_MEASURE_WITH_UNIT(LENGTH_MEASURE(0.01),#10643,
'DISTANCE_ACCURACY_VALUE',
'Maximum model space distance between geometric entities at asserted c
onnectivities');
#10635=UNCERTAINTY_MEASURE_WITH_UNIT(LENGTH_MEASURE(0.01),#10643,
'DISTANCE_ACCURACY_VALUE',
'Maximum model space distance between geometric entities at asserted c
onnectivities');
#10636=UNCERTAINTY_MEASURE_WITH_UNIT(LENGTH_MEASURE(0.01),#10643,
'DISTANCE_ACCURACY_VALUE',
'Maximum model space distance between geometric entities at asserted c
onnectivities');
#10637=UNCERTAINTY_MEASURE_WITH_UNIT(LENGTH_MEASURE(0.01),#10643,
'DISTANCE_ACCURACY_VALUE',
'Maximum model space distance between geometric entities at asserted c
onnectivities');
#10638=(
GEOMETRIC_REPRESENTATION_CONTEXT(3)
GLOBAL_UNCERTAINTY_ASSIGNED_CONTEXT((#10633))
GLOBAL_UNIT_ASSIGNED_CONTEXT((#10643,#10645,#10646))
REPRESENTATION_CONTEXT('','3D')
);
#10639=(
GEOMETRIC_REPRESENTATION_CONTEXT(3)
GLOBAL_UNCERTAINTY_ASSIGNED_CONTEXT((#10634))
GLOBAL_UNIT_ASSIGNED_CONTEXT((#10643,#10645,#10646))
REPRESENTATION_CONTEXT('','3D')
);
#10640=(
GEOMETRIC_REPRESENTATION_CONTEXT(3)
GLOBAL_UNCERTAINTY_ASSIGNED_CONTEXT((#10635))
GLOBAL_UNIT_ASSIGNED_CONTEXT((#10643,#10645,#10646))
REPRESENTATION_CONTEXT('','3D')
);
#10641=(
GEOMETRIC_REPRESENTATION_CONTEXT(3)
GLOBAL_UNCERTAINTY_ASSIGNED_CONTEXT((#10636))
GLOBAL_UNIT_ASSIGNED_CONTEXT((#10643,#10645,#10646))
REPRESENTATION_CONTEXT('','3D')
);
#10642=(
GEOMETRIC_REPRESENTATION_CONTEXT(3)
GLOBAL_UNCERTAINTY_ASSIGNED_CONTEXT((#10637))
GLOBAL_UNIT_ASSIGNED_CONTEXT((#10643,#10645,#10646))
REPRESENTATION_CONTEXT('','3D')
);
#10643=(
LENGTH_UNIT()
NAMED_UNIT(*)
SI_UNIT(.MILLI.,.METRE.)
);
#10644=(
LENGTH_UNIT()
NAMED_UNIT(*)
SI_UNIT($,.METRE.)
);
#10645=(
NAMED_UNIT(*)
PLANE_ANGLE_UNIT()
SI_UNIT($,.RADIAN.)
);
#10646=(
NAMED_UNIT(*)
SI_UNIT($,.STERADIAN.)
SOLID_ANGLE_UNIT()
);
#10647=SHAPE_DEFINITION_REPRESENTATION(#10651,#10658);
#10648=SHAPE_DEFINITION_REPRESENTATION(#10652,#10659);
#10649=SHAPE_DEFINITION_REPRESENTATION(#10653,#10660);
#10650=SHAPE_DEFINITION_REPRESENTATION(#10654,#10661);
#10651=PRODUCT_DEFINITION_SHAPE('',$,#10663);
#10652=PRODUCT_DEFINITION_SHAPE('',$,#10664);
#10653=PRODUCT_DEFINITION_SHAPE('',$,#10665);
#10654=PRODUCT_DEFINITION_SHAPE('',$,#10666);
#10655=PRODUCT_DEFINITION_SHAPE($,$,#20);
#10656=PRODUCT_DEFINITION_SHAPE($,$,#21);
#10657=PRODUCT_DEFINITION_SHAPE($,$,#22);
#10658=SHAPE_REPRESENTATION('',(#3791,#4073,#4074,#4075),#10638);
#10659=SHAPE_REPRESENTATION('',(#3792),#10639);
#10660=SHAPE_REPRESENTATION('',(#3895),#10640);
#10661=SHAPE_REPRESENTATION('',(#3974),#10641);
#10662=PRODUCT_DEFINITION_CONTEXT('part definition',#10676,'design');
#10663=PRODUCT_DEFINITION('Assembly','Assembly v1',#10667,#10662);
#10664=PRODUCT_DEFINITION('backplate','backplate v2',#10668,#10662);
#10665=PRODUCT_DEFINITION('AIO plate sheet metal',
'AIO plate sheet metal v6',#10669,#10662);
#10666=PRODUCT_DEFINITION('Motherboard Plate','Motherboard Plate v3',#10670,
#10662);
#10667=PRODUCT_DEFINITION_FORMATION('',$,#10678);
#10668=PRODUCT_DEFINITION_FORMATION('',$,#10679);
#10669=PRODUCT_DEFINITION_FORMATION('',$,#10680);
#10670=PRODUCT_DEFINITION_FORMATION('',$,#10681);
#10671=PRODUCT_RELATED_PRODUCT_CATEGORY('Assembly v1','Assembly v1',(#10678));
#10672=PRODUCT_RELATED_PRODUCT_CATEGORY('backplate v2','backplate v2',(#10679));
#10673=PRODUCT_RELATED_PRODUCT_CATEGORY('AIO plate sheet metal v6',
'AIO plate sheet metal v6',(#10680));
#10674=PRODUCT_RELATED_PRODUCT_CATEGORY('Motherboard Plate v3',
'Motherboard Plate v3',(#10681));
#10675=APPLICATION_PROTOCOL_DEFINITION('international standard',
'automotive_design',2009,#10676);
#10676=APPLICATION_CONTEXT(
'Core Data for Automotive Mechanical Design Process');
#10677=PRODUCT_CONTEXT('part definition',#10676,'mechanical');
#10678=PRODUCT('Assembly','Assembly v1',$,(#10677));
#10679=PRODUCT('backplate','backplate v2',$,(#10677));
#10680=PRODUCT('AIO plate sheet metal','AIO plate sheet metal v6',$,(#10677));
#10681=PRODUCT('Motherboard Plate','Motherboard Plate v3',$,(#10677));
#10682=PRESENTATION_STYLE_ASSIGNMENT((#10686));
#10683=PRESENTATION_STYLE_ASSIGNMENT((#10687));
#10684=PRESENTATION_STYLE_ASSIGNMENT((#10688));
#10685=PRESENTATION_STYLE_ASSIGNMENT((#10689));
#10686=SURFACE_STYLE_USAGE(.BOTH.,#10690);
#10687=SURFACE_STYLE_USAGE(.BOTH.,#10691);
#10688=SURFACE_STYLE_USAGE(.BOTH.,#10692);
#10689=SURFACE_STYLE_USAGE(.BOTH.,#10693);
#10690=SURFACE_SIDE_STYLE('',(#10694));
#10691=SURFACE_SIDE_STYLE('',(#10695));
#10692=SURFACE_SIDE_STYLE('',(#10696));
#10693=SURFACE_SIDE_STYLE('',(#10697));
#10694=SURFACE_STYLE_FILL_AREA(#10698);
#10695=SURFACE_STYLE_FILL_AREA(#10699);
#10696=SURFACE_STYLE_FILL_AREA(#10700);
#10697=SURFACE_STYLE_FILL_AREA(#10701);
#10698=FILL_AREA_STYLE('Steel - Satin',(#10702));
#10699=FILL_AREA_STYLE('Plastic - Glossy (Black)',(#10703));
#10700=FILL_AREA_STYLE('Plastic - Matte (Black)',(#10704));
#10701=FILL_AREA_STYLE('Powder Coat (Black)',(#10705));
#10702=FILL_AREA_STYLE_COLOUR('Steel - Satin',#10706);
#10703=FILL_AREA_STYLE_COLOUR('Plastic - Glossy (Black)',#10707);
#10704=FILL_AREA_STYLE_COLOUR('Plastic - Matte (Black)',#10708);
#10705=FILL_AREA_STYLE_COLOUR('Powder Coat (Black)',#10709);
#10706=COLOUR_RGB('Steel - Satin',0.627450980392157,0.627450980392157,0.627450980392157);
#10707=COLOUR_RGB('Plastic - Glossy (Black)',0.0980392156862745,0.0980392156862745,
0.0980392156862745);
#10708=COLOUR_RGB('Plastic - Matte (Black)',0.0980392156862745,0.0980392156862745,
0.0980392156862745);
#10709=COLOUR_RGB('Powder Coat (Black)',0.0980392156862745,0.0980392156862745,
0.0980392156862745);
ENDSEC;
END-ISO-10303-21;
