ISO-10303-21;
HEADER;
/* Generated by software containing ST-Developer
 * from STEP Tools, Inc. (www.steptools.com) 
 */

FILE_DESCRIPTION(
/* description */ (''),
/* implementation_level */ '2;1');

FILE_NAME(
/* name */ 'Motherboard Plate.step',
/* time_stamp */ '2026-03-10T15:58:02-04:00',
/* author */ (''),
/* organization */ (''),
/* preprocessor_version */ 'ST-DEVELOPER v20.1',
/* originating_system */ 'Autodesk Translation Framework v14.24.0.0',
/* authorisation */ '');

FILE_SCHEMA (('AUTOMOTIVE_DESIGN { 1 0 10303 214 3 1 1 }'));
ENDSEC;

DATA;
#10=MECHANICAL_DESIGN_GEOMETRIC_PRESENTATION_REPRESENTATION('',(#13),#3030);
#11=SHAPE_REPRESENTATION_RELATIONSHIP('SRR','None',#3037,#12);
#12=ADVANCED_BREP_SHAPE_REPRESENTATION('',(#14),#3029);
#13=STYLED_ITEM('',(#3046),#14);
#14=MANIFOLD_SOLID_BREP('Body1',#1378);
#15=B_SPLINE_SURFACE_WITH_KNOTS('',3,3,((#2009,#2010,#2011,#2012,#2013,
#2014),(#2015,#2016,#2017,#2018,#2019,#2020),(#2021,#2022,#2023,#2024,#2025,
#2026),(#2027,#2028,#2029,#2030,#2031,#2032)),.UNSPECIFIED.,.F.,.F.,.F.,
(4,4),(4,1,1,4),(-0.338666666666667,0.338666666666667),(-3.0118904933435E-17,
0.673198425769241,1.12199737628207,1.5707963267949),.UNSPECIFIED.);
#16=B_SPLINE_SURFACE_WITH_KNOTS('',3,3,((#2105,#2106,#2107,#2108,#2109,
#2110),(#2111,#2112,#2113,#2114,#2115,#2116),(#2117,#2118,#2119,#2120,#2121,
#2122),(#2123,#2124,#2125,#2126,#2127,#2128)),.UNSPECIFIED.,.F.,.F.,.F.,
(4,4),(4,1,1,4),(-0.338666666666667,0.338666666666667),(1.5707963267949,
2.24399475256414,2.69279370307697,3.14159265358979),.UNSPECIFIED.);
#17=B_SPLINE_SURFACE_WITH_KNOTS('',3,3,((#2526,#2527,#2528,#2529,#2530,
#2531),(#2532,#2533,#2534,#2535,#2536,#2537),(#2538,#2539,#2540,#2541,#2542,
#2543),(#2544,#2545,#2546,#2547,#2548,#2549)),.UNSPECIFIED.,.F.,.F.,.F.,
(4,4),(4,1,1,4),(-0.338666666666667,0.338666666666667),(-3.14159265358979,
-2.46839422782055,-2.01959527730772,-1.5707963267949),.UNSPECIFIED.);
#18=B_SPLINE_SURFACE_WITH_KNOTS('',3,3,((#2630,#2631,#2632,#2633),(#2634,
#2635,#2636,#2637),(#2638,#2639,#2640,#2641),(#2642,#2643,#2644,#2645),
(#2646,#2647,#2648,#2649),(#2650,#2651,#2652,#2653),(#2654,#2655,#2656,
#2657),(#2658,#2659,#2660,#2661),(#2662,#2663,#2664,#2665),(#2666,#2667,
#2668,#2669)),.UNSPECIFIED.,.F.,.F.,.F.,(4,1,1,1,1,1,1,4),(4,4),(0.,0.142857142857143,
0.285714285714286,0.428571428571429,0.571428571428571,0.714285714285714,
0.857142857142857,1.),(-0.0508,0.0508000000000001),.UNSPECIFIED.);
#19=B_SPLINE_SURFACE_WITH_KNOTS('',3,3,((#2673,#2674,#2675,#2676),(#2677,
#2678,#2679,#2680),(#2681,#2682,#2683,#2684),(#2685,#2686,#2687,#2688),
(#2689,#2690,#2691,#2692),(#2693,#2694,#2695,#2696),(#2697,#2698,#2699,
#2700),(#2701,#2702,#2703,#2704),(#2705,#2706,#2707,#2708),(#2709,#2710,
#2711,#2712)),.UNSPECIFIED.,.F.,.F.,.F.,(4,1,1,1,1,1,1,4),(4,4),(0.,0.142857142857143,
0.285714285714286,0.428571428571429,0.571428571428571,0.714285714285714,
0.857142857142857,1.),(0.,0.1016),.UNSPECIFIED.);
#20=B_SPLINE_SURFACE_WITH_KNOTS('',3,3,((#2715,#2716,#2717,#2718),(#2719,
#2720,#2721,#2722),(#2723,#2724,#2725,#2726),(#2727,#2728,#2729,#2730),
(#2731,#2732,#2733,#2734),(#2735,#2736,#2737,#2738),(#2739,#2740,#2741,
#2742),(#2743,#2744,#2745,#2746),(#2747,#2748,#2749,#2750),(#2751,#2752,
#2753,#2754)),.UNSPECIFIED.,.F.,.F.,.F.,(4,1,1,1,1,1,1,4),(4,4),(0.,0.142857142857143,
0.285714285714286,0.428571428571429,0.571428571428571,0.714285714285714,
0.857142857142857,1.),(0.,0.1016),.UNSPECIFIED.);
#21=B_SPLINE_SURFACE_WITH_KNOTS('',3,3,((#2758,#2759,#2760,#2761),(#2762,
#2763,#2764,#2765),(#2766,#2767,#2768,#2769),(#2770,#2771,#2772,#2773),
(#2774,#2775,#2776,#2777),(#2778,#2779,#2780,#2781),(#2782,#2783,#2784,
#2785),(#2786,#2787,#2788,#2789),(#2790,#2791,#2792,#2793),(#2794,#2795,
#2796,#2797)),.UNSPECIFIED.,.F.,.F.,.F.,(4,1,1,1,1,1,1,4),(4,4),(0.,0.142857142857143,
0.285714285714286,0.428571428571429,0.571428571428571,0.714285714285714,
0.857142857142857,1.),(-0.0508,0.0508000000000001),.UNSPECIFIED.);
#22=B_SPLINE_SURFACE_WITH_KNOTS('',3,3,((#2800,#2801,#2802,#2803),(#2804,
#2805,#2806,#2807),(#2808,#2809,#2810,#2811),(#2812,#2813,#2814,#2815),
(#2816,#2817,#2818,#2819),(#2820,#2821,#2822,#2823),(#2824,#2825,#2826,
#2827),(#2828,#2829,#2830,#2831),(#2832,#2833,#2834,#2835),(#2836,#2837,
#2838,#2839)),.UNSPECIFIED.,.F.,.F.,.F.,(4,1,1,1,1,1,1,4),(4,4),(0.,0.142857142857143,
0.285714285714286,0.428571428571429,0.571428571428571,0.714285714285714,
0.857142857142857,1.),(-0.0508,0.0508000000000001),.UNSPECIFIED.);
#23=B_SPLINE_SURFACE_WITH_KNOTS('',3,3,((#2843,#2844,#2845,#2846),(#2847,
#2848,#2849,#2850),(#2851,#2852,#2853,#2854),(#2855,#2856,#2857,#2858),
(#2859,#2860,#2861,#2862),(#2863,#2864,#2865,#2866),(#2867,#2868,#2869,
#2870),(#2871,#2872,#2873,#2874),(#2875,#2876,#2877,#2878),(#2879,#2880,
#2881,#2882)),.UNSPECIFIED.,.F.,.F.,.F.,(4,1,1,1,1,1,1,4),(4,4),(0.,0.142857142857143,
0.285714285714286,0.428571428571429,0.571428571428571,0.714285714285714,
0.857142857142857,1.),(0.,0.1016),.UNSPECIFIED.);
#24=B_SPLINE_SURFACE_WITH_KNOTS('',3,3,((#2884,#2885,#2886,#2887),(#2888,
#2889,#2890,#2891),(#2892,#2893,#2894,#2895),(#2896,#2897,#2898,#2899),
(#2900,#2901,#2902,#2903),(#2904,#2905,#2906,#2907),(#2908,#2909,#2910,
#2911),(#2912,#2913,#2914,#2915),(#2916,#2917,#2918,#2919),(#2920,#2921,
#2922,#2923)),.UNSPECIFIED.,.F.,.F.,.F.,(4,1,1,1,1,1,1,4),(4,4),(0.,0.142857142857143,
0.285714285714286,0.428571428571429,0.571428571428571,0.714285714285714,
0.857142857142857,1.),(0.,0.1016),.UNSPECIFIED.);
#25=B_SPLINE_SURFACE_WITH_KNOTS('',3,3,((#2927,#2928,#2929,#2930),(#2931,
#2932,#2933,#2934),(#2935,#2936,#2937,#2938),(#2939,#2940,#2941,#2942),
(#2943,#2944,#2945,#2946),(#2947,#2948,#2949,#2950),(#2951,#2952,#2953,
#2954),(#2955,#2956,#2957,#2958),(#2959,#2960,#2961,#2962),(#2963,#2964,
#2965,#2966)),.UNSPECIFIED.,.F.,.F.,.F.,(4,1,1,1,1,1,1,4),(4,4),(0.,0.142857142857143,
0.285714285714286,0.428571428571429,0.571428571428571,0.714285714285714,
0.857142857142857,1.),(-0.0508,0.0508000000000001),.UNSPECIFIED.);
#26=B_SPLINE_SURFACE_WITH_KNOTS('',3,3,((#2985,#2986,#2987,#2988,#2989,
#2990),(#2991,#2992,#2993,#2994,#2995,#2996),(#2997,#2998,#2999,#3000,#3001,
#3002),(#3003,#3004,#3005,#3006,#3007,#3008)),.UNSPECIFIED.,.F.,.F.,.F.,
(4,4),(4,1,1,4),(-0.338666666666667,0.338666666666667),(-1.5707963267949,
-0.897597901025645,-0.448798950512811,2.368475785867E-14),.UNSPECIFIED.);
#27=FACE_BOUND('',#210,.T.);
#28=FACE_BOUND('',#215,.T.);
#29=FACE_BOUND('',#218,.T.);
#30=FACE_BOUND('',#219,.T.);
#31=FACE_BOUND('',#220,.T.);
#32=FACE_BOUND('',#221,.T.);
#33=FACE_BOUND('',#222,.T.);
#34=FACE_BOUND('',#227,.T.);
#35=FACE_BOUND('',#228,.T.);
#36=FACE_BOUND('',#229,.T.);
#37=FACE_BOUND('',#230,.T.);
#38=FACE_BOUND('',#231,.T.);
#39=FACE_BOUND('',#235,.T.);
#40=FACE_BOUND('',#243,.T.);
#41=FACE_BOUND('',#246,.T.);
#42=FACE_BOUND('',#250,.T.);
#43=FACE_BOUND('',#252,.T.);
#44=FACE_BOUND('',#257,.T.);
#45=B_SPLINE_CURVE_WITH_KNOTS('',3,(#1856,#1857,#1858,#1859,#1860,#1861),
 .UNSPECIFIED.,.F.,.F.,(4,1,1,4),(-3.0118904933435E-17,0.673198425769241,
1.12199737628207,1.5707963267949),.UNSPECIFIED.);
#46=B_SPLINE_CURVE_WITH_KNOTS('',3,(#1874,#1875,#1876,#1877,#1878,#1879,
#1880,#1881,#1882,#1883,#1884,#1885,#1886,#1887,#1888,#1889,#1890,#1891,
#1892,#1893,#1894,#1895),.UNSPECIFIED.,.F.,.F.,(4,3,3,3,3,3,3,4),(0.,0.0971383117258653,
0.194276623451731,0.291414935177596,0.388553246903461,0.485691558629326,
0.582829870355192,0.679968182081057),.UNSPECIFIED.);
#47=B_SPLINE_CURVE_WITH_KNOTS('',3,(#1898,#1899,#1900,#1901,#1902,#1903,
#1904,#1905,#1906,#1907,#1908,#1909,#1910,#1911,#1912,#1913,#1914,#1915,
#1916,#1917,#1918,#1919),.UNSPECIFIED.,.F.,.F.,(4,3,3,3,3,3,3,4),(0.,0.0971383117259082,
0.194276623451816,0.291414935177725,0.388553246903633,0.485691558629541,
0.582829870355449,0.679968182081357),.UNSPECIFIED.);
#48=B_SPLINE_CURVE_WITH_KNOTS('',3,(#1939,#1940,#1941,#1942,#1943,#1944,
#1945,#1946,#1947,#1948),.UNSPECIFIED.,.F.,.F.,(4,3,3,4),(3.14159265358979,
3.59039160410262,4.03919055461545,4.71238898038469),.UNSPECIFIED.);
#49=B_SPLINE_CURVE_WITH_KNOTS('',3,(#1961,#1962,#1963,#1964,#1965,#1966,
#1967,#1968,#1969,#1970,#1971,#1972,#1973,#1974,#1975,#1976,#1977,#1978,
#1979,#1980,#1981,#1982),.UNSPECIFIED.,.F.,.F.,(4,3,3,3,3,3,3,4),(0.,0.0971383117259366,
0.194276623451873,0.29141493517781,0.388553246903746,0.485691558629683,
0.582829870355619,0.679968182081556),.UNSPECIFIED.);
#50=B_SPLINE_CURVE_WITH_KNOTS('',3,(#1985,#1986,#1987,#1988,#1989,#1990,
#1991,#1992,#1993,#1994,#1995,#1996,#1997,#1998,#1999,#2000,#2001,#2002,
#2003,#2004,#2005,#2006),.UNSPECIFIED.,.F.,.F.,(4,3,3,3,3,3,3,4),(0.,0.0971383117259322,
0.194276623451864,0.291414935177796,0.388553246903729,0.485691558629661,
0.582829870355593,0.679968182081525),.UNSPECIFIED.);
#51=B_SPLINE_CURVE_WITH_KNOTS('',3,(#2036,#2037,#2038,#2039,#2040,#2041,
#2042,#2043,#2044,#2045),.UNSPECIFIED.,.F.,.F.,(4,3,3,4),(-1.5707963267949,
-1.12199737628207,-0.673198425769241,3.01189049334349E-17),
 .UNSPECIFIED.);
#52=B_SPLINE_CURVE_WITH_KNOTS('',3,(#2131,#2132,#2133,#2134,#2135,#2136),
 .UNSPECIFIED.,.F.,.F.,(4,1,1,4),(1.5707963267949,2.24399475256414,2.69279370307697,
3.14159265358979),.UNSPECIFIED.);
#53=B_SPLINE_CURVE_WITH_KNOTS('',3,(#2196,#2197,#2198,#2199,#2200,#2201,
#2202,#2203,#2204,#2205,#2206,#2207,#2208,#2209,#2210,#2211,#2212,#2213,
#2214,#2215,#2216,#2217),.UNSPECIFIED.,.F.,.F.,(4,3,3,3,3,3,3,4),(0.,0.0971383117259558,
0.194276623451912,0.291414935177867,0.388553246903823,0.485691558629779,
0.582829870355735,0.679968182081691),.UNSPECIFIED.);
#54=B_SPLINE_CURVE_WITH_KNOTS('',3,(#2221,#2222,#2223,#2224,#2225,#2226,
#2227,#2228,#2229,#2230,#2231,#2232,#2233,#2234,#2235,#2236,#2237,#2238,
#2239,#2240,#2241,#2242),.UNSPECIFIED.,.F.,.F.,(4,3,3,3,3,3,3,4),(0.,0.0971383117259602,
0.19427662345192,0.291414935177881,0.388553246903841,0.485691558629801,
0.582829870355761,0.679968182081722),.UNSPECIFIED.);
#55=B_SPLINE_CURVE_WITH_KNOTS('',3,(#2256,#2257,#2258,#2259,#2260,#2261),
 .UNSPECIFIED.,.F.,.F.,(4,1,1,4),(-1.5707963267949,-0.897597901025645,-0.448798950512811,
2.368475785867E-14),.UNSPECIFIED.);
#56=B_SPLINE_CURVE_WITH_KNOTS('',3,(#2281,#2282,#2283,#2284,#2285,#2286,
#2287,#2288,#2289,#2290),.UNSPECIFIED.,.F.,.F.,(4,3,3,4),(3.14159265358977,
3.81479107935902,4.26359002987185,4.71238898038469),.UNSPECIFIED.);
#57=B_SPLINE_CURVE_WITH_KNOTS('',3,(#2302,#2303,#2304,#2305,#2306,#2307,
#2308,#2309,#2310,#2311,#2312,#2313,#2314,#2315,#2316,#2317,#2318,#2319,
#2320,#2321,#2322,#2323),.UNSPECIFIED.,.F.,.F.,(4,3,3,3,3,3,3,4),(0.,0.0971383117260395,
0.194276623452079,0.291414935178118,0.388553246904158,0.485691558630197,
0.582829870356237,0.679968182082276),.UNSPECIFIED.);
#58=B_SPLINE_CURVE_WITH_KNOTS('',3,(#2326,#2327,#2328,#2329,#2330,#2331,
#2332,#2333,#2334,#2335,#2336,#2337,#2338,#2339,#2340,#2341,#2342,#2343,
#2344,#2345,#2346,#2347),.UNSPECIFIED.,.F.,.F.,(4,3,3,3,3,3,3,4),(0.,0.0971383117258653,
0.194276623451731,0.291414935177596,0.388553246903461,0.485691558629326,
0.582829870355192,0.679968182081057),.UNSPECIFIED.);
#59=B_SPLINE_CURVE_WITH_KNOTS('',3,(#2356,#2357,#2358,#2359,#2360,#2361,
#2362,#2363,#2364,#2365,#2366,#2367,#2368,#2369,#2370,#2371,#2372,#2373,
#2374,#2375,#2376,#2377),.UNSPECIFIED.,.F.,.F.,(4,3,3,3,3,3,3,4),(0.,0.0971383117260118,
0.194276623452024,0.291414935178035,0.388553246904047,0.485691558630059,
0.58282987035607,0.679968182082082),.UNSPECIFIED.);
#60=B_SPLINE_CURVE_WITH_KNOTS('',3,(#2381,#2382,#2383,#2384,#2385,#2386,
#2387,#2388,#2389,#2390,#2391,#2392,#2393,#2394,#2395,#2396,#2397,#2398,
#2399,#2400,#2401,#2402),.UNSPECIFIED.,.F.,.F.,(4,3,3,3,3,3,3,4),(0.,0.097138311725855,
0.19427662345171,0.291414935177565,0.38855324690342,0.485691558629275,0.58282987035513,
0.679968182080985),.UNSPECIFIED.);
#61=B_SPLINE_CURVE_WITH_KNOTS('',3,(#2411,#2412,#2413,#2414,#2415,#2416,
#2417,#2418,#2419,#2420),.UNSPECIFIED.,.F.,.F.,(4,3,3,4),(-2.36847578586699E-14,
0.448798950512811,0.897597901025645,1.5707963267949),.UNSPECIFIED.);
#62=B_SPLINE_CURVE_WITH_KNOTS('',3,(#2424,#2425,#2426,#2427,#2428,#2429,
#2430,#2431,#2432,#2433,#2434,#2435,#2436,#2437,#2438,#2439,#2440,#2441,
#2442,#2443,#2444,#2445),.UNSPECIFIED.,.F.,.F.,(4,3,3,3,3,3,3,4),(0.,0.097138311725855,
0.19427662345171,0.291414935177565,0.38855324690342,0.485691558629275,0.58282987035513,
0.679968182080985),.UNSPECIFIED.);
#63=B_SPLINE_CURVE_WITH_KNOTS('',3,(#2449,#2450,#2451,#2452,#2453,#2454,
#2455,#2456,#2457,#2458,#2459,#2460,#2461,#2462,#2463,#2464,#2465,#2466,
#2467,#2468,#2469,#2470),.UNSPECIFIED.,.F.,.F.,(4,3,3,3,3,3,3,4),(0.,0.0971383117257713,
0.194276623451543,0.291414935177314,0.388553246903085,0.485691558628856,
0.582829870354628,0.679968182080399),.UNSPECIFIED.);
#64=B_SPLINE_CURVE_WITH_KNOTS('',3,(#2476,#2477,#2478,#2479,#2480,#2481,
#2482,#2483,#2484,#2485,#2486,#2487,#2488,#2489,#2490,#2491,#2492,#2493,
#2494,#2495,#2496,#2497),.UNSPECIFIED.,.F.,.F.,(4,3,3,3,3,3,3,4),(0.,0.0971383117259519,
0.194276623451904,0.291414935177856,0.388553246903807,0.485691558629759,
0.582829870355711,0.679968182081663),.UNSPECIFIED.);
#65=B_SPLINE_CURVE_WITH_KNOTS('',3,(#2501,#2502,#2503,#2504,#2505,#2506,
#2507,#2508,#2509,#2510,#2511,#2512,#2513,#2514,#2515,#2516,#2517,#2518,
#2519,#2520,#2521,#2522),.UNSPECIFIED.,.F.,.F.,(4,3,3,3,3,3,3,4),(0.,0.0971383117259479,
0.194276623451896,0.291414935177844,0.388553246903792,0.485691558629739,
0.582829870355687,0.679968182081635),.UNSPECIFIED.);
#66=B_SPLINE_CURVE_WITH_KNOTS('',3,(#2552,#2553,#2554,#2555,#2556,#2557,
#2558,#2559,#2560,#2561),.UNSPECIFIED.,.F.,.F.,(4,3,3,4),(1.5707963267949,
2.01959527730773,2.46839422782056,3.14159265358982),.UNSPECIFIED.);
#67=B_SPLINE_CURVE_WITH_KNOTS('',3,(#2569,#2570,#2571,#2572,#2573,#2574,
#2575,#2576,#2577,#2578,#2579,#2580,#2581,#2582,#2583,#2584,#2585,#2586,
#2587,#2588,#2589,#2590),.UNSPECIFIED.,.F.,.F.,(4,3,3,3,3,3,3,4),(0.,0.0971383117256845,
0.194276623451369,0.291414935177053,0.388553246902738,0.485691558628422,
0.582829870354107,0.679968182079791),.UNSPECIFIED.);
#68=B_SPLINE_CURVE_WITH_KNOTS('',3,(#2593,#2594,#2595,#2596,#2597,#2598,
#2599,#2600,#2601,#2602,#2603,#2604,#2605,#2606,#2607,#2608,#2609,#2610,
#2611,#2612,#2613,#2614),.UNSPECIFIED.,.F.,.F.,(4,3,3,3,3,3,3,4),(0.,0.0971383117258557,
0.194276623451711,0.291414935177567,0.388553246903423,0.485691558629278,
0.582829870355134,0.67996818208099),.UNSPECIFIED.);
#69=CIRCLE('',#1394,2.032);
#70=CIRCLE('',#1395,2.032);
#71=CIRCLE('',#1397,1.016);
#72=CIRCLE('',#1399,2.25);
#73=CIRCLE('',#1402,1.016);
#74=CIRCLE('',#1403,1.016);
#75=CIRCLE('',#1405,2.032);
#76=CIRCLE('',#1407,2.25);
#77=CIRCLE('',#1409,1.5);
#78=CIRCLE('',#1410,1.5);
#79=CIRCLE('',#1411,1.5);
#80=CIRCLE('',#1412,1.5);
#81=CIRCLE('',#1413,1.7);
#82=CIRCLE('',#1414,1.7);
#83=CIRCLE('',#1415,1.7);
#84=CIRCLE('',#1416,1.7);
#85=CIRCLE('',#1419,1.016);
#86=CIRCLE('',#1421,1.5);
#87=CIRCLE('',#1422,1.5);
#88=CIRCLE('',#1423,1.5);
#89=CIRCLE('',#1424,1.5);
#90=CIRCLE('',#1425,1.7);
#91=CIRCLE('',#1426,1.7);
#92=CIRCLE('',#1427,1.7);
#93=CIRCLE('',#1428,1.7);
#94=CIRCLE('',#1431,2.032);
#95=CIRCLE('',#1433,2.25);
#96=CIRCLE('',#1435,2.03199999999999);
#97=CIRCLE('',#1436,1.01600000000001);
#98=CIRCLE('',#1438,2.03199999999999);
#99=CIRCLE('',#1442,2.032);
#100=CIRCLE('',#1443,2.03199999999999);
#101=CIRCLE('',#1445,1.01600000000001);
#102=CIRCLE('',#1447,2.25);
#103=CIRCLE('',#1450,2.25);
#104=CIRCLE('',#1453,1.01600000000001);
#105=CIRCLE('',#1455,2.25);
#106=CIRCLE('',#1457,2.25);
#107=CIRCLE('',#1461,2.25);
#108=CIRCLE('',#1471,1.01599999999999);
#109=CYLINDRICAL_SURFACE('',#1393,2.032);
#110=CYLINDRICAL_SURFACE('',#1401,1.016);
#111=CYLINDRICAL_SURFACE('',#1418,1.016);
#112=CYLINDRICAL_SURFACE('',#1430,2.032);
#113=CYLINDRICAL_SURFACE('',#1437,2.032);
#114=CYLINDRICAL_SURFACE('',#1441,2.032);
#115=CYLINDRICAL_SURFACE('',#1451,1.5);
#116=CYLINDRICAL_SURFACE('',#1452,1.016);
#117=CYLINDRICAL_SURFACE('',#1481,1.7);
#118=CYLINDRICAL_SURFACE('',#1482,1.7);
#119=CYLINDRICAL_SURFACE('',#1483,1.7);
#120=CYLINDRICAL_SURFACE('',#1484,1.7);
#121=CYLINDRICAL_SURFACE('',#1485,1.5);
#122=CYLINDRICAL_SURFACE('',#1486,1.5);
#123=CYLINDRICAL_SURFACE('',#1487,1.5);
#124=CYLINDRICAL_SURFACE('',#1489,2.25);
#125=CYLINDRICAL_SURFACE('',#1490,2.25);
#126=CYLINDRICAL_SURFACE('',#1491,2.25);
#127=CYLINDRICAL_SURFACE('',#1492,2.25);
#128=CYLINDRICAL_SURFACE('',#1496,1.016);
#129=FACE_OUTER_BOUND('',#206,.T.);
#130=FACE_OUTER_BOUND('',#207,.T.);
#131=FACE_OUTER_BOUND('',#208,.T.);
#132=FACE_OUTER_BOUND('',#209,.T.);
#133=FACE_OUTER_BOUND('',#211,.T.);
#134=FACE_OUTER_BOUND('',#212,.T.);
#135=FACE_OUTER_BOUND('',#213,.T.);
#136=FACE_OUTER_BOUND('',#214,.T.);
#137=FACE_OUTER_BOUND('',#216,.T.);
#138=FACE_OUTER_BOUND('',#217,.T.);
#139=FACE_OUTER_BOUND('',#223,.T.);
#140=FACE_OUTER_BOUND('',#224,.T.);
#141=FACE_OUTER_BOUND('',#225,.T.);
#142=FACE_OUTER_BOUND('',#226,.T.);
#143=FACE_OUTER_BOUND('',#232,.T.);
#144=FACE_OUTER_BOUND('',#233,.T.);
#145=FACE_OUTER_BOUND('',#234,.T.);
#146=FACE_OUTER_BOUND('',#236,.T.);
#147=FACE_OUTER_BOUND('',#237,.T.);
#148=FACE_OUTER_BOUND('',#238,.T.);
#149=FACE_OUTER_BOUND('',#239,.T.);
#150=FACE_OUTER_BOUND('',#240,.T.);
#151=FACE_OUTER_BOUND('',#241,.T.);
#152=FACE_OUTER_BOUND('',#242,.T.);
#153=FACE_OUTER_BOUND('',#244,.T.);
#154=FACE_OUTER_BOUND('',#245,.T.);
#155=FACE_OUTER_BOUND('',#247,.T.);
#156=FACE_OUTER_BOUND('',#248,.T.);
#157=FACE_OUTER_BOUND('',#249,.T.);
#158=FACE_OUTER_BOUND('',#251,.T.);
#159=FACE_OUTER_BOUND('',#253,.T.);
#160=FACE_OUTER_BOUND('',#254,.T.);
#161=FACE_OUTER_BOUND('',#255,.T.);
#162=FACE_OUTER_BOUND('',#256,.T.);
#163=FACE_OUTER_BOUND('',#258,.T.);
#164=FACE_OUTER_BOUND('',#259,.T.);
#165=FACE_OUTER_BOUND('',#260,.T.);
#166=FACE_OUTER_BOUND('',#261,.T.);
#167=FACE_OUTER_BOUND('',#262,.T.);
#168=FACE_OUTER_BOUND('',#263,.T.);
#169=FACE_OUTER_BOUND('',#264,.T.);
#170=FACE_OUTER_BOUND('',#265,.T.);
#171=FACE_OUTER_BOUND('',#266,.T.);
#172=FACE_OUTER_BOUND('',#267,.T.);
#173=FACE_OUTER_BOUND('',#268,.T.);
#174=FACE_OUTER_BOUND('',#269,.T.);
#175=FACE_OUTER_BOUND('',#270,.T.);
#176=FACE_OUTER_BOUND('',#271,.T.);
#177=FACE_OUTER_BOUND('',#272,.T.);
#178=FACE_OUTER_BOUND('',#273,.T.);
#179=FACE_OUTER_BOUND('',#274,.T.);
#180=FACE_OUTER_BOUND('',#275,.T.);
#181=FACE_OUTER_BOUND('',#276,.T.);
#182=FACE_OUTER_BOUND('',#277,.T.);
#183=FACE_OUTER_BOUND('',#278,.T.);
#184=FACE_OUTER_BOUND('',#279,.T.);
#185=FACE_OUTER_BOUND('',#280,.T.);
#186=FACE_OUTER_BOUND('',#281,.T.);
#187=FACE_OUTER_BOUND('',#282,.T.);
#188=FACE_OUTER_BOUND('',#283,.T.);
#189=FACE_OUTER_BOUND('',#284,.T.);
#190=FACE_OUTER_BOUND('',#285,.T.);
#191=FACE_OUTER_BOUND('',#286,.T.);
#192=FACE_OUTER_BOUND('',#287,.T.);
#193=FACE_OUTER_BOUND('',#288,.T.);
#194=FACE_OUTER_BOUND('',#289,.T.);
#195=FACE_OUTER_BOUND('',#290,.T.);
#196=FACE_OUTER_BOUND('',#291,.T.);
#197=FACE_OUTER_BOUND('',#292,.T.);
#198=FACE_OUTER_BOUND('',#293,.T.);
#199=FACE_OUTER_BOUND('',#294,.T.);
#200=FACE_OUTER_BOUND('',#295,.T.);
#201=FACE_OUTER_BOUND('',#296,.T.);
#202=FACE_OUTER_BOUND('',#297,.T.);
#203=FACE_OUTER_BOUND('',#298,.T.);
#204=FACE_OUTER_BOUND('',#299,.T.);
#205=FACE_OUTER_BOUND('',#300,.T.);
#206=EDGE_LOOP('',(#870,#871,#872,#873));
#207=EDGE_LOOP('',(#874,#875,#876,#877,#878));
#208=EDGE_LOOP('',(#879,#880,#881,#882));
#209=EDGE_LOOP('',(#883,#884,#885,#886,#887,#888));
#210=EDGE_LOOP('',(#889));
#211=EDGE_LOOP('',(#890,#891,#892,#893));
#212=EDGE_LOOP('',(#894,#895,#896,#897,#898));
#213=EDGE_LOOP('',(#899,#900,#901,#902));
#214=EDGE_LOOP('',(#903,#904,#905,#906,#907,#908));
#215=EDGE_LOOP('',(#909));
#216=EDGE_LOOP('',(#910,#911,#912,#913));
#217=EDGE_LOOP('',(#914,#915,#916,#917,#918,#919,#920,#921,#922,#923,#924,
#925,#926,#927,#928,#929,#930,#931,#932));
#218=EDGE_LOOP('',(#933));
#219=EDGE_LOOP('',(#934));
#220=EDGE_LOOP('',(#935));
#221=EDGE_LOOP('',(#936));
#222=EDGE_LOOP('',(#937,#938,#939,#940));
#223=EDGE_LOOP('',(#941,#942,#943,#944));
#224=EDGE_LOOP('',(#945,#946,#947,#948,#949));
#225=EDGE_LOOP('',(#950,#951,#952,#953));
#226=EDGE_LOOP('',(#954,#955,#956,#957,#958,#959,#960,#961,#962,#963,#964,
#965,#966,#967,#968,#969,#970,#971,#972));
#227=EDGE_LOOP('',(#973,#974,#975,#976));
#228=EDGE_LOOP('',(#977));
#229=EDGE_LOOP('',(#978));
#230=EDGE_LOOP('',(#979));
#231=EDGE_LOOP('',(#980));
#232=EDGE_LOOP('',(#981,#982,#983,#984));
#233=EDGE_LOOP('',(#985,#986,#987,#988,#989));
#234=EDGE_LOOP('',(#990,#991,#992,#993,#994,#995));
#235=EDGE_LOOP('',(#996));
#236=EDGE_LOOP('',(#997,#998,#999,#1000));
#237=EDGE_LOOP('',(#1001,#1002,#1003,#1004,#1005));
#238=EDGE_LOOP('',(#1006,#1007,#1008,#1009));
#239=EDGE_LOOP('',(#1010,#1011,#1012,#1013));
#240=EDGE_LOOP('',(#1014,#1015,#1016,#1017,#1018));
#241=EDGE_LOOP('',(#1019,#1020,#1021,#1022));
#242=EDGE_LOOP('',(#1023,#1024,#1025,#1026,#1027,#1028));
#243=EDGE_LOOP('',(#1029));
#244=EDGE_LOOP('',(#1030,#1031,#1032,#1033));
#245=EDGE_LOOP('',(#1034,#1035,#1036,#1037,#1038,#1039));
#246=EDGE_LOOP('',(#1040));
#247=EDGE_LOOP('',(#1041,#1042,#1043,#1044));
#248=EDGE_LOOP('',(#1045,#1046,#1047,#1048,#1049));
#249=EDGE_LOOP('',(#1050,#1051,#1052,#1053,#1054,#1055));
#250=EDGE_LOOP('',(#1056));
#251=EDGE_LOOP('',(#1057,#1058,#1059,#1060,#1061,#1062));
#252=EDGE_LOOP('',(#1063));
#253=EDGE_LOOP('',(#1064,#1065,#1066,#1067));
#254=EDGE_LOOP('',(#1068,#1069,#1070,#1071));
#255=EDGE_LOOP('',(#1072,#1073,#1074,#1075));
#256=EDGE_LOOP('',(#1076,#1077,#1078,#1079,#1080,#1081));
#257=EDGE_LOOP('',(#1082));
#258=EDGE_LOOP('',(#1083,#1084,#1085,#1086));
#259=EDGE_LOOP('',(#1087,#1088,#1089,#1090));
#260=EDGE_LOOP('',(#1091,#1092,#1093,#1094));
#261=EDGE_LOOP('',(#1095,#1096,#1097,#1098));
#262=EDGE_LOOP('',(#1099,#1100,#1101,#1102));
#263=EDGE_LOOP('',(#1103,#1104,#1105,#1106));
#264=EDGE_LOOP('',(#1107,#1108,#1109,#1110));
#265=EDGE_LOOP('',(#1111,#1112,#1113,#1114));
#266=EDGE_LOOP('',(#1115,#1116,#1117,#1118));
#267=EDGE_LOOP('',(#1119,#1120,#1121,#1122));
#268=EDGE_LOOP('',(#1123,#1124,#1125,#1126));
#269=EDGE_LOOP('',(#1127,#1128,#1129,#1130));
#270=EDGE_LOOP('',(#1131,#1132,#1133,#1134));
#271=EDGE_LOOP('',(#1135,#1136,#1137,#1138));
#272=EDGE_LOOP('',(#1139,#1140,#1141,#1142));
#273=EDGE_LOOP('',(#1143,#1144,#1145,#1146));
#274=EDGE_LOOP('',(#1147,#1148,#1149,#1150));
#275=EDGE_LOOP('',(#1151,#1152,#1153,#1154));
#276=EDGE_LOOP('',(#1155,#1156,#1157,#1158));
#277=EDGE_LOOP('',(#1159,#1160,#1161,#1162));
#278=EDGE_LOOP('',(#1163,#1164,#1165,#1166));
#279=EDGE_LOOP('',(#1167,#1168,#1169,#1170));
#280=EDGE_LOOP('',(#1171,#1172,#1173,#1174));
#281=EDGE_LOOP('',(#1175,#1176,#1177,#1178));
#282=EDGE_LOOP('',(#1179,#1180,#1181,#1182));
#283=EDGE_LOOP('',(#1183,#1184,#1185,#1186));
#284=EDGE_LOOP('',(#1187,#1188,#1189,#1190));
#285=EDGE_LOOP('',(#1191,#1192,#1193,#1194));
#286=EDGE_LOOP('',(#1195,#1196,#1197,#1198));
#287=EDGE_LOOP('',(#1199,#1200,#1201,#1202));
#288=EDGE_LOOP('',(#1203,#1204,#1205,#1206));
#289=EDGE_LOOP('',(#1207,#1208,#1209,#1210));
#290=EDGE_LOOP('',(#1211,#1212,#1213,#1214));
#291=EDGE_LOOP('',(#1215,#1216,#1217,#1218));
#292=EDGE_LOOP('',(#1219,#1220,#1221,#1222));
#293=EDGE_LOOP('',(#1223,#1224,#1225,#1226));
#294=EDGE_LOOP('',(#1227,#1228,#1229,#1230));
#295=EDGE_LOOP('',(#1231,#1232,#1233,#1234));
#296=EDGE_LOOP('',(#1235,#1236,#1237,#1238));
#297=EDGE_LOOP('',(#1239,#1240,#1241,#1242));
#298=EDGE_LOOP('',(#1243,#1244,#1245,#1246));
#299=EDGE_LOOP('',(#1247,#1248,#1249,#1250));
#300=EDGE_LOOP('',(#1251,#1252,#1253,#1254,#1255));
#301=LINE('',#1842,#430);
#302=LINE('',#1844,#431);
#303=LINE('',#1846,#432);
#304=LINE('',#1847,#433);
#305=LINE('',#1850,#434);
#306=LINE('',#1854,#435);
#307=LINE('',#1865,#436);
#308=LINE('',#1868,#437);
#309=LINE('',#1870,#438);
#310=LINE('',#1872,#439);
#311=LINE('',#1897,#440);
#312=LINE('',#1925,#441);
#313=LINE('',#1927,#442);
#314=LINE('',#1929,#443);
#315=LINE('',#1930,#444);
#316=LINE('',#1933,#445);
#317=LINE('',#1937,#446);
#318=LINE('',#1952,#447);
#319=LINE('',#1955,#448);
#320=LINE('',#1957,#449);
#321=LINE('',#1959,#450);
#322=LINE('',#1984,#451);
#323=LINE('',#2034,#452);
#324=LINE('',#2046,#453);
#325=LINE('',#2049,#454);
#326=LINE('',#2051,#455);
#327=LINE('',#2055,#456);
#328=LINE('',#2059,#457);
#329=LINE('',#2061,#458);
#330=LINE('',#2063,#459);
#331=LINE('',#2065,#460);
#332=LINE('',#2067,#461);
#333=LINE('',#2069,#462);
#334=LINE('',#2071,#463);
#335=LINE('',#2073,#464);
#336=LINE('',#2074,#465);
#337=LINE('',#2076,#466);
#338=LINE('',#2080,#467);
#339=LINE('',#2092,#468);
#340=LINE('',#2094,#469);
#341=LINE('',#2096,#470);
#342=LINE('',#2097,#471);
#343=LINE('',#2100,#472);
#344=LINE('',#2101,#473);
#345=LINE('',#2104,#474);
#346=LINE('',#2129,#475);
#347=LINE('',#2137,#476);
#348=LINE('',#2142,#477);
#349=LINE('',#2145,#478);
#350=LINE('',#2147,#479);
#351=LINE('',#2149,#480);
#352=LINE('',#2151,#481);
#353=LINE('',#2153,#482);
#354=LINE('',#2155,#483);
#355=LINE('',#2157,#484);
#356=LINE('',#2159,#485);
#357=LINE('',#2161,#486);
#358=LINE('',#2165,#487);
#359=LINE('',#2168,#488);
#360=LINE('',#2171,#489);
#361=LINE('',#2173,#490);
#362=LINE('',#2175,#491);
#363=LINE('',#2176,#492);
#364=LINE('',#2186,#493);
#365=LINE('',#2192,#494);
#366=LINE('',#2194,#495);
#367=LINE('',#2219,#496);
#368=LINE('',#2243,#497);
#369=LINE('',#2248,#498);
#370=LINE('',#2253,#499);
#371=LINE('',#2263,#500);
#372=LINE('',#2265,#501);
#373=LINE('',#2266,#502);
#374=LINE('',#2270,#503);
#375=LINE('',#2272,#504);
#376=LINE('',#2274,#505);
#377=LINE('',#2275,#506);
#378=LINE('',#2278,#507);
#379=LINE('',#2294,#508);
#380=LINE('',#2296,#509);
#381=LINE('',#2298,#510);
#382=LINE('',#2300,#511);
#383=LINE('',#2325,#512);
#384=LINE('',#2352,#513);
#385=LINE('',#2353,#514);
#386=LINE('',#2379,#515);
#387=LINE('',#2403,#516);
#388=LINE('',#2407,#517);
#389=LINE('',#2408,#518);
#390=LINE('',#2447,#519);
#391=LINE('',#2471,#520);
#392=LINE('',#2499,#521);
#393=LINE('',#2523,#522);
#394=LINE('',#2550,#523);
#395=LINE('',#2562,#524);
#396=LINE('',#2564,#525);
#397=LINE('',#2566,#526);
#398=LINE('',#2592,#527);
#399=LINE('',#2618,#528);
#400=LINE('',#2620,#529);
#401=LINE('',#2622,#530);
#402=LINE('',#2623,#531);
#403=LINE('',#2626,#532);
#404=LINE('',#2627,#533);
#405=LINE('',#2670,#534);
#406=LINE('',#2672,#535);
#407=LINE('',#2755,#536);
#408=LINE('',#2757,#537);
#409=LINE('',#2799,#538);
#410=LINE('',#2840,#539);
#411=LINE('',#2842,#540);
#412=LINE('',#2924,#541);
#413=LINE('',#2926,#542);
#414=LINE('',#2968,#543);
#415=LINE('',#2969,#544);
#416=LINE('',#2971,#545);
#417=LINE('',#2973,#546);
#418=LINE('',#2976,#547);
#419=LINE('',#2978,#548);
#420=LINE('',#2980,#549);
#421=LINE('',#2982,#550);
#422=LINE('',#2984,#551);
#423=LINE('',#3009,#552);
#424=LINE('',#3011,#553);
#425=LINE('',#3013,#554);
#426=LINE('',#3016,#555);
#427=LINE('',#3018,#556);
#428=LINE('',#3020,#557);
#429=LINE('',#3022,#558);
#430=VECTOR('',#1501,10.);
#431=VECTOR('',#1502,10.);
#432=VECTOR('',#1503,10.);
#433=VECTOR('',#1504,10.);
#434=VECTOR('',#1507,10.);
#435=VECTOR('',#1510,10.);
#436=VECTOR('',#1515,10.);
#437=VECTOR('',#1518,10.);
#438=VECTOR('',#1521,10.);
#439=VECTOR('',#1522,10.);
#440=VECTOR('',#1523,10.);
#441=VECTOR('',#1528,10.);
#442=VECTOR('',#1529,10.);
#443=VECTOR('',#1530,10.);
#444=VECTOR('',#1531,10.);
#445=VECTOR('',#1534,10.);
#446=VECTOR('',#1537,10.);
#447=VECTOR('',#1542,10.);
#448=VECTOR('',#1545,10.);
#449=VECTOR('',#1548,10.);
#450=VECTOR('',#1549,10.);
#451=VECTOR('',#1550,10.);
#452=VECTOR('',#1553,10.);
#453=VECTOR('',#1554,10.);
#454=VECTOR('',#1557,10.);
#455=VECTOR('',#1558,10.);
#456=VECTOR('',#1561,10.);
#457=VECTOR('',#1564,10.);
#458=VECTOR('',#1565,10.);
#459=VECTOR('',#1566,10.);
#460=VECTOR('',#1567,10.);
#461=VECTOR('',#1568,10.);
#462=VECTOR('',#1569,10.);
#463=VECTOR('',#1570,10.);
#464=VECTOR('',#1571,10.);
#465=VECTOR('',#1572,10.);
#466=VECTOR('',#1573,10.);
#467=VECTOR('',#1576,10.);
#468=VECTOR('',#1587,10.);
#469=VECTOR('',#1588,10.);
#470=VECTOR('',#1589,10.);
#471=VECTOR('',#1590,10.);
#472=VECTOR('',#1593,10.);
#473=VECTOR('',#1594,10.);
#474=VECTOR('',#1599,10.);
#475=VECTOR('',#1600,10.);
#476=VECTOR('',#1601,10.);
#477=VECTOR('',#1606,10.);
#478=VECTOR('',#1609,10.);
#479=VECTOR('',#1610,10.);
#480=VECTOR('',#1611,10.);
#481=VECTOR('',#1612,10.);
#482=VECTOR('',#1613,10.);
#483=VECTOR('',#1614,10.);
#484=VECTOR('',#1615,10.);
#485=VECTOR('',#1616,10.);
#486=VECTOR('',#1617,10.);
#487=VECTOR('',#1620,10.);
#488=VECTOR('',#1623,10.);
#489=VECTOR('',#1624,10.);
#490=VECTOR('',#1625,10.);
#491=VECTOR('',#1626,10.);
#492=VECTOR('',#1627,10.);
#493=VECTOR('',#1638,10.);
#494=VECTOR('',#1645,10.);
#495=VECTOR('',#1646,10.);
#496=VECTOR('',#1647,10.);
#497=VECTOR('',#1648,10.);
#498=VECTOR('',#1653,10.);
#499=VECTOR('',#1660,10.);
#500=VECTOR('',#1665,10.);
#501=VECTOR('',#1666,10.);
#502=VECTOR('',#1667,10.);
#503=VECTOR('',#1670,10.);
#504=VECTOR('',#1671,10.);
#505=VECTOR('',#1672,10.);
#506=VECTOR('',#1673,10.);
#507=VECTOR('',#1676,10.);
#508=VECTOR('',#1683,10.);
#509=VECTOR('',#1686,10.);
#510=VECTOR('',#1689,10.);
#511=VECTOR('',#1690,10.);
#512=VECTOR('',#1691,10.);
#513=VECTOR('',#1696,10.);
#514=VECTOR('',#1697,10.);
#515=VECTOR('',#1700,10.);
#516=VECTOR('',#1701,10.);
#517=VECTOR('',#1706,10.);
#518=VECTOR('',#1707,10.);
#519=VECTOR('',#1714,10.);
#520=VECTOR('',#1715,10.);
#521=VECTOR('',#1720,10.);
#522=VECTOR('',#1721,10.);
#523=VECTOR('',#1724,10.);
#524=VECTOR('',#1725,10.);
#525=VECTOR('',#1728,10.);
#526=VECTOR('',#1731,10.);
#527=VECTOR('',#1734,10.);
#528=VECTOR('',#1739,10.);
#529=VECTOR('',#1742,10.);
#530=VECTOR('',#1745,10.);
#531=VECTOR('',#1746,10.);
#532=VECTOR('',#1751,10.);
#533=VECTOR('',#1752,10.);
#534=VECTOR('',#1757,10.);
#535=VECTOR('',#1760,10.);
#536=VECTOR('',#1765,10.);
#537=VECTOR('',#1768,10.);
#538=VECTOR('',#1771,10.);
#539=VECTOR('',#1772,10.);
#540=VECTOR('',#1775,10.);
#541=VECTOR('',#1778,10.);
#542=VECTOR('',#1781,10.);
#543=VECTOR('',#1784,10.);
#544=VECTOR('',#1785,10.);
#545=VECTOR('',#1788,10.);
#546=VECTOR('',#1791,10.);
#547=VECTOR('',#1796,1.7);
#548=VECTOR('',#1799,1.7);
#549=VECTOR('',#1802,1.7);
#550=VECTOR('',#1805,1.7);
#551=VECTOR('',#1808,10.);
#552=VECTOR('',#1809,10.);
#553=VECTOR('',#1812,10.);
#554=VECTOR('',#1815,10.);
#555=VECTOR('',#1820,2.25);
#556=VECTOR('',#1823,2.25);
#557=VECTOR('',#1826,2.25);
#558=VECTOR('',#1829,2.25);
#559=VERTEX_POINT('',#1840);
#560=VERTEX_POINT('',#1841);
#561=VERTEX_POINT('',#1843);
#562=VERTEX_POINT('',#1845);
#563=VERTEX_POINT('',#1849);
#564=VERTEX_POINT('',#1851);
#565=VERTEX_POINT('',#1853);
#566=VERTEX_POINT('',#1855);
#567=VERTEX_POINT('',#1864);
#568=VERTEX_POINT('',#1866);
#569=VERTEX_POINT('',#1871);
#570=VERTEX_POINT('',#1873);
#571=VERTEX_POINT('',#1896);
#572=VERTEX_POINT('',#1920);
#573=VERTEX_POINT('',#1923);
#574=VERTEX_POINT('',#1924);
#575=VERTEX_POINT('',#1926);
#576=VERTEX_POINT('',#1928);
#577=VERTEX_POINT('',#1932);
#578=VERTEX_POINT('',#1934);
#579=VERTEX_POINT('',#1936);
#580=VERTEX_POINT('',#1938);
#581=VERTEX_POINT('',#1951);
#582=VERTEX_POINT('',#1953);
#583=VERTEX_POINT('',#1958);
#584=VERTEX_POINT('',#1960);
#585=VERTEX_POINT('',#1983);
#586=VERTEX_POINT('',#2007);
#587=VERTEX_POINT('',#2033);
#588=VERTEX_POINT('',#2035);
#589=VERTEX_POINT('',#2048);
#590=VERTEX_POINT('',#2050);
#591=VERTEX_POINT('',#2052);
#592=VERTEX_POINT('',#2054);
#593=VERTEX_POINT('',#2056);
#594=VERTEX_POINT('',#2058);
#595=VERTEX_POINT('',#2060);
#596=VERTEX_POINT('',#2062);
#597=VERTEX_POINT('',#2064);
#598=VERTEX_POINT('',#2066);
#599=VERTEX_POINT('',#2068);
#600=VERTEX_POINT('',#2070);
#601=VERTEX_POINT('',#2072);
#602=VERTEX_POINT('',#2075);
#603=VERTEX_POINT('',#2077);
#604=VERTEX_POINT('',#2079);
#605=VERTEX_POINT('',#2082);
#606=VERTEX_POINT('',#2084);
#607=VERTEX_POINT('',#2086);
#608=VERTEX_POINT('',#2088);
#609=VERTEX_POINT('',#2090);
#610=VERTEX_POINT('',#2091);
#611=VERTEX_POINT('',#2093);
#612=VERTEX_POINT('',#2095);
#613=VERTEX_POINT('',#2099);
#614=VERTEX_POINT('',#2130);
#615=VERTEX_POINT('',#2139);
#616=VERTEX_POINT('',#2141);
#617=VERTEX_POINT('',#2144);
#618=VERTEX_POINT('',#2146);
#619=VERTEX_POINT('',#2148);
#620=VERTEX_POINT('',#2150);
#621=VERTEX_POINT('',#2152);
#622=VERTEX_POINT('',#2154);
#623=VERTEX_POINT('',#2156);
#624=VERTEX_POINT('',#2158);
#625=VERTEX_POINT('',#2160);
#626=VERTEX_POINT('',#2162);
#627=VERTEX_POINT('',#2164);
#628=VERTEX_POINT('',#2166);
#629=VERTEX_POINT('',#2169);
#630=VERTEX_POINT('',#2170);
#631=VERTEX_POINT('',#2172);
#632=VERTEX_POINT('',#2174);
#633=VERTEX_POINT('',#2177);
#634=VERTEX_POINT('',#2179);
#635=VERTEX_POINT('',#2181);
#636=VERTEX_POINT('',#2183);
#637=VERTEX_POINT('',#2190);
#638=VERTEX_POINT('',#2191);
#639=VERTEX_POINT('',#2193);
#640=VERTEX_POINT('',#2195);
#641=VERTEX_POINT('',#2218);
#642=VERTEX_POINT('',#2220);
#643=VERTEX_POINT('',#2244);
#644=VERTEX_POINT('',#2247);
#645=VERTEX_POINT('',#2252);
#646=VERTEX_POINT('',#2254);
#647=VERTEX_POINT('',#2264);
#648=VERTEX_POINT('',#2268);
#649=VERTEX_POINT('',#2269);
#650=VERTEX_POINT('',#2271);
#651=VERTEX_POINT('',#2273);
#652=VERTEX_POINT('',#2277);
#653=VERTEX_POINT('',#2280);
#654=VERTEX_POINT('',#2293);
#655=VERTEX_POINT('',#2299);
#656=VERTEX_POINT('',#2301);
#657=VERTEX_POINT('',#2324);
#658=VERTEX_POINT('',#2348);
#659=VERTEX_POINT('',#2351);
#660=VERTEX_POINT('',#2355);
#661=VERTEX_POINT('',#2378);
#662=VERTEX_POINT('',#2380);
#663=VERTEX_POINT('',#2404);
#664=VERTEX_POINT('',#2410);
#665=VERTEX_POINT('',#2423);
#666=VERTEX_POINT('',#2446);
#667=VERTEX_POINT('',#2448);
#668=VERTEX_POINT('',#2472);
#669=VERTEX_POINT('',#2475);
#670=VERTEX_POINT('',#2498);
#671=VERTEX_POINT('',#2500);
#672=VERTEX_POINT('',#2524);
#673=VERTEX_POINT('',#2551);
#674=VERTEX_POINT('',#2568);
#675=VERTEX_POINT('',#2591);
#676=VERTEX_POINT('',#2615);
#677=EDGE_CURVE('',#559,#560,#301,.T.);
#678=EDGE_CURVE('',#560,#561,#302,.T.);
#679=EDGE_CURVE('',#562,#561,#303,.T.);
#680=EDGE_CURVE('',#562,#559,#304,.T.);
#681=EDGE_CURVE('',#563,#559,#305,.T.);
#682=EDGE_CURVE('',#564,#563,#69,.T.);
#683=EDGE_CURVE('',#564,#565,#306,.T.);
#684=EDGE_CURVE('',#565,#566,#45,.T.);
#685=EDGE_CURVE('',#559,#566,#70,.T.);
#686=EDGE_CURVE('',#567,#563,#307,.T.);
#687=EDGE_CURVE('',#568,#567,#71,.T.);
#688=EDGE_CURVE('',#568,#564,#308,.T.);
#689=EDGE_CURVE('',#560,#567,#309,.T.);
#690=EDGE_CURVE('',#567,#569,#310,.T.);
#691=EDGE_CURVE('',#570,#569,#46,.T.);
#692=EDGE_CURVE('',#571,#570,#311,.T.);
#693=EDGE_CURVE('',#561,#571,#47,.T.);
#694=EDGE_CURVE('',#572,#572,#72,.T.);
#695=EDGE_CURVE('',#573,#574,#312,.T.);
#696=EDGE_CURVE('',#575,#574,#313,.T.);
#697=EDGE_CURVE('',#576,#575,#314,.T.);
#698=EDGE_CURVE('',#576,#573,#315,.T.);
#699=EDGE_CURVE('',#577,#573,#316,.T.);
#700=EDGE_CURVE('',#578,#577,#73,.T.);
#701=EDGE_CURVE('',#578,#579,#317,.T.);
#702=EDGE_CURVE('',#579,#580,#48,.T.);
#703=EDGE_CURVE('',#573,#580,#74,.T.);
#704=EDGE_CURVE('',#581,#577,#318,.T.);
#705=EDGE_CURVE('',#581,#582,#75,.T.);
#706=EDGE_CURVE('',#582,#578,#319,.T.);
#707=EDGE_CURVE('',#574,#581,#320,.T.);
#708=EDGE_CURVE('',#583,#581,#321,.T.);
#709=EDGE_CURVE('',#584,#583,#49,.T.);
#710=EDGE_CURVE('',#584,#585,#322,.T.);
#711=EDGE_CURVE('',#575,#585,#50,.T.);
#712=EDGE_CURVE('',#586,#586,#76,.T.);
#713=EDGE_CURVE('',#565,#587,#323,.T.);
#714=EDGE_CURVE('',#588,#587,#51,.T.);
#715=EDGE_CURVE('',#566,#588,#324,.T.);
#716=EDGE_CURVE('',#589,#564,#325,.T.);
#717=EDGE_CURVE('',#590,#589,#326,.T.);
#718=EDGE_CURVE('',#590,#591,#77,.T.);
#719=EDGE_CURVE('',#591,#592,#327,.T.);
#720=EDGE_CURVE('',#592,#593,#78,.T.);
#721=EDGE_CURVE('',#594,#593,#328,.T.);
#722=EDGE_CURVE('',#595,#594,#329,.T.);
#723=EDGE_CURVE('',#595,#596,#330,.T.);
#724=EDGE_CURVE('',#597,#596,#331,.T.);
#725=EDGE_CURVE('',#597,#598,#332,.T.);
#726=EDGE_CURVE('',#599,#598,#333,.T.);
#727=EDGE_CURVE('',#599,#600,#334,.T.);
#728=EDGE_CURVE('',#601,#600,#335,.T.);
#729=EDGE_CURVE('',#582,#601,#336,.T.);
#730=EDGE_CURVE('',#602,#582,#337,.T.);
#731=EDGE_CURVE('',#602,#603,#79,.T.);
#732=EDGE_CURVE('',#603,#604,#338,.T.);
#733=EDGE_CURVE('',#604,#565,#80,.T.);
#734=EDGE_CURVE('',#605,#605,#81,.T.);
#735=EDGE_CURVE('',#606,#606,#82,.T.);
#736=EDGE_CURVE('',#607,#607,#83,.T.);
#737=EDGE_CURVE('',#608,#608,#84,.T.);
#738=EDGE_CURVE('',#609,#610,#339,.T.);
#739=EDGE_CURVE('',#610,#611,#340,.T.);
#740=EDGE_CURVE('',#611,#612,#341,.T.);
#741=EDGE_CURVE('',#612,#609,#342,.T.);
#742=EDGE_CURVE('',#613,#568,#343,.T.);
#743=EDGE_CURVE('',#589,#613,#344,.T.);
#744=EDGE_CURVE('',#588,#560,#85,.T.);
#745=EDGE_CURVE('',#587,#568,#345,.T.);
#746=EDGE_CURVE('',#579,#602,#346,.T.);
#747=EDGE_CURVE('',#614,#602,#52,.T.);
#748=EDGE_CURVE('',#580,#614,#347,.T.);
#749=EDGE_CURVE('',#587,#615,#86,.T.);
#750=EDGE_CURVE('',#615,#616,#348,.T.);
#751=EDGE_CURVE('',#616,#579,#87,.T.);
#752=EDGE_CURVE('',#617,#578,#349,.T.);
#753=EDGE_CURVE('',#618,#617,#350,.T.);
#754=EDGE_CURVE('',#618,#619,#351,.T.);
#755=EDGE_CURVE('',#620,#619,#352,.T.);
#756=EDGE_CURVE('',#620,#621,#353,.T.);
#757=EDGE_CURVE('',#622,#621,#354,.T.);
#758=EDGE_CURVE('',#622,#623,#355,.T.);
#759=EDGE_CURVE('',#624,#623,#356,.T.);
#760=EDGE_CURVE('',#625,#624,#357,.T.);
#761=EDGE_CURVE('',#625,#626,#88,.T.);
#762=EDGE_CURVE('',#626,#627,#358,.T.);
#763=EDGE_CURVE('',#627,#628,#89,.T.);
#764=EDGE_CURVE('',#613,#628,#359,.T.);
#765=EDGE_CURVE('',#629,#630,#360,.T.);
#766=EDGE_CURVE('',#630,#631,#361,.T.);
#767=EDGE_CURVE('',#631,#632,#362,.T.);
#768=EDGE_CURVE('',#632,#629,#363,.T.);
#769=EDGE_CURVE('',#633,#633,#90,.T.);
#770=EDGE_CURVE('',#634,#634,#91,.T.);
#771=EDGE_CURVE('',#635,#635,#92,.T.);
#772=EDGE_CURVE('',#636,#636,#93,.T.);
#773=EDGE_CURVE('',#617,#601,#364,.T.);
#774=EDGE_CURVE('',#574,#614,#94,.T.);
#775=EDGE_CURVE('',#637,#638,#365,.T.);
#776=EDGE_CURVE('',#639,#638,#366,.T.);
#777=EDGE_CURVE('',#640,#639,#53,.T.);
#778=EDGE_CURVE('',#641,#640,#367,.T.);
#779=EDGE_CURVE('',#642,#641,#54,.T.);
#780=EDGE_CURVE('',#642,#637,#368,.T.);
#781=EDGE_CURVE('',#643,#643,#95,.T.);
#782=EDGE_CURVE('',#644,#637,#369,.T.);
#783=EDGE_CURVE('',#644,#589,#96,.T.);
#784=EDGE_CURVE('',#637,#613,#97,.T.);
#785=EDGE_CURVE('',#645,#644,#370,.T.);
#786=EDGE_CURVE('',#645,#646,#98,.T.);
#787=EDGE_CURVE('',#646,#590,#55,.T.);
#788=EDGE_CURVE('',#638,#645,#371,.T.);
#789=EDGE_CURVE('',#647,#645,#372,.T.);
#790=EDGE_CURVE('',#639,#647,#373,.T.);
#791=EDGE_CURVE('',#648,#649,#374,.T.);
#792=EDGE_CURVE('',#649,#650,#375,.T.);
#793=EDGE_CURVE('',#651,#650,#376,.T.);
#794=EDGE_CURVE('',#651,#648,#377,.T.);
#795=EDGE_CURVE('',#652,#648,#378,.T.);
#796=EDGE_CURVE('',#594,#652,#99,.T.);
#797=EDGE_CURVE('',#593,#653,#56,.T.);
#798=EDGE_CURVE('',#648,#653,#100,.T.);
#799=EDGE_CURVE('',#654,#652,#379,.T.);
#800=EDGE_CURVE('',#654,#624,#101,.T.);
#801=EDGE_CURVE('',#594,#624,#380,.T.);
#802=EDGE_CURVE('',#649,#654,#381,.T.);
#803=EDGE_CURVE('',#655,#654,#382,.T.);
#804=EDGE_CURVE('',#656,#655,#57,.T.);
#805=EDGE_CURVE('',#657,#656,#383,.T.);
#806=EDGE_CURVE('',#650,#657,#58,.T.);
#807=EDGE_CURVE('',#658,#658,#102,.T.);
#808=EDGE_CURVE('',#659,#642,#384,.T.);
#809=EDGE_CURVE('',#659,#644,#385,.T.);
#810=EDGE_CURVE('',#660,#562,#59,.T.);
#811=EDGE_CURVE('',#661,#660,#386,.T.);
#812=EDGE_CURVE('',#662,#661,#60,.T.);
#813=EDGE_CURVE('',#563,#662,#387,.T.);
#814=EDGE_CURVE('',#663,#663,#103,.T.);
#815=EDGE_CURVE('',#628,#590,#388,.T.);
#816=EDGE_CURVE('',#591,#627,#389,.T.);
#817=EDGE_CURVE('',#628,#664,#61,.T.);
#818=EDGE_CURVE('',#638,#664,#104,.T.);
#819=EDGE_CURVE('',#665,#651,#62,.T.);
#820=EDGE_CURVE('',#666,#665,#390,.T.);
#821=EDGE_CURVE('',#667,#666,#63,.T.);
#822=EDGE_CURVE('',#652,#667,#391,.T.);
#823=EDGE_CURVE('',#668,#668,#105,.T.);
#824=EDGE_CURVE('',#669,#576,#64,.T.);
#825=EDGE_CURVE('',#670,#669,#392,.T.);
#826=EDGE_CURVE('',#671,#670,#65,.T.);
#827=EDGE_CURVE('',#577,#671,#393,.T.);
#828=EDGE_CURVE('',#672,#672,#106,.T.);
#829=EDGE_CURVE('',#593,#625,#394,.T.);
#830=EDGE_CURVE('',#673,#625,#66,.T.);
#831=EDGE_CURVE('',#653,#673,#395,.T.);
#832=EDGE_CURVE('',#623,#595,#396,.T.);
#833=EDGE_CURVE('',#655,#667,#397,.T.);
#834=EDGE_CURVE('',#674,#659,#67,.T.);
#835=EDGE_CURVE('',#674,#675,#398,.T.);
#836=EDGE_CURVE('',#647,#675,#68,.T.);
#837=EDGE_CURVE('',#676,#676,#107,.T.);
#838=EDGE_CURVE('',#600,#618,#399,.T.);
#839=EDGE_CURVE('',#583,#671,#400,.T.);
#840=EDGE_CURVE('',#596,#622,#401,.T.);
#841=EDGE_CURVE('',#621,#597,#402,.T.);
#842=EDGE_CURVE('',#598,#620,#403,.T.);
#843=EDGE_CURVE('',#619,#599,#404,.T.);
#844=EDGE_CURVE('',#666,#656,#405,.T.);
#845=EDGE_CURVE('',#657,#665,#406,.T.);
#846=EDGE_CURVE('',#673,#649,#108,.T.);
#847=EDGE_CURVE('',#675,#640,#407,.T.);
#848=EDGE_CURVE('',#641,#674,#408,.T.);
#849=EDGE_CURVE('',#569,#662,#409,.T.);
#850=EDGE_CURVE('',#661,#570,#410,.T.);
#851=EDGE_CURVE('',#571,#660,#411,.T.);
#852=EDGE_CURVE('',#585,#669,#412,.T.);
#853=EDGE_CURVE('',#670,#584,#413,.T.);
#854=EDGE_CURVE('',#610,#629,#414,.T.);
#855=EDGE_CURVE('',#609,#630,#415,.T.);
#856=EDGE_CURVE('',#612,#631,#416,.T.);
#857=EDGE_CURVE('',#611,#632,#417,.T.);
#858=EDGE_CURVE('',#608,#633,#418,.T.);
#859=EDGE_CURVE('',#607,#634,#419,.T.);
#860=EDGE_CURVE('',#606,#635,#420,.T.);
#861=EDGE_CURVE('',#605,#636,#421,.T.);
#862=EDGE_CURVE('',#615,#604,#422,.T.);
#863=EDGE_CURVE('',#664,#646,#423,.T.);
#864=EDGE_CURVE('',#603,#616,#424,.T.);
#865=EDGE_CURVE('',#626,#592,#425,.T.);
#866=EDGE_CURVE('',#676,#643,#426,.T.);
#867=EDGE_CURVE('',#586,#672,#427,.T.);
#868=EDGE_CURVE('',#663,#572,#428,.T.);
#869=EDGE_CURVE('',#668,#658,#429,.T.);
#870=ORIENTED_EDGE('',*,*,#677,.T.);
#871=ORIENTED_EDGE('',*,*,#678,.T.);
#872=ORIENTED_EDGE('',*,*,#679,.F.);
#873=ORIENTED_EDGE('',*,*,#680,.T.);
#874=ORIENTED_EDGE('',*,*,#681,.F.);
#875=ORIENTED_EDGE('',*,*,#682,.F.);
#876=ORIENTED_EDGE('',*,*,#683,.T.);
#877=ORIENTED_EDGE('',*,*,#684,.T.);
#878=ORIENTED_EDGE('',*,*,#685,.F.);
#879=ORIENTED_EDGE('',*,*,#686,.F.);
#880=ORIENTED_EDGE('',*,*,#687,.F.);
#881=ORIENTED_EDGE('',*,*,#688,.T.);
#882=ORIENTED_EDGE('',*,*,#682,.T.);
#883=ORIENTED_EDGE('',*,*,#689,.T.);
#884=ORIENTED_EDGE('',*,*,#690,.T.);
#885=ORIENTED_EDGE('',*,*,#691,.F.);
#886=ORIENTED_EDGE('',*,*,#692,.F.);
#887=ORIENTED_EDGE('',*,*,#693,.F.);
#888=ORIENTED_EDGE('',*,*,#678,.F.);
#889=ORIENTED_EDGE('',*,*,#694,.T.);
#890=ORIENTED_EDGE('',*,*,#695,.T.);
#891=ORIENTED_EDGE('',*,*,#696,.F.);
#892=ORIENTED_EDGE('',*,*,#697,.F.);
#893=ORIENTED_EDGE('',*,*,#698,.T.);
#894=ORIENTED_EDGE('',*,*,#699,.F.);
#895=ORIENTED_EDGE('',*,*,#700,.F.);
#896=ORIENTED_EDGE('',*,*,#701,.T.);
#897=ORIENTED_EDGE('',*,*,#702,.T.);
#898=ORIENTED_EDGE('',*,*,#703,.F.);
#899=ORIENTED_EDGE('',*,*,#704,.F.);
#900=ORIENTED_EDGE('',*,*,#705,.T.);
#901=ORIENTED_EDGE('',*,*,#706,.T.);
#902=ORIENTED_EDGE('',*,*,#700,.T.);
#903=ORIENTED_EDGE('',*,*,#707,.T.);
#904=ORIENTED_EDGE('',*,*,#708,.F.);
#905=ORIENTED_EDGE('',*,*,#709,.F.);
#906=ORIENTED_EDGE('',*,*,#710,.T.);
#907=ORIENTED_EDGE('',*,*,#711,.F.);
#908=ORIENTED_EDGE('',*,*,#696,.T.);
#909=ORIENTED_EDGE('',*,*,#712,.T.);
#910=ORIENTED_EDGE('',*,*,#713,.T.);
#911=ORIENTED_EDGE('',*,*,#714,.F.);
#912=ORIENTED_EDGE('',*,*,#715,.F.);
#913=ORIENTED_EDGE('',*,*,#684,.F.);
#914=ORIENTED_EDGE('',*,*,#683,.F.);
#915=ORIENTED_EDGE('',*,*,#716,.F.);
#916=ORIENTED_EDGE('',*,*,#717,.F.);
#917=ORIENTED_EDGE('',*,*,#718,.T.);
#918=ORIENTED_EDGE('',*,*,#719,.T.);
#919=ORIENTED_EDGE('',*,*,#720,.T.);
#920=ORIENTED_EDGE('',*,*,#721,.F.);
#921=ORIENTED_EDGE('',*,*,#722,.F.);
#922=ORIENTED_EDGE('',*,*,#723,.T.);
#923=ORIENTED_EDGE('',*,*,#724,.F.);
#924=ORIENTED_EDGE('',*,*,#725,.T.);
#925=ORIENTED_EDGE('',*,*,#726,.F.);
#926=ORIENTED_EDGE('',*,*,#727,.T.);
#927=ORIENTED_EDGE('',*,*,#728,.F.);
#928=ORIENTED_EDGE('',*,*,#729,.F.);
#929=ORIENTED_EDGE('',*,*,#730,.F.);
#930=ORIENTED_EDGE('',*,*,#731,.T.);
#931=ORIENTED_EDGE('',*,*,#732,.T.);
#932=ORIENTED_EDGE('',*,*,#733,.T.);
#933=ORIENTED_EDGE('',*,*,#734,.T.);
#934=ORIENTED_EDGE('',*,*,#735,.T.);
#935=ORIENTED_EDGE('',*,*,#736,.T.);
#936=ORIENTED_EDGE('',*,*,#737,.T.);
#937=ORIENTED_EDGE('',*,*,#738,.T.);
#938=ORIENTED_EDGE('',*,*,#739,.T.);
#939=ORIENTED_EDGE('',*,*,#740,.T.);
#940=ORIENTED_EDGE('',*,*,#741,.T.);
#941=ORIENTED_EDGE('',*,*,#688,.F.);
#942=ORIENTED_EDGE('',*,*,#742,.F.);
#943=ORIENTED_EDGE('',*,*,#743,.F.);
#944=ORIENTED_EDGE('',*,*,#716,.T.);
#945=ORIENTED_EDGE('',*,*,#689,.F.);
#946=ORIENTED_EDGE('',*,*,#744,.F.);
#947=ORIENTED_EDGE('',*,*,#714,.T.);
#948=ORIENTED_EDGE('',*,*,#745,.T.);
#949=ORIENTED_EDGE('',*,*,#687,.T.);
#950=ORIENTED_EDGE('',*,*,#746,.T.);
#951=ORIENTED_EDGE('',*,*,#747,.F.);
#952=ORIENTED_EDGE('',*,*,#748,.F.);
#953=ORIENTED_EDGE('',*,*,#702,.F.);
#954=ORIENTED_EDGE('',*,*,#745,.F.);
#955=ORIENTED_EDGE('',*,*,#749,.T.);
#956=ORIENTED_EDGE('',*,*,#750,.T.);
#957=ORIENTED_EDGE('',*,*,#751,.T.);
#958=ORIENTED_EDGE('',*,*,#701,.F.);
#959=ORIENTED_EDGE('',*,*,#752,.F.);
#960=ORIENTED_EDGE('',*,*,#753,.F.);
#961=ORIENTED_EDGE('',*,*,#754,.T.);
#962=ORIENTED_EDGE('',*,*,#755,.F.);
#963=ORIENTED_EDGE('',*,*,#756,.T.);
#964=ORIENTED_EDGE('',*,*,#757,.F.);
#965=ORIENTED_EDGE('',*,*,#758,.T.);
#966=ORIENTED_EDGE('',*,*,#759,.F.);
#967=ORIENTED_EDGE('',*,*,#760,.F.);
#968=ORIENTED_EDGE('',*,*,#761,.T.);
#969=ORIENTED_EDGE('',*,*,#762,.T.);
#970=ORIENTED_EDGE('',*,*,#763,.T.);
#971=ORIENTED_EDGE('',*,*,#764,.F.);
#972=ORIENTED_EDGE('',*,*,#742,.T.);
#973=ORIENTED_EDGE('',*,*,#765,.T.);
#974=ORIENTED_EDGE('',*,*,#766,.T.);
#975=ORIENTED_EDGE('',*,*,#767,.T.);
#976=ORIENTED_EDGE('',*,*,#768,.T.);
#977=ORIENTED_EDGE('',*,*,#769,.T.);
#978=ORIENTED_EDGE('',*,*,#770,.T.);
#979=ORIENTED_EDGE('',*,*,#771,.T.);
#980=ORIENTED_EDGE('',*,*,#772,.T.);
#981=ORIENTED_EDGE('',*,*,#706,.F.);
#982=ORIENTED_EDGE('',*,*,#729,.T.);
#983=ORIENTED_EDGE('',*,*,#773,.F.);
#984=ORIENTED_EDGE('',*,*,#752,.T.);
#985=ORIENTED_EDGE('',*,*,#707,.F.);
#986=ORIENTED_EDGE('',*,*,#774,.T.);
#987=ORIENTED_EDGE('',*,*,#747,.T.);
#988=ORIENTED_EDGE('',*,*,#730,.T.);
#989=ORIENTED_EDGE('',*,*,#705,.F.);
#990=ORIENTED_EDGE('',*,*,#775,.T.);
#991=ORIENTED_EDGE('',*,*,#776,.F.);
#992=ORIENTED_EDGE('',*,*,#777,.F.);
#993=ORIENTED_EDGE('',*,*,#778,.F.);
#994=ORIENTED_EDGE('',*,*,#779,.F.);
#995=ORIENTED_EDGE('',*,*,#780,.T.);
#996=ORIENTED_EDGE('',*,*,#781,.T.);
#997=ORIENTED_EDGE('',*,*,#782,.F.);
#998=ORIENTED_EDGE('',*,*,#783,.T.);
#999=ORIENTED_EDGE('',*,*,#743,.T.);
#1000=ORIENTED_EDGE('',*,*,#784,.F.);
#1001=ORIENTED_EDGE('',*,*,#785,.F.);
#1002=ORIENTED_EDGE('',*,*,#786,.T.);
#1003=ORIENTED_EDGE('',*,*,#787,.T.);
#1004=ORIENTED_EDGE('',*,*,#717,.T.);
#1005=ORIENTED_EDGE('',*,*,#783,.F.);
#1006=ORIENTED_EDGE('',*,*,#788,.T.);
#1007=ORIENTED_EDGE('',*,*,#789,.F.);
#1008=ORIENTED_EDGE('',*,*,#790,.F.);
#1009=ORIENTED_EDGE('',*,*,#776,.T.);
#1010=ORIENTED_EDGE('',*,*,#791,.T.);
#1011=ORIENTED_EDGE('',*,*,#792,.T.);
#1012=ORIENTED_EDGE('',*,*,#793,.F.);
#1013=ORIENTED_EDGE('',*,*,#794,.T.);
#1014=ORIENTED_EDGE('',*,*,#795,.F.);
#1015=ORIENTED_EDGE('',*,*,#796,.F.);
#1016=ORIENTED_EDGE('',*,*,#721,.T.);
#1017=ORIENTED_EDGE('',*,*,#797,.T.);
#1018=ORIENTED_EDGE('',*,*,#798,.F.);
#1019=ORIENTED_EDGE('',*,*,#799,.F.);
#1020=ORIENTED_EDGE('',*,*,#800,.T.);
#1021=ORIENTED_EDGE('',*,*,#801,.F.);
#1022=ORIENTED_EDGE('',*,*,#796,.T.);
#1023=ORIENTED_EDGE('',*,*,#802,.T.);
#1024=ORIENTED_EDGE('',*,*,#803,.F.);
#1025=ORIENTED_EDGE('',*,*,#804,.F.);
#1026=ORIENTED_EDGE('',*,*,#805,.F.);
#1027=ORIENTED_EDGE('',*,*,#806,.F.);
#1028=ORIENTED_EDGE('',*,*,#792,.F.);
#1029=ORIENTED_EDGE('',*,*,#807,.T.);
#1030=ORIENTED_EDGE('',*,*,#782,.T.);
#1031=ORIENTED_EDGE('',*,*,#780,.F.);
#1032=ORIENTED_EDGE('',*,*,#808,.F.);
#1033=ORIENTED_EDGE('',*,*,#809,.T.);
#1034=ORIENTED_EDGE('',*,*,#681,.T.);
#1035=ORIENTED_EDGE('',*,*,#680,.F.);
#1036=ORIENTED_EDGE('',*,*,#810,.F.);
#1037=ORIENTED_EDGE('',*,*,#811,.F.);
#1038=ORIENTED_EDGE('',*,*,#812,.F.);
#1039=ORIENTED_EDGE('',*,*,#813,.F.);
#1040=ORIENTED_EDGE('',*,*,#814,.T.);
#1041=ORIENTED_EDGE('',*,*,#815,.F.);
#1042=ORIENTED_EDGE('',*,*,#763,.F.);
#1043=ORIENTED_EDGE('',*,*,#816,.F.);
#1044=ORIENTED_EDGE('',*,*,#718,.F.);
#1045=ORIENTED_EDGE('',*,*,#775,.F.);
#1046=ORIENTED_EDGE('',*,*,#784,.T.);
#1047=ORIENTED_EDGE('',*,*,#764,.T.);
#1048=ORIENTED_EDGE('',*,*,#817,.T.);
#1049=ORIENTED_EDGE('',*,*,#818,.F.);
#1050=ORIENTED_EDGE('',*,*,#795,.T.);
#1051=ORIENTED_EDGE('',*,*,#794,.F.);
#1052=ORIENTED_EDGE('',*,*,#819,.F.);
#1053=ORIENTED_EDGE('',*,*,#820,.F.);
#1054=ORIENTED_EDGE('',*,*,#821,.F.);
#1055=ORIENTED_EDGE('',*,*,#822,.F.);
#1056=ORIENTED_EDGE('',*,*,#823,.T.);
#1057=ORIENTED_EDGE('',*,*,#699,.T.);
#1058=ORIENTED_EDGE('',*,*,#698,.F.);
#1059=ORIENTED_EDGE('',*,*,#824,.F.);
#1060=ORIENTED_EDGE('',*,*,#825,.F.);
#1061=ORIENTED_EDGE('',*,*,#826,.F.);
#1062=ORIENTED_EDGE('',*,*,#827,.F.);
#1063=ORIENTED_EDGE('',*,*,#828,.T.);
#1064=ORIENTED_EDGE('',*,*,#829,.T.);
#1065=ORIENTED_EDGE('',*,*,#830,.F.);
#1066=ORIENTED_EDGE('',*,*,#831,.F.);
#1067=ORIENTED_EDGE('',*,*,#797,.F.);
#1068=ORIENTED_EDGE('',*,*,#722,.T.);
#1069=ORIENTED_EDGE('',*,*,#801,.T.);
#1070=ORIENTED_EDGE('',*,*,#759,.T.);
#1071=ORIENTED_EDGE('',*,*,#832,.T.);
#1072=ORIENTED_EDGE('',*,*,#799,.T.);
#1073=ORIENTED_EDGE('',*,*,#822,.T.);
#1074=ORIENTED_EDGE('',*,*,#833,.F.);
#1075=ORIENTED_EDGE('',*,*,#803,.T.);
#1076=ORIENTED_EDGE('',*,*,#785,.T.);
#1077=ORIENTED_EDGE('',*,*,#809,.F.);
#1078=ORIENTED_EDGE('',*,*,#834,.F.);
#1079=ORIENTED_EDGE('',*,*,#835,.T.);
#1080=ORIENTED_EDGE('',*,*,#836,.F.);
#1081=ORIENTED_EDGE('',*,*,#789,.T.);
#1082=ORIENTED_EDGE('',*,*,#837,.T.);
#1083=ORIENTED_EDGE('',*,*,#753,.T.);
#1084=ORIENTED_EDGE('',*,*,#773,.T.);
#1085=ORIENTED_EDGE('',*,*,#728,.T.);
#1086=ORIENTED_EDGE('',*,*,#838,.T.);
#1087=ORIENTED_EDGE('',*,*,#704,.T.);
#1088=ORIENTED_EDGE('',*,*,#827,.T.);
#1089=ORIENTED_EDGE('',*,*,#839,.F.);
#1090=ORIENTED_EDGE('',*,*,#708,.T.);
#1091=ORIENTED_EDGE('',*,*,#724,.T.);
#1092=ORIENTED_EDGE('',*,*,#840,.T.);
#1093=ORIENTED_EDGE('',*,*,#757,.T.);
#1094=ORIENTED_EDGE('',*,*,#841,.T.);
#1095=ORIENTED_EDGE('',*,*,#832,.F.);
#1096=ORIENTED_EDGE('',*,*,#758,.F.);
#1097=ORIENTED_EDGE('',*,*,#840,.F.);
#1098=ORIENTED_EDGE('',*,*,#723,.F.);
#1099=ORIENTED_EDGE('',*,*,#726,.T.);
#1100=ORIENTED_EDGE('',*,*,#842,.T.);
#1101=ORIENTED_EDGE('',*,*,#755,.T.);
#1102=ORIENTED_EDGE('',*,*,#843,.T.);
#1103=ORIENTED_EDGE('',*,*,#841,.F.);
#1104=ORIENTED_EDGE('',*,*,#756,.F.);
#1105=ORIENTED_EDGE('',*,*,#842,.F.);
#1106=ORIENTED_EDGE('',*,*,#725,.F.);
#1107=ORIENTED_EDGE('',*,*,#838,.F.);
#1108=ORIENTED_EDGE('',*,*,#727,.F.);
#1109=ORIENTED_EDGE('',*,*,#843,.F.);
#1110=ORIENTED_EDGE('',*,*,#754,.F.);
#1111=ORIENTED_EDGE('',*,*,#804,.T.);
#1112=ORIENTED_EDGE('',*,*,#833,.T.);
#1113=ORIENTED_EDGE('',*,*,#821,.T.);
#1114=ORIENTED_EDGE('',*,*,#844,.T.);
#1115=ORIENTED_EDGE('',*,*,#844,.F.);
#1116=ORIENTED_EDGE('',*,*,#820,.T.);
#1117=ORIENTED_EDGE('',*,*,#845,.F.);
#1118=ORIENTED_EDGE('',*,*,#805,.T.);
#1119=ORIENTED_EDGE('',*,*,#806,.T.);
#1120=ORIENTED_EDGE('',*,*,#845,.T.);
#1121=ORIENTED_EDGE('',*,*,#819,.T.);
#1122=ORIENTED_EDGE('',*,*,#793,.T.);
#1123=ORIENTED_EDGE('',*,*,#791,.F.);
#1124=ORIENTED_EDGE('',*,*,#798,.T.);
#1125=ORIENTED_EDGE('',*,*,#831,.T.);
#1126=ORIENTED_EDGE('',*,*,#846,.T.);
#1127=ORIENTED_EDGE('',*,*,#777,.T.);
#1128=ORIENTED_EDGE('',*,*,#790,.T.);
#1129=ORIENTED_EDGE('',*,*,#836,.T.);
#1130=ORIENTED_EDGE('',*,*,#847,.T.);
#1131=ORIENTED_EDGE('',*,*,#847,.F.);
#1132=ORIENTED_EDGE('',*,*,#835,.F.);
#1133=ORIENTED_EDGE('',*,*,#848,.F.);
#1134=ORIENTED_EDGE('',*,*,#778,.T.);
#1135=ORIENTED_EDGE('',*,*,#779,.T.);
#1136=ORIENTED_EDGE('',*,*,#848,.T.);
#1137=ORIENTED_EDGE('',*,*,#834,.T.);
#1138=ORIENTED_EDGE('',*,*,#808,.T.);
#1139=ORIENTED_EDGE('',*,*,#686,.T.);
#1140=ORIENTED_EDGE('',*,*,#813,.T.);
#1141=ORIENTED_EDGE('',*,*,#849,.F.);
#1142=ORIENTED_EDGE('',*,*,#690,.F.);
#1143=ORIENTED_EDGE('',*,*,#691,.T.);
#1144=ORIENTED_EDGE('',*,*,#849,.T.);
#1145=ORIENTED_EDGE('',*,*,#812,.T.);
#1146=ORIENTED_EDGE('',*,*,#850,.T.);
#1147=ORIENTED_EDGE('',*,*,#850,.F.);
#1148=ORIENTED_EDGE('',*,*,#811,.T.);
#1149=ORIENTED_EDGE('',*,*,#851,.F.);
#1150=ORIENTED_EDGE('',*,*,#692,.T.);
#1151=ORIENTED_EDGE('',*,*,#693,.T.);
#1152=ORIENTED_EDGE('',*,*,#851,.T.);
#1153=ORIENTED_EDGE('',*,*,#810,.T.);
#1154=ORIENTED_EDGE('',*,*,#679,.T.);
#1155=ORIENTED_EDGE('',*,*,#677,.F.);
#1156=ORIENTED_EDGE('',*,*,#685,.T.);
#1157=ORIENTED_EDGE('',*,*,#715,.T.);
#1158=ORIENTED_EDGE('',*,*,#744,.T.);
#1159=ORIENTED_EDGE('',*,*,#824,.T.);
#1160=ORIENTED_EDGE('',*,*,#697,.T.);
#1161=ORIENTED_EDGE('',*,*,#711,.T.);
#1162=ORIENTED_EDGE('',*,*,#852,.T.);
#1163=ORIENTED_EDGE('',*,*,#852,.F.);
#1164=ORIENTED_EDGE('',*,*,#710,.F.);
#1165=ORIENTED_EDGE('',*,*,#853,.F.);
#1166=ORIENTED_EDGE('',*,*,#825,.T.);
#1167=ORIENTED_EDGE('',*,*,#826,.T.);
#1168=ORIENTED_EDGE('',*,*,#853,.T.);
#1169=ORIENTED_EDGE('',*,*,#709,.T.);
#1170=ORIENTED_EDGE('',*,*,#839,.T.);
#1171=ORIENTED_EDGE('',*,*,#765,.F.);
#1172=ORIENTED_EDGE('',*,*,#854,.F.);
#1173=ORIENTED_EDGE('',*,*,#738,.F.);
#1174=ORIENTED_EDGE('',*,*,#855,.T.);
#1175=ORIENTED_EDGE('',*,*,#766,.F.);
#1176=ORIENTED_EDGE('',*,*,#855,.F.);
#1177=ORIENTED_EDGE('',*,*,#741,.F.);
#1178=ORIENTED_EDGE('',*,*,#856,.T.);
#1179=ORIENTED_EDGE('',*,*,#767,.F.);
#1180=ORIENTED_EDGE('',*,*,#856,.F.);
#1181=ORIENTED_EDGE('',*,*,#740,.F.);
#1182=ORIENTED_EDGE('',*,*,#857,.T.);
#1183=ORIENTED_EDGE('',*,*,#768,.F.);
#1184=ORIENTED_EDGE('',*,*,#857,.F.);
#1185=ORIENTED_EDGE('',*,*,#739,.F.);
#1186=ORIENTED_EDGE('',*,*,#854,.T.);
#1187=ORIENTED_EDGE('',*,*,#737,.F.);
#1188=ORIENTED_EDGE('',*,*,#858,.T.);
#1189=ORIENTED_EDGE('',*,*,#769,.F.);
#1190=ORIENTED_EDGE('',*,*,#858,.F.);
#1191=ORIENTED_EDGE('',*,*,#736,.F.);
#1192=ORIENTED_EDGE('',*,*,#859,.T.);
#1193=ORIENTED_EDGE('',*,*,#770,.F.);
#1194=ORIENTED_EDGE('',*,*,#859,.F.);
#1195=ORIENTED_EDGE('',*,*,#735,.F.);
#1196=ORIENTED_EDGE('',*,*,#860,.T.);
#1197=ORIENTED_EDGE('',*,*,#771,.F.);
#1198=ORIENTED_EDGE('',*,*,#860,.F.);
#1199=ORIENTED_EDGE('',*,*,#734,.F.);
#1200=ORIENTED_EDGE('',*,*,#861,.T.);
#1201=ORIENTED_EDGE('',*,*,#772,.F.);
#1202=ORIENTED_EDGE('',*,*,#861,.F.);
#1203=ORIENTED_EDGE('',*,*,#713,.F.);
#1204=ORIENTED_EDGE('',*,*,#733,.F.);
#1205=ORIENTED_EDGE('',*,*,#862,.F.);
#1206=ORIENTED_EDGE('',*,*,#749,.F.);
#1207=ORIENTED_EDGE('',*,*,#815,.T.);
#1208=ORIENTED_EDGE('',*,*,#787,.F.);
#1209=ORIENTED_EDGE('',*,*,#863,.F.);
#1210=ORIENTED_EDGE('',*,*,#817,.F.);
#1211=ORIENTED_EDGE('',*,*,#746,.F.);
#1212=ORIENTED_EDGE('',*,*,#751,.F.);
#1213=ORIENTED_EDGE('',*,*,#864,.F.);
#1214=ORIENTED_EDGE('',*,*,#731,.F.);
#1215=ORIENTED_EDGE('',*,*,#829,.F.);
#1216=ORIENTED_EDGE('',*,*,#720,.F.);
#1217=ORIENTED_EDGE('',*,*,#865,.F.);
#1218=ORIENTED_EDGE('',*,*,#761,.F.);
#1219=ORIENTED_EDGE('',*,*,#816,.T.);
#1220=ORIENTED_EDGE('',*,*,#762,.F.);
#1221=ORIENTED_EDGE('',*,*,#865,.T.);
#1222=ORIENTED_EDGE('',*,*,#719,.F.);
#1223=ORIENTED_EDGE('',*,*,#837,.F.);
#1224=ORIENTED_EDGE('',*,*,#866,.T.);
#1225=ORIENTED_EDGE('',*,*,#781,.F.);
#1226=ORIENTED_EDGE('',*,*,#866,.F.);
#1227=ORIENTED_EDGE('',*,*,#712,.F.);
#1228=ORIENTED_EDGE('',*,*,#867,.T.);
#1229=ORIENTED_EDGE('',*,*,#828,.F.);
#1230=ORIENTED_EDGE('',*,*,#867,.F.);
#1231=ORIENTED_EDGE('',*,*,#814,.F.);
#1232=ORIENTED_EDGE('',*,*,#868,.T.);
#1233=ORIENTED_EDGE('',*,*,#694,.F.);
#1234=ORIENTED_EDGE('',*,*,#868,.F.);
#1235=ORIENTED_EDGE('',*,*,#823,.F.);
#1236=ORIENTED_EDGE('',*,*,#869,.T.);
#1237=ORIENTED_EDGE('',*,*,#807,.F.);
#1238=ORIENTED_EDGE('',*,*,#869,.F.);
#1239=ORIENTED_EDGE('',*,*,#788,.F.);
#1240=ORIENTED_EDGE('',*,*,#818,.T.);
#1241=ORIENTED_EDGE('',*,*,#863,.T.);
#1242=ORIENTED_EDGE('',*,*,#786,.F.);
#1243=ORIENTED_EDGE('',*,*,#695,.F.);
#1244=ORIENTED_EDGE('',*,*,#703,.T.);
#1245=ORIENTED_EDGE('',*,*,#748,.T.);
#1246=ORIENTED_EDGE('',*,*,#774,.F.);
#1247=ORIENTED_EDGE('',*,*,#862,.T.);
#1248=ORIENTED_EDGE('',*,*,#732,.F.);
#1249=ORIENTED_EDGE('',*,*,#864,.T.);
#1250=ORIENTED_EDGE('',*,*,#750,.F.);
#1251=ORIENTED_EDGE('',*,*,#802,.F.);
#1252=ORIENTED_EDGE('',*,*,#846,.F.);
#1253=ORIENTED_EDGE('',*,*,#830,.T.);
#1254=ORIENTED_EDGE('',*,*,#760,.T.);
#1255=ORIENTED_EDGE('',*,*,#800,.F.);
#1256=PLANE('',#1392);
#1257=PLANE('',#1396);
#1258=PLANE('',#1398);
#1259=PLANE('',#1400);
#1260=PLANE('',#1404);
#1261=PLANE('',#1406);
#1262=PLANE('',#1408);
#1263=PLANE('',#1417);
#1264=PLANE('',#1420);
#1265=PLANE('',#1429);
#1266=PLANE('',#1432);
#1267=PLANE('',#1434);
#1268=PLANE('',#1439);
#1269=PLANE('',#1440);
#1270=PLANE('',#1444);
#1271=PLANE('',#1446);
#1272=PLANE('',#1448);
#1273=PLANE('',#1449);
#1274=PLANE('',#1454);
#1275=PLANE('',#1456);
#1276=PLANE('',#1458);
#1277=PLANE('',#1459);
#1278=PLANE('',#1460);
#1279=PLANE('',#1462);
#1280=PLANE('',#1463);
#1281=PLANE('',#1464);
#1282=PLANE('',#1465);
#1283=PLANE('',#1466);
#1284=PLANE('',#1467);
#1285=PLANE('',#1468);
#1286=PLANE('',#1469);
#1287=PLANE('',#1470);
#1288=PLANE('',#1472);
#1289=PLANE('',#1473);
#1290=PLANE('',#1474);
#1291=PLANE('',#1475);
#1292=PLANE('',#1476);
#1293=PLANE('',#1477);
#1294=PLANE('',#1478);
#1295=PLANE('',#1479);
#1296=PLANE('',#1480);
#1297=PLANE('',#1488);
#1298=PLANE('',#1493);
#1299=PLANE('',#1494);
#1300=PLANE('',#1495);
#1301=ADVANCED_FACE('',(#129),#1256,.T.);
#1302=ADVANCED_FACE('',(#130),#109,.T.);
#1303=ADVANCED_FACE('',(#131),#1257,.T.);
#1304=ADVANCED_FACE('',(#132,#27),#1258,.F.);
#1305=ADVANCED_FACE('',(#133),#1259,.T.);
#1306=ADVANCED_FACE('',(#134),#110,.F.);
#1307=ADVANCED_FACE('',(#135),#1260,.T.);
#1308=ADVANCED_FACE('',(#136,#28),#1261,.T.);
#1309=ADVANCED_FACE('',(#137),#15,.T.);
#1310=ADVANCED_FACE('',(#138,#29,#30,#31,#32,#33),#1262,.T.);
#1311=ADVANCED_FACE('',(#139),#1263,.T.);
#1312=ADVANCED_FACE('',(#140),#111,.F.);
#1313=ADVANCED_FACE('',(#141),#16,.T.);
#1314=ADVANCED_FACE('',(#142,#34,#35,#36,#37,#38),#1264,.F.);
#1315=ADVANCED_FACE('',(#143),#1265,.T.);
#1316=ADVANCED_FACE('',(#144),#112,.T.);
#1317=ADVANCED_FACE('',(#145,#39),#1266,.F.);
#1318=ADVANCED_FACE('',(#146),#1267,.T.);
#1319=ADVANCED_FACE('',(#147),#113,.T.);
#1320=ADVANCED_FACE('',(#148),#1268,.T.);
#1321=ADVANCED_FACE('',(#149),#1269,.T.);
#1322=ADVANCED_FACE('',(#150),#114,.T.);
#1323=ADVANCED_FACE('',(#151),#1270,.T.);
#1324=ADVANCED_FACE('',(#152,#40),#1271,.F.);
#1325=ADVANCED_FACE('',(#153),#1272,.T.);
#1326=ADVANCED_FACE('',(#154,#41),#1273,.T.);
#1327=ADVANCED_FACE('',(#155),#115,.F.);
#1328=ADVANCED_FACE('',(#156),#116,.F.);
#1329=ADVANCED_FACE('',(#157,#42),#1274,.T.);
#1330=ADVANCED_FACE('',(#158,#43),#1275,.F.);
#1331=ADVANCED_FACE('',(#159),#17,.T.);
#1332=ADVANCED_FACE('',(#160),#1276,.T.);
#1333=ADVANCED_FACE('',(#161),#1277,.T.);
#1334=ADVANCED_FACE('',(#162,#44),#1278,.T.);
#1335=ADVANCED_FACE('',(#163),#1279,.T.);
#1336=ADVANCED_FACE('',(#164),#1280,.T.);
#1337=ADVANCED_FACE('',(#165),#1281,.T.);
#1338=ADVANCED_FACE('',(#166),#1282,.F.);
#1339=ADVANCED_FACE('',(#167),#1283,.T.);
#1340=ADVANCED_FACE('',(#168),#1284,.F.);
#1341=ADVANCED_FACE('',(#169),#1285,.F.);
#1342=ADVANCED_FACE('',(#170),#18,.F.);
#1343=ADVANCED_FACE('',(#171),#1286,.T.);
#1344=ADVANCED_FACE('',(#172),#19,.F.);
#1345=ADVANCED_FACE('',(#173),#1287,.T.);
#1346=ADVANCED_FACE('',(#174),#20,.F.);
#1347=ADVANCED_FACE('',(#175),#1288,.T.);
#1348=ADVANCED_FACE('',(#176),#21,.F.);
#1349=ADVANCED_FACE('',(#177),#1289,.T.);
#1350=ADVANCED_FACE('',(#178),#22,.F.);
#1351=ADVANCED_FACE('',(#179),#1290,.T.);
#1352=ADVANCED_FACE('',(#180),#23,.F.);
#1353=ADVANCED_FACE('',(#181),#1291,.T.);
#1354=ADVANCED_FACE('',(#182),#24,.F.);
#1355=ADVANCED_FACE('',(#183),#1292,.T.);
#1356=ADVANCED_FACE('',(#184),#25,.F.);
#1357=ADVANCED_FACE('',(#185),#1293,.F.);
#1358=ADVANCED_FACE('',(#186),#1294,.F.);
#1359=ADVANCED_FACE('',(#187),#1295,.F.);
#1360=ADVANCED_FACE('',(#188),#1296,.F.);
#1361=ADVANCED_FACE('',(#189),#117,.F.);
#1362=ADVANCED_FACE('',(#190),#118,.F.);
#1363=ADVANCED_FACE('',(#191),#119,.F.);
#1364=ADVANCED_FACE('',(#192),#120,.F.);
#1365=ADVANCED_FACE('',(#193),#121,.F.);
#1366=ADVANCED_FACE('',(#194),#26,.T.);
#1367=ADVANCED_FACE('',(#195),#122,.F.);
#1368=ADVANCED_FACE('',(#196),#123,.F.);
#1369=ADVANCED_FACE('',(#197),#1297,.T.);
#1370=ADVANCED_FACE('',(#198),#124,.F.);
#1371=ADVANCED_FACE('',(#199),#125,.F.);
#1372=ADVANCED_FACE('',(#200),#126,.F.);
#1373=ADVANCED_FACE('',(#201),#127,.F.);
#1374=ADVANCED_FACE('',(#202),#1298,.T.);
#1375=ADVANCED_FACE('',(#203),#1299,.T.);
#1376=ADVANCED_FACE('',(#204),#1300,.T.);
#1377=ADVANCED_FACE('',(#205),#128,.F.);
#1378=CLOSED_SHELL('',(#1301,#1302,#1303,#1304,#1305,#1306,#1307,#1308,
#1309,#1310,#1311,#1312,#1313,#1314,#1315,#1316,#1317,#1318,#1319,#1320,
#1321,#1322,#1323,#1324,#1325,#1326,#1327,#1328,#1329,#1330,#1331,#1332,
#1333,#1334,#1335,#1336,#1337,#1338,#1339,#1340,#1341,#1342,#1343,#1344,
#1345,#1346,#1347,#1348,#1349,#1350,#1351,#1352,#1353,#1354,#1355,#1356,
#1357,#1358,#1359,#1360,#1361,#1362,#1363,#1364,#1365,#1366,#1367,#1368,
#1369,#1370,#1371,#1372,#1373,#1374,#1375,#1376,#1377));
#1379=DERIVED_UNIT_ELEMENT(#1381,1.);
#1380=DERIVED_UNIT_ELEMENT(#3032,-3.);
#1381=(
MASS_UNIT()
NAMED_UNIT(*)
SI_UNIT(.KILO.,.GRAM.)
);
#1382=DERIVED_UNIT((#1379,#1380));
#1383=MEASURE_REPRESENTATION_ITEM('density measure',
POSITIVE_RATIO_MEASURE(7850.),#1382);
#1384=PROPERTY_DEFINITION_REPRESENTATION(#1389,#1386);
#1385=PROPERTY_DEFINITION_REPRESENTATION(#1390,#1387);
#1386=REPRESENTATION('material name',(#1388),#3029);
#1387=REPRESENTATION('density',(#1383),#3029);
#1388=DESCRIPTIVE_REPRESENTATION_ITEM('Steel','Steel');
#1389=PROPERTY_DEFINITION('material property','material name',#3039);
#1390=PROPERTY_DEFINITION('material property','density of part',#3039);
#1391=AXIS2_PLACEMENT_3D('',#1838,#1497,#1498);
#1392=AXIS2_PLACEMENT_3D('',#1839,#1499,#1500);
#1393=AXIS2_PLACEMENT_3D('',#1848,#1505,#1506);
#1394=AXIS2_PLACEMENT_3D('',#1852,#1508,#1509);
#1395=AXIS2_PLACEMENT_3D('',#1862,#1511,#1512);
#1396=AXIS2_PLACEMENT_3D('',#1863,#1513,#1514);
#1397=AXIS2_PLACEMENT_3D('',#1867,#1516,#1517);
#1398=AXIS2_PLACEMENT_3D('',#1869,#1519,#1520);
#1399=AXIS2_PLACEMENT_3D('',#1921,#1524,#1525);
#1400=AXIS2_PLACEMENT_3D('',#1922,#1526,#1527);
#1401=AXIS2_PLACEMENT_3D('',#1931,#1532,#1533);
#1402=AXIS2_PLACEMENT_3D('',#1935,#1535,#1536);
#1403=AXIS2_PLACEMENT_3D('',#1949,#1538,#1539);
#1404=AXIS2_PLACEMENT_3D('',#1950,#1540,#1541);
#1405=AXIS2_PLACEMENT_3D('',#1954,#1543,#1544);
#1406=AXIS2_PLACEMENT_3D('',#1956,#1546,#1547);
#1407=AXIS2_PLACEMENT_3D('',#2008,#1551,#1552);
#1408=AXIS2_PLACEMENT_3D('',#2047,#1555,#1556);
#1409=AXIS2_PLACEMENT_3D('',#2053,#1559,#1560);
#1410=AXIS2_PLACEMENT_3D('',#2057,#1562,#1563);
#1411=AXIS2_PLACEMENT_3D('',#2078,#1574,#1575);
#1412=AXIS2_PLACEMENT_3D('',#2081,#1577,#1578);
#1413=AXIS2_PLACEMENT_3D('',#2083,#1579,#1580);
#1414=AXIS2_PLACEMENT_3D('',#2085,#1581,#1582);
#1415=AXIS2_PLACEMENT_3D('',#2087,#1583,#1584);
#1416=AXIS2_PLACEMENT_3D('',#2089,#1585,#1586);
#1417=AXIS2_PLACEMENT_3D('',#2098,#1591,#1592);
#1418=AXIS2_PLACEMENT_3D('',#2102,#1595,#1596);
#1419=AXIS2_PLACEMENT_3D('',#2103,#1597,#1598);
#1420=AXIS2_PLACEMENT_3D('',#2138,#1602,#1603);
#1421=AXIS2_PLACEMENT_3D('',#2140,#1604,#1605);
#1422=AXIS2_PLACEMENT_3D('',#2143,#1607,#1608);
#1423=AXIS2_PLACEMENT_3D('',#2163,#1618,#1619);
#1424=AXIS2_PLACEMENT_3D('',#2167,#1621,#1622);
#1425=AXIS2_PLACEMENT_3D('',#2178,#1628,#1629);
#1426=AXIS2_PLACEMENT_3D('',#2180,#1630,#1631);
#1427=AXIS2_PLACEMENT_3D('',#2182,#1632,#1633);
#1428=AXIS2_PLACEMENT_3D('',#2184,#1634,#1635);
#1429=AXIS2_PLACEMENT_3D('',#2185,#1636,#1637);
#1430=AXIS2_PLACEMENT_3D('',#2187,#1639,#1640);
#1431=AXIS2_PLACEMENT_3D('',#2188,#1641,#1642);
#1432=AXIS2_PLACEMENT_3D('',#2189,#1643,#1644);
#1433=AXIS2_PLACEMENT_3D('',#2245,#1649,#1650);
#1434=AXIS2_PLACEMENT_3D('',#2246,#1651,#1652);
#1435=AXIS2_PLACEMENT_3D('',#2249,#1654,#1655);
#1436=AXIS2_PLACEMENT_3D('',#2250,#1656,#1657);
#1437=AXIS2_PLACEMENT_3D('',#2251,#1658,#1659);
#1438=AXIS2_PLACEMENT_3D('',#2255,#1661,#1662);
#1439=AXIS2_PLACEMENT_3D('',#2262,#1663,#1664);
#1440=AXIS2_PLACEMENT_3D('',#2267,#1668,#1669);
#1441=AXIS2_PLACEMENT_3D('',#2276,#1674,#1675);
#1442=AXIS2_PLACEMENT_3D('',#2279,#1677,#1678);
#1443=AXIS2_PLACEMENT_3D('',#2291,#1679,#1680);
#1444=AXIS2_PLACEMENT_3D('',#2292,#1681,#1682);
#1445=AXIS2_PLACEMENT_3D('',#2295,#1684,#1685);
#1446=AXIS2_PLACEMENT_3D('',#2297,#1687,#1688);
#1447=AXIS2_PLACEMENT_3D('',#2349,#1692,#1693);
#1448=AXIS2_PLACEMENT_3D('',#2350,#1694,#1695);
#1449=AXIS2_PLACEMENT_3D('',#2354,#1698,#1699);
#1450=AXIS2_PLACEMENT_3D('',#2405,#1702,#1703);
#1451=AXIS2_PLACEMENT_3D('',#2406,#1704,#1705);
#1452=AXIS2_PLACEMENT_3D('',#2409,#1708,#1709);
#1453=AXIS2_PLACEMENT_3D('',#2421,#1710,#1711);
#1454=AXIS2_PLACEMENT_3D('',#2422,#1712,#1713);
#1455=AXIS2_PLACEMENT_3D('',#2473,#1716,#1717);
#1456=AXIS2_PLACEMENT_3D('',#2474,#1718,#1719);
#1457=AXIS2_PLACEMENT_3D('',#2525,#1722,#1723);
#1458=AXIS2_PLACEMENT_3D('',#2563,#1726,#1727);
#1459=AXIS2_PLACEMENT_3D('',#2565,#1729,#1730);
#1460=AXIS2_PLACEMENT_3D('',#2567,#1732,#1733);
#1461=AXIS2_PLACEMENT_3D('',#2616,#1735,#1736);
#1462=AXIS2_PLACEMENT_3D('',#2617,#1737,#1738);
#1463=AXIS2_PLACEMENT_3D('',#2619,#1740,#1741);
#1464=AXIS2_PLACEMENT_3D('',#2621,#1743,#1744);
#1465=AXIS2_PLACEMENT_3D('',#2624,#1747,#1748);
#1466=AXIS2_PLACEMENT_3D('',#2625,#1749,#1750);
#1467=AXIS2_PLACEMENT_3D('',#2628,#1753,#1754);
#1468=AXIS2_PLACEMENT_3D('',#2629,#1755,#1756);
#1469=AXIS2_PLACEMENT_3D('',#2671,#1758,#1759);
#1470=AXIS2_PLACEMENT_3D('',#2713,#1761,#1762);
#1471=AXIS2_PLACEMENT_3D('',#2714,#1763,#1764);
#1472=AXIS2_PLACEMENT_3D('',#2756,#1766,#1767);
#1473=AXIS2_PLACEMENT_3D('',#2798,#1769,#1770);
#1474=AXIS2_PLACEMENT_3D('',#2841,#1773,#1774);
#1475=AXIS2_PLACEMENT_3D('',#2883,#1776,#1777);
#1476=AXIS2_PLACEMENT_3D('',#2925,#1779,#1780);
#1477=AXIS2_PLACEMENT_3D('',#2967,#1782,#1783);
#1478=AXIS2_PLACEMENT_3D('',#2970,#1786,#1787);
#1479=AXIS2_PLACEMENT_3D('',#2972,#1789,#1790);
#1480=AXIS2_PLACEMENT_3D('',#2974,#1792,#1793);
#1481=AXIS2_PLACEMENT_3D('',#2975,#1794,#1795);
#1482=AXIS2_PLACEMENT_3D('',#2977,#1797,#1798);
#1483=AXIS2_PLACEMENT_3D('',#2979,#1800,#1801);
#1484=AXIS2_PLACEMENT_3D('',#2981,#1803,#1804);
#1485=AXIS2_PLACEMENT_3D('',#2983,#1806,#1807);
#1486=AXIS2_PLACEMENT_3D('',#3010,#1810,#1811);
#1487=AXIS2_PLACEMENT_3D('',#3012,#1813,#1814);
#1488=AXIS2_PLACEMENT_3D('',#3014,#1816,#1817);
#1489=AXIS2_PLACEMENT_3D('',#3015,#1818,#1819);
#1490=AXIS2_PLACEMENT_3D('',#3017,#1821,#1822);
#1491=AXIS2_PLACEMENT_3D('',#3019,#1824,#1825);
#1492=AXIS2_PLACEMENT_3D('',#3021,#1827,#1828);
#1493=AXIS2_PLACEMENT_3D('',#3023,#1830,#1831);
#1494=AXIS2_PLACEMENT_3D('',#3024,#1832,#1833);
#1495=AXIS2_PLACEMENT_3D('',#3025,#1834,#1835);
#1496=AXIS2_PLACEMENT_3D('',#3026,#1836,#1837);
#1497=DIRECTION('axis',(0.,0.,1.));
#1498=DIRECTION('refdir',(1.,0.,0.));
#1499=DIRECTION('center_axis',(-6.55043604467923E-19,6.55043604467923E-19,
-1.));
#1500=DIRECTION('ref_axis',(6.12323399573677E-17,1.,6.55043604467923E-19));
#1501=DIRECTION('',(1.,-6.12323399573677E-17,-6.55043604467923E-19));
#1502=DIRECTION('',(-6.12323399573677E-17,-1.,-6.55043604467923E-19));
#1503=DIRECTION('',(1.,-6.12323399573677E-17,-6.55043604467923E-19));
#1504=DIRECTION('',(6.12323399573677E-17,1.,6.55043604467923E-19));
#1505=DIRECTION('center_axis',(6.55043604467923E-19,0.,1.));
#1506=DIRECTION('ref_axis',(0.,1.,0.));
#1507=DIRECTION('',(-6.55043604467923E-19,-1.8633267715353E-19,-1.));
#1508=DIRECTION('center_axis',(6.55043604467923E-19,0.,1.));
#1509=DIRECTION('ref_axis',(-3.69241073794767E-17,1.,0.));
#1510=DIRECTION('',(-6.55043604467923E-19,0.,-1.));
#1511=DIRECTION('center_axis',(-6.55043604467923E-19,0.,-1.));
#1512=DIRECTION('ref_axis',(-1.,1.63910879619856E-15,0.));
#1513=DIRECTION('center_axis',(6.55043604467923E-19,0.,1.));
#1514=DIRECTION('ref_axis',(1.,0.,-6.55043604467923E-19));
#1515=DIRECTION('',(-1.,6.12323399573677E-17,6.55043604467923E-19));
#1516=DIRECTION('center_axis',(6.55043604467923E-19,0.,1.));
#1517=DIRECTION('ref_axis',(-7.38482147589534E-17,1.,0.));
#1518=DIRECTION('',(0.,1.,0.));
#1519=DIRECTION('center_axis',(-1.,6.12323399573677E-17,6.55043604467923E-19));
#1520=DIRECTION('ref_axis',(6.12323399573677E-17,1.,6.55043604467923E-19));
#1521=DIRECTION('',(6.55043604467923E-19,1.8633267715353E-19,1.));
#1522=DIRECTION('',(-6.12323399573677E-17,-1.,-6.55043604467923E-19));
#1523=DIRECTION('',(6.55043604467923E-19,-6.55043604467923E-19,1.));
#1524=DIRECTION('center_axis',(-1.,6.12323399573677E-17,6.55043604467923E-19));
#1525=DIRECTION('ref_axis',(6.55043604467923E-19,-6.55043604467923E-19,
1.));
#1526=DIRECTION('center_axis',(6.55043604467923E-19,-6.55043604467923E-19,
1.));
#1527=DIRECTION('ref_axis',(-6.12323399573677E-17,-1.,-6.55043604467923E-19));
#1528=DIRECTION('',(-1.,6.12323399573677E-17,6.55043604467923E-19));
#1529=DIRECTION('',(6.12323399573677E-17,1.,6.55043604467923E-19));
#1530=DIRECTION('',(-1.,6.12323399573677E-17,6.55043604467923E-19));
#1531=DIRECTION('',(6.12323399573677E-17,1.,6.55043604467923E-19));
#1532=DIRECTION('center_axis',(6.55043604467923E-19,0.,1.));
#1533=DIRECTION('ref_axis',(0.,1.,0.));
#1534=DIRECTION('',(6.55043604467923E-19,1.8633267715353E-19,1.));
#1535=DIRECTION('center_axis',(6.55043604467923E-19,0.,1.));
#1536=DIRECTION('ref_axis',(0.,1.,0.));
#1537=DIRECTION('',(6.55043604467923E-19,0.,1.));
#1538=DIRECTION('center_axis',(-6.55043604467923E-19,0.,-1.));
#1539=DIRECTION('ref_axis',(-1.,1.63910879619856E-15,0.));
#1540=DIRECTION('center_axis',(-6.55043604467923E-19,0.,-1.));
#1541=DIRECTION('ref_axis',(-1.,0.,6.55043604467923E-19));
#1542=DIRECTION('',(1.,-6.12323399573677E-17,-6.55043604467923E-19));
#1543=DIRECTION('center_axis',(-6.55043604467923E-19,0.,-1.));
#1544=DIRECTION('ref_axis',(-1.,1.63910879619856E-15,0.));
#1545=DIRECTION('',(0.,-1.,0.));
#1546=DIRECTION('center_axis',(-1.,6.12323399573677E-17,6.55043604467923E-19));
#1547=DIRECTION('ref_axis',(6.55043604467923E-19,-6.55043604467923E-19,
1.));
#1548=DIRECTION('',(-6.55043604467923E-19,-1.8633267715353E-19,-1.));
#1549=DIRECTION('',(6.12323399573677E-17,1.,6.5504360446789E-19));
#1550=DIRECTION('',(6.55043604467923E-19,-6.55043604467923E-19,1.));
#1551=DIRECTION('center_axis',(1.,-6.12323399573677E-17,-6.55043604467923E-19));
#1552=DIRECTION('ref_axis',(6.55043604467923E-19,-6.55043604467923E-19,
1.));
#1553=DIRECTION('',(0.,-1.,0.));
#1554=DIRECTION('',(0.854850406459305,-0.518874534522904,-5.59964291527972E-19));
#1555=DIRECTION('center_axis',(0.,1.,0.));
#1556=DIRECTION('ref_axis',(0.,0.,1.));
#1557=DIRECTION('',(-1.,0.,0.));
#1558=DIRECTION('',(0.,0.,1.));
#1559=DIRECTION('center_axis',(0.,-1.,0.));
#1560=DIRECTION('ref_axis',(0.,0.,1.));
#1561=DIRECTION('',(0.,0.,-1.));
#1562=DIRECTION('center_axis',(0.,-1.,0.));
#1563=DIRECTION('ref_axis',(0.,0.,1.));
#1564=DIRECTION('',(0.,0.,1.));
#1565=DIRECTION('',(0.707106781186548,0.,-0.707106781186548));
#1566=DIRECTION('',(0.,0.,1.));
#1567=DIRECTION('',(0.707106781186548,0.,-0.707106781186548));
#1568=DIRECTION('',(-1.,0.,0.));
#1569=DIRECTION('',(0.707106781186549,0.,0.707106781186546));
#1570=DIRECTION('',(3.09092890099226E-16,0.,-1.));
#1571=DIRECTION('',(0.707106781186547,0.,0.707106781186548));
#1572=DIRECTION('',(1.,0.,-3.28692043842088E-32));
#1573=DIRECTION('',(-6.55043604467923E-19,0.,-1.));
#1574=DIRECTION('center_axis',(0.,-1.,0.));
#1575=DIRECTION('ref_axis',(0.,0.,1.));
#1576=DIRECTION('',(1.72229093486794E-33,0.,1.));
#1577=DIRECTION('center_axis',(0.,-1.,0.));
#1578=DIRECTION('ref_axis',(0.,0.,1.));
#1579=DIRECTION('center_axis',(0.,-1.,0.));
#1580=DIRECTION('ref_axis',(0.,0.,1.));
#1581=DIRECTION('center_axis',(0.,-1.,0.));
#1582=DIRECTION('ref_axis',(0.,0.,1.));
#1583=DIRECTION('center_axis',(0.,-1.,0.));
#1584=DIRECTION('ref_axis',(0.,0.,1.));
#1585=DIRECTION('center_axis',(0.,-1.,0.));
#1586=DIRECTION('ref_axis',(0.,0.,1.));
#1587=DIRECTION('',(0.,0.,-1.));
#1588=DIRECTION('',(1.,0.,0.));
#1589=DIRECTION('',(0.,0.,1.));
#1590=DIRECTION('',(-1.,0.,0.));
#1591=DIRECTION('center_axis',(0.,0.,1.));
#1592=DIRECTION('ref_axis',(1.,0.,0.));
#1593=DIRECTION('',(-1.,0.,0.));
#1594=DIRECTION('',(0.,-1.,0.));
#1595=DIRECTION('center_axis',(6.55043604467923E-19,0.,1.));
#1596=DIRECTION('ref_axis',(0.,1.,0.));
#1597=DIRECTION('center_axis',(6.55043604467923E-19,0.,1.));
#1598=DIRECTION('ref_axis',(-0.854850406459306,0.518874534522902,0.));
#1599=DIRECTION('',(6.55043604467923E-19,0.,1.));
#1600=DIRECTION('',(0.,1.,0.));
#1601=DIRECTION('',(-0.854850406459305,0.518874534522904,5.59964291527972E-19));
#1602=DIRECTION('center_axis',(0.,1.,0.));
#1603=DIRECTION('ref_axis',(1.,0.,0.));
#1604=DIRECTION('center_axis',(0.,1.,0.));
#1605=DIRECTION('ref_axis',(0.,0.,1.));
#1606=DIRECTION('',(-1.72229093486794E-33,0.,-1.));
#1607=DIRECTION('center_axis',(0.,1.,0.));
#1608=DIRECTION('ref_axis',(0.,0.,1.));
#1609=DIRECTION('',(-1.,0.,3.28692043842088E-32));
#1610=DIRECTION('',(-0.707106781186547,0.,-0.707106781186548));
#1611=DIRECTION('',(-3.09092890099226E-16,0.,1.));
#1612=DIRECTION('',(-0.707106781186549,0.,-0.707106781186546));
#1613=DIRECTION('',(1.,0.,0.));
#1614=DIRECTION('',(-0.707106781186548,0.,0.707106781186548));
#1615=DIRECTION('',(0.,0.,-1.));
#1616=DIRECTION('',(-0.707106781186548,0.,0.707106781186548));
#1617=DIRECTION('',(0.,0.,-1.));
#1618=DIRECTION('center_axis',(0.,1.,0.));
#1619=DIRECTION('ref_axis',(0.,0.,1.));
#1620=DIRECTION('',(0.,0.,1.));
#1621=DIRECTION('center_axis',(0.,1.,0.));
#1622=DIRECTION('ref_axis',(0.,0.,1.));
#1623=DIRECTION('',(0.,0.,-1.));
#1624=DIRECTION('',(0.,0.,1.));
#1625=DIRECTION('',(1.,0.,0.));
#1626=DIRECTION('',(0.,0.,-1.));
#1627=DIRECTION('',(-1.,0.,0.));
#1628=DIRECTION('center_axis',(0.,1.,0.));
#1629=DIRECTION('ref_axis',(0.,0.,1.));
#1630=DIRECTION('center_axis',(0.,1.,0.));
#1631=DIRECTION('ref_axis',(0.,0.,1.));
#1632=DIRECTION('center_axis',(0.,1.,0.));
#1633=DIRECTION('ref_axis',(0.,0.,1.));
#1634=DIRECTION('center_axis',(0.,1.,0.));
#1635=DIRECTION('ref_axis',(0.,0.,1.));
#1636=DIRECTION('center_axis',(2.97143477134031E-33,0.,-1.));
#1637=DIRECTION('ref_axis',(-1.,0.,-2.97143477134031E-33));
#1638=DIRECTION('',(0.,1.,0.));
#1639=DIRECTION('center_axis',(6.55043604467923E-19,0.,1.));
#1640=DIRECTION('ref_axis',(0.,1.,0.));
#1641=DIRECTION('center_axis',(-6.55043604467923E-19,0.,-1.));
#1642=DIRECTION('ref_axis',(-1.,1.63910879619856E-15,0.));
#1643=DIRECTION('center_axis',(1.,5.39030285815812E-15,0.));
#1644=DIRECTION('ref_axis',(5.39030285815812E-15,-1.,0.));
#1645=DIRECTION('',(0.,0.,-1.));
#1646=DIRECTION('',(-5.39030285815812E-15,1.,0.));
#1647=DIRECTION('',(0.,0.,-1.));
#1648=DIRECTION('',(-5.39030285815812E-15,1.,0.));
#1649=DIRECTION('center_axis',(1.,5.39030285815812E-15,0.));
#1650=DIRECTION('ref_axis',(0.,0.,1.));
#1651=DIRECTION('center_axis',(0.,0.,1.));
#1652=DIRECTION('ref_axis',(1.,0.,0.));
#1653=DIRECTION('',(-1.,-5.39030285815812E-15,0.));
#1654=DIRECTION('center_axis',(0.,0.,1.));
#1655=DIRECTION('ref_axis',(1.,5.39539978748695E-15,0.));
#1656=DIRECTION('center_axis',(0.,0.,1.));
#1657=DIRECTION('ref_axis',(1.,5.32710358764525E-15,0.));
#1658=DIRECTION('center_axis',(0.,0.,-1.));
#1659=DIRECTION('ref_axis',(0.,1.,0.));
#1660=DIRECTION('',(0.,0.,1.));
#1661=DIRECTION('center_axis',(0.,0.,1.));
#1662=DIRECTION('ref_axis',(1.,5.39539978748695E-15,0.));
#1663=DIRECTION('center_axis',(0.,0.,-1.));
#1664=DIRECTION('ref_axis',(5.39030285815812E-15,-1.,0.));
#1665=DIRECTION('',(1.,5.39030285815812E-15,0.));
#1666=DIRECTION('',(-5.39030285815812E-15,1.,0.));
#1667=DIRECTION('',(1.,5.39030285815812E-15,0.));
#1668=DIRECTION('center_axis',(0.,0.,1.));
#1669=DIRECTION('ref_axis',(-5.39030285815812E-15,1.,0.));
#1670=DIRECTION('',(-1.,-5.39030285815812E-15,0.));
#1671=DIRECTION('',(5.39030285815812E-15,-1.,0.));
#1672=DIRECTION('',(-1.,-5.39030285815812E-15,0.));
#1673=DIRECTION('',(-5.39030285815812E-15,1.,0.));
#1674=DIRECTION('center_axis',(0.,0.,-1.));
#1675=DIRECTION('ref_axis',(0.,1.,0.));
#1676=DIRECTION('',(0.,0.,1.));
#1677=DIRECTION('center_axis',(0.,0.,-1.));
#1678=DIRECTION('ref_axis',(0.,1.,0.));
#1679=DIRECTION('center_axis',(0.,0.,1.));
#1680=DIRECTION('ref_axis',(1.,5.39539978748695E-15,0.));
#1681=DIRECTION('center_axis',(0.,0.,-1.));
#1682=DIRECTION('ref_axis',(-1.,0.,0.));
#1683=DIRECTION('',(1.,5.39030285815812E-15,0.));
#1684=DIRECTION('center_axis',(0.,0.,1.));
#1685=DIRECTION('ref_axis',(1.,5.32710358764525E-15,0.));
#1686=DIRECTION('',(0.,-1.,0.));
#1687=DIRECTION('center_axis',(1.,5.39030285815812E-15,0.));
#1688=DIRECTION('ref_axis',(5.39030285815812E-15,-1.,0.));
#1689=DIRECTION('',(0.,0.,-1.));
#1690=DIRECTION('',(-5.39030285815812E-15,1.,3.28692043842088E-32));
#1691=DIRECTION('',(0.,0.,-1.));
#1692=DIRECTION('center_axis',(1.,5.39030285815812E-15,0.));
#1693=DIRECTION('ref_axis',(0.,0.,1.));
#1694=DIRECTION('center_axis',(0.,0.,1.));
#1695=DIRECTION('ref_axis',(5.39030285815812E-15,-1.,0.));
#1696=DIRECTION('',(-1.,-5.39030285815812E-15,0.));
#1697=DIRECTION('',(-5.39030285815812E-15,1.,0.));
#1698=DIRECTION('center_axis',(-1.,6.12323399573677E-17,6.55043604467923E-19));
#1699=DIRECTION('ref_axis',(6.55043604467923E-19,-6.55043604467923E-19,
1.));
#1700=DIRECTION('',(-6.55043604467923E-19,6.55043604467923E-19,-1.));
#1701=DIRECTION('',(-6.12323399573677E-17,-1.,-6.55043604467923E-19));
#1702=DIRECTION('center_axis',(1.,-6.12323399573677E-17,-6.55043604467923E-19));
#1703=DIRECTION('ref_axis',(6.55043604467923E-19,-6.55043604467923E-19,
1.));
#1704=DIRECTION('center_axis',(0.,-1.,0.));
#1705=DIRECTION('ref_axis',(0.,0.,1.));
#1706=DIRECTION('',(0.,1.,0.));
#1707=DIRECTION('',(0.,-1.,0.));
#1708=DIRECTION('center_axis',(0.,0.,-1.));
#1709=DIRECTION('ref_axis',(0.,1.,0.));
#1710=DIRECTION('center_axis',(0.,0.,1.));
#1711=DIRECTION('ref_axis',(1.,5.32710358764525E-15,0.));
#1712=DIRECTION('center_axis',(1.,5.39030285815812E-15,0.));
#1713=DIRECTION('ref_axis',(0.,0.,1.));
#1714=DIRECTION('',(0.,0.,1.));
#1715=DIRECTION('',(5.39030285815812E-15,-1.,-3.28692043842088E-32));
#1716=DIRECTION('center_axis',(-1.,-5.39030285815812E-15,0.));
#1717=DIRECTION('ref_axis',(0.,0.,1.));
#1718=DIRECTION('center_axis',(-1.,6.12323399573677E-17,6.55043604467923E-19));
#1719=DIRECTION('ref_axis',(6.12323399573677E-17,1.,6.55043604467923E-19));
#1720=DIRECTION('',(6.55043604467923E-19,-6.55043604467923E-19,1.));
#1721=DIRECTION('',(-6.12323399573677E-17,-1.,-6.5504360446789E-19));
#1722=DIRECTION('center_axis',(-1.,6.12323399573677E-17,6.55043604467923E-19));
#1723=DIRECTION('ref_axis',(6.55043604467923E-19,-6.55043604467923E-19,
1.));
#1724=DIRECTION('',(0.,-1.,0.));
#1725=DIRECTION('',(-0.854850406459302,-0.518874534522909,0.));
#1726=DIRECTION('center_axis',(-0.707106781186548,0.,-0.707106781186548));
#1727=DIRECTION('ref_axis',(-0.707106781186548,0.,0.707106781186548));
#1728=DIRECTION('',(0.,1.,0.));
#1729=DIRECTION('center_axis',(1.60169333407861E-47,-2.97143477134031E-33,
-1.));
#1730=DIRECTION('ref_axis',(-5.39030285815812E-15,1.,-2.97143477134031E-33));
#1731=DIRECTION('',(1.,5.39030285815812E-15,0.));
#1732=DIRECTION('center_axis',(1.,5.39030285815812E-15,0.));
#1733=DIRECTION('ref_axis',(0.,0.,1.));
#1734=DIRECTION('',(0.,0.,-1.));
#1735=DIRECTION('center_axis',(-1.,-5.39030285815812E-15,0.));
#1736=DIRECTION('ref_axis',(0.,0.,1.));
#1737=DIRECTION('center_axis',(0.707106781186548,0.,-0.707106781186547));
#1738=DIRECTION('ref_axis',(-0.707106781186547,0.,-0.707106781186548));
#1739=DIRECTION('',(0.,-1.,0.));
#1740=DIRECTION('center_axis',(-6.55043604467923E-19,6.55043604467926E-19,
-1.));
#1741=DIRECTION('ref_axis',(-6.12323399573677E-17,-1.,-6.55043604467926E-19));
#1742=DIRECTION('',(1.,-6.12323399573677E-17,-6.55043604467923E-19));
#1743=DIRECTION('center_axis',(-0.707106781186548,0.,-0.707106781186548));
#1744=DIRECTION('ref_axis',(-0.707106781186548,0.,0.707106781186548));
#1745=DIRECTION('',(0.,-1.,0.));
#1746=DIRECTION('',(0.,1.,0.));
#1747=DIRECTION('center_axis',(1.,0.,0.));
#1748=DIRECTION('ref_axis',(0.,0.,1.));
#1749=DIRECTION('center_axis',(0.707106781186546,0.,-0.707106781186549));
#1750=DIRECTION('ref_axis',(-0.707106781186549,0.,-0.707106781186546));
#1751=DIRECTION('',(0.,-1.,0.));
#1752=DIRECTION('',(0.,1.,0.));
#1753=DIRECTION('center_axis',(0.,0.,1.));
#1754=DIRECTION('ref_axis',(-1.,0.,0.));
#1755=DIRECTION('center_axis',(-1.,0.,-3.09092890099226E-16));
#1756=DIRECTION('ref_axis',(3.09092890099226E-16,0.,-1.));
#1757=DIRECTION('',(-1.,-5.39030285815812E-15,0.));
#1758=DIRECTION('center_axis',(5.39030285815812E-15,-1.,0.));
#1759=DIRECTION('ref_axis',(0.,0.,1.));
#1760=DIRECTION('',(1.,5.39030285815812E-15,0.));
#1761=DIRECTION('center_axis',(0.,0.,1.));
#1762=DIRECTION('ref_axis',(1.,0.,0.));
#1763=DIRECTION('center_axis',(0.,0.,-1.));
#1764=DIRECTION('ref_axis',(0.854850406459298,0.518874534522916,0.));
#1765=DIRECTION('',(-1.,-5.39030285815812E-15,0.));
#1766=DIRECTION('center_axis',(5.39030285815812E-15,-1.,0.));
#1767=DIRECTION('ref_axis',(0.,0.,1.));
#1768=DIRECTION('',(1.,5.39030285815812E-15,0.));
#1769=DIRECTION('center_axis',(6.55043604467923E-19,-6.55043604467923E-19,
1.));
#1770=DIRECTION('ref_axis',(6.12323399573677E-17,1.,6.55043604467923E-19));
#1771=DIRECTION('',(-1.,6.12323399573677E-17,6.55043604467923E-19));
#1772=DIRECTION('',(1.,-6.12323399573677E-17,-6.55043604467923E-19));
#1773=DIRECTION('center_axis',(-6.12323399573677E-17,-1.,-6.55043604467923E-19));
#1774=DIRECTION('ref_axis',(-6.55043604467923E-19,6.55043604467923E-19,
-1.));
#1775=DIRECTION('',(-1.,6.12323399573677E-17,6.55043604467923E-19));
#1776=DIRECTION('center_axis',(-6.55043604467923E-19,0.,-1.));
#1777=DIRECTION('ref_axis',(-1.,0.,6.55043604467923E-19));
#1778=DIRECTION('',(1.,-6.12323399573677E-17,-6.55043604467923E-19));
#1779=DIRECTION('center_axis',(-6.12323399573677E-17,-1.,-6.55043604467923E-19));
#1780=DIRECTION('ref_axis',(-6.55043604467923E-19,6.55043604467923E-19,
-1.));
#1781=DIRECTION('',(-1.,6.12323399573677E-17,6.55043604467923E-19));
#1782=DIRECTION('center_axis',(-1.,0.,0.));
#1783=DIRECTION('ref_axis',(0.,0.,-1.));
#1784=DIRECTION('',(0.,-1.,0.));
#1785=DIRECTION('',(0.,-1.,0.));
#1786=DIRECTION('center_axis',(0.,0.,1.));
#1787=DIRECTION('ref_axis',(-1.,0.,0.));
#1788=DIRECTION('',(0.,-1.,0.));
#1789=DIRECTION('center_axis',(1.,0.,0.));
#1790=DIRECTION('ref_axis',(0.,0.,1.));
#1791=DIRECTION('',(0.,-1.,0.));
#1792=DIRECTION('center_axis',(0.,0.,-1.));
#1793=DIRECTION('ref_axis',(1.,0.,0.));
#1794=DIRECTION('center_axis',(0.,-1.,0.));
#1795=DIRECTION('ref_axis',(0.,0.,1.));
#1796=DIRECTION('',(0.,-1.,0.));
#1797=DIRECTION('center_axis',(0.,-1.,0.));
#1798=DIRECTION('ref_axis',(0.,0.,1.));
#1799=DIRECTION('',(0.,-1.,0.));
#1800=DIRECTION('center_axis',(0.,-1.,0.));
#1801=DIRECTION('ref_axis',(0.,0.,1.));
#1802=DIRECTION('',(0.,-1.,0.));
#1803=DIRECTION('center_axis',(0.,-1.,0.));
#1804=DIRECTION('ref_axis',(0.,0.,1.));
#1805=DIRECTION('',(0.,-1.,0.));
#1806=DIRECTION('center_axis',(0.,-1.,0.));
#1807=DIRECTION('ref_axis',(0.,0.,1.));
#1808=DIRECTION('',(0.,1.,0.));
#1809=DIRECTION('',(0.854850406459302,0.518874534522909,0.));
#1810=DIRECTION('center_axis',(0.,-1.,0.));
#1811=DIRECTION('ref_axis',(0.,0.,1.));
#1812=DIRECTION('',(0.,-1.,0.));
#1813=DIRECTION('center_axis',(0.,-1.,0.));
#1814=DIRECTION('ref_axis',(0.,0.,1.));
#1815=DIRECTION('',(0.,1.,0.));
#1816=DIRECTION('center_axis',(1.,0.,0.));
#1817=DIRECTION('ref_axis',(0.,0.,-1.));
#1818=DIRECTION('center_axis',(-1.,-5.39030285815812E-15,0.));
#1819=DIRECTION('ref_axis',(0.,0.,1.));
#1820=DIRECTION('',(-1.,-5.39030285815812E-15,0.));
#1821=DIRECTION('center_axis',(1.,-6.12323399573677E-17,-6.55043604467923E-19));
#1822=DIRECTION('ref_axis',(6.55043604467923E-19,-6.55043604467923E-19,
1.));
#1823=DIRECTION('',(1.,-6.12323399573677E-17,-6.55043604467923E-19));
#1824=DIRECTION('center_axis',(1.,-6.12323399573677E-17,-6.55043604467923E-19));
#1825=DIRECTION('ref_axis',(6.55043604467923E-19,-6.55043604467923E-19,
1.));
#1826=DIRECTION('',(1.,-6.12323399573677E-17,-6.55043604467923E-19));
#1827=DIRECTION('center_axis',(-1.,-5.39030285815812E-15,0.));
#1828=DIRECTION('ref_axis',(0.,0.,1.));
#1829=DIRECTION('',(-1.,-5.39030285815812E-15,0.));
#1830=DIRECTION('center_axis',(0.,0.,-1.));
#1831=DIRECTION('ref_axis',(-1.,0.,0.));
#1832=DIRECTION('center_axis',(6.55043604467923E-19,0.,1.));
#1833=DIRECTION('ref_axis',(1.,0.,-6.55043604467923E-19));
#1834=DIRECTION('center_axis',(-1.,0.,1.72229093486794E-33));
#1835=DIRECTION('ref_axis',(1.72229093486794E-33,0.,1.));
#1836=DIRECTION('center_axis',(0.,0.,-1.));
#1837=DIRECTION('ref_axis',(0.,1.,0.));
#1838=CARTESIAN_POINT('',(0.,0.,0.));
#1839=CARTESIAN_POINT('Origin',(-2.032,-13.717862142046,149.94));
#1840=CARTESIAN_POINT('',(-2.032,-1.016,149.94));
#1841=CARTESIAN_POINT('',(-1.016,-1.016,149.94));
#1842=CARTESIAN_POINT('',(-1.524,-1.016,149.94));
#1843=CARTESIAN_POINT('',(-1.016,-8.71786214204599,149.94));
#1844=CARTESIAN_POINT('',(-1.016,63.782137857954,149.94));
#1845=CARTESIAN_POINT('',(-2.032,-8.71786214204599,149.94));
#1846=CARTESIAN_POINT('',(-2.032,-8.71786214204599,149.94));
#1847=CARTESIAN_POINT('',(-2.032,-13.717862142046,149.94));
#1848=CARTESIAN_POINT('Origin',(5.40214460604696E-17,-1.016,82.47));
#1849=CARTESIAN_POINT('',(-2.032,-1.016,164.94));
#1850=CARTESIAN_POINT('',(-2.032,-1.016,41.235));
#1851=CARTESIAN_POINT('',(5.40214460604696E-17,1.016,164.94));
#1852=CARTESIAN_POINT('Origin',(1.08042892120939E-16,-1.016,164.94));
#1853=CARTESIAN_POINT('',(4.51783574001526E-17,1.016,151.44));
#1854=CARTESIAN_POINT('',(0.,1.016,41.235));
#1855=CARTESIAN_POINT('',(-1.73705602592531,0.0383530541505411,149.94));
#1856=CARTESIAN_POINT('Ctrl Pts',(2.41700172655254E-17,1.016,151.44));
#1857=CARTESIAN_POINT('Ctrl Pts',(-0.467498906784196,1.016,151.44));
#1858=CARTESIAN_POINT('Ctrl Pts',(-1.21454786323147,0.702554184840004,151.243242401916));
#1859=CARTESIAN_POINT('Ctrl Pts',(-1.66723963052347,0.159763731294544,150.612369574247));
#1860=CARTESIAN_POINT('Ctrl Pts',(-1.73705602592531,0.0383530541505411,
150.164399475256));
#1861=CARTESIAN_POINT('Ctrl Pts',(-1.73705602592531,0.0383530541505411,
149.94));
#1862=CARTESIAN_POINT('Origin',(9.82172380539203E-17,-1.016,149.94));
#1863=CARTESIAN_POINT('Origin',(-1.016,-1.016,164.94));
#1864=CARTESIAN_POINT('',(-1.016,-1.016,164.94));
#1865=CARTESIAN_POINT('',(-1.016,-1.016,164.94));
#1866=CARTESIAN_POINT('',(0.,0.,164.94));
#1867=CARTESIAN_POINT('Origin',(1.08042892120939E-16,-1.016,164.94));
#1868=CARTESIAN_POINT('',(5.40214460604696E-17,0.,164.94));
#1869=CARTESIAN_POINT('Origin',(-1.01599999999999,141.282137857954,82.47));
#1870=CARTESIAN_POINT('',(-1.016,-1.016,41.235));
#1871=CARTESIAN_POINT('',(-1.016,-8.71786214204599,164.94));
#1872=CARTESIAN_POINT('',(-1.01599999999998,281.282137857954,164.94));
#1873=CARTESIAN_POINT('',(-1.016,-13.717862142046,159.94));
#1874=CARTESIAN_POINT('Ctrl Pts',(-1.016,-13.717862142046,159.94));
#1875=CARTESIAN_POINT('Ctrl Pts',(-1.016,-13.717862142046,160.313999125427));
#1876=CARTESIAN_POINT('Ctrl Pts',(-1.016,-13.7159596592304,160.684037573242));
#1877=CARTESIAN_POINT('Ctrl Pts',(-1.016,-13.6740306752688,161.052672813181));
#1878=CARTESIAN_POINT('Ctrl Pts',(-1.016,-13.6321016913071,161.421308053121));
#1879=CARTESIAN_POINT('Ctrl Pts',(-1.016,-13.5501462061994,161.788540085185));
#1880=CARTESIAN_POINT('Ctrl Pts',(-1.016,-13.411114843565,162.147365415676));
#1881=CARTESIAN_POINT('Ctrl Pts',(-1.016,-13.2720834809305,162.506190746166));
#1882=CARTESIAN_POINT('Ctrl Pts',(-1.016,-13.0759762407693,162.856609375081));
#1883=CARTESIAN_POINT('Ctrl Pts',(-1.016,-12.8287622281599,163.181050817685));
#1884=CARTESIAN_POINT('Ctrl Pts',(-1.016,-12.5815482155504,163.505492260289));
#1885=CARTESIAN_POINT('Ctrl Pts',(-1.016,-12.2832274304927,163.803956516581));
#1886=CARTESIAN_POINT('Ctrl Pts',(-1.016,-11.9589247518875,164.05102455351));
#1887=CARTESIAN_POINT('Ctrl Pts',(-1.016,-11.6346220732824,164.298092590439));
#1888=CARTESIAN_POINT('Ctrl Pts',(-1.016,-11.2843375011298,164.493764408005));
#1889=CARTESIAN_POINT('Ctrl Pts',(-1.016,-10.9255210085114,164.632733833926));
#1890=CARTESIAN_POINT('Ctrl Pts',(-1.016,-10.566704515893,164.771703259846));
#1891=CARTESIAN_POINT('Ctrl Pts',(-1.016,-10.1993561028088,164.85397029412));
#1892=CARTESIAN_POINT('Ctrl Pts',(-1.016,-9.83064529070387,164.896044479159));
#1893=CARTESIAN_POINT('Ctrl Pts',(-1.016,-9.46193447859895,164.938118664197));
#1894=CARTESIAN_POINT('Ctrl Pts',(-1.016,-9.09186126747335,164.94));
#1895=CARTESIAN_POINT('Ctrl Pts',(-1.016,-8.71786214204599,164.94));
#1896=CARTESIAN_POINT('',(-1.016,-13.717862142046,154.94));
#1897=CARTESIAN_POINT('',(-1.016,-13.717862142046,123.705));
#1898=CARTESIAN_POINT('Ctrl Pts',(-1.016,-8.71786214204599,149.94));
#1899=CARTESIAN_POINT('Ctrl Pts',(-1.016,-9.09186126747335,149.94));
#1900=CARTESIAN_POINT('Ctrl Pts',(-1.016,-9.46189989021781,149.941902422497));
#1901=CARTESIAN_POINT('Ctrl Pts',(-1.016,-9.83053526084892,149.983831414584));
#1902=CARTESIAN_POINT('Ctrl Pts',(-1.016,-10.19917063148,150.025760406671));
#1903=CARTESIAN_POINT('Ctrl Pts',(-1.016,-10.5664027499978,150.107715968348));
#1904=CARTESIAN_POINT('Ctrl Pts',(-1.016,-10.925228162819,150.246747350484));
#1905=CARTESIAN_POINT('Ctrl Pts',(-1.016,-11.2840535756401,150.385778732621));
#1906=CARTESIAN_POINT('Ctrl Pts',(-1.016,-11.6344722827647,150.581885935218));
#1907=CARTESIAN_POINT('Ctrl Pts',(-1.016,-11.958913798369,150.829099980154));
#1908=CARTESIAN_POINT('Ctrl Pts',(-1.016,-12.2833553139733,151.076314025091));
#1909=CARTESIAN_POINT('Ctrl Pts',(-1.016,-12.5818196380575,151.374634912367));
#1910=CARTESIAN_POINT('Ctrl Pts',(-1.016,-12.8288877464417,151.698937677266));
#1911=CARTESIAN_POINT('Ctrl Pts',(-1.016,-13.075955854826,152.023240442165));
#1912=CARTESIAN_POINT('Ctrl Pts',(-1.016,-13.2716277475105,152.373525084686));
#1913=CARTESIAN_POINT('Ctrl Pts',(-1.016,-13.4105971683813,152.732341595128));
#1914=CARTESIAN_POINT('Ctrl Pts',(-1.016,-13.5495665892521,153.09115810557));
#1915=CARTESIAN_POINT('Ctrl Pts',(-1.016,-13.6318335383093,153.458506483932));
#1916=CARTESIAN_POINT('Ctrl Pts',(-1.016,-13.6739074265078,153.827217176183));
#1917=CARTESIAN_POINT('Ctrl Pts',(-1.016,-13.7159813147062,154.195927868434));
#1918=CARTESIAN_POINT('Ctrl Pts',(-1.016,-13.717862142046,154.566000874573));
#1919=CARTESIAN_POINT('Ctrl Pts',(-1.016,-13.717862142046,154.94));
#1920=CARTESIAN_POINT('',(-1.016,-6.217862142046,155.19));
#1921=CARTESIAN_POINT('Origin',(-1.016,-6.217862142046,157.44));
#1922=CARTESIAN_POINT('Origin',(-2.032,1.28213785795401,15.));
#1923=CARTESIAN_POINT('',(-1.016,-1.016,15.));
#1924=CARTESIAN_POINT('',(-2.032,-1.016,15.));
#1925=CARTESIAN_POINT('',(-1.524,-1.016,15.));
#1926=CARTESIAN_POINT('',(-2.032,-8.71786214204599,15.));
#1927=CARTESIAN_POINT('',(-2.032,-13.717862142046,15.));
#1928=CARTESIAN_POINT('',(-1.016,-8.71786214204599,15.));
#1929=CARTESIAN_POINT('',(-2.032,-8.71786214204599,15.));
#1930=CARTESIAN_POINT('',(-1.016,71.282137857954,15.));
#1931=CARTESIAN_POINT('Origin',(5.40214460604696E-17,-1.016,82.47));
#1932=CARTESIAN_POINT('',(-1.016,-1.016,-1.5053805060314E-18));
#1933=CARTESIAN_POINT('',(-1.016,-1.016,41.235));
#1934=CARTESIAN_POINT('',(0.,0.,6.90253292068385E-30));
#1935=CARTESIAN_POINT('Origin',(0.,-1.016,0.));
#1936=CARTESIAN_POINT('',(-4.51783574001526E-17,0.,13.5));
#1937=CARTESIAN_POINT('',(0.,0.,41.235));
#1938=CARTESIAN_POINT('',(-0.868528012962654,-0.488823472924729,15.));
#1939=CARTESIAN_POINT('Ctrl Pts',(-1.38777878078145E-16,0.,13.5));
#1940=CARTESIAN_POINT('Ctrl Pts',(-0.155832968928065,0.,13.5));
#1941=CARTESIAN_POINT('Ctrl Pts',(-0.311134982775849,-0.038587326488155,
13.551269598525));
#1942=CARTESIAN_POINT('Ctrl Pts',(-0.437647679357637,-0.0986766805608758,
13.6485865632066));
#1943=CARTESIAN_POINT('Ctrl Pts',(-0.564160375939424,-0.158766034633596,
13.7459035278881));
#1944=CARTESIAN_POINT('Ctrl Pts',(-0.661883755255215,-0.240357416290883,
13.8892678587261));
#1945=CARTESIAN_POINT('Ctrl Pts',(-0.73012725304209,-0.309484882748921,
14.0647402863701));
#1946=CARTESIAN_POINT('Ctrl Pts',(-0.832492499722403,-0.413176082435979,
14.327948927836));
#1947=CARTESIAN_POINT('Ctrl Pts',(-0.868528012962654,-0.48882347292473,
14.6634007871154));
#1948=CARTESIAN_POINT('Ctrl Pts',(-0.868528012962654,-0.48882347292473,
15.));
#1949=CARTESIAN_POINT('Origin',(9.82565406701884E-18,-1.016,15.));
#1950=CARTESIAN_POINT('Origin',(-2.032,-1.016,0.));
#1951=CARTESIAN_POINT('',(-2.032,-1.016,-8.39856203889693E-19));
#1952=CARTESIAN_POINT('',(-1.016,-1.016,-1.50538050603838E-18));
#1953=CARTESIAN_POINT('',(0.,1.016,9.20337722757847E-30));
#1954=CARTESIAN_POINT('Origin',(0.,-1.016,0.));
#1955=CARTESIAN_POINT('',(-6.00714973256062E-35,0.,0.));
#1956=CARTESIAN_POINT('Origin',(-2.03199999999999,141.282137857954,82.47));
#1957=CARTESIAN_POINT('',(-2.032,-1.016,41.235));
#1958=CARTESIAN_POINT('',(-2.032,-8.71786214204599,-5.88491174253028E-18));
#1959=CARTESIAN_POINT('',(-2.03199999999998,281.282137857954,1.84077733553158E-16));
#1960=CARTESIAN_POINT('',(-2.032,-13.717862142046,5.));
#1961=CARTESIAN_POINT('Ctrl Pts',(-2.032,-13.717862142046,5.));
#1962=CARTESIAN_POINT('Ctrl Pts',(-2.032,-13.717862142046,4.62600087457264));
#1963=CARTESIAN_POINT('Ctrl Pts',(-2.032,-13.7161030762747,4.2559946524382));
#1964=CARTESIAN_POINT('Ctrl Pts',(-2.032,-13.6741073719905,3.88732505018246));
#1965=CARTESIAN_POINT('Ctrl Pts',(-2.032,-13.6321116677064,3.51865544792672));
#1966=CARTESIAN_POINT('Ctrl Pts',(-2.032,-13.5498793249094,3.15132246554967));
#1967=CARTESIAN_POINT('Ctrl Pts',(-2.032,-13.4108638345541,2.79248841753442));
#1968=CARTESIAN_POINT('Ctrl Pts',(-2.032,-13.2718483441989,2.43365436951916));
#1969=CARTESIAN_POINT('Ctrl Pts',(-2.032,-13.0760497062854,2.08331925586568));
#1970=CARTESIAN_POINT('Ctrl Pts',(-2.032,-12.828933096113,1.75896482131432));
#1971=CARTESIAN_POINT('Ctrl Pts',(-2.032,-12.5818164859407,1.43461038676297));
#1972=CARTESIAN_POINT('Ctrl Pts',(-2.032,-12.2833819035095,1.13623663131372));
#1973=CARTESIAN_POINT('Ctrl Pts',(-2.032,-11.9589620102077,0.889052774456027));
#1974=CARTESIAN_POINT('Ctrl Pts',(-2.032,-11.6345421169059,0.641868917598334));
#1975=CARTESIAN_POINT('Ctrl Pts',(-2.032,-11.2841369127336,0.445874959332193));
#1976=CARTESIAN_POINT('Ctrl Pts',(-2.032,-10.9253130757299,0.306872764619796));
#1977=CARTESIAN_POINT('Ctrl Pts',(-2.032,-10.5664892387262,0.1678705699074));
#1978=CARTESIAN_POINT('Ctrl Pts',(-2.032,-10.1992467688912,0.085860138748748));
#1979=CARTESIAN_POINT('Ctrl Pts',(-2.032,-9.83058977607799,0.0438924962718984));
#1980=CARTESIAN_POINT('Ctrl Pts',(-2.032,-9.46193278326479,0.0019248537950487));
#1981=CARTESIAN_POINT('Ctrl Pts',(-2.032,-9.09186126747336,1.07957834462172E-15));
#1982=CARTESIAN_POINT('Ctrl Pts',(-2.032,-8.71786214204601,-3.6362224590687E-34));
#1983=CARTESIAN_POINT('',(-2.032,-13.717862142046,10.));
#1984=CARTESIAN_POINT('',(-2.032,-13.717862142046,-9.16012976487918E-18));
#1985=CARTESIAN_POINT('Ctrl Pts',(-2.032,-8.71786214204599,15.));
#1986=CARTESIAN_POINT('Ctrl Pts',(-2.032,-9.09186126747335,15.));
#1987=CARTESIAN_POINT('Ctrl Pts',(-2.032,-9.46187875122786,14.998231581608));
#1988=CARTESIAN_POINT('Ctrl Pts',(-2.032,-9.83055343679264,14.9562315520829));
#1989=CARTESIAN_POINT('Ctrl Pts',(-2.032,-10.1992281223574,14.9142315225579));
#1990=CARTESIAN_POINT('Ctrl Pts',(-2.032,-10.5665600097325,14.8319998818997));
#1991=CARTESIAN_POINT('Ctrl Pts',(-2.032,-10.9253997709294,14.6929822401583));
#1992=CARTESIAN_POINT('Ctrl Pts',(-2.032,-11.2842395321263,14.5539645984169));
#1993=CARTESIAN_POINT('Ctrl Pts',(-2.032,-11.6345871671452,14.3581609555922));
#1994=CARTESIAN_POINT('Ctrl Pts',(-2.032,-11.9589484025411,14.1110417834955));
#1995=CARTESIAN_POINT('Ctrl Pts',(-2.032,-12.2833096379371,13.8639226113989));
#1996=CARTESIAN_POINT('Ctrl Pts',(-2.032,-12.5816844737102,13.5654879100304));
#1997=CARTESIAN_POINT('Ctrl Pts',(-2.032,-12.8288897623572,13.2410580817451));
#1998=CARTESIAN_POINT('Ctrl Pts',(-2.032,-13.0760950510041,12.9166282534598));
#1999=CARTESIAN_POINT('Ctrl Pts',(-2.032,-13.272130792525,12.5662032982577));
#2000=CARTESIAN_POINT('Ctrl Pts',(-2.032,-13.4110605668967,12.2074135533979));
#2001=CARTESIAN_POINT('Ctrl Pts',(-2.032,-13.5499903412684,11.848623808538));
#2002=CARTESIAN_POINT('Ctrl Pts',(-2.032,-13.6318141484909,11.4814692740204));
#2003=CARTESIAN_POINT('Ctrl Pts',(-2.032,-13.6737820986853,11.1128131032427));
#2004=CARTESIAN_POINT('Ctrl Pts',(-2.032,-13.7157500488797,10.7441569324651));
#2005=CARTESIAN_POINT('Ctrl Pts',(-2.032,-13.717862142046,10.3739991254274));
#2006=CARTESIAN_POINT('Ctrl Pts',(-2.032,-13.717862142046,10.));
#2007=CARTESIAN_POINT('',(-2.032,-6.21786214204599,5.25));
#2008=CARTESIAN_POINT('Origin',(-2.032,-6.21786214204599,7.5));
#2009=CARTESIAN_POINT('Ctrl Pts',(2.41700172655254E-17,1.016,151.44));
#2010=CARTESIAN_POINT('Ctrl Pts',(-0.467498906784196,1.016,151.44));
#2011=CARTESIAN_POINT('Ctrl Pts',(-1.21454786323147,0.702554184840004,151.243242401916));
#2012=CARTESIAN_POINT('Ctrl Pts',(-1.66723963052347,0.159763731294544,150.612369574247));
#2013=CARTESIAN_POINT('Ctrl Pts',(-1.73705602592531,0.0383530541505411,
150.164399475256));
#2014=CARTESIAN_POINT('Ctrl Pts',(-1.73705602592531,0.0383530541505411,
149.94));
#2015=CARTESIAN_POINT('Ctrl Pts',(3.66749816313749E-17,0.677333333333333,
151.44));
#2016=CARTESIAN_POINT('Ctrl Pts',(-0.389582422320163,0.677333333333333,
151.44));
#2017=CARTESIAN_POINT('Ctrl Pts',(-1.01212321935956,0.416128487366669,151.243242401916));
#2018=CARTESIAN_POINT('Ctrl Pts',(-1.38936635876956,-0.0361968905878796,
150.612369574247));
#2019=CARTESIAN_POINT('Ctrl Pts',(-1.44754668827109,-0.137372454874549,
150.164399475256));
#2020=CARTESIAN_POINT('Ctrl Pts',(-1.44754668827109,-0.137372454874549,
149.94));
#2021=CARTESIAN_POINT('Ctrl Pts',(4.91799459972244E-17,0.338666666666667,
151.44));
#2022=CARTESIAN_POINT('Ctrl Pts',(-0.31166593785613,0.338666666666667,151.44));
#2023=CARTESIAN_POINT('Ctrl Pts',(-0.809698575487646,0.129702789893336,
151.243242401916));
#2024=CARTESIAN_POINT('Ctrl Pts',(-1.11149308701565,-0.232157512470304,
150.612369574247));
#2025=CARTESIAN_POINT('Ctrl Pts',(-1.15803735061687,-0.313097963899639,
150.164399475256));
#2026=CARTESIAN_POINT('Ctrl Pts',(-1.15803735061687,-0.313097963899639,
149.94));
#2027=CARTESIAN_POINT('Ctrl Pts',(6.16849103630738E-17,0.,151.44));
#2028=CARTESIAN_POINT('Ctrl Pts',(-0.233749453392098,-8.63098991694381E-18,
151.44));
#2029=CARTESIAN_POINT('Ctrl Pts',(-0.607273931615734,-0.156722907579998,
151.243242401916));
#2030=CARTESIAN_POINT('Ctrl Pts',(-0.833619815261737,-0.428118134352728,
150.612369574247));
#2031=CARTESIAN_POINT('Ctrl Pts',(-0.868528012962654,-0.488823472924729,
150.164399475256));
#2032=CARTESIAN_POINT('Ctrl Pts',(-0.868528012962654,-0.488823472924729,
149.94));
#2033=CARTESIAN_POINT('',(4.51783574001526E-17,0.,151.44));
#2034=CARTESIAN_POINT('',(4.51783574001526E-17,0.508,151.44));
#2035=CARTESIAN_POINT('',(-0.868528012962654,-0.488823472924729,149.94));
#2036=CARTESIAN_POINT('Ctrl Pts',(-0.868528012962654,-0.488823472924729,
149.94));
#2037=CARTESIAN_POINT('Ctrl Pts',(-0.868528012962654,-0.488823472924729,
150.164399475256));
#2038=CARTESIAN_POINT('Ctrl Pts',(-0.851073914112196,-0.458470803638729,
150.388384524752));
#2039=CARTESIAN_POINT('Ctrl Pts',(-0.810011738451823,-0.40452372231391,
150.590501739166));
#2040=CARTESIAN_POINT('Ctrl Pts',(-0.768949562791451,-0.350576640989091,
150.792618953581));
#2041=CARTESIAN_POINT('Ctrl Pts',(-0.704279310321164,-0.273035147625454,
150.972868332915));
#2042=CARTESIAN_POINT('Ctrl Pts',(-0.60571324232321,-0.201434586394472,
151.112499176209));
#2043=CARTESIAN_POINT('Ctrl Pts',(-0.45786414032628,-0.0940337445479989,
151.32194544115));
#2044=CARTESIAN_POINT('Ctrl Pts',(-0.233749453392098,-1.89388578200315E-32,
151.44));
#2045=CARTESIAN_POINT('Ctrl Pts',(6.16849103630738E-17,0.,151.44));
#2046=CARTESIAN_POINT('',(-1.30279201944398,-0.225235209387094,149.94));
#2047=CARTESIAN_POINT('Origin',(140.,1.016,82.47));
#2048=CARTESIAN_POINT('',(280.,1.016,164.94));
#2049=CARTESIAN_POINT('',(0.,1.016,164.94));
#2050=CARTESIAN_POINT('',(280.,1.016,151.44));
#2051=CARTESIAN_POINT('',(280.,1.016,41.235));
#2052=CARTESIAN_POINT('',(280.,1.016,148.44));
#2053=CARTESIAN_POINT('Origin',(280.,1.016,149.94));
#2054=CARTESIAN_POINT('',(280.,1.016,16.5));
#2055=CARTESIAN_POINT('',(280.,1.016,8.32001735975286E-31));
#2056=CARTESIAN_POINT('',(280.,1.016,13.5));
#2057=CARTESIAN_POINT('Origin',(280.,1.016,15.));
#2058=CARTESIAN_POINT('',(280.,1.016,0.));
#2059=CARTESIAN_POINT('',(280.,1.016,41.235));
#2060=CARTESIAN_POINT('',(270.,1.016,10.));
#2061=CARTESIAN_POINT('',(221.8825,1.016,58.1175));
#2062=CARTESIAN_POINT('',(270.,1.016,104.94));
#2063=CARTESIAN_POINT('',(270.,1.016,41.235));
#2064=CARTESIAN_POINT('',(260.,1.016,114.94));
#2065=CARTESIAN_POINT('',(240.6175,1.016,134.3225));
#2066=CARTESIAN_POINT('',(188.25,1.016,114.94));
#2067=CARTESIAN_POINT('',(205.,1.016,114.94));
#2068=CARTESIAN_POINT('',(178.25,1.016,104.94));
#2069=CARTESIAN_POINT('',(165.57,1.016,92.26));
#2070=CARTESIAN_POINT('',(178.25,1.016,10.));
#2071=CARTESIAN_POINT('',(178.25,1.016,98.705));
#2072=CARTESIAN_POINT('',(168.25,1.016,3.67313358993533E-30));
#2073=CARTESIAN_POINT('',(184.305,1.016,16.055));
#2074=CARTESIAN_POINT('',(280.,1.016,0.));
#2075=CARTESIAN_POINT('',(-4.51783574001526E-17,1.016,13.5));
#2076=CARTESIAN_POINT('',(0.,1.016,41.235));
#2077=CARTESIAN_POINT('',(0.,1.016,16.5));
#2078=CARTESIAN_POINT('Origin',(0.,1.016,15.));
#2079=CARTESIAN_POINT('',(2.55656866371796E-31,1.016,148.44));
#2080=CARTESIAN_POINT('',(2.84074666797117E-31,1.016,164.94));
#2081=CARTESIAN_POINT('Origin',(0.,1.016,149.94));
#2082=CARTESIAN_POINT('',(170.75,1.016,26.16));
#2083=CARTESIAN_POINT('Origin',(170.75,1.016,27.86));
#2084=CARTESIAN_POINT('',(12.,1.016,158.24));
#2085=CARTESIAN_POINT('Origin',(12.,1.016,159.94));
#2086=CARTESIAN_POINT('',(12.,1.016,3.3));
#2087=CARTESIAN_POINT('Origin',(12.,1.016,5.));
#2088=CARTESIAN_POINT('',(170.75,1.016,158.24));
#2089=CARTESIAN_POINT('Origin',(170.75,1.016,159.94));
#2090=CARTESIAN_POINT('',(19.5,1.016,152.44));
#2091=CARTESIAN_POINT('',(19.5,1.016,12.5));
#2092=CARTESIAN_POINT('',(19.5,1.016,117.455));
#2093=CARTESIAN_POINT('',(163.25,1.016,12.5));
#2094=CARTESIAN_POINT('',(79.75,1.016,12.5));
#2095=CARTESIAN_POINT('',(163.25,1.016,152.44));
#2096=CARTESIAN_POINT('',(163.25,1.016,47.485));
#2097=CARTESIAN_POINT('',(151.625,1.016,152.44));
#2098=CARTESIAN_POINT('Origin',(0.,0.,164.94));
#2099=CARTESIAN_POINT('',(280.,0.,164.94));
#2100=CARTESIAN_POINT('',(280.,0.,164.94));
#2101=CARTESIAN_POINT('',(280.,0.,164.94));
#2102=CARTESIAN_POINT('Origin',(5.40214460604696E-17,-1.016,82.47));
#2103=CARTESIAN_POINT('Origin',(9.82172380539203E-17,-1.016,149.94));
#2104=CARTESIAN_POINT('',(0.,0.,41.235));
#2105=CARTESIAN_POINT('Ctrl Pts',(-1.73705602592531,0.0383530541505411,
15.));
#2106=CARTESIAN_POINT('Ctrl Pts',(-1.73705602592531,0.0383530541505411,
14.6634007871154));
#2107=CARTESIAN_POINT('Ctrl Pts',(-1.6169376484578,0.290511022446375,14.1043143549831));
#2108=CARTESIAN_POINT('Ctrl Pts',(-0.932873993247266,0.86165069404738,13.6025391970501));
#2109=CARTESIAN_POINT('Ctrl Pts',(-0.311665937856131,1.016,13.5));
#2110=CARTESIAN_POINT('Ctrl Pts',(-2.58573728745822E-16,1.016,13.5));
#2111=CARTESIAN_POINT('Ctrl Pts',(-1.44754668827109,-0.137372454874549,
15.));
#2112=CARTESIAN_POINT('Ctrl Pts',(-1.44754668827109,-0.137372454874549,
14.6634007871154));
#2113=CARTESIAN_POINT('Ctrl Pts',(-1.3474480403815,0.0727591853719794,14.1043143549831));
#2114=CARTESIAN_POINT('Ctrl Pts',(-0.777394994372721,0.54870891170615,13.6025391970501));
#2115=CARTESIAN_POINT('Ctrl Pts',(-0.259721614880109,0.677333333333333,
13.5));
#2116=CARTESIAN_POINT('Ctrl Pts',(-2.14004259178132E-16,0.677333333333333,
13.5));
#2117=CARTESIAN_POINT('Ctrl Pts',(-1.15803735061687,-0.313097963899639,
15.));
#2118=CARTESIAN_POINT('Ctrl Pts',(-1.15803735061687,-0.313097963899639,
14.6634007871154));
#2119=CARTESIAN_POINT('Ctrl Pts',(-1.0779584323052,-0.144992651702417,14.1043143549831));
#2120=CARTESIAN_POINT('Ctrl Pts',(-0.621915995498177,0.23576712936492,13.6025391970501));
#2121=CARTESIAN_POINT('Ctrl Pts',(-0.207777291904087,0.338666666666667,
13.5));
#2122=CARTESIAN_POINT('Ctrl Pts',(-1.69434789610442E-16,0.338666666666667,
13.5));
#2123=CARTESIAN_POINT('Ctrl Pts',(-0.868528012962654,-0.488823472924729,
15.));
#2124=CARTESIAN_POINT('Ctrl Pts',(-0.868528012962654,-0.488823472924729,
14.6634007871154));
#2125=CARTESIAN_POINT('Ctrl Pts',(-0.808468824228902,-0.362744488776812,
14.1043143549831));
#2126=CARTESIAN_POINT('Ctrl Pts',(-0.466436996623633,-0.07717465297631,
13.6025391970501));
#2127=CARTESIAN_POINT('Ctrl Pts',(-0.155832968928065,-2.05080495067386E-17,
13.5));
#2128=CARTESIAN_POINT('Ctrl Pts',(-1.24865320042752E-16,0.,13.5));
#2129=CARTESIAN_POINT('',(-4.51783574001526E-17,0.508,13.5));
#2130=CARTESIAN_POINT('',(-1.73705602592531,0.0383530541505411,15.));
#2131=CARTESIAN_POINT('Ctrl Pts',(-1.73705602592531,0.0383530541505411,
15.));
#2132=CARTESIAN_POINT('Ctrl Pts',(-1.73705602592531,0.0383530541505411,
14.6634007871154));
#2133=CARTESIAN_POINT('Ctrl Pts',(-1.6169376484578,0.290511022446375,14.1043143549831));
#2134=CARTESIAN_POINT('Ctrl Pts',(-0.932873993247266,0.86165069404738,13.6025391970501));
#2135=CARTESIAN_POINT('Ctrl Pts',(-0.311665937856131,1.016,13.5));
#2136=CARTESIAN_POINT('Ctrl Pts',(-2.58573728745822E-16,1.016,13.5));
#2137=CARTESIAN_POINT('',(-1.30279201944398,-0.225235209387094,15.));
#2138=CARTESIAN_POINT('Origin',(140.,0.,82.47));
#2139=CARTESIAN_POINT('',(2.55656866371796E-31,0.,148.44));
#2140=CARTESIAN_POINT('Origin',(0.,0.,149.94));
#2141=CARTESIAN_POINT('',(0.,0.,16.5));
#2142=CARTESIAN_POINT('',(2.84074666797117E-31,0.,164.94));
#2143=CARTESIAN_POINT('Origin',(0.,0.,15.));
#2144=CARTESIAN_POINT('',(168.25,0.,1.37228928304072E-30));
#2145=CARTESIAN_POINT('',(210.,0.,0.));
#2146=CARTESIAN_POINT('',(178.25,0.,10.));
#2147=CARTESIAN_POINT('',(184.305,-3.46944695195361E-17,16.055));
#2148=CARTESIAN_POINT('',(178.25,0.,104.94));
#2149=CARTESIAN_POINT('',(178.25,0.,98.705));
#2150=CARTESIAN_POINT('',(188.25,0.,114.94));
#2151=CARTESIAN_POINT('',(165.57,0.,92.26));
#2152=CARTESIAN_POINT('',(260.,0.,114.94));
#2153=CARTESIAN_POINT('',(205.,0.,114.94));
#2154=CARTESIAN_POINT('',(270.,0.,104.94));
#2155=CARTESIAN_POINT('',(240.6175,-6.93889390390723E-17,134.3225));
#2156=CARTESIAN_POINT('',(270.,0.,10.));
#2157=CARTESIAN_POINT('',(270.,0.,41.235));
#2158=CARTESIAN_POINT('',(280.,0.,-2.30084430689462E-30));
#2159=CARTESIAN_POINT('',(221.8825,-3.46944695195361E-17,58.1175));
#2160=CARTESIAN_POINT('',(280.,0.,13.5));
#2161=CARTESIAN_POINT('',(280.,0.,41.235));
#2162=CARTESIAN_POINT('',(280.,0.,16.5));
#2163=CARTESIAN_POINT('Origin',(280.,0.,15.));
#2164=CARTESIAN_POINT('',(280.,0.,148.44));
#2165=CARTESIAN_POINT('',(280.,0.,8.32001735975286E-31));
#2166=CARTESIAN_POINT('',(280.,0.,151.44));
#2167=CARTESIAN_POINT('Origin',(280.,0.,149.94));
#2168=CARTESIAN_POINT('',(280.,0.,41.235));
#2169=CARTESIAN_POINT('',(19.5,0.,12.5));
#2170=CARTESIAN_POINT('',(19.5,0.,152.44));
#2171=CARTESIAN_POINT('',(19.5,0.,117.455));
#2172=CARTESIAN_POINT('',(163.25,0.,152.44));
#2173=CARTESIAN_POINT('',(151.625,0.,152.44));
#2174=CARTESIAN_POINT('',(163.25,0.,12.5));
#2175=CARTESIAN_POINT('',(163.25,0.,47.485));
#2176=CARTESIAN_POINT('',(79.75,0.,12.5));
#2177=CARTESIAN_POINT('',(170.75,0.,158.24));
#2178=CARTESIAN_POINT('Origin',(170.75,0.,159.94));
#2179=CARTESIAN_POINT('',(12.,0.,3.3));
#2180=CARTESIAN_POINT('Origin',(12.,0.,5.));
#2181=CARTESIAN_POINT('',(12.,0.,158.24));
#2182=CARTESIAN_POINT('Origin',(12.,0.,159.94));
#2183=CARTESIAN_POINT('',(170.75,0.,26.16));
#2184=CARTESIAN_POINT('Origin',(170.75,0.,27.86));
#2185=CARTESIAN_POINT('Origin',(280.,0.,8.32001735975286E-31));
#2186=CARTESIAN_POINT('',(168.25,0.508,0.));
#2187=CARTESIAN_POINT('Origin',(5.40214460604696E-17,-1.016,82.47));
#2188=CARTESIAN_POINT('Origin',(9.82565406701884E-18,-1.016,15.));
#2189=CARTESIAN_POINT('Origin',(281.015999999999,141.282137857954,82.47));
#2190=CARTESIAN_POINT('',(281.016,-1.01599999999998,164.94));
#2191=CARTESIAN_POINT('',(281.016,-1.01599999999998,149.94));
#2192=CARTESIAN_POINT('',(281.016,-1.01600000000001,41.235));
#2193=CARTESIAN_POINT('',(281.016,-8.71786214204601,149.94));
#2194=CARTESIAN_POINT('',(281.016,71.282137857954,149.94));
#2195=CARTESIAN_POINT('',(281.016,-13.717862142046,154.94));
#2196=CARTESIAN_POINT('Ctrl Pts',(281.016,-13.717862142046,154.94));
#2197=CARTESIAN_POINT('Ctrl Pts',(281.016,-13.717862142046,154.566000874573));
#2198=CARTESIAN_POINT('Ctrl Pts',(281.016,-13.7159588830968,154.195965281272));
#2199=CARTESIAN_POINT('Ctrl Pts',(281.016,-13.6740300591288,153.827332110036));
#2200=CARTESIAN_POINT('Ctrl Pts',(281.016,-13.6321012351609,153.4586989388));
#2201=CARTESIAN_POINT('Ctrl Pts',(281.016,-13.5501468461742,153.09146818963));
#2202=CARTESIAN_POINT('Ctrl Pts',(281.016,-13.4111157905095,152.732644138468));
#2203=CARTESIAN_POINT('Ctrl Pts',(281.016,-13.2720847348449,152.373820087307));
#2204=CARTESIAN_POINT('Ctrl Pts',(281.016,-13.0759770125023,152.023402734156));
#2205=CARTESIAN_POINT('Ctrl Pts',(281.016,-12.8287634811496,151.698962379285));
#2206=CARTESIAN_POINT('Ctrl Pts',(281.016,-12.5815499497968,151.374522024415));
#2207=CARTESIAN_POINT('Ctrl Pts',(281.016,-12.2832306094339,151.076058667826));
#2208=CARTESIAN_POINT('Ctrl Pts',(281.016,-11.9589291503965,150.828991588597));
#2209=CARTESIAN_POINT('Ctrl Pts',(281.016,-11.6346276913591,150.581924509369));
#2210=CARTESIAN_POINT('Ctrl Pts',(281.016,-11.2843441136473,150.386253707502));
#2211=CARTESIAN_POINT('Ctrl Pts',(281.016,-10.9255278575459,150.247284139887));
#2212=CARTESIAN_POINT('Ctrl Pts',(281.016,-10.5667116014446,150.108314572272));
#2213=CARTESIAN_POINT('Ctrl Pts',(281.016,-10.1993626669537,150.026046238909));
#2214=CARTESIAN_POINT('Ctrl Pts',(281.016,-9.83065008346087,149.983967595841));
#2215=CARTESIAN_POINT('Ctrl Pts',(281.016,-9.46193749996807,149.941888952773));
#2216=CARTESIAN_POINT('Ctrl Pts',(281.016,-9.09186126747337,149.94));
#2217=CARTESIAN_POINT('Ctrl Pts',(281.016,-8.71786214204602,149.94));
#2218=CARTESIAN_POINT('',(281.016,-13.717862142046,159.94));
#2219=CARTESIAN_POINT('',(281.016,-13.717862142046,116.205));
#2220=CARTESIAN_POINT('',(281.016,-8.71786214204601,164.94));
#2221=CARTESIAN_POINT('Ctrl Pts',(281.016,-8.71786214204601,164.94));
#2222=CARTESIAN_POINT('Ctrl Pts',(281.016,-9.09186126747337,164.94));
#2223=CARTESIAN_POINT('Ctrl Pts',(281.016,-9.46189682595329,164.9380967336));
#2224=CARTESIAN_POINT('Ctrl Pts',(281.016,-9.83052997257387,164.896167911855));
#2225=CARTESIAN_POINT('Ctrl Pts',(281.016,-10.1991631191944,164.85423909011));
#2226=CARTESIAN_POINT('Ctrl Pts',(281.016,-10.5663938539557,164.772284713022));
#2227=CARTESIAN_POINT('Ctrl Pts',(281.016,-10.9252178901417,164.633253660988));
#2228=CARTESIAN_POINT('Ctrl Pts',(281.016,-11.2840419263278,164.494222608955));
#2229=CARTESIAN_POINT('Ctrl Pts',(281.016,-11.6344592639387,164.298114881978));
#2230=CARTESIAN_POINT('Ctrl Pts',(281.016,-11.9588996065558,164.050901356037));
#2231=CARTESIAN_POINT('Ctrl Pts',(281.016,-12.2833399491729,163.803687830096));
#2232=CARTESIAN_POINT('Ctrl Pts',(281.016,-12.5818032967961,163.505368505192));
#2233=CARTESIAN_POINT('Ctrl Pts',(281.016,-12.8288703663614,163.181067059204));
#2234=CARTESIAN_POINT('Ctrl Pts',(281.016,-13.0759374359266,162.856765613216));
#2235=CARTESIAN_POINT('Ctrl Pts',(281.016,-13.2716082274339,162.506482046144));
#2236=CARTESIAN_POINT('Ctrl Pts',(281.016,-13.4105777973424,162.147665792405));
#2237=CARTESIAN_POINT('Ctrl Pts',(281.016,-13.5495473672509,161.788849538666));
#2238=CARTESIAN_POINT('Ctrl Pts',(281.016,-13.6318157155606,161.42150059826));
#2239=CARTESIAN_POINT('Ctrl Pts',(281.016,-13.6738944092594,161.05278799495));
#2240=CARTESIAN_POINT('Ctrl Pts',(281.016,-13.7159731029582,160.68407539164));
#2241=CARTESIAN_POINT('Ctrl Pts',(281.016,-13.717862142046,160.313999125427));
#2242=CARTESIAN_POINT('Ctrl Pts',(281.016,-13.717862142046,159.94));
#2243=CARTESIAN_POINT('',(281.016,1.28213785795399,164.94));
#2244=CARTESIAN_POINT('',(281.016,-6.21786214204601,155.19));
#2245=CARTESIAN_POINT('Origin',(281.016,-6.21786214204601,157.44));
#2246=CARTESIAN_POINT('Origin',(282.032,-1.01599999999999,164.94));
#2247=CARTESIAN_POINT('',(282.032,-1.01599999999998,164.94));
#2248=CARTESIAN_POINT('',(281.016,-1.01599999999998,164.94));
#2249=CARTESIAN_POINT('Origin',(280.,-1.016,164.94));
#2250=CARTESIAN_POINT('Origin',(280.,-1.016,164.94));
#2251=CARTESIAN_POINT('Origin',(280.,-1.016,82.47));
#2252=CARTESIAN_POINT('',(282.032,-1.01599999999998,149.94));
#2253=CARTESIAN_POINT('',(282.032,-1.01600000000001,41.235));
#2254=CARTESIAN_POINT('',(281.737056025925,0.0383530541505511,149.94));
#2255=CARTESIAN_POINT('Origin',(280.,-1.016,149.94));
#2256=CARTESIAN_POINT('Ctrl Pts',(281.737056025925,0.0383530541505511,149.94));
#2257=CARTESIAN_POINT('Ctrl Pts',(281.737056025925,0.0383530541505512,150.276599212885));
#2258=CARTESIAN_POINT('Ctrl Pts',(281.618024750569,0.291988641165194,150.835489613376));
#2259=CARTESIAN_POINT('Ctrl Pts',(280.9331517398,0.861586985908753,151.337314579523));
#2260=CARTESIAN_POINT('Ctrl Pts',(280.311665937856,1.016,151.44));
#2261=CARTESIAN_POINT('Ctrl Pts',(280.,1.016,151.44));
#2262=CARTESIAN_POINT('Origin',(282.032,1.28213785795399,149.94));
#2263=CARTESIAN_POINT('',(281.524,-1.01600000000001,149.94));
#2264=CARTESIAN_POINT('',(282.032,-8.71786214204601,149.94));
#2265=CARTESIAN_POINT('',(282.032,-13.717862142046,149.94));
#2266=CARTESIAN_POINT('',(282.032,-8.71786214204601,149.94));
#2267=CARTESIAN_POINT('Origin',(282.032,-13.717862142046,15.));
#2268=CARTESIAN_POINT('',(282.032,-1.01599999999998,15.));
#2269=CARTESIAN_POINT('',(281.016,-1.01599999999998,15.));
#2270=CARTESIAN_POINT('',(281.524,-1.01600000000001,15.));
#2271=CARTESIAN_POINT('',(281.016,-8.71786214204601,15.));
#2272=CARTESIAN_POINT('',(281.016,63.782137857954,15.));
#2273=CARTESIAN_POINT('',(282.032,-8.71786214204601,15.));
#2274=CARTESIAN_POINT('',(282.032,-8.71786214204601,15.));
#2275=CARTESIAN_POINT('',(282.032,-13.717862142046,15.));
#2276=CARTESIAN_POINT('Origin',(280.,-1.016,82.47));
#2277=CARTESIAN_POINT('',(282.032,-1.01599999999998,-7.55379629561768E-32));
#2278=CARTESIAN_POINT('',(282.032,-1.01600000000001,41.235));
#2279=CARTESIAN_POINT('Origin',(280.,-1.016,0.));
#2280=CARTESIAN_POINT('',(281.737056025925,0.0383530541505511,15.));
#2281=CARTESIAN_POINT('Ctrl Pts',(280.,1.016,13.5));
#2282=CARTESIAN_POINT('Ctrl Pts',(280.467498906784,1.016,13.5));
#2283=CARTESIAN_POINT('Ctrl Pts',(280.915580760023,0.827753517037786,13.6180897074004));
#2284=CARTESIAN_POINT('Ctrl Pts',(281.211258282424,0.612924018500495,13.8275423514214));
#2285=CARTESIAN_POINT('Ctrl Pts',(281.408376630692,0.469704352808968,13.9671774474354));
#2286=CARTESIAN_POINT('Ctrl Pts',(281.53775972081,0.314670013528517,14.1474182930586));
#2287=CARTESIAN_POINT('Ctrl Pts',(281.619929569618,0.206832188863913,14.3495240623856));
#2288=CARTESIAN_POINT('Ctrl Pts',(281.702099418426,0.0989943641993087,14.5516298317127));
#2289=CARTESIAN_POINT('Ctrl Pts',(281.737056025925,0.0383530541505511,14.7756005247436));
#2290=CARTESIAN_POINT('Ctrl Pts',(281.737056025925,0.0383530541505511,15.));
#2291=CARTESIAN_POINT('Origin',(280.,-1.016,15.));
#2292=CARTESIAN_POINT('Origin',(281.016,-1.01599999999999,0.));
#2293=CARTESIAN_POINT('',(281.016,-1.01599999999998,-2.37638226985079E-30));
#2294=CARTESIAN_POINT('',(281.016,-1.01600000000001,8.38830502715744E-31));
#2295=CARTESIAN_POINT('Origin',(280.,-1.016,0.));
#2296=CARTESIAN_POINT('',(280.,0.508,0.));
#2297=CARTESIAN_POINT('Origin',(281.015999999999,141.282137857954,82.47));
#2298=CARTESIAN_POINT('',(281.016,-1.01600000000001,41.235));
#2299=CARTESIAN_POINT('',(281.016,-8.71786214204601,-2.62953635073671E-30));
#2300=CARTESIAN_POINT('',(281.016,71.282137857954,0.));
#2301=CARTESIAN_POINT('',(281.016,-13.717862142046,5.));
#2302=CARTESIAN_POINT('Ctrl Pts',(281.016,-13.717862142046,5.));
#2303=CARTESIAN_POINT('Ctrl Pts',(281.016,-13.717862142046,4.62600087457264));
#2304=CARTESIAN_POINT('Ctrl Pts',(281.016,-13.7159591212274,4.25596425915801));
#2305=CARTESIAN_POINT('Ctrl Pts',(281.016,-13.6740302346491,3.88733035940811));
#2306=CARTESIAN_POINT('Ctrl Pts',(281.016,-13.6321013480708,3.5186964596582));
#2307=CARTESIAN_POINT('Ctrl Pts',(281.016,-13.5501465957328,3.15146527557301));
#2308=CARTESIAN_POINT('Ctrl Pts',(281.016,-13.4111154323586,2.79264077870968));
#2309=CARTESIAN_POINT('Ctrl Pts',(281.016,-13.2720842689844,2.43381628184634));
#2310=CARTESIAN_POINT('Ctrl Pts',(281.016,-13.0759766945739,2.08339847220486));
#2311=CARTESIAN_POINT('Ctrl Pts',(281.016,-12.8287629998801,1.75895774780273));
#2312=CARTESIAN_POINT('Ctrl Pts',(281.016,-12.5815493051862,1.43451702340061));
#2313=CARTESIAN_POINT('Ctrl Pts',(281.016,-12.2832294902089,1.13605338423782));
#2314=CARTESIAN_POINT('Ctrl Pts',(281.016,-11.9589276305311,0.888986001919565));
#2315=CARTESIAN_POINT('Ctrl Pts',(281.016,-11.6346257708533,0.641918619601305));
#2316=CARTESIAN_POINT('Ctrl Pts',(281.016,-11.2843418664749,0.446247494127567));
#2317=CARTESIAN_POINT('Ctrl Pts',(281.016,-10.9255255360214,0.307277988453598));
#2318=CARTESIAN_POINT('Ctrl Pts',(281.016,-10.5667092055678,0.168308482779629));
#2319=CARTESIAN_POINT('Ctrl Pts',(281.016,-10.1993604490391,0.0860405969054309));
#2320=CARTESIAN_POINT('Ctrl Pts',(281.016,-9.83064846451546,0.0439634762105266));
#2321=CARTESIAN_POINT('Ctrl Pts',(281.016,-9.46193647999186,0.00188635551562246));
#2322=CARTESIAN_POINT('Ctrl Pts',(281.016,-9.09186126747337,1.25940924355916E-14));
#2323=CARTESIAN_POINT('Ctrl Pts',(281.016,-8.71786214204601,1.55691431968918E-14));
#2324=CARTESIAN_POINT('',(281.016,-13.717862142046,10.));
#2325=CARTESIAN_POINT('',(281.016,-13.717862142046,41.235));
#2326=CARTESIAN_POINT('Ctrl Pts',(281.016,-8.71786214204601,15.));
#2327=CARTESIAN_POINT('Ctrl Pts',(281.016,-9.09186126747337,15.));
#2328=CARTESIAN_POINT('Ctrl Pts',(281.016,-9.46189781222113,14.9980969614441));
#2329=CARTESIAN_POINT('Ctrl Pts',(281.016,-9.83053166121142,14.9561680790216));
#2330=CARTESIAN_POINT('Ctrl Pts',(281.016,-10.1991655102017,14.9142391965991));
#2331=CARTESIAN_POINT('Ctrl Pts',(281.016,-10.5663966634345,14.8322844703101));
#2332=CARTESIAN_POINT('Ctrl Pts',(281.016,-10.9252211290825,14.693253314455));
#2333=CARTESIAN_POINT('Ctrl Pts',(281.016,-11.2840455947305,14.5542221585999));
#2334=CARTESIAN_POINT('Ctrl Pts',(281.016,-11.6344633727937,14.3581145731787));
#2335=CARTESIAN_POINT('Ctrl Pts',(281.016,-11.9589040710031,14.1109008900698));
#2336=CARTESIAN_POINT('Ctrl Pts',(281.016,-12.2833447692125,13.8636872069609));
#2337=CARTESIAN_POINT('Ctrl Pts',(281.016,-12.5818083875681,13.5653674261643));
#2338=CARTESIAN_POINT('Ctrl Pts',(281.016,-12.8288757476555,13.2410655953403));
#2339=CARTESIAN_POINT('Ctrl Pts',(281.016,-13.0759431077428,12.9167637645163));
#2340=CARTESIAN_POINT('Ctrl Pts',(281.016,-13.2716142095619,12.5664798836648));
#2341=CARTESIAN_POINT('Ctrl Pts',(281.016,-13.4105837191636,12.2076635586814));
#2342=CARTESIAN_POINT('Ctrl Pts',(281.016,-13.5495532287653,11.8488472336979));
#2343=CARTESIAN_POINT('Ctrl Pts',(281.016,-13.6318211461496,11.4814984645824));
#2344=CARTESIAN_POINT('Ctrl Pts',(281.016,-13.6738983744698,11.1127864375148));
#2345=CARTESIAN_POINT('Ctrl Pts',(281.016,-13.7159756027899,10.7440744104471));
#2346=CARTESIAN_POINT('Ctrl Pts',(281.016,-13.717862142046,10.3739991254274));
#2347=CARTESIAN_POINT('Ctrl Pts',(281.016,-13.717862142046,10.));
#2348=CARTESIAN_POINT('',(281.016,-6.21786214204601,5.25));
#2349=CARTESIAN_POINT('Origin',(281.016,-6.21786214204601,7.5));
#2350=CARTESIAN_POINT('Origin',(281.015999999998,281.282137857954,164.94));
#2351=CARTESIAN_POINT('',(282.032,-8.71786214204601,164.94));
#2352=CARTESIAN_POINT('',(281.524,-8.71786214204601,164.94));
#2353=CARTESIAN_POINT('',(282.031999999998,281.282137857954,164.94));
#2354=CARTESIAN_POINT('Origin',(-2.03199999999999,141.282137857954,82.47));
#2355=CARTESIAN_POINT('',(-2.032,-13.717862142046,154.94));
#2356=CARTESIAN_POINT('Ctrl Pts',(-2.032,-13.717862142046,154.94));
#2357=CARTESIAN_POINT('Ctrl Pts',(-2.032,-13.717862142046,154.566000874573));
#2358=CARTESIAN_POINT('Ctrl Pts',(-2.032,-13.7159813147062,154.195927868434));
#2359=CARTESIAN_POINT('Ctrl Pts',(-2.032,-13.6739074265078,153.827217176183));
#2360=CARTESIAN_POINT('Ctrl Pts',(-2.032,-13.6318335383093,153.458506483932));
#2361=CARTESIAN_POINT('Ctrl Pts',(-2.032,-13.5495665892521,153.09115810557));
#2362=CARTESIAN_POINT('Ctrl Pts',(-2.032,-13.4105971683813,152.732341595128));
#2363=CARTESIAN_POINT('Ctrl Pts',(-2.032,-13.2716277475105,152.373525084686));
#2364=CARTESIAN_POINT('Ctrl Pts',(-2.032,-13.075955854826,152.023240442165));
#2365=CARTESIAN_POINT('Ctrl Pts',(-2.032,-12.8288877464417,151.698937677266));
#2366=CARTESIAN_POINT('Ctrl Pts',(-2.032,-12.5818196380575,151.374634912367));
#2367=CARTESIAN_POINT('Ctrl Pts',(-2.032,-12.2833553139733,151.076314025091));
#2368=CARTESIAN_POINT('Ctrl Pts',(-2.032,-11.958913798369,150.829099980154));
#2369=CARTESIAN_POINT('Ctrl Pts',(-2.032,-11.6344722827647,150.581885935218));
#2370=CARTESIAN_POINT('Ctrl Pts',(-2.032,-11.2840535756401,150.385778732621));
#2371=CARTESIAN_POINT('Ctrl Pts',(-2.032,-10.925228162819,150.246747350484));
#2372=CARTESIAN_POINT('Ctrl Pts',(-2.032,-10.5664027499978,150.107715968348));
#2373=CARTESIAN_POINT('Ctrl Pts',(-2.032,-10.19917063148,150.025760406671));
#2374=CARTESIAN_POINT('Ctrl Pts',(-2.032,-9.83053526084892,149.983831414584));
#2375=CARTESIAN_POINT('Ctrl Pts',(-2.032,-9.46189989021781,149.941902422497));
#2376=CARTESIAN_POINT('Ctrl Pts',(-2.032,-9.09186126747335,149.94));
#2377=CARTESIAN_POINT('Ctrl Pts',(-2.032,-8.71786214204599,149.94));
#2378=CARTESIAN_POINT('',(-2.032,-13.717862142046,159.94));
#2379=CARTESIAN_POINT('',(-2.032,-13.717862142046,164.94));
#2380=CARTESIAN_POINT('',(-2.032,-8.71786214204599,164.94));
#2381=CARTESIAN_POINT('Ctrl Pts',(-2.032,-8.71786214204599,164.94));
#2382=CARTESIAN_POINT('Ctrl Pts',(-2.032,-9.09186126747335,164.94));
#2383=CARTESIAN_POINT('Ctrl Pts',(-2.032,-9.46193447859895,164.938118664197));
#2384=CARTESIAN_POINT('Ctrl Pts',(-2.032,-9.83064529070387,164.896044479159));
#2385=CARTESIAN_POINT('Ctrl Pts',(-2.032,-10.1993561028088,164.85397029412));
#2386=CARTESIAN_POINT('Ctrl Pts',(-2.032,-10.566704515893,164.771703259846));
#2387=CARTESIAN_POINT('Ctrl Pts',(-2.032,-10.9255210085114,164.632733833926));
#2388=CARTESIAN_POINT('Ctrl Pts',(-2.032,-11.2843375011298,164.493764408005));
#2389=CARTESIAN_POINT('Ctrl Pts',(-2.032,-11.6346220732824,164.298092590439));
#2390=CARTESIAN_POINT('Ctrl Pts',(-2.032,-11.9589247518875,164.05102455351));
#2391=CARTESIAN_POINT('Ctrl Pts',(-2.032,-12.2832274304927,163.803956516581));
#2392=CARTESIAN_POINT('Ctrl Pts',(-2.032,-12.5815482155504,163.505492260289));
#2393=CARTESIAN_POINT('Ctrl Pts',(-2.032,-12.8287622281599,163.181050817685));
#2394=CARTESIAN_POINT('Ctrl Pts',(-2.032,-13.0759762407693,162.856609375081));
#2395=CARTESIAN_POINT('Ctrl Pts',(-2.032,-13.2720834809305,162.506190746166));
#2396=CARTESIAN_POINT('Ctrl Pts',(-2.032,-13.411114843565,162.147365415675));
#2397=CARTESIAN_POINT('Ctrl Pts',(-2.032,-13.5501462061994,161.788540085185));
#2398=CARTESIAN_POINT('Ctrl Pts',(-2.032,-13.6321016913071,161.421308053121));
#2399=CARTESIAN_POINT('Ctrl Pts',(-2.032,-13.6740306752688,161.052672813181));
#2400=CARTESIAN_POINT('Ctrl Pts',(-2.032,-13.7159596592304,160.684037573242));
#2401=CARTESIAN_POINT('Ctrl Pts',(-2.032,-13.717862142046,160.313999125427));
#2402=CARTESIAN_POINT('Ctrl Pts',(-2.032,-13.717862142046,159.94));
#2403=CARTESIAN_POINT('',(-2.032,1.28213785795401,164.94));
#2404=CARTESIAN_POINT('',(-2.032,-6.217862142046,155.19));
#2405=CARTESIAN_POINT('Origin',(-2.032,-6.217862142046,157.44));
#2406=CARTESIAN_POINT('Origin',(280.,0.508,149.94));
#2407=CARTESIAN_POINT('',(280.,0.508,151.44));
#2408=CARTESIAN_POINT('',(280.,0.508,148.44));
#2409=CARTESIAN_POINT('Origin',(280.,-1.016,82.47));
#2410=CARTESIAN_POINT('',(280.868528012963,-0.488823472924725,149.94));
#2411=CARTESIAN_POINT('Ctrl Pts',(280.,0.,151.44));
#2412=CARTESIAN_POINT('Ctrl Pts',(280.155832968928,0.,151.44));
#2413=CARTESIAN_POINT('Ctrl Pts',(280.311204419414,-0.0386032535228117,
151.388657289762));
#2414=CARTESIAN_POINT('Ctrl Pts',(280.437809645426,-0.098590476337329,151.291296653764));
#2415=CARTESIAN_POINT('Ctrl Pts',(280.564414871438,-0.158577699151846,151.193936017767));
#2416=CARTESIAN_POINT('Ctrl Pts',(280.662253872977,-0.239948891258069,151.05055745601));
#2417=CARTESIAN_POINT('Ctrl Pts',(280.730479775928,-0.309062453482974,150.875107854878));
#2418=CARTESIAN_POINT('Ctrl Pts',(280.832818630356,-0.412732796820332,150.611933453179));
#2419=CARTESIAN_POINT('Ctrl Pts',(280.868528012963,-0.488823472924725,150.276599212885));
#2420=CARTESIAN_POINT('Ctrl Pts',(280.868528012963,-0.488823472924725,149.94));
#2421=CARTESIAN_POINT('Origin',(280.,-1.016,149.94));
#2422=CARTESIAN_POINT('Origin',(282.031999999999,141.282137857954,82.47));
#2423=CARTESIAN_POINT('',(282.032,-13.717862142046,10.));
#2424=CARTESIAN_POINT('Ctrl Pts',(282.032,-13.717862142046,10.));
#2425=CARTESIAN_POINT('Ctrl Pts',(282.032,-13.717862142046,10.3739991254274));
#2426=CARTESIAN_POINT('Ctrl Pts',(282.032,-13.7159756027899,10.7440744104471));
#2427=CARTESIAN_POINT('Ctrl Pts',(282.032,-13.6738983744698,11.1127864375148));
#2428=CARTESIAN_POINT('Ctrl Pts',(282.032,-13.6318211461496,11.4814984645824));
#2429=CARTESIAN_POINT('Ctrl Pts',(282.032,-13.5495532287653,11.8488472336979));
#2430=CARTESIAN_POINT('Ctrl Pts',(282.032,-13.4105837191636,12.2076635586814));
#2431=CARTESIAN_POINT('Ctrl Pts',(282.032,-13.2716142095619,12.5664798836648));
#2432=CARTESIAN_POINT('Ctrl Pts',(282.032,-13.0759431077428,12.9167637645163));
#2433=CARTESIAN_POINT('Ctrl Pts',(282.032,-12.8288757476555,13.2410655953403));
#2434=CARTESIAN_POINT('Ctrl Pts',(282.032,-12.5818083875681,13.5653674261643));
#2435=CARTESIAN_POINT('Ctrl Pts',(282.032,-12.2833447692124,13.8636872069609));
#2436=CARTESIAN_POINT('Ctrl Pts',(282.032,-11.958904071003,14.1109008900698));
#2437=CARTESIAN_POINT('Ctrl Pts',(282.032,-11.6344633727936,14.3581145731787));
#2438=CARTESIAN_POINT('Ctrl Pts',(282.032,-11.2840455947305,14.5542221585999));
#2439=CARTESIAN_POINT('Ctrl Pts',(282.032,-10.9252211290825,14.693253314455));
#2440=CARTESIAN_POINT('Ctrl Pts',(282.032,-10.5663966634345,14.8322844703101));
#2441=CARTESIAN_POINT('Ctrl Pts',(282.032,-10.1991655102017,14.9142391965991));
#2442=CARTESIAN_POINT('Ctrl Pts',(282.032,-9.83053166121142,14.9561680790216));
#2443=CARTESIAN_POINT('Ctrl Pts',(282.032,-9.46189781222113,14.9980969614441));
#2444=CARTESIAN_POINT('Ctrl Pts',(282.032,-9.09186126747337,15.));
#2445=CARTESIAN_POINT('Ctrl Pts',(282.032,-8.71786214204601,15.));
#2446=CARTESIAN_POINT('',(282.032,-13.717862142046,5.));
#2447=CARTESIAN_POINT('',(282.032,-13.717862142046,-4.93038065763132E-31));
#2448=CARTESIAN_POINT('',(282.032,-8.71786214204601,-3.28692043842088E-31));
#2449=CARTESIAN_POINT('Ctrl Pts',(282.032,-8.71786214204601,1.55517959621321E-14));
#2450=CARTESIAN_POINT('Ctrl Pts',(282.032,-9.09186126747337,1.25854188182117E-14));
#2451=CARTESIAN_POINT('Ctrl Pts',(282.032,-9.46193647999185,0.00188635551562235));
#2452=CARTESIAN_POINT('Ctrl Pts',(282.032,-9.83064846451546,0.0439634762105265));
#2453=CARTESIAN_POINT('Ctrl Pts',(282.032,-10.1993604490391,0.0860405969054308));
#2454=CARTESIAN_POINT('Ctrl Pts',(282.032,-10.5667092055678,0.168308482779629));
#2455=CARTESIAN_POINT('Ctrl Pts',(282.032,-10.9255255360214,0.307277988453598));
#2456=CARTESIAN_POINT('Ctrl Pts',(282.032,-11.2843418664749,0.446247494127567));
#2457=CARTESIAN_POINT('Ctrl Pts',(282.032,-11.6346257708533,0.641918619601305));
#2458=CARTESIAN_POINT('Ctrl Pts',(282.032,-11.9589276305311,0.888986001919565));
#2459=CARTESIAN_POINT('Ctrl Pts',(282.032,-12.2832294902089,1.13605338423782));
#2460=CARTESIAN_POINT('Ctrl Pts',(282.032,-12.5815493051862,1.43451702340061));
#2461=CARTESIAN_POINT('Ctrl Pts',(282.032,-12.82876299988,1.75895774780273));
#2462=CARTESIAN_POINT('Ctrl Pts',(282.032,-13.0759766945739,2.08339847220486));
#2463=CARTESIAN_POINT('Ctrl Pts',(282.032,-13.2720842689843,2.43381628184634));
#2464=CARTESIAN_POINT('Ctrl Pts',(282.032,-13.4111154323586,2.79264077870968));
#2465=CARTESIAN_POINT('Ctrl Pts',(282.032,-13.5501465957328,3.15146527557301));
#2466=CARTESIAN_POINT('Ctrl Pts',(282.032,-13.6321013480708,3.5186964596582));
#2467=CARTESIAN_POINT('Ctrl Pts',(282.032,-13.6740302346491,3.88733035940811));
#2468=CARTESIAN_POINT('Ctrl Pts',(282.032,-13.7159591212274,4.25596425915801));
#2469=CARTESIAN_POINT('Ctrl Pts',(282.032,-13.717862142046,4.62600087457264));
#2470=CARTESIAN_POINT('Ctrl Pts',(282.032,-13.717862142046,5.));
#2471=CARTESIAN_POINT('',(282.032,1.28213785795399,0.));
#2472=CARTESIAN_POINT('',(282.032,-6.21786214204601,5.25));
#2473=CARTESIAN_POINT('Origin',(282.032,-6.21786214204601,7.5));
#2474=CARTESIAN_POINT('Origin',(-1.01599999999999,141.282137857954,82.47));
#2475=CARTESIAN_POINT('',(-1.016,-13.717862142046,10.));
#2476=CARTESIAN_POINT('Ctrl Pts',(-1.016,-13.717862142046,10.));
#2477=CARTESIAN_POINT('Ctrl Pts',(-1.016,-13.717862142046,10.3739991254274));
#2478=CARTESIAN_POINT('Ctrl Pts',(-1.016,-13.7157500488797,10.7441569324651));
#2479=CARTESIAN_POINT('Ctrl Pts',(-1.016,-13.6737820986853,11.1128131032427));
#2480=CARTESIAN_POINT('Ctrl Pts',(-1.016,-13.6318141484909,11.4814692740204));
#2481=CARTESIAN_POINT('Ctrl Pts',(-1.016,-13.5499903412684,11.848623808538));
#2482=CARTESIAN_POINT('Ctrl Pts',(-1.016,-13.4110605668967,12.2074135533979));
#2483=CARTESIAN_POINT('Ctrl Pts',(-1.016,-13.272130792525,12.5662032982577));
#2484=CARTESIAN_POINT('Ctrl Pts',(-1.016,-13.0760950510041,12.9166282534598));
#2485=CARTESIAN_POINT('Ctrl Pts',(-1.016,-12.8288897623572,13.2410580817451));
#2486=CARTESIAN_POINT('Ctrl Pts',(-1.016,-12.5816844737102,13.5654879100304));
#2487=CARTESIAN_POINT('Ctrl Pts',(-1.016,-12.2833096379371,13.8639226113989));
#2488=CARTESIAN_POINT('Ctrl Pts',(-1.016,-11.9589484025411,14.1110417834955));
#2489=CARTESIAN_POINT('Ctrl Pts',(-1.016,-11.6345871671452,14.3581609555922));
#2490=CARTESIAN_POINT('Ctrl Pts',(-1.016,-11.2842395321263,14.5539645984169));
#2491=CARTESIAN_POINT('Ctrl Pts',(-1.016,-10.9253997709294,14.6929822401583));
#2492=CARTESIAN_POINT('Ctrl Pts',(-1.016,-10.5665600097325,14.8319998818997));
#2493=CARTESIAN_POINT('Ctrl Pts',(-1.016,-10.1992281223574,14.9142315225579));
#2494=CARTESIAN_POINT('Ctrl Pts',(-1.016,-9.83055343679264,14.9562315520829));
#2495=CARTESIAN_POINT('Ctrl Pts',(-1.016,-9.46187875122786,14.998231581608));
#2496=CARTESIAN_POINT('Ctrl Pts',(-1.016,-9.09186126747335,15.));
#2497=CARTESIAN_POINT('Ctrl Pts',(-1.016,-8.71786214204599,15.));
#2498=CARTESIAN_POINT('',(-1.016,-13.717862142046,5.));
#2499=CARTESIAN_POINT('',(-1.016,-13.717862142046,48.735));
#2500=CARTESIAN_POINT('',(-1.016,-8.71786214204599,-6.550436044672E-18));
#2501=CARTESIAN_POINT('Ctrl Pts',(-1.016,-8.71786214204601,7.22223729145213E-34));
#2502=CARTESIAN_POINT('Ctrl Pts',(-1.016,-9.09186126747336,1.07957834462172E-15));
#2503=CARTESIAN_POINT('Ctrl Pts',(-1.016,-9.46193278326478,0.00192485379504869));
#2504=CARTESIAN_POINT('Ctrl Pts',(-1.016,-9.83058977607799,0.0438924962718983));
#2505=CARTESIAN_POINT('Ctrl Pts',(-1.016,-10.1992467688912,0.085860138748748));
#2506=CARTESIAN_POINT('Ctrl Pts',(-1.016,-10.5664892387262,0.1678705699074));
#2507=CARTESIAN_POINT('Ctrl Pts',(-1.016,-10.9253130757299,0.306872764619796));
#2508=CARTESIAN_POINT('Ctrl Pts',(-1.016,-11.2841369127336,0.445874959332193));
#2509=CARTESIAN_POINT('Ctrl Pts',(-1.016,-11.6345421169059,0.641868917598334));
#2510=CARTESIAN_POINT('Ctrl Pts',(-1.016,-11.9589620102077,0.889052774456028));
#2511=CARTESIAN_POINT('Ctrl Pts',(-1.016,-12.2833819035095,1.13623663131372));
#2512=CARTESIAN_POINT('Ctrl Pts',(-1.016,-12.5818164859407,1.43461038676297));
#2513=CARTESIAN_POINT('Ctrl Pts',(-1.016,-12.828933096113,1.75896482131432));
#2514=CARTESIAN_POINT('Ctrl Pts',(-1.016,-13.0760497062854,2.08331925586568));
#2515=CARTESIAN_POINT('Ctrl Pts',(-1.016,-13.2718483441989,2.43365436951916));
#2516=CARTESIAN_POINT('Ctrl Pts',(-1.016,-13.4108638345541,2.79248841753442));
#2517=CARTESIAN_POINT('Ctrl Pts',(-1.016,-13.5498793249094,3.15132246554967));
#2518=CARTESIAN_POINT('Ctrl Pts',(-1.016,-13.6321116677064,3.51865544792672));
#2519=CARTESIAN_POINT('Ctrl Pts',(-1.016,-13.6741073719905,3.88732505018246));
#2520=CARTESIAN_POINT('Ctrl Pts',(-1.016,-13.7161030762747,4.2559946524382));
#2521=CARTESIAN_POINT('Ctrl Pts',(-1.016,-13.717862142046,4.62600087457264));
#2522=CARTESIAN_POINT('Ctrl Pts',(-1.016,-13.717862142046,5.));
#2523=CARTESIAN_POINT('',(-1.01599999999999,211.282137857954,1.37559156938264E-16));
#2524=CARTESIAN_POINT('',(-1.016,-6.21786214204599,5.25));
#2525=CARTESIAN_POINT('Origin',(-1.016,-6.21786214204599,7.5));
#2526=CARTESIAN_POINT('Ctrl Pts',(280.,1.016,13.5));
#2527=CARTESIAN_POINT('Ctrl Pts',(280.467498906784,1.016,13.5));
#2528=CARTESIAN_POINT('Ctrl Pts',(281.214301995515,0.702255861729643,13.6968161790007));
#2529=CARTESIAN_POINT('Ctrl Pts',(281.667142810927,0.159635674248066,14.3276591386818));
#2530=CARTESIAN_POINT('Ctrl Pts',(281.737056025925,0.0383530541505511,14.7756005247436));
#2531=CARTESIAN_POINT('Ctrl Pts',(281.737056025925,0.0383530541505511,15.));
#2532=CARTESIAN_POINT('Ctrl Pts',(280.,0.677333333333333,13.5));
#2533=CARTESIAN_POINT('Ctrl Pts',(280.38958242232,0.677333333333333,13.5));
#2534=CARTESIAN_POINT('Ctrl Pts',(281.011918329596,0.415879884774703,13.6968161790007));
#2535=CARTESIAN_POINT('Ctrl Pts',(281.389285675773,-0.0363036047932786,
14.3276591386818));
#2536=CARTESIAN_POINT('Ctrl Pts',(281.447546688271,-0.137372454874541,14.7756005247436));
#2537=CARTESIAN_POINT('Ctrl Pts',(281.447546688271,-0.137372454874541,15.));
#2538=CARTESIAN_POINT('Ctrl Pts',(280.,0.338666666666667,13.5));
#2539=CARTESIAN_POINT('Ctrl Pts',(280.311665937856,0.338666666666667,13.5));
#2540=CARTESIAN_POINT('Ctrl Pts',(280.809534663677,0.129503907819762,13.6968161790007));
#2541=CARTESIAN_POINT('Ctrl Pts',(281.111428540618,-0.232242883834623,14.3276591386818));
#2542=CARTESIAN_POINT('Ctrl Pts',(281.158037350617,-0.313097963899633,14.7756005247436));
#2543=CARTESIAN_POINT('Ctrl Pts',(281.158037350617,-0.313097963899633,15.));
#2544=CARTESIAN_POINT('Ctrl Pts',(280.,0.,13.5));
#2545=CARTESIAN_POINT('Ctrl Pts',(280.233749453392,0.,13.5));
#2546=CARTESIAN_POINT('Ctrl Pts',(280.607150997758,-0.156872069135178,13.6968161790007));
#2547=CARTESIAN_POINT('Ctrl Pts',(280.833571405464,-0.428182162875967,14.3276591386818));
#2548=CARTESIAN_POINT('Ctrl Pts',(280.868528012963,-0.488823472924725,14.7756005247436));
#2549=CARTESIAN_POINT('Ctrl Pts',(280.868528012963,-0.488823472924725,15.));
#2550=CARTESIAN_POINT('',(280.,0.508,13.5));
#2551=CARTESIAN_POINT('',(280.868528012963,-0.488823472924725,15.));
#2552=CARTESIAN_POINT('Ctrl Pts',(280.868528012963,-0.488823472924724,15.));
#2553=CARTESIAN_POINT('Ctrl Pts',(280.868528012963,-0.488823472924724,14.7756005247436));
#2554=CARTESIAN_POINT('Ctrl Pts',(280.851049709213,-0.458502817900346,14.5516298317127));
#2555=CARTESIAN_POINT('Ctrl Pts',(280.809964784809,-0.404583905568044,14.3495240623856));
#2556=CARTESIAN_POINT('Ctrl Pts',(280.768879860405,-0.350664993235742,14.1474182930586));
#2557=CARTESIAN_POINT('Ctrl Pts',(280.704188315346,-0.273147823595516,13.9671774474354));
#2558=CARTESIAN_POINT('Ctrl Pts',(280.605629141212,-0.201537990749753,13.8275423514214));
#2559=CARTESIAN_POINT('Ctrl Pts',(280.457790380011,-0.0941232414811069,
13.6180897074004));
#2560=CARTESIAN_POINT('Ctrl Pts',(280.233749453392,0.,13.5));
#2561=CARTESIAN_POINT('Ctrl Pts',(280.,0.,13.5));
#2562=CARTESIAN_POINT('',(281.302792019444,-0.225235209387087,15.));
#2563=CARTESIAN_POINT('Origin',(275.,0.508,5.));
#2564=CARTESIAN_POINT('',(270.,0.508,10.));
#2565=CARTESIAN_POINT('Origin',(281.016,1.28213785795399,8.32001735975286E-31));
#2566=CARTESIAN_POINT('',(281.524,-8.71786214204601,0.));
#2567=CARTESIAN_POINT('Origin',(282.031999999999,141.282137857954,82.47));
#2568=CARTESIAN_POINT('',(282.032,-13.717862142046,159.94));
#2569=CARTESIAN_POINT('Ctrl Pts',(282.032,-13.717862142046,159.94));
#2570=CARTESIAN_POINT('Ctrl Pts',(282.032,-13.717862142046,160.313999125427));
#2571=CARTESIAN_POINT('Ctrl Pts',(282.032,-13.7159731029582,160.68407539164));
#2572=CARTESIAN_POINT('Ctrl Pts',(282.032,-13.6738944092594,161.05278799495));
#2573=CARTESIAN_POINT('Ctrl Pts',(282.032,-13.6318157155606,161.42150059826));
#2574=CARTESIAN_POINT('Ctrl Pts',(282.032,-13.5495473672509,161.788849538666));
#2575=CARTESIAN_POINT('Ctrl Pts',(282.032,-13.4105777973424,162.147665792405));
#2576=CARTESIAN_POINT('Ctrl Pts',(282.032,-13.2716082274339,162.506482046144));
#2577=CARTESIAN_POINT('Ctrl Pts',(282.032,-13.0759374359266,162.856765613216));
#2578=CARTESIAN_POINT('Ctrl Pts',(282.032,-12.8288703663614,163.181067059204));
#2579=CARTESIAN_POINT('Ctrl Pts',(282.032,-12.5818032967961,163.505368505192));
#2580=CARTESIAN_POINT('Ctrl Pts',(282.032,-12.2833399491729,163.803687830096));
#2581=CARTESIAN_POINT('Ctrl Pts',(282.032,-11.9588996065558,164.050901356037));
#2582=CARTESIAN_POINT('Ctrl Pts',(282.032,-11.6344592639387,164.298114881978));
#2583=CARTESIAN_POINT('Ctrl Pts',(282.032,-11.2840419263278,164.494222608955));
#2584=CARTESIAN_POINT('Ctrl Pts',(282.032,-10.9252178901417,164.633253660988));
#2585=CARTESIAN_POINT('Ctrl Pts',(282.032,-10.5663938539556,164.772284713022));
#2586=CARTESIAN_POINT('Ctrl Pts',(282.032,-10.1991631191944,164.85423909011));
#2587=CARTESIAN_POINT('Ctrl Pts',(282.032,-9.83052997257386,164.896167911855));
#2588=CARTESIAN_POINT('Ctrl Pts',(282.032,-9.46189682595329,164.9380967336));
#2589=CARTESIAN_POINT('Ctrl Pts',(282.032,-9.09186126747336,164.94));
#2590=CARTESIAN_POINT('Ctrl Pts',(282.032,-8.717862142046,164.94));
#2591=CARTESIAN_POINT('',(282.032,-13.717862142046,154.94));
#2592=CARTESIAN_POINT('',(282.032,-13.717862142046,164.94));
#2593=CARTESIAN_POINT('Ctrl Pts',(282.032,-8.71786214204601,149.94));
#2594=CARTESIAN_POINT('Ctrl Pts',(282.032,-9.09186126747337,149.94));
#2595=CARTESIAN_POINT('Ctrl Pts',(282.032,-9.46193749996807,149.941888952773));
#2596=CARTESIAN_POINT('Ctrl Pts',(282.032,-9.83065008346087,149.983967595841));
#2597=CARTESIAN_POINT('Ctrl Pts',(282.032,-10.1993626669537,150.026046238909));
#2598=CARTESIAN_POINT('Ctrl Pts',(282.032,-10.5667116014446,150.108314572272));
#2599=CARTESIAN_POINT('Ctrl Pts',(282.032,-10.9255278575459,150.247284139887));
#2600=CARTESIAN_POINT('Ctrl Pts',(282.032,-11.2843441136473,150.386253707502));
#2601=CARTESIAN_POINT('Ctrl Pts',(282.032,-11.6346276913591,150.581924509369));
#2602=CARTESIAN_POINT('Ctrl Pts',(282.032,-11.9589291503965,150.828991588597));
#2603=CARTESIAN_POINT('Ctrl Pts',(282.032,-12.2832306094339,151.076058667826));
#2604=CARTESIAN_POINT('Ctrl Pts',(282.032,-12.5815499497968,151.374522024415));
#2605=CARTESIAN_POINT('Ctrl Pts',(282.032,-12.8287634811496,151.698962379285));
#2606=CARTESIAN_POINT('Ctrl Pts',(282.032,-13.0759770125023,152.023402734156));
#2607=CARTESIAN_POINT('Ctrl Pts',(282.032,-13.2720847348449,152.373820087307));
#2608=CARTESIAN_POINT('Ctrl Pts',(282.032,-13.4111157905095,152.732644138468));
#2609=CARTESIAN_POINT('Ctrl Pts',(282.032,-13.5501468461742,153.09146818963));
#2610=CARTESIAN_POINT('Ctrl Pts',(282.032,-13.6321012351609,153.4586989388));
#2611=CARTESIAN_POINT('Ctrl Pts',(282.032,-13.6740300591288,153.827332110036));
#2612=CARTESIAN_POINT('Ctrl Pts',(282.032,-13.7159588830968,154.195965281272));
#2613=CARTESIAN_POINT('Ctrl Pts',(282.032,-13.717862142046,154.566000874573));
#2614=CARTESIAN_POINT('Ctrl Pts',(282.032,-13.717862142046,154.94));
#2615=CARTESIAN_POINT('',(282.032,-6.21786214204601,155.19));
#2616=CARTESIAN_POINT('Origin',(282.032,-6.21786214204601,157.44));
#2617=CARTESIAN_POINT('Origin',(173.25,0.508,5.));
#2618=CARTESIAN_POINT('',(178.25,0.508,10.));
#2619=CARTESIAN_POINT('Origin',(-1.01599999999998,281.282137857954,1.83412209251019E-16));
#2620=CARTESIAN_POINT('',(-1.524,-8.71786214204599,-6.21767389360952E-18));
#2621=CARTESIAN_POINT('Origin',(265.,1.016,109.94));
#2622=CARTESIAN_POINT('',(270.,1.016,104.94));
#2623=CARTESIAN_POINT('',(260.,1.016,114.94));
#2624=CARTESIAN_POINT('Origin',(270.,1.016,1.77635683940025E-14));
#2625=CARTESIAN_POINT('Origin',(183.25,1.016,109.94));
#2626=CARTESIAN_POINT('',(188.25,1.016,114.94));
#2627=CARTESIAN_POINT('',(178.25,1.016,104.94));
#2628=CARTESIAN_POINT('Origin',(270.,1.016,114.94));
#2629=CARTESIAN_POINT('Origin',(178.25,1.016,114.94));
#2630=CARTESIAN_POINT('Ctrl Pts',(282.032,-13.717862142046,5.));
#2631=CARTESIAN_POINT('Ctrl Pts',(281.693333333333,-13.717862142046,5.));
#2632=CARTESIAN_POINT('Ctrl Pts',(281.354666666667,-13.717862142046,5.));
#2633=CARTESIAN_POINT('Ctrl Pts',(281.016,-13.717862142046,5.));
#2634=CARTESIAN_POINT('Ctrl Pts',(282.032,-13.717862142046,4.62600087457264));
#2635=CARTESIAN_POINT('Ctrl Pts',(281.693333333333,-13.717862142046,4.62600087457264));
#2636=CARTESIAN_POINT('Ctrl Pts',(281.354666666667,-13.717862142046,4.62600087457264));
#2637=CARTESIAN_POINT('Ctrl Pts',(281.016,-13.717862142046,4.62600087457264));
#2638=CARTESIAN_POINT('Ctrl Pts',(282.032,-13.7140561004088,3.88592764374339));
#2639=CARTESIAN_POINT('Ctrl Pts',(281.693333333333,-13.7140561004088,3.88592764374339));
#2640=CARTESIAN_POINT('Ctrl Pts',(281.354666666667,-13.7140561004088,3.88592764374339));
#2641=CARTESIAN_POINT('Ctrl Pts',(281.016,-13.7140561004088,3.88592764374339));
#2642=CARTESIAN_POINT('Ctrl Pts',(282.032,-13.4681918433948,2.78423409148782));
#2643=CARTESIAN_POINT('Ctrl Pts',(281.693333333333,-13.4681918433948,2.78423409148782));
#2644=CARTESIAN_POINT('Ctrl Pts',(281.354666666667,-13.4681918433948,2.78423409148782));
#2645=CARTESIAN_POINT('Ctrl Pts',(281.016,-13.4681918433948,2.78423409148782));
#2646=CARTESIAN_POINT('Ctrl Pts',(282.032,-12.8798691201635,1.73298066256339));
#2647=CARTESIAN_POINT('Ctrl Pts',(281.693333333333,-12.8798691201635,1.73298066256339));
#2648=CARTESIAN_POINT('Ctrl Pts',(281.354666666667,-12.8798691201635,1.73298066256339));
#2649=CARTESIAN_POINT('Ctrl Pts',(281.016,-12.8798691201635,1.73298066256339));
#2650=CARTESIAN_POINT('Ctrl Pts',(282.032,-11.9849096752317,0.837589745075044));
#2651=CARTESIAN_POINT('Ctrl Pts',(281.693333333333,-11.9849096752317,0.837589745075044));
#2652=CARTESIAN_POINT('Ctrl Pts',(281.354666666667,-11.9849096752317,0.837589745075044));
#2653=CARTESIAN_POINT('Ctrl Pts',(281.016,-11.9849096752317,0.837589745075044));
#2654=CARTESIAN_POINT('Ctrl Pts',(282.032,-10.9340579620965,0.250576368653828));
#2655=CARTESIAN_POINT('Ctrl Pts',(281.693333333333,-10.9340579620965,0.250576368653828));
#2656=CARTESIAN_POINT('Ctrl Pts',(281.354666666667,-10.9340579620965,0.250576368653828));
#2657=CARTESIAN_POINT('Ctrl Pts',(281.016,-10.9340579620965,0.250576368653828));
#2658=CARTESIAN_POINT('Ctrl Pts',(282.032,-9.83201169251034,0.00377271103123212));
#2659=CARTESIAN_POINT('Ctrl Pts',(281.693333333333,-9.83201169251034,0.00377271103123212));
#2660=CARTESIAN_POINT('Ctrl Pts',(281.354666666667,-9.83201169251034,0.00377271103123229));
#2661=CARTESIAN_POINT('Ctrl Pts',(281.016,-9.83201169251034,0.00377271103123229));
#2662=CARTESIAN_POINT('Ctrl Pts',(282.032,-9.09186126747337,1.25825276124184E-14));
#2663=CARTESIAN_POINT('Ctrl Pts',(281.693333333333,-9.09186126747337,1.25825276124184E-14));
#2664=CARTESIAN_POINT('Ctrl Pts',(281.354666666667,-9.09186126747337,1.25825276124184E-14));
#2665=CARTESIAN_POINT('Ctrl Pts',(281.016,-9.09186126747337,1.25825276124184E-14));
#2666=CARTESIAN_POINT('Ctrl Pts',(282.032,-8.71786214204601,1.55431223447522E-14));
#2667=CARTESIAN_POINT('Ctrl Pts',(281.693333333333,-8.71786214204601,1.55431223447522E-14));
#2668=CARTESIAN_POINT('Ctrl Pts',(281.354666666667,-8.71786214204601,1.55431223447522E-14));
#2669=CARTESIAN_POINT('Ctrl Pts',(281.016,-8.71786214204601,1.55431223447522E-14));
#2670=CARTESIAN_POINT('',(281.524,-13.717862142046,5.));
#2671=CARTESIAN_POINT('Origin',(282.032,-13.717862142046,-4.93038065763132E-31));
#2672=CARTESIAN_POINT('',(282.032,-13.717862142046,10.));
#2673=CARTESIAN_POINT('Ctrl Pts',(282.032,-8.71786214204601,15.));
#2674=CARTESIAN_POINT('Ctrl Pts',(281.693333333333,-8.71786214204601,15.));
#2675=CARTESIAN_POINT('Ctrl Pts',(281.354666666667,-8.71786214204601,15.));
#2676=CARTESIAN_POINT('Ctrl Pts',(281.016,-8.71786214204601,15.));
#2677=CARTESIAN_POINT('Ctrl Pts',(282.032,-9.09186126747337,15.));
#2678=CARTESIAN_POINT('Ctrl Pts',(281.693333333333,-9.09186126747337,15.));
#2679=CARTESIAN_POINT('Ctrl Pts',(281.354666666667,-9.09186126747337,15.));
#2680=CARTESIAN_POINT('Ctrl Pts',(281.016,-9.09186126747337,15.));
#2681=CARTESIAN_POINT('Ctrl Pts',(282.032,-9.83193435696889,14.9961939228881));
#2682=CARTESIAN_POINT('Ctrl Pts',(281.693333333333,-9.83193435696889,14.9961939228881));
#2683=CARTESIAN_POINT('Ctrl Pts',(281.354666666667,-9.83193435696889,14.9961939228881));
#2684=CARTESIAN_POINT('Ctrl Pts',(281.016,-9.83193435696889,14.9961939228881));
#2685=CARTESIAN_POINT('Ctrl Pts',(282.032,-10.9336278166674,14.7503297440211));
#2686=CARTESIAN_POINT('Ctrl Pts',(281.693333333333,-10.9336278166674,14.7503297440211));
#2687=CARTESIAN_POINT('Ctrl Pts',(281.354666666667,-10.9336278166674,14.7503297440211));
#2688=CARTESIAN_POINT('Ctrl Pts',(281.016,-10.9336278166674,14.7503297440211));
#2689=CARTESIAN_POINT('Ctrl Pts',(282.032,-11.9848811508568,14.1620069877575));
#2690=CARTESIAN_POINT('Ctrl Pts',(281.693333333333,-11.9848811508568,14.1620069877575));
#2691=CARTESIAN_POINT('Ctrl Pts',(281.354666666667,-11.9848811508568,14.1620069877575));
#2692=CARTESIAN_POINT('Ctrl Pts',(281.016,-11.9848811508568,14.1620069877575));
#2693=CARTESIAN_POINT('Ctrl Pts',(282.032,-12.8802720059238,13.2670476453677));
#2694=CARTESIAN_POINT('Ctrl Pts',(281.693333333333,-12.8802720059238,13.2670476453677));
#2695=CARTESIAN_POINT('Ctrl Pts',(281.354666666667,-12.8802720059238,13.2670476453677));
#2696=CARTESIAN_POINT('Ctrl Pts',(281.016,-12.8802720059238,13.2670476453677));
#2697=CARTESIAN_POINT('Ctrl Pts',(282.032,-13.467285311381,12.2161960028134));
#2698=CARTESIAN_POINT('Ctrl Pts',(281.693333333333,-13.467285311381,12.2161960028134));
#2699=CARTESIAN_POINT('Ctrl Pts',(281.354666666667,-13.467285311381,12.2161960028134));
#2700=CARTESIAN_POINT('Ctrl Pts',(281.016,-13.467285311381,12.2161960028134));
#2701=CARTESIAN_POINT('Ctrl Pts',(282.032,-13.7140890635339,11.1141496954669));
#2702=CARTESIAN_POINT('Ctrl Pts',(281.693333333333,-13.7140890635339,11.1141496954669));
#2703=CARTESIAN_POINT('Ctrl Pts',(281.354666666667,-13.7140890635339,11.1141496954669));
#2704=CARTESIAN_POINT('Ctrl Pts',(281.016,-13.7140890635339,11.1141496954669));
#2705=CARTESIAN_POINT('Ctrl Pts',(282.032,-13.717862142046,10.3739991254274));
#2706=CARTESIAN_POINT('Ctrl Pts',(281.693333333333,-13.717862142046,10.3739991254274));
#2707=CARTESIAN_POINT('Ctrl Pts',(281.354666666667,-13.717862142046,10.3739991254274));
#2708=CARTESIAN_POINT('Ctrl Pts',(281.016,-13.717862142046,10.3739991254274));
#2709=CARTESIAN_POINT('Ctrl Pts',(282.032,-13.717862142046,10.));
#2710=CARTESIAN_POINT('Ctrl Pts',(281.693333333333,-13.717862142046,10.));
#2711=CARTESIAN_POINT('Ctrl Pts',(281.354666666667,-13.717862142046,10.));
#2712=CARTESIAN_POINT('Ctrl Pts',(281.016,-13.717862142046,10.));
#2713=CARTESIAN_POINT('Origin',(282.032,-1.01599999999999,15.));
#2714=CARTESIAN_POINT('Origin',(280.,-1.016,15.));
#2715=CARTESIAN_POINT('Ctrl Pts',(282.032,-13.717862142046,154.94));
#2716=CARTESIAN_POINT('Ctrl Pts',(281.693333333333,-13.717862142046,154.94));
#2717=CARTESIAN_POINT('Ctrl Pts',(281.354666666667,-13.717862142046,154.94));
#2718=CARTESIAN_POINT('Ctrl Pts',(281.016,-13.717862142046,154.94));
#2719=CARTESIAN_POINT('Ctrl Pts',(282.032,-13.717862142046,154.566000874573));
#2720=CARTESIAN_POINT('Ctrl Pts',(281.693333333333,-13.717862142046,154.566000874573));
#2721=CARTESIAN_POINT('Ctrl Pts',(281.354666666667,-13.717862142046,154.566000874573));
#2722=CARTESIAN_POINT('Ctrl Pts',(281.016,-13.717862142046,154.566000874573));
#2723=CARTESIAN_POINT('Ctrl Pts',(282.032,-13.7140556241476,153.825929687971));
#2724=CARTESIAN_POINT('Ctrl Pts',(281.693333333333,-13.7140556241476,153.825929687971));
#2725=CARTESIAN_POINT('Ctrl Pts',(281.354666666667,-13.7140556241476,153.825929687971));
#2726=CARTESIAN_POINT('Ctrl Pts',(281.016,-13.7140556241476,153.825929687971));
#2727=CARTESIAN_POINT('Ctrl Pts',(282.032,-13.4681924571874,152.724237440459));
#2728=CARTESIAN_POINT('Ctrl Pts',(281.693333333333,-13.4681924571874,152.724237440459));
#2729=CARTESIAN_POINT('Ctrl Pts',(281.354666666667,-13.4681924571874,152.724237440459));
#2730=CARTESIAN_POINT('Ctrl Pts',(281.016,-13.4681924571874,152.724237440459));
#2731=CARTESIAN_POINT('Ctrl Pts',(282.032,-12.8798692901598,151.672985381004));
#2732=CARTESIAN_POINT('Ctrl Pts',(281.693333333333,-12.8798692901598,151.672985381004));
#2733=CARTESIAN_POINT('Ctrl Pts',(281.354666666667,-12.8798692901598,151.672985381004));
#2734=CARTESIAN_POINT('Ctrl Pts',(281.016,-12.8798692901598,151.672985381004));
#2735=CARTESIAN_POINT('Ctrl Pts',(282.032,-11.9849112690709,150.777595311236));
#2736=CARTESIAN_POINT('Ctrl Pts',(281.693333333333,-11.9849112690709,150.777595311236));
#2737=CARTESIAN_POINT('Ctrl Pts',(281.354666666667,-11.9849112690709,150.777595311236));
#2738=CARTESIAN_POINT('Ctrl Pts',(281.016,-11.9849112690709,150.777595311236));
#2739=CARTESIAN_POINT('Ctrl Pts',(282.032,-10.9340605359355,150.190582905635));
#2740=CARTESIAN_POINT('Ctrl Pts',(281.693333333333,-10.9340605359355,150.190582905635));
#2741=CARTESIAN_POINT('Ctrl Pts',(281.354666666667,-10.9340605359355,150.190582905635));
#2742=CARTESIAN_POINT('Ctrl Pts',(281.016,-10.9340605359355,150.190582905635));
#2743=CARTESIAN_POINT('Ctrl Pts',(282.032,-9.83201373246276,149.943777905546));
#2744=CARTESIAN_POINT('Ctrl Pts',(281.693333333333,-9.83201373246277,149.943777905546));
#2745=CARTESIAN_POINT('Ctrl Pts',(281.354666666667,-9.83201373246277,149.943777905546));
#2746=CARTESIAN_POINT('Ctrl Pts',(281.016,-9.83201373246277,149.943777905546));
#2747=CARTESIAN_POINT('Ctrl Pts',(282.032,-9.09186126747337,149.94));
#2748=CARTESIAN_POINT('Ctrl Pts',(281.693333333333,-9.09186126747337,149.94));
#2749=CARTESIAN_POINT('Ctrl Pts',(281.354666666667,-9.09186126747337,149.94));
#2750=CARTESIAN_POINT('Ctrl Pts',(281.016,-9.09186126747337,149.94));
#2751=CARTESIAN_POINT('Ctrl Pts',(282.032,-8.71786214204601,149.94));
#2752=CARTESIAN_POINT('Ctrl Pts',(281.693333333333,-8.71786214204601,149.94));
#2753=CARTESIAN_POINT('Ctrl Pts',(281.354666666667,-8.71786214204601,149.94));
#2754=CARTESIAN_POINT('Ctrl Pts',(281.016,-8.71786214204602,149.94));
#2755=CARTESIAN_POINT('',(282.032,-13.717862142046,154.94));
#2756=CARTESIAN_POINT('Origin',(282.032,-13.717862142046,149.94));
#2757=CARTESIAN_POINT('',(281.524,-13.717862142046,159.94));
#2758=CARTESIAN_POINT('Ctrl Pts',(282.032,-8.717862142046,164.94));
#2759=CARTESIAN_POINT('Ctrl Pts',(281.693333333333,-8.71786214204601,164.94));
#2760=CARTESIAN_POINT('Ctrl Pts',(281.354666666667,-8.71786214204601,164.94));
#2761=CARTESIAN_POINT('Ctrl Pts',(281.016,-8.71786214204601,164.94));
#2762=CARTESIAN_POINT('Ctrl Pts',(282.032,-9.09186126747336,164.94));
#2763=CARTESIAN_POINT('Ctrl Pts',(281.693333333333,-9.09186126747336,164.94));
#2764=CARTESIAN_POINT('Ctrl Pts',(281.354666666667,-9.09186126747336,164.94));
#2765=CARTESIAN_POINT('Ctrl Pts',(281.016,-9.09186126747337,164.94));
#2766=CARTESIAN_POINT('Ctrl Pts',(282.032,-9.83193238443321,164.936193467199));
#2767=CARTESIAN_POINT('Ctrl Pts',(281.693333333333,-9.83193238443322,164.936193467199));
#2768=CARTESIAN_POINT('Ctrl Pts',(281.354666666667,-9.83193238443322,164.936193467199));
#2769=CARTESIAN_POINT('Ctrl Pts',(281.016,-9.83193238443322,164.936193467199));
#2770=CARTESIAN_POINT('Ctrl Pts',(282.032,-10.9336245887169,164.690330335933));
#2771=CARTESIAN_POINT('Ctrl Pts',(281.693333333333,-10.9336245887169,164.690330335933));
#2772=CARTESIAN_POINT('Ctrl Pts',(281.354666666667,-10.9336245887169,164.690330335933));
#2773=CARTESIAN_POINT('Ctrl Pts',(281.016,-10.9336245887169,164.690330335933));
#2774=CARTESIAN_POINT('Ctrl Pts',(282.032,-11.9848766015497,164.102007155));
#2775=CARTESIAN_POINT('Ctrl Pts',(281.693333333333,-11.9848766015497,164.102007155));
#2776=CARTESIAN_POINT('Ctrl Pts',(281.354666666667,-11.9848766015497,164.102007155));
#2777=CARTESIAN_POINT('Ctrl Pts',(281.016,-11.9848766015497,164.102007155));
#2778=CARTESIAN_POINT('Ctrl Pts',(282.032,-12.8802666444193,163.207049180289));
#2779=CARTESIAN_POINT('Ctrl Pts',(281.693333333333,-12.8802666444193,163.207049180289));
#2780=CARTESIAN_POINT('Ctrl Pts',(281.354666666667,-12.8802666444193,163.207049180289));
#2781=CARTESIAN_POINT('Ctrl Pts',(281.016,-12.8802666444193,163.207049180289));
#2782=CARTESIAN_POINT('Ctrl Pts',(282.032,-13.4672790189412,162.156198479072));
#2783=CARTESIAN_POINT('Ctrl Pts',(281.693333333333,-13.4672790189412,162.156198479072));
#2784=CARTESIAN_POINT('Ctrl Pts',(281.354666666667,-13.4672790189412,162.156198479072));
#2785=CARTESIAN_POINT('Ctrl Pts',(281.016,-13.4672790189412,162.156198479072));
#2786=CARTESIAN_POINT('Ctrl Pts',(282.032,-13.7140840638703,161.054151657854));
#2787=CARTESIAN_POINT('Ctrl Pts',(281.693333333333,-13.7140840638703,161.054151657854));
#2788=CARTESIAN_POINT('Ctrl Pts',(281.354666666667,-13.7140840638704,161.054151657854));
#2789=CARTESIAN_POINT('Ctrl Pts',(281.016,-13.7140840638704,161.054151657854));
#2790=CARTESIAN_POINT('Ctrl Pts',(282.032,-13.717862142046,160.313999125427));
#2791=CARTESIAN_POINT('Ctrl Pts',(281.693333333333,-13.717862142046,160.313999125427));
#2792=CARTESIAN_POINT('Ctrl Pts',(281.354666666667,-13.717862142046,160.313999125427));
#2793=CARTESIAN_POINT('Ctrl Pts',(281.016,-13.717862142046,160.313999125427));
#2794=CARTESIAN_POINT('Ctrl Pts',(282.032,-13.717862142046,159.94));
#2795=CARTESIAN_POINT('Ctrl Pts',(281.693333333333,-13.717862142046,159.94));
#2796=CARTESIAN_POINT('Ctrl Pts',(281.354666666667,-13.717862142046,159.94));
#2797=CARTESIAN_POINT('Ctrl Pts',(281.016,-13.717862142046,159.94));
#2798=CARTESIAN_POINT('Origin',(-1.016,1.28213785795401,164.94));
#2799=CARTESIAN_POINT('',(-1.524,-8.71786214204599,164.94));
#2800=CARTESIAN_POINT('Ctrl Pts',(-2.032,-13.717862142046,159.94));
#2801=CARTESIAN_POINT('Ctrl Pts',(-1.69333333333333,-13.717862142046,159.94));
#2802=CARTESIAN_POINT('Ctrl Pts',(-1.35466666666667,-13.717862142046,159.94));
#2803=CARTESIAN_POINT('Ctrl Pts',(-1.016,-13.717862142046,159.94));
#2804=CARTESIAN_POINT('Ctrl Pts',(-2.032,-13.717862142046,160.313999125427));
#2805=CARTESIAN_POINT('Ctrl Pts',(-1.69333333333333,-13.717862142046,160.313999125427));
#2806=CARTESIAN_POINT('Ctrl Pts',(-1.35466666666667,-13.717862142046,160.313999125427));
#2807=CARTESIAN_POINT('Ctrl Pts',(-1.016,-13.717862142046,160.313999125427));
#2808=CARTESIAN_POINT('Ctrl Pts',(-2.032,-13.7140571764149,161.054076021056));
#2809=CARTESIAN_POINT('Ctrl Pts',(-1.69333333333334,-13.7140571764149,161.054076021056));
#2810=CARTESIAN_POINT('Ctrl Pts',(-1.35466666666667,-13.7140571764149,161.054076021056));
#2811=CARTESIAN_POINT('Ctrl Pts',(-1.016,-13.7140571764149,161.054076021056));
#2812=CARTESIAN_POINT('Ctrl Pts',(-2.032,-13.4681907210917,162.15577211725));
#2813=CARTESIAN_POINT('Ctrl Pts',(-1.69333333333333,-13.4681907210917,162.15577211725));
#2814=CARTESIAN_POINT('Ctrl Pts',(-1.35466666666667,-13.4681907210917,162.15577211725));
#2815=CARTESIAN_POINT('Ctrl Pts',(-1.016,-13.4681907210917,162.15577211725));
#2816=CARTESIAN_POINT('Ctrl Pts',(-2.032,-12.8798690006082,163.207028003997));
#2817=CARTESIAN_POINT('Ctrl Pts',(-1.69333333333333,-12.8798690006082,163.207028003997));
#2818=CARTESIAN_POINT('Ctrl Pts',(-1.35466666666667,-12.8798690006082,163.207028003997));
#2819=CARTESIAN_POINT('Ctrl Pts',(-1.016,-12.8798690006082,163.207028003997));
#2820=CARTESIAN_POINT('Ctrl Pts',(-2.032,-11.984906645435,164.102420772874));
#2821=CARTESIAN_POINT('Ctrl Pts',(-1.69333333333333,-11.984906645435,164.102420772874));
#2822=CARTESIAN_POINT('Ctrl Pts',(-1.35466666666667,-11.984906645435,164.102420772874));
#2823=CARTESIAN_POINT('Ctrl Pts',(-1.016,-11.984906645435,164.102420772874));
#2824=CARTESIAN_POINT('Ctrl Pts',(-2.032,-10.9340529289773,164.689436225571));
#2825=CARTESIAN_POINT('Ctrl Pts',(-1.69333333333333,-10.9340529289773,164.689436225571));
#2826=CARTESIAN_POINT('Ctrl Pts',(-1.35466666666667,-10.9340529289773,164.689436225571));
#2827=CARTESIAN_POINT('Ctrl Pts',(-1.016,-10.9340529289773,164.689436225571));
#2828=CARTESIAN_POINT('Ctrl Pts',(-2.032,-9.83200768972455,164.936237328395));
#2829=CARTESIAN_POINT('Ctrl Pts',(-1.69333333333333,-9.83200768972455,164.936237328395));
#2830=CARTESIAN_POINT('Ctrl Pts',(-1.35466666666667,-9.83200768972455,164.936237328395));
#2831=CARTESIAN_POINT('Ctrl Pts',(-1.016,-9.83200768972455,164.936237328395));
#2832=CARTESIAN_POINT('Ctrl Pts',(-2.032,-9.09186126747335,164.94));
#2833=CARTESIAN_POINT('Ctrl Pts',(-1.69333333333333,-9.09186126747335,164.94));
#2834=CARTESIAN_POINT('Ctrl Pts',(-1.35466666666667,-9.09186126747335,164.94));
#2835=CARTESIAN_POINT('Ctrl Pts',(-1.016,-9.09186126747335,164.94));
#2836=CARTESIAN_POINT('Ctrl Pts',(-2.032,-8.71786214204599,164.94));
#2837=CARTESIAN_POINT('Ctrl Pts',(-1.69333333333333,-8.71786214204599,164.94));
#2838=CARTESIAN_POINT('Ctrl Pts',(-1.35466666666667,-8.71786214204599,164.94));
#2839=CARTESIAN_POINT('Ctrl Pts',(-1.016,-8.71786214204599,164.94));
#2840=CARTESIAN_POINT('',(-1.524,-13.717862142046,159.94));
#2841=CARTESIAN_POINT('Origin',(-2.032,-13.717862142046,164.94));
#2842=CARTESIAN_POINT('',(-2.032,-13.717862142046,154.94));
#2843=CARTESIAN_POINT('Ctrl Pts',(-2.032,-8.71786214204599,149.94));
#2844=CARTESIAN_POINT('Ctrl Pts',(-1.69333333333333,-8.71786214204599,149.94));
#2845=CARTESIAN_POINT('Ctrl Pts',(-1.35466666666666,-8.71786214204599,149.94));
#2846=CARTESIAN_POINT('Ctrl Pts',(-1.016,-8.71786214204599,149.94));
#2847=CARTESIAN_POINT('Ctrl Pts',(-2.032,-9.09186126747335,149.94));
#2848=CARTESIAN_POINT('Ctrl Pts',(-1.69333333333333,-9.09186126747335,149.94));
#2849=CARTESIAN_POINT('Ctrl Pts',(-1.35466666666667,-9.09186126747335,149.94));
#2850=CARTESIAN_POINT('Ctrl Pts',(-1.016,-9.09186126747335,149.94));
#2851=CARTESIAN_POINT('Ctrl Pts',(-2.032,-9.83193851296226,149.943804844995));
#2852=CARTESIAN_POINT('Ctrl Pts',(-1.69333333333333,-9.83193851296226,149.943804844995));
#2853=CARTESIAN_POINT('Ctrl Pts',(-1.35466666666666,-9.83193851296226,149.943804844995));
#2854=CARTESIAN_POINT('Ctrl Pts',(-1.016,-9.83193851296226,149.943804844995));
#2855=CARTESIAN_POINT('Ctrl Pts',(-2.032,-10.9336348685156,150.189671530024));
#2856=CARTESIAN_POINT('Ctrl Pts',(-1.69333333333333,-10.9336348685156,150.189671530024));
#2857=CARTESIAN_POINT('Ctrl Pts',(-1.35466666666666,-10.9336348685156,150.189671530024));
#2858=CARTESIAN_POINT('Ctrl Pts',(-1.016,-10.9336348685156,150.189671530024));
#2859=CARTESIAN_POINT('Ctrl Pts',(-2.032,-11.9848909898892,150.777993137814));
#2860=CARTESIAN_POINT('Ctrl Pts',(-1.69333333333333,-11.9848909898892,150.777993137814));
#2861=CARTESIAN_POINT('Ctrl Pts',(-1.35466666666666,-11.9848909898892,150.777993137814));
#2862=CARTESIAN_POINT('Ctrl Pts',(-1.016,-11.9848909898892,150.777993137814));
#2863=CARTESIAN_POINT('Ctrl Pts',(-2.032,-12.8802839621416,151.672955799643));
#2864=CARTESIAN_POINT('Ctrl Pts',(-1.69333333333333,-12.8802839621416,151.672955799643));
#2865=CARTESIAN_POINT('Ctrl Pts',(-1.35466666666666,-12.8802839621416,151.672955799643));
#2866=CARTESIAN_POINT('Ctrl Pts',(-1.016,-12.8802839621416,151.672955799643));
#2867=CARTESIAN_POINT('Ctrl Pts',(-2.032,-13.4672996401949,152.723809727208));
#2868=CARTESIAN_POINT('Ctrl Pts',(-1.69333333333333,-13.4672996401949,152.723809727208));
#2869=CARTESIAN_POINT('Ctrl Pts',(-1.35466666666667,-13.4672996401949,152.723809727208));
#2870=CARTESIAN_POINT('Ctrl Pts',(-1.016,-13.4672996401949,152.723809727208));
#2871=CARTESIAN_POINT('Ctrl Pts',(-2.032,-13.7141004873665,153.825854862294));
#2872=CARTESIAN_POINT('Ctrl Pts',(-1.69333333333333,-13.7141004873665,153.825854862294));
#2873=CARTESIAN_POINT('Ctrl Pts',(-1.35466666666666,-13.7141004873665,153.825854862294));
#2874=CARTESIAN_POINT('Ctrl Pts',(-1.016,-13.7141004873665,153.825854862294));
#2875=CARTESIAN_POINT('Ctrl Pts',(-2.032,-13.717862142046,154.566000874573));
#2876=CARTESIAN_POINT('Ctrl Pts',(-1.69333333333333,-13.717862142046,154.566000874573));
#2877=CARTESIAN_POINT('Ctrl Pts',(-1.35466666666667,-13.717862142046,154.566000874573));
#2878=CARTESIAN_POINT('Ctrl Pts',(-1.016,-13.717862142046,154.566000874573));
#2879=CARTESIAN_POINT('Ctrl Pts',(-2.032,-13.717862142046,154.94));
#2880=CARTESIAN_POINT('Ctrl Pts',(-1.69333333333333,-13.717862142046,154.94));
#2881=CARTESIAN_POINT('Ctrl Pts',(-1.35466666666667,-13.717862142046,154.94));
#2882=CARTESIAN_POINT('Ctrl Pts',(-1.016,-13.717862142046,154.94));
#2883=CARTESIAN_POINT('Origin',(-2.032,-1.016,149.94));
#2884=CARTESIAN_POINT('Ctrl Pts',(-2.032,-13.717862142046,10.));
#2885=CARTESIAN_POINT('Ctrl Pts',(-1.69333333333333,-13.717862142046,10.));
#2886=CARTESIAN_POINT('Ctrl Pts',(-1.35466666666667,-13.717862142046,10.));
#2887=CARTESIAN_POINT('Ctrl Pts',(-1.016,-13.717862142046,10.));
#2888=CARTESIAN_POINT('Ctrl Pts',(-2.032,-13.717862142046,10.3739991254274));
#2889=CARTESIAN_POINT('Ctrl Pts',(-1.69333333333333,-13.717862142046,10.3739991254274));
#2890=CARTESIAN_POINT('Ctrl Pts',(-1.35466666666666,-13.717862142046,10.3739991254274));
#2891=CARTESIAN_POINT('Ctrl Pts',(-1.016,-13.717862142046,10.3739991254274));
#2892=CARTESIAN_POINT('Ctrl Pts',(-2.032,-13.7136379557133,11.1143147395028));
#2893=CARTESIAN_POINT('Ctrl Pts',(-1.69333333333333,-13.7136379557133,11.1143147395028));
#2894=CARTESIAN_POINT('Ctrl Pts',(-1.35466666666667,-13.7136379557133,11.1143147395028));
#2895=CARTESIAN_POINT('Ctrl Pts',(-1.016,-13.7136379557133,11.1143147395028));
#2896=CARTESIAN_POINT('Ctrl Pts',(-2.032,-13.4681665340459,12.2157783430556));
#2897=CARTESIAN_POINT('Ctrl Pts',(-1.69333333333333,-13.4681665340459,12.2157783430556));
#2898=CARTESIAN_POINT('Ctrl Pts',(-1.35466666666666,-13.4681665340459,12.2157783430556));
#2899=CARTESIAN_POINT('Ctrl Pts',(-1.016,-13.4681665340459,12.2157783430556));
#2900=CARTESIAN_POINT('Ctrl Pts',(-2.032,-12.8800593094833,13.2670532086619));
#2901=CARTESIAN_POINT('Ctrl Pts',(-1.69333333333333,-12.8800593094833,13.2670532086619));
#2902=CARTESIAN_POINT('Ctrl Pts',(-1.35466666666667,-12.8800593094833,13.2670532086619));
#2903=CARTESIAN_POINT('Ctrl Pts',(-1.016,-12.8800593094833,13.2670532086619));
#2904=CARTESIAN_POINT('Ctrl Pts',(-2.032,-11.984934802164,14.1623573127674));
#2905=CARTESIAN_POINT('Ctrl Pts',(-1.69333333333333,-11.984934802164,14.1623573127674));
#2906=CARTESIAN_POINT('Ctrl Pts',(-1.35466666666666,-11.984934802164,14.1623573127674));
#2907=CARTESIAN_POINT('Ctrl Pts',(-1.016,-11.984934802164,14.1623573127674));
#2908=CARTESIAN_POINT('Ctrl Pts',(-2.032,-10.9338918971075,14.7497682412416));
#2909=CARTESIAN_POINT('Ctrl Pts',(-1.69333333333333,-10.9338918971075,14.7497682412416));
#2910=CARTESIAN_POINT('Ctrl Pts',(-1.35466666666667,-10.9338918971075,14.7497682412416));
#2911=CARTESIAN_POINT('Ctrl Pts',(-1.016,-10.9338918971075,14.7497682412416));
#2912=CARTESIAN_POINT('Ctrl Pts',(-2.032,-9.83189623498238,14.996463163216));
#2913=CARTESIAN_POINT('Ctrl Pts',(-1.69333333333333,-9.83189623498238,14.996463163216));
#2914=CARTESIAN_POINT('Ctrl Pts',(-1.35466666666666,-9.83189623498238,14.996463163216));
#2915=CARTESIAN_POINT('Ctrl Pts',(-1.016,-9.83189623498238,14.996463163216));
#2916=CARTESIAN_POINT('Ctrl Pts',(-2.032,-9.09186126747335,15.));
#2917=CARTESIAN_POINT('Ctrl Pts',(-1.69333333333333,-9.09186126747335,15.));
#2918=CARTESIAN_POINT('Ctrl Pts',(-1.35466666666667,-9.09186126747335,15.));
#2919=CARTESIAN_POINT('Ctrl Pts',(-1.016,-9.09186126747335,15.));
#2920=CARTESIAN_POINT('Ctrl Pts',(-2.032,-8.71786214204599,15.));
#2921=CARTESIAN_POINT('Ctrl Pts',(-1.69333333333333,-8.71786214204599,15.));
#2922=CARTESIAN_POINT('Ctrl Pts',(-1.35466666666666,-8.71786214204599,15.));
#2923=CARTESIAN_POINT('Ctrl Pts',(-1.016,-8.71786214204599,15.));
#2924=CARTESIAN_POINT('',(-2.032,-13.717862142046,10.));
#2925=CARTESIAN_POINT('Origin',(-2.032,-13.717862142046,15.));
#2926=CARTESIAN_POINT('',(-1.524,-13.717862142046,5.));
#2927=CARTESIAN_POINT('Ctrl Pts',(-2.032,-8.71786214204601,0.));
#2928=CARTESIAN_POINT('Ctrl Pts',(-1.69333333333333,-8.71786214204601,-2.2184143404647E-19));
#2929=CARTESIAN_POINT('Ctrl Pts',(-1.35466666666667,-8.71786214204601,2.2184143404647E-19));
#2930=CARTESIAN_POINT('Ctrl Pts',(-1.016,-8.71786214204601,0.));
#2931=CARTESIAN_POINT('Ctrl Pts',(-2.032,-9.09186126747336,1.07957834462172E-15));
#2932=CARTESIAN_POINT('Ctrl Pts',(-1.69333333333333,-9.09186126747336,1.07935650318767E-15));
#2933=CARTESIAN_POINT('Ctrl Pts',(-1.35466666666667,-9.09186126747336,1.07980018605576E-15));
#2934=CARTESIAN_POINT('Ctrl Pts',(-1.016,-9.09186126747336,1.07957834462172E-15));
#2935=CARTESIAN_POINT('Ctrl Pts',(-2.032,-9.8320042990562,0.0038497075900963));
#2936=CARTESIAN_POINT('Ctrl Pts',(-1.69333333333333,-9.8320042990562,0.0038497075900963));
#2937=CARTESIAN_POINT('Ctrl Pts',(-1.35466666666667,-9.8320042990562,0.0038497075900963));
#2938=CARTESIAN_POINT('Ctrl Pts',(-1.016,-9.8320042990562,0.0038497075900963));
#2939=CARTESIAN_POINT('Ctrl Pts',(-2.032,-10.9337317085612,0.249881001066051));
#2940=CARTESIAN_POINT('Ctrl Pts',(-1.69333333333333,-10.9337317085612,0.249881001066051));
#2941=CARTESIAN_POINT('Ctrl Pts',(-1.35466666666667,-10.9337317085612,0.249881001066051));
#2942=CARTESIAN_POINT('Ctrl Pts',(-1.016,-10.9337317085612,0.249881001066051));
#2943=CARTESIAN_POINT('Ctrl Pts',(-2.032,-11.9849473210783,0.837862875864476));
#2944=CARTESIAN_POINT('Ctrl Pts',(-1.69333333333333,-11.9849473210783,0.837862875864476));
#2945=CARTESIAN_POINT('Ctrl Pts',(-1.35466666666667,-11.9849473210783,0.837862875864476));
#2946=CARTESIAN_POINT('Ctrl Pts',(-1.016,-11.9849473210783,0.837862875864476));
#2947=CARTESIAN_POINT('Ctrl Pts',(-2.032,-12.8802510683719,1.73298414221221));
#2948=CARTESIAN_POINT('Ctrl Pts',(-1.69333333333333,-12.8802510683719,1.73298414221221));
#2949=CARTESIAN_POINT('Ctrl Pts',(-1.35466666666667,-12.8802510683719,1.73298414221221));
#2950=CARTESIAN_POINT('Ctrl Pts',(-1.016,-12.8802510683719,1.73298414221221));
#2951=CARTESIAN_POINT('Ctrl Pts',(-2.032,-13.4676469821123,2.78398948317263));
#2952=CARTESIAN_POINT('Ctrl Pts',(-1.69333333333333,-13.4676469821123,2.78398948317263));
#2953=CARTESIAN_POINT('Ctrl Pts',(-1.35466666666667,-13.4676469821123,2.78398948317263));
#2954=CARTESIAN_POINT('Ctrl Pts',(-1.016,-13.4676469821123,2.78398948317263));
#2955=CARTESIAN_POINT('Ctrl Pts',(-2.032,-13.7143440105034,3.88598843030376));
#2956=CARTESIAN_POINT('Ctrl Pts',(-1.69333333333333,-13.7143440105034,3.88598843030376));
#2957=CARTESIAN_POINT('Ctrl Pts',(-1.35466666666667,-13.7143440105034,3.88598843030376));
#2958=CARTESIAN_POINT('Ctrl Pts',(-1.016,-13.7143440105034,3.88598843030376));
#2959=CARTESIAN_POINT('Ctrl Pts',(-2.032,-13.717862142046,4.62600087457264));
#2960=CARTESIAN_POINT('Ctrl Pts',(-1.69333333333333,-13.717862142046,4.62600087457264));
#2961=CARTESIAN_POINT('Ctrl Pts',(-1.35466666666667,-13.717862142046,4.62600087457264));
#2962=CARTESIAN_POINT('Ctrl Pts',(-1.016,-13.717862142046,4.62600087457264));
#2963=CARTESIAN_POINT('Ctrl Pts',(-2.032,-13.717862142046,5.));
#2964=CARTESIAN_POINT('Ctrl Pts',(-1.69333333333333,-13.717862142046,5.));
#2965=CARTESIAN_POINT('Ctrl Pts',(-1.35466666666667,-13.717862142046,5.));
#2966=CARTESIAN_POINT('Ctrl Pts',(-1.016,-13.717862142046,5.));
#2967=CARTESIAN_POINT('Origin',(19.5,1.016,152.44));
#2968=CARTESIAN_POINT('',(19.5,1.016,12.5));
#2969=CARTESIAN_POINT('',(19.5,1.016,152.44));
#2970=CARTESIAN_POINT('Origin',(163.25,1.016,152.44));
#2971=CARTESIAN_POINT('',(163.25,1.016,152.44));
#2972=CARTESIAN_POINT('Origin',(163.25,1.016,12.5));
#2973=CARTESIAN_POINT('',(163.25,1.016,12.5));
#2974=CARTESIAN_POINT('Origin',(19.5,1.016,12.5));
#2975=CARTESIAN_POINT('Origin',(170.75,0.508,159.94));
#2976=CARTESIAN_POINT('',(170.75,0.508,158.24));
#2977=CARTESIAN_POINT('Origin',(12.,0.508,5.));
#2978=CARTESIAN_POINT('',(12.,0.508,3.3));
#2979=CARTESIAN_POINT('Origin',(12.,0.508,159.94));
#2980=CARTESIAN_POINT('',(12.,0.508,158.24));
#2981=CARTESIAN_POINT('Origin',(170.75,0.508,27.86));
#2982=CARTESIAN_POINT('',(170.75,0.508,26.16));
#2983=CARTESIAN_POINT('Origin',(0.,0.508,149.94));
#2984=CARTESIAN_POINT('',(2.55656866371796E-31,0.508,148.44));
#2985=CARTESIAN_POINT('Ctrl Pts',(281.737056025925,0.0383530541505511,149.94));
#2986=CARTESIAN_POINT('Ctrl Pts',(281.737056025925,0.0383530541505512,150.276599212885));
#2987=CARTESIAN_POINT('Ctrl Pts',(281.618024750569,0.291988641165194,150.835489613376));
#2988=CARTESIAN_POINT('Ctrl Pts',(280.9331517398,0.861586985908753,151.337314579523));
#2989=CARTESIAN_POINT('Ctrl Pts',(280.311665937856,1.016,151.44));
#2990=CARTESIAN_POINT('Ctrl Pts',(280.,1.016,151.44));
#2991=CARTESIAN_POINT('Ctrl Pts',(281.447546688271,-0.137372454874541,149.94));
#2992=CARTESIAN_POINT('Ctrl Pts',(281.447546688271,-0.137372454874541,150.276599212885));
#2993=CARTESIAN_POINT('Ctrl Pts',(281.348353958807,0.0739905343043286,150.835489613376));
#2994=CARTESIAN_POINT('Ctrl Pts',(280.777626449833,0.548655821590628,151.337314579523));
#2995=CARTESIAN_POINT('Ctrl Pts',(280.25972161488,0.677333333333333,151.44));
#2996=CARTESIAN_POINT('Ctrl Pts',(280.,0.677333333333333,151.44));
#2997=CARTESIAN_POINT('Ctrl Pts',(281.158037350617,-0.313097963899633,149.94));
#2998=CARTESIAN_POINT('Ctrl Pts',(281.158037350617,-0.313097963899633,150.276599212885));
#2999=CARTESIAN_POINT('Ctrl Pts',(281.078683167046,-0.144007572556537,150.835489613376));
#3000=CARTESIAN_POINT('Ctrl Pts',(280.622101159867,0.235724657272502,151.337314579523));
#3001=CARTESIAN_POINT('Ctrl Pts',(280.207777291904,0.338666666666667,151.44));
#3002=CARTESIAN_POINT('Ctrl Pts',(280.,0.338666666666667,151.44));
#3003=CARTESIAN_POINT('Ctrl Pts',(280.868528012963,-0.488823472924725,149.94));
#3004=CARTESIAN_POINT('Ctrl Pts',(280.868528012963,-0.488823472924725,150.276599212885));
#3005=CARTESIAN_POINT('Ctrl Pts',(280.809012375284,-0.362005679417403,150.835489613376));
#3006=CARTESIAN_POINT('Ctrl Pts',(280.4665758699,-0.0772065070456234,151.337314579523));
#3007=CARTESIAN_POINT('Ctrl Pts',(280.155832968928,0.,151.44));
#3008=CARTESIAN_POINT('Ctrl Pts',(280.,0.,151.44));
#3009=CARTESIAN_POINT('',(281.302792019444,-0.225235209387087,149.94));
#3010=CARTESIAN_POINT('Origin',(0.,0.508,15.));
#3011=CARTESIAN_POINT('',(2.84178004253209E-32,0.508,16.5));
#3012=CARTESIAN_POINT('Origin',(280.,0.508,15.));
#3013=CARTESIAN_POINT('',(280.,0.508,16.5));
#3014=CARTESIAN_POINT('Origin',(280.,0.,164.94));
#3015=CARTESIAN_POINT('Origin',(281.4732,-6.21786214204601,157.44));
#3016=CARTESIAN_POINT('',(281.4732,-6.21786214204601,155.19));
#3017=CARTESIAN_POINT('Origin',(-1.4732,-6.21786214204599,7.5));
#3018=CARTESIAN_POINT('',(-1.4732,-6.21786214204599,5.25));
#3019=CARTESIAN_POINT('Origin',(-1.4732,-6.217862142046,157.44));
#3020=CARTESIAN_POINT('',(-1.4732,-6.217862142046,155.19));
#3021=CARTESIAN_POINT('Origin',(281.4732,-6.21786214204601,7.5));
#3022=CARTESIAN_POINT('',(281.4732,-6.21786214204601,5.25));
#3023=CARTESIAN_POINT('Origin',(281.016,-1.01599999999999,149.94));
#3024=CARTESIAN_POINT('Origin',(-1.016,-1.016,15.));
#3025=CARTESIAN_POINT('Origin',(0.,0.,0.));
#3026=CARTESIAN_POINT('Origin',(280.,-1.016,82.47));
#3027=UNCERTAINTY_MEASURE_WITH_UNIT(LENGTH_MEASURE(0.01),#3031,
'DISTANCE_ACCURACY_VALUE',
'Maximum model space distance between geometric entities at asserted c
onnectivities');
#3028=UNCERTAINTY_MEASURE_WITH_UNIT(LENGTH_MEASURE(0.01),#3031,
'DISTANCE_ACCURACY_VALUE',
'Maximum model space distance between geometric entities at asserted c
onnectivities');
#3029=(
GEOMETRIC_REPRESENTATION_CONTEXT(3)
GLOBAL_UNCERTAINTY_ASSIGNED_CONTEXT((#3027))
GLOBAL_UNIT_ASSIGNED_CONTEXT((#3031,#3033,#3034))
REPRESENTATION_CONTEXT('','3D')
);
#3030=(
GEOMETRIC_REPRESENTATION_CONTEXT(3)
GLOBAL_UNCERTAINTY_ASSIGNED_CONTEXT((#3028))
GLOBAL_UNIT_ASSIGNED_CONTEXT((#3031,#3033,#3034))
REPRESENTATION_CONTEXT('','3D')
);
#3031=(
LENGTH_UNIT()
NAMED_UNIT(*)
SI_UNIT(.MILLI.,.METRE.)
);
#3032=(
LENGTH_UNIT()
NAMED_UNIT(*)
SI_UNIT($,.METRE.)
);
#3033=(
NAMED_UNIT(*)
PLANE_ANGLE_UNIT()
SI_UNIT($,.RADIAN.)
);
#3034=(
NAMED_UNIT(*)
SI_UNIT($,.STERADIAN.)
SOLID_ANGLE_UNIT()
);
#3035=SHAPE_DEFINITION_REPRESENTATION(#3036,#3037);
#3036=PRODUCT_DEFINITION_SHAPE('',$,#3039);
#3037=SHAPE_REPRESENTATION('',(#1391),#3029);
#3038=PRODUCT_DEFINITION_CONTEXT('part definition',#3043,'design');
#3039=PRODUCT_DEFINITION('Motherboard Plate','Motherboard Plate v6',#3040,
#3038);
#3040=PRODUCT_DEFINITION_FORMATION('',$,#3045);
#3041=PRODUCT_RELATED_PRODUCT_CATEGORY('Motherboard Plate v6',
'Motherboard Plate v6',(#3045));
#3042=APPLICATION_PROTOCOL_DEFINITION('international standard',
'automotive_design',2009,#3043);
#3043=APPLICATION_CONTEXT(
'Core Data for Automotive Mechanical Design Process');
#3044=PRODUCT_CONTEXT('part definition',#3043,'mechanical');
#3045=PRODUCT('Motherboard Plate','Motherboard Plate v6',$,(#3044));
#3046=PRESENTATION_STYLE_ASSIGNMENT((#3047));
#3047=SURFACE_STYLE_USAGE(.BOTH.,#3048);
#3048=SURFACE_SIDE_STYLE('',(#3049));
#3049=SURFACE_STYLE_FILL_AREA(#3050);
#3050=FILL_AREA_STYLE('Steel - Satin',(#3051));
#3051=FILL_AREA_STYLE_COLOUR('Steel - Satin',#3052);
#3052=COLOUR_RGB('Steel - Satin',0.627450980392157,0.627450980392157,0.627450980392157);
ENDSEC;
END-ISO-10303-21;
